ISO-10303-21;
HEADER;
FILE_DESCRIPTION (( 'STEP AP214' ),
    '1' );
FILE_NAME ('CUI_DEVICES_TB002-500-05BE.step',
    '2019-10-21T05:11:54',
    ( '' ),
    ( '' ),
    'SwSTEP 2.0',
    'SolidWorks 2019',
    '' );
FILE_SCHEMA (( 'AUTOMOTIVE_DESIGN' ));
ENDSEC;

DATA;
#1 = EDGE_CURVE ( 'NONE', #7070, #5204, #5496, .T. ) ;
#2 = ORIENTED_EDGE ( 'NONE', *, *, #7962, .F. ) ;
#3 = SURFACE_STYLE_USAGE ( .BOTH. , #52 ) ;
#4 = AXIS2_PLACEMENT_3D ( 'NONE', #3982, #3934, #4775 ) ;
#5 = ORIENTED_EDGE ( 'NONE', *, *, #3440, .T. ) ;
#6 = CARTESIAN_POINT ( 'NONE',  ( -3.970978486871300284, 6.380815587897259888, 5.542350741529159741 ) ) ;
#7 = ORIENTED_EDGE ( 'NONE', *, *, #3204, .T. ) ;
#8 = DIRECTION ( 'NONE',  ( 0.0000000000000000000, 1.000000000000000000, 0.0000000000000000000 ) ) ;
#9 = AXIS2_PLACEMENT_3D ( 'NONE', #4733, #6393, #6290 ) ;
#10 = PLANE ( 'NONE',  #3966 ) ;
#11 = EDGE_LOOP ( 'NONE', ( #7435, #1067 ) ) ;
#12 = FACE_OUTER_BOUND ( 'NONE', #1330, .T. ) ;
#13 = ADVANCED_FACE ( 'NONE', ( #4925 ), #1096, .T. ) ;
#14 = ORIENTED_EDGE ( 'NONE', *, *, #9955, .F. ) ;
#15 = LINE ( 'NONE', #7755, #5742 ) ;
#16 = ADVANCED_FACE ( 'NONE', ( #9804, #1707, #4286, #9757 ), #7463, .F. ) ;
#17 = STYLED_ITEM ( 'NONE', ( #1163 ), #3635 ) ;
#18 = DIRECTION ( 'NONE',  ( 0.0000000000000000000, -1.000000000000000000, 0.0000000000000000000 ) ) ;
#19 = ORIENTED_EDGE ( 'NONE', *, *, #3733, .F. ) ;
#20 = CARTESIAN_POINT ( 'NONE',  ( 1.449999999999999956, 6.900812423267500328, 3.990870176997180607 ) ) ;
#21 = ORIENTED_EDGE ( 'NONE', *, *, #6458, .T. ) ;
#22 = CYLINDRICAL_SURFACE ( 'NONE', #3710, 0.5999999999999998668 ) ;
#23 = DIRECTION ( 'NONE',  ( 1.000000000000000000, 0.0000000000000000000, -3.641714079092569968E-16 ) ) ;
#24 = CARTESIAN_POINT ( 'NONE',  ( 7.500000000000000000, 4.250000000000009770, 9.314249409997579221 ) ) ;
#25 = AXIS2_PLACEMENT_3D ( 'NONE', #7098, #8782, #1659 ) ;
#26 = VERTEX_POINT ( 'NONE', #2692 ) ;
#27 = DIRECTION ( 'NONE',  ( 0.0000000000000000000, 0.0000000000000000000, -1.000000000000000000 ) ) ;
#28 = DIRECTION ( 'NONE',  ( 0.0000000000000000000, -1.000000000000000000, 0.0000000000000000000 ) ) ;
#29 = COLOUR_RGB ( '',0.2862745098039215508, 0.6431372549019607199, 0.8666666666666666963 ) ;
#30 = STYLED_ITEM ( 'NONE', ( #10110 ), #3951 ) ;
#31 = LINE ( 'NONE', #9451, #3623 ) ;
#32 =( NAMED_UNIT ( * ) PLANE_ANGLE_UNIT ( ) SI_UNIT ( $, .RADIAN. ) );
#33 = EDGE_CURVE ( 'NONE', #4165, #9969, #9373, .T. ) ;
#34 = CARTESIAN_POINT ( 'NONE',  ( 10.36999999999999922, 0.8864914703891380032, 6.200000000000001066 ) ) ;
#35 = CARTESIAN_POINT ( 'NONE',  ( 5.450000000000000178, 6.250000000000031086, 0.6500000000000040190 ) ) ;
#36 = PLANE ( 'NONE',  #631 ) ;
#37 = VERTEX_POINT ( 'NONE', #8100 ) ;
#38 = DIRECTION ( 'NONE',  ( 0.0000000000000000000, 0.0000000000000000000, -1.000000000000000000 ) ) ;
#39 = CARTESIAN_POINT ( 'NONE',  ( 0.9408927793500235781, 3.850000000000008527, 9.365590064580635143 ) ) ;
#40 = AXIS2_PLACEMENT_3D ( 'NONE', #6736, #2791, #2010 ) ;
#41 = ORIENTED_EDGE ( 'NONE', *, *, #4497, .T. ) ;
#42 = SURFACE_STYLE_USAGE ( .BOTH. , #741 ) ;
#43 = PRESENTATION_LAYER_ASSIGNMENT (  '', '', ( #7961 ) ) ;
#44 = AXIS2_PLACEMENT_3D ( 'NONE', #9772, #5246, #2177 ) ;
#45 = PLANE ( 'NONE',  #3960 ) ;
#46 = EDGE_CURVE ( 'NONE', #2289, #4900, #9143, .T. ) ;
#47 = SURFACE_STYLE_FILL_AREA ( #7101 ) ;
#48 = ORIENTED_EDGE ( 'NONE', *, *, #1737, .T. ) ;
#49 = DIRECTION ( 'NONE',  ( 0.0000000000000000000, 0.0000000000000000000, -1.000000000000000000 ) ) ;
#50 = VERTEX_POINT ( 'NONE', #6582 ) ;
#51 = EDGE_LOOP ( 'NONE', ( #9597, #5830, #249, #3854, #704, #7901 ) ) ;
#52 = SURFACE_SIDE_STYLE ('',( #9422 ) ) ;
#53 = AXIS2_PLACEMENT_3D ( 'NONE', #626, #8550, #1436 ) ;
#54 = COLOUR_RGB ( '',0.2862745098039215508, 0.6431372549019607199, 0.8666666666666666963 ) ;
#55 = ORIENTED_EDGE ( 'NONE', *, *, #8116, .F. ) ;
#56 = CARTESIAN_POINT ( 'NONE',  ( 0.4500000000000000666, 6.250000000000031086, 0.6500000000000260014 ) ) ;
#57 = DIRECTION ( 'NONE',  ( -0.3481553119113969808, -0.8703882797784889824, -0.3481553119113949823 ) ) ;
#58 = ORIENTED_EDGE ( 'NONE', *, *, #6928, .T. ) ;
#59 = ADVANCED_FACE ( 'NONE', ( #6428 ), #5756, .T. ) ;
#60 = CARTESIAN_POINT ( 'NONE',  ( 5.925592927451249992, 4.650000000000010125, 9.158054070483650833 ) ) ;
#61 = CARTESIAN_POINT ( 'NONE',  ( -0.5000000000000000000, 6.250000000000031086, 5.699344090454330214 ) ) ;
#62 = EDGE_LOOP ( 'NONE', ( #7011, #3063, #9466, #4683 ) ) ;
#63 = ORIENTED_EDGE ( 'NONE', *, *, #1217, .T. ) ;
#64 = CARTESIAN_POINT ( 'NONE',  ( 5.906089525206200008, 3.850000000000010303, 8.893318922984189356 ) ) ;
#65 = DIRECTION ( 'NONE',  ( 1.000000000000000000, -1.224646799147353207E-16, 0.0000000000000000000 ) ) ;
#66 = CARTESIAN_POINT ( 'NONE',  ( 1.449999999999999956, 6.405650476444289865, 3.372082935692199968 ) ) ;
#67 = VERTEX_POINT ( 'NONE', #5272 ) ;
#68 = ADVANCED_FACE ( 'NONE', ( #8656 ), #572, .F. ) ;
#69 =( NAMED_UNIT ( * ) PLANE_ANGLE_UNIT ( ) SI_UNIT ( $, .RADIAN. ) );
#71 = ORIENTED_EDGE ( 'NONE', *, *, #7381, .F. ) ;
#70 = EDGE_CURVE ( 'NONE', #1769, #9425, #1255, .T. ) ;
#72 = DIRECTION ( 'NONE',  ( 0.0000000000000000000, -0.1736481776669300259, 0.9848077530122081313 ) ) ;
#73 = PRESENTATION_STYLE_ASSIGNMENT (( #3041 ) ) ;
#74 = FILL_AREA_STYLE ('',( #8664 ) ) ;
#75 = ORIENTED_EDGE ( 'NONE', *, *, #6339, .T. ) ;
#76 = CARTESIAN_POINT ( 'NONE',  ( 6.450000000000000178, -1.462314593354880232, 3.990870176997169949 ) ) ;
#77 = CYLINDRICAL_SURFACE ( 'NONE', #9706, 0.2999999999999999334 ) ;
#78 = PLANE ( 'NONE',  #5871 ) ;
#79 = EDGE_CURVE ( 'NONE', #2760, #5018, #6765, .T. ) ;
#80 = DIRECTION ( 'NONE',  ( 4.231032868236119855E-16, 0.0000000000000000000, 1.000000000000000000 ) ) ;
#81 = EDGE_CURVE ( 'NONE', #3133, #8859, #8602, .T. ) ;
#82 = AXIS2_PLACEMENT_3D ( 'NONE', #34, #3917, #7089 ) ;
#83 = CARTESIAN_POINT ( 'NONE',  ( -5.500000000000000000, 6.301461569844129862, 3.962967587499530264 ) ) ;
#84 =( NAMED_UNIT ( * ) SI_UNIT ( $, .STERADIAN. ) SOLID_ANGLE_UNIT ( ) );
#85 = CARTESIAN_POINT ( 'NONE',  ( 9.006141391221529346, 6.250000000000030198, 5.699344090454331990 ) ) ;
#86 = ORIENTED_EDGE ( 'NONE', *, *, #8510, .T. ) ;
#87 = CARTESIAN_POINT ( 'NONE',  ( 3.549999999999999822, -1.462314593354880232, 2.800000000000010036 ) ) ;
#88 = CARTESIAN_POINT ( 'NONE',  ( -0.9371073885649334745, 3.850000000000010303, 9.314249409999250773 ) ) ;
#89 = VECTOR ( 'NONE', #27, 1000.000000000000000 ) ;
#90 = ORIENTED_EDGE ( 'NONE', *, *, #556, .T. ) ;
#91 = CARTESIAN_POINT ( 'NONE',  ( 1.029529175872700097, 6.144996945065150484, 5.536040986461078894 ) ) ;
#92 = AXIS2_PLACEMENT_3D ( 'NONE', #1283, #3583, #4424 ) ;
#93 = CARTESIAN_POINT ( 'NONE',  ( 4.500000000000000888, 6.221952518161529611, 5.100000000000011191 ) ) ;
#94 = ORIENTED_EDGE ( 'NONE', *, *, #3112, .F. ) ;
#95 = DIRECTION ( 'NONE',  ( 0.0000000000000000000, 0.0000000000000000000, -1.000000000000000000 ) ) ;
#96 = ORIENTED_EDGE ( 'NONE', *, *, #4497, .F. ) ;
#97 = ORIENTED_EDGE ( 'NONE', *, *, #3152, .T. ) ;
#98 = VECTOR ( 'NONE', #5378, 1000.000000000000000 ) ;
#99 = EDGE_CURVE ( 'NONE', #67, #9504, #10193, .T. ) ;
#100 = ORIENTED_EDGE ( 'NONE', *, *, #8546, .T. ) ;
#101 = EDGE_CURVE ( 'NONE', #2915, #8727, #3033, .T. ) ;
#102 = CARTESIAN_POINT ( 'NONE',  ( 5.250000000000000000, 7.750000000000000000, 5.900000000000000355 ) ) ;
#103 = ORIENTED_EDGE ( 'NONE', *, *, #6254, .T. ) ;
#104 =( GEOMETRIC_REPRESENTATION_CONTEXT ( 3 ) GLOBAL_UNCERTAINTY_ASSIGNED_CONTEXT ( ( #5444 ) ) GLOBAL_UNIT_ASSIGNED_CONTEXT ( ( #7956, #159, #8903 ) ) REPRESENTATION_CONTEXT ( 'NONE', 'WORKASPACE' ) );
#105 = PLANE ( 'NONE',  #7020 ) ;
#106 =( NAMED_UNIT ( * ) PLANE_ANGLE_UNIT ( ) SI_UNIT ( $, .RADIAN. ) );
#107 = CARTESIAN_POINT ( 'NONE',  ( -0.5000000000000000000, 5.950000000000040146, 3.291739462922410375 ) ) ;
#108 = ORIENTED_EDGE ( 'NONE', *, *, #4888, .T. ) ;
#109 = SURFACE_STYLE_FILL_AREA ( #2512 ) ;
#110 =( BOUNDED_CURVE ( )  B_SPLINE_CURVE ( 3, ( #4920, #9291, #10000, #4391 ),
 .UNSPECIFIED., .F., .T. ) 
 B_SPLINE_CURVE_WITH_KNOTS ( ( 4, 4 ),
 ( 3.152431615203208803, 3.305761861937978274 ),
 .UNSPECIFIED. ) 
 CURVE ( )  GEOMETRIC_REPRESENTATION_ITEM ( )  RATIONAL_B_SPLINE_CURVE ( ( 1.000000000000000000, 0.9980417790286458812, 0.9980417790286458812, 1.000000000000000000 ) ) 
 REPRESENTATION_ITEM ( '' )  );
#111 = EDGE_LOOP ( 'NONE', ( #8079, #2618, #10052, #3225, #309, #9344, #8876, #2161 ) ) ;
#112 = SURFACE_SIDE_STYLE ('',( #168 ) ) ;
#113 = DIRECTION ( 'NONE',  ( -0.8660254037843231334, 0.5000000000002000622, 0.0000000000000000000 ) ) ;
#114 = EDGE_CURVE ( 'NONE', #8215, #10041, #4583, .T. ) ;
#115 = VECTOR ( 'NONE', #366, 1000.000000000000000 ) ;
#116 = DIRECTION ( 'NONE',  ( 0.0000000000000000000, -1.000000000000000000, -3.965082230804130614E-15 ) ) ;
#117 = ORIENTED_EDGE ( 'NONE', *, *, #7394, .T. ) ;
#118 = AXIS2_PLACEMENT_3D ( 'NONE', #9683, #2460, #7914 ) ;
#119 = VERTEX_POINT ( 'NONE', #2305 ) ;
#120 = CARTESIAN_POINT ( 'NONE',  ( -0.4499999999999990119, 2.200000000000000178, 0.6500000000000020206 ) ) ;
#121 = VECTOR ( 'NONE', #1859, 1000.000000000000000 ) ;
#122 = LINE ( 'NONE', #8084, #8003 ) ;
#123 = DIRECTION ( 'NONE',  ( -3.641714079092569968E-16, 0.0000000000000000000, -1.000000000000000000 ) ) ;
#124 = AXIS2_PLACEMENT_3D ( 'NONE', #6258, #2206, #2158 ) ;
#125 = FILL_AREA_STYLE ('',( #182 ) ) ;
#126 = ADVANCED_FACE ( 'NONE', ( #8450 ), #9388, .T. ) ;
#127 = AXIS2_PLACEMENT_3D ( 'NONE', #347, #8987, #3343 ) ;
#128 = EDGE_LOOP ( 'NONE', ( #2093, #7486, #675, #2099 ) ) ;
#129 = LINE ( 'NONE', #8564, #9288 ) ;
#130 =( GEOMETRIC_REPRESENTATION_CONTEXT ( 3 ) GLOBAL_UNCERTAINTY_ASSIGNED_CONTEXT ( ( #2008 ) ) GLOBAL_UNIT_ASSIGNED_CONTEXT ( ( #5946, #2574, #659 ) ) REPRESENTATION_CONTEXT ( 'NONE', 'WORKASPACE' ) );
#131 = CARTESIAN_POINT ( 'NONE',  ( 8.994607792362456777, 6.250000000000374811, 5.499015461809751315 ) ) ;
#132 =( NAMED_UNIT ( * ) SI_UNIT ( $, .STERADIAN. ) SOLID_ANGLE_UNIT ( ) );
#133 = DIRECTION ( 'NONE',  ( 0.0000000000000000000, 0.4264192316982558517, 0.9045256429962995615 ) ) ;
#134 = DIRECTION ( 'NONE',  ( 0.0000000000000000000, 0.0000000000000000000, -1.000000000000000000 ) ) ;
#135 = ORIENTED_EDGE ( 'NONE', *, *, #5649, .T. ) ;
#136 = CARTESIAN_POINT ( 'NONE',  ( 10.00000000000000000, 1.718879291340180027, 9.827925769509480602 ) ) ;
#137 =( NAMED_UNIT ( * ) SI_UNIT ( $, .STERADIAN. ) SOLID_ANGLE_UNIT ( ) );
#138 = STYLED_ITEM ( 'NONE', ( #8329 ), #10205 ) ;
#139 = EDGE_CURVE ( 'NONE', #7306, #8636, #1523, .T. ) ;
#140 = ORIENTED_EDGE ( 'NONE', *, *, #6376, .T. ) ;
#141 = ADVANCED_FACE ( 'NONE', ( #4690 ), #1479, .T. ) ;
#142 = PRESENTATION_LAYER_ASSIGNMENT (  '', '', ( #9558 ) ) ;
#143 = CARTESIAN_POINT ( 'NONE',  ( 3.549999999999999822, 6.301461569844129862, 3.962967587499530264 ) ) ;
#144 = CARTESIAN_POINT ( 'NONE',  ( -2.423020349793489903, 6.669166114049719596, 5.694239332014520372 ) ) ;
#145 =( LENGTH_UNIT ( ) NAMED_UNIT ( * ) SI_UNIT ( .MILLI., .METRE. ) );
#146 = AXIS2_PLACEMENT_3D ( 'NONE', #1764, #8106, #8939 ) ;
#147 = ORIENTED_EDGE ( 'NONE', *, *, #5328, .T. ) ;
#148 = CARTESIAN_POINT ( 'NONE',  ( 0.9255929274512501026, 4.650000000000010125, 9.158054070483659714 ) ) ;
#149 = FILL_AREA_STYLE_COLOUR ( '', #792 ) ;
#150 = EDGE_LOOP ( 'NONE', ( #6564, #3490 ) ) ;
#151 = ORIENTED_EDGE ( 'NONE', *, *, #5809, .F. ) ;
#152 = CARTESIAN_POINT ( 'NONE',  ( 6.075900883378422712, 6.782835288287570208, 5.313097438219570812 ) ) ;
#153 = ORIENTED_EDGE ( 'NONE', *, *, #4016, .F. ) ;
#154 = UNCERTAINTY_MEASURE_WITH_UNIT (LENGTH_MEASURE( 1.000000000000000082E-05 ), #3735, 'distance_accuracy_value', 'NONE');
#155 = VECTOR ( 'NONE', #2197, 1000.000000000000000 ) ;
#156 = CARTESIAN_POINT ( 'NONE',  ( -3.977385600075629579, 6.143310571542220266, 5.618793688040031320 ) ) ;
#157 = DIRECTION ( 'NONE',  ( 0.0000000000000000000, -1.000000000000000000, 0.0000000000000000000 ) ) ;
#158 = ORIENTED_EDGE ( 'NONE', *, *, #3055, .F. ) ;
#159 =( NAMED_UNIT ( * ) PLANE_ANGLE_UNIT ( ) SI_UNIT ( $, .RADIAN. ) );
#161 = EDGE_CURVE ( 'NONE', #7387, #3896, #5678, .T. ) ;
#160 = CARTESIAN_POINT ( 'NONE',  ( 1.449999999999999956, 6.700487189948050037, 3.990870176997180607 ) ) ;
#162 = LINE ( 'NONE', #3421, #683 ) ;
#163 = EDGE_CURVE ( 'NONE', #8540, #7321, #7498, .T. ) ;
#164 = ORIENTED_EDGE ( 'NONE', *, *, #8926, .T. ) ;
#165 = CARTESIAN_POINT ( 'NONE',  ( 8.550000000000000711, 6.900812423267500328, 3.990870176997169949 ) ) ;
#166 = ORIENTED_EDGE ( 'NONE', *, *, #1400, .F. ) ;
#167 = VERTEX_POINT ( 'NONE', #3222 ) ;
#168 = SURFACE_STYLE_FILL_AREA ( #717 ) ;
#169 = CARTESIAN_POINT ( 'NONE',  ( -3.549999999999999822, 6.900812423267500328, 3.990870176997180607 ) ) ;
#170 = CARTESIAN_POINT ( 'NONE',  ( -0.9938586087784709866, 6.250000000000030198, 5.699344090454337319 ) ) ;
#171 = CARTESIAN_POINT ( 'NONE',  ( 3.977355748483209386, 6.378927027922910220, 5.621778233683960124 ) ) ;
#172 = ORIENTED_EDGE ( 'NONE', *, *, #3345, .F. ) ;
#173 = COLOUR_RGB ( '',0.2862745098039215508, 0.6431372549019607199, 0.8666666666666666963 ) ;
#174 = ORIENTED_EDGE ( 'NONE', *, *, #8452, .F. ) ;
#175 = CARTESIAN_POINT ( 'NONE',  ( 5.965552395399901897, 3.850000000000007638, 9.413837825582261232 ) ) ;
#176 = LINE ( 'NONE', #9641, #1488 ) ;
#177 = ADVANCED_FACE ( 'NONE', ( #3953 ), #4849, .T. ) ;
#178 = DIRECTION ( 'NONE',  ( -5.152643988049919983E-16, 0.0000000000000000000, -1.000000000000000000 ) ) ;
#179 = CARTESIAN_POINT ( 'NONE',  ( -0.5000000000000000000, 6.250000000000031086, 5.699344090454340872 ) ) ;
#180 = LINE ( 'NONE', #9691, #4728 ) ;
#181 = PRESENTATION_LAYER_ASSIGNMENT (  '', '', ( #4101 ) ) ;
#182 = FILL_AREA_STYLE_COLOUR ( '', #2891 ) ;
#183 = ORIENTED_EDGE ( 'NONE', *, *, #3691, .F. ) ;
#184 =( NAMED_UNIT ( * ) SI_UNIT ( $, .STERADIAN. ) SOLID_ANGLE_UNIT ( ) );
#185 = DIRECTION ( 'NONE',  ( 0.0000000000000000000, 0.0000000000000000000, 1.000000000000000000 ) ) ;
#186 = FACE_OUTER_BOUND ( 'NONE', #6391, .T. ) ;
#187 = EDGE_CURVE ( 'NONE', #1216, #6704, #2737, .T. ) ;
#188 = DIRECTION ( 'NONE',  ( 0.0000000000000000000, 0.0000000000000000000, -1.000000000000000000 ) ) ;
#189 = ORIENTED_EDGE ( 'NONE', *, *, #7301, .T. ) ;
#190 = DIRECTION ( 'NONE',  ( 0.0000000000000000000, 1.000000000000000000, 0.0000000000000000000 ) ) ;
#191 = CARTESIAN_POINT ( 'NONE',  ( 6.450000000000000178, -1.462314593354880232, 3.990870176997169949 ) ) ;
#192 = SURFACE_STYLE_USAGE ( .BOTH. , #1042 ) ;
#193 = VECTOR ( 'NONE', #243, 1000.000000000000000 ) ;
#194 = B_SPLINE_CURVE_WITH_KNOTS ( 'NONE', 3,
 ( #6332, #2391, #5030, #4144, #8942, #2654 ),
 .UNSPECIFIED., .F., .F.,
 ( 4, 2, 4 ),
 ( 2.346233479063580675E-12, 0.0002833862374371664454, 0.0005667724725280993319 ),
 .UNSPECIFIED. ) ;
#195 = DIRECTION ( 'NONE',  ( -1.000000000000000000, 0.0000000000000000000, 0.0000000000000000000 ) ) ;
#196 = EDGE_CURVE ( 'NONE', #3363, #6711, #919, .T. ) ;
#197 = EDGE_CURVE ( 'NONE', #1048, #8025, #9099, .T. ) ;
#198 = PRESENTATION_LAYER_ASSIGNMENT (  '', '', ( #2304 ) ) ;
#199 = FILL_AREA_STYLE_COLOUR ( '', #6210 ) ;
#200 = CARTESIAN_POINT ( 'NONE',  ( 3.549999999999999822, 6.900812423267500328, 3.990870176997169949 ) ) ;
#201 = EDGE_LOOP ( 'NONE', ( #5212, #3203 ) ) ;
#202 = CARTESIAN_POINT ( 'NONE',  ( 9.550000000000000711, 6.250000000000031086, 5.700000000000000178 ) ) ;
#203 = CARTESIAN_POINT ( 'NONE',  ( 1.449999999999999956, 5.950000000000040146, 3.494824785299559977 ) ) ;
#204 = ORIENTED_EDGE ( 'NONE', *, *, #2634, .T. ) ;
#205 = CARTESIAN_POINT ( 'NONE',  ( 6.143990033716241861, 4.650000000000010125, 9.500000000000000000 ) ) ;
#206 = VERTEX_POINT ( 'NONE', #1782 ) ;
#207 = AXIS2_PLACEMENT_3D ( 'NONE', #4067, #8027, #4270 ) ;
#208 = AXIS2_PLACEMENT_3D ( 'NONE', #3672, #2963, #8479 ) ;
#209 = CARTESIAN_POINT ( 'NONE',  ( 3.970471856080231010, 6.144996693392779541, 5.536046900691041550 ) ) ;
#210 = CARTESIAN_POINT ( 'NONE',  ( 1.001299467198440096, 6.250000000000079936, 5.536292564213430190 ) ) ;
#211 = VERTEX_POINT ( 'NONE', #8758 ) ;
#212 = CARTESIAN_POINT ( 'NONE',  ( 9.068650814757519996, 3.850000000000010303, 9.236151811976069936 ) ) ;
#213 = CARTESIAN_POINT ( 'NONE',  ( 7.750000000000000000, 4.250000000000031086, -4.349999999999999645 ) ) ;
#214 = ORIENTED_EDGE ( 'NONE', *, *, #723, .T. ) ;
#215 = CARTESIAN_POINT ( 'NONE',  ( 1.075900883378422934, 6.782835288287566655, 5.313097438219579693 ) ) ;
#216 = CIRCLE ( 'NONE', #5477, 1.749999999999989786 ) ;
#217 = ORIENTED_EDGE ( 'NONE', *, *, #7733, .T. ) ;
#218 =( NAMED_UNIT ( * ) SI_UNIT ( $, .STERADIAN. ) SOLID_ANGLE_UNIT ( ) );
#219 = FILL_AREA_STYLE ('',( #8706 ) ) ;
#220 = ADVANCED_FACE ( 'NONE', ( #3899 ), #1631, .T. ) ;
#221 = CARTESIAN_POINT ( 'NONE',  ( 10.00000000000000000, 7.450000000000000178, 6.500000000000000888 ) ) ;
#222 = VECTOR ( 'NONE', #414, 1000.000000000000000 ) ;
#223 = ORIENTED_EDGE ( 'NONE', *, *, #8607, .F. ) ;
#224 = ORIENTED_EDGE ( 'NONE', *, *, #4365, .F. ) ;
#225 = CARTESIAN_POINT ( 'NONE',  ( 9.198613071924839346, 6.089357680825980168, 5.509810034670159951 ) ) ;
#226 = CARTESIAN_POINT ( 'NONE',  ( -3.907389140044836839, 4.650000000000010125, 9.500000000000042633 ) ) ;
#227 = CARTESIAN_POINT ( 'NONE',  ( 5.799999999999999822, 4.650000000000010125, 9.500000000000000000 ) ) ;
#228 = FACE_BOUND ( 'NONE', #7760, .T. ) ;
#229 = CARTESIAN_POINT ( 'NONE',  ( 0.9313491852499899970, 3.850000000000010303, 9.236151811974510295 ) ) ;
#230 = DIRECTION ( 'NONE',  ( -0.8660254037844391517, -0.4999999999999990563, 0.0000000000000000000 ) ) ;
#231 = EDGE_CURVE ( 'NONE', #3896, #6185, #7489, .T. ) ;
#232 = ADVANCED_FACE ( 'NONE', ( #9884 ), #3585, .F. ) ;
#233 = ORIENTED_EDGE ( 'NONE', *, *, #5996, .F. ) ;
#234 =( BOUNDED_CURVE ( )  B_SPLINE_CURVE ( 3, ( #5448, #2231, #8629, #4416 ),
 .UNSPECIFIED., .F., .T. ) 
 B_SPLINE_CURVE_WITH_KNOTS ( ( 4, 4 ),
 ( 3.152431615203299398, 3.305761861937969392 ),
 .UNSPECIFIED. ) 
 CURVE ( )  GEOMETRIC_REPRESENTATION_ITEM ( )  RATIONAL_B_SPLINE_CURVE ( ( 1.000000000000000000, 0.9980417790286484347, 0.9980417790286484347, 1.000000000000000000 ) ) 
 REPRESENTATION_ITEM ( '' )  );
#235 = SURFACE_STYLE_USAGE ( .BOTH. , #8928 ) ;
#236 = SURFACE_STYLE_USAGE ( .BOTH. , #8091 ) ;
#237 = LINE ( 'NONE', #8141, #5130 ) ;
#238 = LINE ( 'NONE', #7404, #1224 ) ;
#239 = EDGE_LOOP ( 'NONE', ( #7476, #9509, #2907, #4534 ) ) ;
#240 = CARTESIAN_POINT ( 'NONE',  ( 5.994234246268270283, 6.250000000000079936, 5.651381332702859694 ) ) ;
#241 =( NAMED_UNIT ( * ) PLANE_ANGLE_UNIT ( ) SI_UNIT ( $, .RADIAN. ) );
#242 = ADVANCED_FACE ( 'NONE', ( #4997 ), #7327, .F. ) ;
#243 = DIRECTION ( 'NONE',  ( 0.0000000000000000000, 1.000000000000000000, 0.0000000000000000000 ) ) ;
#244 = PLANE ( 'NONE',  #5221 ) ;
#245 = FILL_AREA_STYLE ('',( #7305 ) ) ;
#246 = ORIENTED_EDGE ( 'NONE', *, *, #5735, .F. ) ;
#247 = DIRECTION ( 'NONE',  ( 0.0000000000000000000, -1.000000000000000000, 0.0000000000000000000 ) ) ;
#248 = CARTESIAN_POINT ( 'NONE',  ( -0.5000000000000000000, 6.620978138265459556, 5.127902589497660202 ) ) ;
#249 = ORIENTED_EDGE ( 'NONE', *, *, #9539, .T. ) ;
#250 = CARTESIAN_POINT ( 'NONE',  ( 5.250000000000000000, 7.750000000000000000, 0.6500000000000040190 ) ) ;
#251 = ORIENTED_EDGE ( 'NONE', *, *, #8152, .F. ) ;
#252 = AXIS2_PLACEMENT_3D ( 'NONE', #2496, #5763, #3030 ) ;
#253 = EDGE_CURVE ( 'NONE', #1499, #10117, #10088, .T. ) ;
#254 = CIRCLE ( 'NONE', #9348, 0.2999999999999999334 ) ;
#255 = DIRECTION ( 'NONE',  ( -1.000000000000000000, 0.0000000000000000000, 0.0000000000000000000 ) ) ;
#256 = CARTESIAN_POINT ( 'NONE',  ( 8.924099116621579952, 6.782835288287570208, 5.313097438219569923 ) ) ;
#257 = ORIENTED_EDGE ( 'NONE', *, *, #10137, .F. ) ;
#258 = DIRECTION ( 'NONE',  ( 0.0000000000000000000, -1.000000000000000000, 0.0000000000000000000 ) ) ;
#259 = CARTESIAN_POINT ( 'NONE',  ( 5.937107388568777289, 4.650000000000010125, 9.314249409997573892 ) ) ;
#260 = DIRECTION ( 'NONE',  ( 0.0000000000000000000, 0.0000000000000000000, -1.000000000000000000 ) ) ;
#261 = DIRECTION ( 'NONE',  ( 0.0000000000000000000, 0.0000000000000000000, -1.000000000000000000 ) ) ;
#262 = VECTOR ( 'NONE', #3853, 1000.000000000000000 ) ;
#263 = VERTEX_POINT ( 'NONE', #8962 ) ;
#264 = PRESENTATION_LAYER_ASSIGNMENT (  '', '', ( #4693 ) ) ;
#265 = ORIENTED_EDGE ( 'NONE', *, *, #9237, .F. ) ;
#266 = ORIENTED_EDGE ( 'NONE', *, *, #4462, .T. ) ;
#267 = CARTESIAN_POINT ( 'NONE',  ( 3.961427646675764969, 6.340242470872340164, 5.485183436973974480 ) ) ;
#268 = DIRECTION ( 'NONE',  ( 0.0000000000000000000, 0.0000000000000000000, -1.000000000000000000 ) ) ;
#269 = EDGE_CURVE ( 'NONE', #8025, #848, #8177, .T. ) ;
#270 = ADVANCED_FACE ( 'NONE', ( #5885 ), #9076, .T. ) ;
#271 = DIRECTION ( 'NONE',  ( 0.0000000000000000000, -1.000000000000000000, 0.0000000000000000000 ) ) ;
#272 = VECTOR ( 'NONE', #4250, 1000.000000000000000 ) ;
#273 = ORIENTED_EDGE ( 'NONE', *, *, #690, .T. ) ;
#274 = EDGE_LOOP ( 'NONE', ( #1474, #8112, #914, #6594 ) ) ;
#275 = CARTESIAN_POINT ( 'NONE',  ( 4.059110900119891951, 3.850000000000010303, 9.365540160509153722 ) ) ;
#276 = DIRECTION ( 'NONE',  ( 1.000000000000000000, 0.0000000000000000000, -4.231032868236119855E-16 ) ) ;
#277 = AXIS2_PLACEMENT_3D ( 'NONE', #3295, #2486, #2593 ) ;
#278 = DIRECTION ( 'NONE',  ( 0.0000000000000000000, 0.0000000000000000000, -1.000000000000000000 ) ) ;
#279 = LINE ( 'NONE', #8247, #8364 ) ;
#280 = CARTESIAN_POINT ( 'NONE',  ( 0.4500000000000000666, 7.250000000000000000, 5.700000000000000178 ) ) ;
#281 = TOROIDAL_SURFACE ( 'NONE', #3701, 1.600000000000000089, 0.1000000000000000056 ) ;
#282 = B_SPLINE_CURVE_WITH_KNOTS ( 'NONE', 3,
 ( #3266, #6450, #5044, #2613, #2510, #963 ),
 .UNSPECIFIED., .F., .F.,
 ( 4, 2, 4 ),
 ( 1.489244079771624476E-11, 0.0002833862612363280344, 0.0005667725075802152726 ),
 .UNSPECIFIED. ) ;
#283 = FACE_OUTER_BOUND ( 'NONE', #3160, .T. ) ;
#284 = AXIS2_PLACEMENT_3D ( 'NONE', #7073, #65, #8075 ) ;
#285 = ORIENTED_EDGE ( 'NONE', *, *, #6733, .F. ) ;
#286 = CARTESIAN_POINT ( 'NONE',  ( 1.022973818583504224, 6.335261413134073649, 5.690949137293212168 ) ) ;
#287 = CARTESIAN_POINT ( 'NONE',  ( 9.006245792511190729, 6.250000000000031086, 5.665502260967810066 ) ) ;
#288 = CARTESIAN_POINT ( 'NONE',  ( 4.549999999999999822, 7.250000000000000000, 0.6499999999999990230 ) ) ;
#289 = CARTESIAN_POINT ( 'NONE',  ( 3.553947254147849844, 6.900000000000019895, 4.004821471746000228 ) ) ;
#290 =( NAMED_UNIT ( * ) SI_UNIT ( $, .STERADIAN. ) SOLID_ANGLE_UNIT ( ) );
#291 = STYLED_ITEM ( 'NONE', ( #4280 ), #1300 ) ;
#292 = EDGE_CURVE ( 'NONE', #2670, #4315, #9175, .T. ) ;
#293 = ORIENTED_EDGE ( 'NONE', *, *, #1349, .T. ) ;
#294 = DIRECTION ( 'NONE',  ( 1.000000000000000000, 0.0000000000000000000, 0.0000000000000000000 ) ) ;
#295 = SURFACE_STYLE_USAGE ( .BOTH. , #6483 ) ;
#296 =( GEOMETRIC_REPRESENTATION_CONTEXT ( 3 ) GLOBAL_UNCERTAINTY_ASSIGNED_CONTEXT ( ( #4507 ) ) GLOBAL_UNIT_ASSIGNED_CONTEXT ( ( #1763, #8105, #7893 ) ) REPRESENTATION_CONTEXT ( 'NONE', 'WORKASPACE' ) );
#297 =( GEOMETRIC_REPRESENTATION_CONTEXT ( 3 ) GLOBAL_UNCERTAINTY_ASSIGNED_CONTEXT ( ( #5120 ) ) GLOBAL_UNIT_ASSIGNED_CONTEXT ( ( #8594, #9229, #3786 ) ) REPRESENTATION_CONTEXT ( 'NONE', 'WORKASPACE' ) );
#298 = VECTOR ( 'NONE', #123, 1000.000000000000000 ) ;
#299 = SURFACE_SIDE_STYLE ('',( #8207 ) ) ;
#300 = CARTESIAN_POINT ( 'NONE',  ( 0.9657076557542596529, 4.650000000000010125, 9.413932751394359144 ) ) ;
#301 = EDGE_CURVE ( 'NONE', #7645, #9073, #5159, .T. ) ;
#302 = VERTEX_POINT ( 'NONE', #7546 ) ;
#303 = SURFACE_STYLE_FILL_AREA ( #2075 ) ;
#304 = CARTESIAN_POINT ( 'NONE',  ( -1.075900883378423156, 6.560463200155847829, 5.313097438219579693 ) ) ;
#305 = AXIS2_PLACEMENT_3D ( 'NONE', #7150, #748, #3915 ) ;
#306 = CONICAL_SURFACE ( 'NONE', #9886, 1.599999999999999867, 0.07130746470380971980 ) ;
#307 = VERTEX_POINT ( 'NONE', #6607 ) ;
#308 = LINE ( 'NONE', #5870, #3857 ) ;
#309 = ORIENTED_EDGE ( 'NONE', *, *, #4257, .T. ) ;
#310 = LINE ( 'NONE', #4986, #7605 ) ;
#311 = ORIENTED_EDGE ( 'NONE', *, *, #9932, .T. ) ;
#312 = STYLED_ITEM ( 'NONE', ( #4616 ), #2115 ) ;
#313 = CARTESIAN_POINT ( 'NONE',  ( 2.576979650206510097, 6.669166114049719596, 5.694239332014509714 ) ) ;
#314 = VECTOR ( 'NONE', #5956, 1000.000000000000000 ) ;
#315 = CARTESIAN_POINT ( 'NONE',  ( 0.5500000000000000444, 1.877542648054139951, 6.200000000000001066 ) ) ;
#316 = CARTESIAN_POINT ( 'NONE',  ( 4.500000000000000888, 6.250000000000031086, 5.699344090454330214 ) ) ;
#317 = ADVANCED_FACE ( 'NONE', ( #470 ), #4949, .F. ) ;
#318 = ORIENTED_EDGE ( 'NONE', *, *, #3345, .T. ) ;
#319 = CARTESIAN_POINT ( 'NONE',  ( 2.500000000000000000, 9.550000000000029132, 2.750000000000000000 ) ) ;
#320 = EDGE_LOOP ( 'NONE', ( #3024, #8533, #6649, #2795 ) ) ;
#321 = ORIENTED_EDGE ( 'NONE', *, *, #4125, .T. ) ;
#322 = CONICAL_SURFACE ( 'NONE', #4243, 1.599999999999999867, 0.07130746470380971980 ) ;
#323 = CARTESIAN_POINT ( 'NONE',  ( 5.799999999999999822, 3.850000000000010303, 8.800000000000000711 ) ) ;
#324 = DIRECTION ( 'NONE',  ( 0.0000000000000000000, -1.000000000000000000, 0.0000000000000000000 ) ) ;
#325 = EDGE_LOOP ( 'NONE', ( #4742, #8412, #2758, #5661 ) ) ;
#326 = ORIENTED_EDGE ( 'NONE', *, *, #6881, .F. ) ;
#327 = LINE ( 'NONE', #380, #8046 ) ;
#328 = B_SPLINE_CURVE_WITH_KNOTS ( 'NONE', 3,
 ( #2011, #3751, #2846, #10057, #9951, #1388 ),
 .UNSPECIFIED., .F., .F.,
 ( 4, 2, 4 ),
 ( 0.0000000000000000000, 0.4556032744929219835, 1.000000000000000000 ),
 .UNSPECIFIED. ) ;
#329 = AXIS2_PLACEMENT_3D ( 'NONE', #1627, #863, #5622 ) ;
#330 = CARTESIAN_POINT ( 'NONE',  ( -4.034292344245741013, 4.650000000000010125, 9.413932751394368026 ) ) ;
#331 = ADVANCED_FACE ( 'NONE', ( #5833 ), #1883, .T. ) ;
#332 = EDGE_CURVE ( 'NONE', #7581, #1092, #514, .T. ) ;
#333 = CARTESIAN_POINT ( 'NONE',  ( 4.549999999999999822, 2.200000000000000178, 5.700000000000000178 ) ) ;
#334 = CARTESIAN_POINT ( 'NONE',  ( 0.4500000000000000666, 5.950000000000040146, 0.6500000000000260014 ) ) ;
#335 = CARTESIAN_POINT ( 'NONE',  ( 6.999999999999999112, 4.250000000000031086, 0.0000000000000000000 ) ) ;
#336 = CARTESIAN_POINT ( 'NONE',  ( 5.906089525206200008, 4.650000000000010125, 8.893318922984189356 ) ) ;
#337 = VECTOR ( 'NONE', #5973, 1000.000000000000114 ) ;
#338 = ORIENTED_EDGE ( 'NONE', *, *, #8008, .T. ) ;
#339 = CARTESIAN_POINT ( 'NONE',  ( 1.024296180806233636, 6.556746841721601271, 5.606750848149822275 ) ) ;
#340 = DIRECTION ( 'NONE',  ( -1.000000000000000000, 0.0000000000000000000, 0.0000000000000000000 ) ) ;
#341 = PLANE ( 'NONE',  #8785 ) ;
#342 = DIRECTION ( 'NONE',  ( -1.000000000000000000, 0.0000000000000000000, 0.0000000000000000000 ) ) ;
#343 =( LENGTH_UNIT ( ) NAMED_UNIT ( * ) SI_UNIT ( .MILLI., .METRE. ) );
#344 = CIRCLE ( 'NONE', #7424, 1.749999999999989342 ) ;
#345 = VERTEX_POINT ( 'NONE', #1367 ) ;
#346 = DIRECTION ( 'NONE',  ( 0.0000000000000000000, 0.0000000000000000000, 1.000000000000000000 ) ) ;
#347 = CARTESIAN_POINT ( 'NONE',  ( 139.0450000000000159, 0.8789603367746769980, 8.000000000000000000 ) ) ;
#348 = UNCERTAINTY_MEASURE_WITH_UNIT (LENGTH_MEASURE( 1.000000000000000082E-05 ), #10096, 'distance_accuracy_value', 'NONE');
#349 =( GEOMETRIC_REPRESENTATION_CONTEXT ( 3 ) GLOBAL_UNCERTAINTY_ASSIGNED_CONTEXT ( ( #5611 ) ) GLOBAL_UNIT_ASSIGNED_CONTEXT ( ( #8113, #2659, #1869 ) ) REPRESENTATION_CONTEXT ( 'NONE', 'WORKASPACE' ) );
#350 = EDGE_CURVE ( 'NONE', #1584, #6460, #5257, .T. ) ;
#351 = SURFACE_STYLE_USAGE ( .BOTH. , #299 ) ;
#352 =( NAMED_UNIT ( * ) PLANE_ANGLE_UNIT ( ) SI_UNIT ( $, .RADIAN. ) );
#353 = EDGE_LOOP ( 'NONE', ( #4268, #753, #6588, #7675, #8806, #8839, #5803, #1900 ) ) ;
#354 =( NAMED_UNIT ( * ) PLANE_ANGLE_UNIT ( ) SI_UNIT ( $, .RADIAN. ) );
#355 =( NAMED_UNIT ( * ) SI_UNIT ( $, .STERADIAN. ) SOLID_ANGLE_UNIT ( ) );
#356 = AXIS2_PLACEMENT_3D ( 'NONE', #8367, #2167, #5330 ) ;
#357 = DIRECTION ( 'NONE',  ( 0.0000000000000000000, -1.000000000000000000, 0.0000000000000000000 ) ) ;
#358 = ORIENTED_EDGE ( 'NONE', *, *, #4782, .F. ) ;
#359 = LINE ( 'NONE', #3460, #2884 ) ;
#360 = ORIENTED_EDGE ( 'NONE', *, *, #4589, .F. ) ;
#361 = ADVANCED_FACE ( 'NONE', ( #1470 ), #3834, .F. ) ;
#362 = FILL_AREA_STYLE ('',( #3515 ) ) ;
#363 = CARTESIAN_POINT ( 'NONE',  ( 2.500000000000000000, 4.250000000000009770, 9.314249409997579221 ) ) ;
#364 = VERTEX_POINT ( 'NONE', #2972 ) ;
#365 = DIRECTION ( 'NONE',  ( 0.0000000000000000000, 0.0000000000000000000, 1.000000000000000000 ) ) ;
#366 = DIRECTION ( 'NONE',  ( 0.0000000000000000000, 0.0000000000000000000, -1.000000000000000000 ) ) ;
#367 = CARTESIAN_POINT ( 'NONE',  ( 7.500000000000000000, 2.636732100714121341, 9.314249409997579221 ) ) ;
#368 = DIRECTION ( 'NONE',  ( 0.0000000000000000000, -1.000000000000000000, 0.0000000000000000000 ) ) ;
#369 = ORIENTED_EDGE ( 'NONE', *, *, #1084, .F. ) ;
#370 = LINE ( 'NONE', #9822, #492 ) ;
#371 = ORIENTED_EDGE ( 'NONE', *, *, #4904, .T. ) ;
#372 = ORIENTED_EDGE ( 'NONE', *, *, #4915, .T. ) ;
#373 = SURFACE_STYLE_FILL_AREA ( #5103 ) ;
#374 = VECTOR ( 'NONE', #6041, 1000.000000000000000 ) ;
#375 = ADVANCED_FACE ( 'NONE', ( #9272 ), #6864, .T. ) ;
#376 = CARTESIAN_POINT ( 'NONE',  ( 2.500000000000000000, 2.636732100714121341, 9.314249409997579221 ) ) ;
#377 = VERTEX_POINT ( 'NONE', #655 ) ;
#378 = EDGE_LOOP ( 'NONE', ( #7145, #958, #3629, #7944 ) ) ;
#379 = VECTOR ( 'NONE', #4992, 1000.000000000000000 ) ;
#380 = CARTESIAN_POINT ( 'NONE',  ( 9.034848484848490457, 5.962121212121219926, 5.184848484848489925 ) ) ;
#381 = CARTESIAN_POINT ( 'NONE',  ( -0.5000000000000000000, 3.592004494644689849, 2.875961234938969824 ) ) ;
#382 = LINE ( 'NONE', #7499, #2203 ) ;
#383 = DIRECTION ( 'NONE',  ( -1.000000000000000000, 0.0000000000000000000, 0.0000000000000000000 ) ) ;
#384 = CARTESIAN_POINT ( 'NONE',  ( 10.50000000000000000, 0.6613248654051859798, 6.200000000000001066 ) ) ;
#385 = DIRECTION ( 'NONE',  ( 1.000000000000000000, 0.0000000000000000000, -3.641714079092569968E-16 ) ) ;
#386 = CIRCLE ( 'NONE', #53, 0.2999999999999999334 ) ;
#387 = EDGE_CURVE ( 'NONE', #3800, #5604, #4519, .T. ) ;
#388 = ORIENTED_EDGE ( 'NONE', *, *, #2333, .F. ) ;
#389 = CARTESIAN_POINT ( 'NONE',  ( -4.006215362872470820, 6.250000000000009770, 5.675366343103219968 ) ) ;
#390 = CARTESIAN_POINT ( 'NONE',  ( 2.750000000000000000, 4.250000000000031086, -4.349999999999999645 ) ) ;
#391 = DIRECTION ( 'NONE',  ( 0.0000000000000000000, -3.675221047034999628E-15, 1.000000000000000000 ) ) ;
#392 = VERTEX_POINT ( 'NONE', #2095 ) ;
#393 = DIRECTION ( 'NONE',  ( 0.0000000000000000000, -1.000000000000000000, 0.0000000000000000000 ) ) ;
#394 = FILL_AREA_STYLE_COLOUR ( '', #3371 ) ;
#395 = EDGE_CURVE ( 'NONE', #467, #5351, #4382, .T. ) ;
#396 = EDGE_CURVE ( 'NONE', #6282, #5528, #9981, .T. ) ;
#397 = FILL_AREA_STYLE ('',( #2596 ) ) ;
#398 = LINE ( 'NONE', #1208, #2992 ) ;
#399 = CARTESIAN_POINT ( 'NONE',  ( 0.9938586087084645415, 6.250000000000043521, 5.699344090454423473 ) ) ;
#400 = CARTESIAN_POINT ( 'NONE',  ( 3.553947254147849844, 6.900000000000019895, 4.004821471746000228 ) ) ;
#401 = APPLICATION_CONTEXT ( 'automotive_design' ) ;
#402 = ORIENTED_EDGE ( 'NONE', *, *, #5927, .F. ) ;
#403 = CARTESIAN_POINT ( 'NONE',  ( 0.9371073885687776217, 4.650000000000010125, 9.314249409997570339 ) ) ;
#404 = CYLINDRICAL_SURFACE ( 'NONE', #8409, 0.4000000000000001887 ) ;
#405 = ORIENTED_EDGE ( 'NONE', *, *, #3560, .F. ) ;
#406 = CARTESIAN_POINT ( 'NONE',  ( 5.996182525918290374, 6.250000000000079936, 5.603246506036859920 ) ) ;
#407 = VERTEX_POINT ( 'NONE', #9371 ) ;
#408 = CIRCLE ( 'NONE', #7661, 1.613267899285889984 ) ;
#409 =( LENGTH_UNIT ( ) NAMED_UNIT ( * ) SI_UNIT ( .MILLI., .METRE. ) );
#410 = VERTEX_POINT ( 'NONE', #8438 ) ;
#411 = CARTESIAN_POINT ( 'NONE',  ( 6.446052745852149712, 6.900000000000019895, 4.004821471746000228 ) ) ;
#412 = DIRECTION ( 'NONE',  ( 0.0000000000000000000, -1.000000000000000000, 0.0000000000000000000 ) ) ;
#413 = LINE ( 'NONE', #6499, #1107 ) ;
#414 = DIRECTION ( 'NONE',  ( 0.3481553119113969808, -0.8703882797784889824, -0.3481553119113949823 ) ) ;
#415 = ORIENTED_EDGE ( 'NONE', *, *, #196, .F. ) ;
#416 = SURFACE_SIDE_STYLE ('',( #9880 ) ) ;
#417 = EDGE_CURVE ( 'NONE', #691, #607, #10033, .T. ) ;
#418 = ORIENTED_EDGE ( 'NONE', *, *, #2888, .T. ) ;
#419 = EDGE_CURVE ( 'NONE', #8451, #3788, #706, .T. ) ;
#420 = ORIENTED_EDGE ( 'NONE', *, *, #5065, .T. ) ;
#421 = DIRECTION ( 'NONE',  ( 0.0000000000000000000, 0.0000000000000000000, -1.000000000000000000 ) ) ;
#422 = STYLED_ITEM ( 'NONE', ( #4448 ), #8062 ) ;
#423 =( LENGTH_UNIT ( ) NAMED_UNIT ( * ) SI_UNIT ( .MILLI., .METRE. ) );
#424 = EDGE_LOOP ( 'NONE', ( #8646, #4002, #857, #814, #10176, #4979 ) ) ;
#425 = VECTOR ( 'NONE', #9893, 1000.000000000000000 ) ;
#426 = VERTEX_POINT ( 'NONE', #4476 ) ;
#427 = AXIS2_PLACEMENT_3D ( 'NONE', #3219, #5624, #9583 ) ;
#428 = PRESENTATION_STYLE_ASSIGNMENT (( #1184 ) ) ;
#429 = DIRECTION ( 'NONE',  ( 0.0000000000000000000, 1.000000000000000000, 0.0000000000000000000 ) ) ;
#430 = ADVANCED_FACE ( 'NONE', ( #6031 ), #2045, .T. ) ;
#431 = DIRECTION ( 'NONE',  ( -5.152643988049929844E-16, 0.0000000000000000000, -1.000000000000000000 ) ) ;
#432 = DIRECTION ( 'NONE',  ( 0.0000000000000000000, 1.000000000000000000, 0.0000000000000000000 ) ) ;
#433 = AXIS2_PLACEMENT_3D ( 'NONE', #2446, #5458, #10132 ) ;
#434 = ORIENTED_EDGE ( 'NONE', *, *, #745, .T. ) ;
#435 = CARTESIAN_POINT ( 'NONE',  ( 2.500000000000000000, 2.650000000000010125, 8.000000000000010658 ) ) ;
#436 = DIRECTION ( 'NONE',  ( 0.0000000000000000000, 0.0000000000000000000, -1.000000000000000000 ) ) ;
#437 = CARTESIAN_POINT ( 'NONE',  ( 8.553947254147852064, 6.900000000000019895, 4.004821471746000228 ) ) ;
#438 = DIRECTION ( 'NONE',  ( -1.000000000000000000, 0.0000000000000000000, 0.0000000000000000000 ) ) ;
#439 = CARTESIAN_POINT ( 'NONE',  ( 8.856009966283759027, 3.850000000000010303, 9.500000000000000000 ) ) ;
#440 = ADVANCED_FACE ( 'NONE', ( #7250, #3449 ), #6632, .T. ) ;
#441 = ORIENTED_EDGE ( 'NONE', *, *, #9899, .T. ) ;
#442 = CARTESIAN_POINT ( 'NONE',  ( 0.0000000000000000000, 1.800000000000000266, 9.999999999999989342 ) ) ;
#443 = FILL_AREA_STYLE_COLOUR ( '', #1258 ) ;
#444 = AXIS2_PLACEMENT_3D ( 'NONE', #10023, #2084, #5247 ) ;
#445 = CARTESIAN_POINT ( 'NONE',  ( 10.50000000000000000, 0.8864914703891380032, 0.0000000000000000000 ) ) ;
#446 = AXIS2_PLACEMENT_3D ( 'NONE', #4797, #7967, #867 ) ;
#447 = CARTESIAN_POINT ( 'NONE',  ( 7.500000000000000000, 4.250000000000031086, -4.349999999999999645 ) ) ;
#448 = CARTESIAN_POINT ( 'NONE',  ( 30.00000000000000000, 7.750000000000000000, 5.900000000000000355 ) ) ;
#449 = EDGE_CURVE ( 'NONE', #5410, #3580, #9389, .T. ) ;
#450 = ORIENTED_EDGE ( 'NONE', *, *, #4799, .T. ) ;
#451 = CARTESIAN_POINT ( 'NONE',  ( 6.431818181818189650, 4.795454545454529871, 1.631818181818190050 ) ) ;
#453 = EDGE_CURVE ( 'NONE', #9616, #9130, #932, .T. ) ;
#452 = DIRECTION ( 'NONE',  ( -5.421010862427519212E-16, 0.0000000000000000000, -1.000000000000000000 ) ) ;
#454 = EDGE_LOOP ( 'NONE', ( #5203, #3067, #8910, #1834 ) ) ;
#455 = CYLINDRICAL_SURFACE ( 'NONE', #3195, 0.3999999999999993006 ) ;
#456 = VERTEX_POINT ( 'NONE', #8202 ) ;
#457 = VECTOR ( 'NONE', #2193, 1000.000000000000000 ) ;
#458 = AXIS2_PLACEMENT_3D ( 'NONE', #5181, #5326, #3706 ) ;
#459 =( GEOMETRIC_REPRESENTATION_CONTEXT ( 3 ) GLOBAL_UNCERTAINTY_ASSIGNED_CONTEXT ( ( #6077 ) ) GLOBAL_UNIT_ASSIGNED_CONTEXT ( ( #9920, #4355, #7585 ) ) REPRESENTATION_CONTEXT ( 'NONE', 'WORKASPACE' ) );
#460 = ORIENTED_EDGE ( 'NONE', *, *, #419, .F. ) ;
#461 =( NAMED_UNIT ( * ) SI_UNIT ( $, .STERADIAN. ) SOLID_ANGLE_UNIT ( ) );
#462 = DIRECTION ( 'NONE',  ( 0.0000000000000000000, -1.000000000000000000, 0.0000000000000000000 ) ) ;
#463 = MECHANICAL_DESIGN_GEOMETRIC_PRESENTATION_REPRESENTATION (  '', ( #2086 ), #1588 ) ;
#464 = FACE_OUTER_BOUND ( 'NONE', #2407, .T. ) ;
#465 = AXIS2_PLACEMENT_3D ( 'NONE', #4689, #7806, #6927 ) ;
#466 = ORIENTED_EDGE ( 'NONE', *, *, #9563, .F. ) ;
#467 = VERTEX_POINT ( 'NONE', #4082 ) ;
#468 = ORIENTED_EDGE ( 'NONE', *, *, #4060, .T. ) ;
#469 = CARTESIAN_POINT ( 'NONE',  ( 2.500000000000000000, 9.550000000000029132, 1.349999999999999867 ) ) ;
#470 = FACE_OUTER_BOUND ( 'NONE', #9010, .T. ) ;
#471 = PRESENTATION_LAYER_ASSIGNMENT (  '', '', ( #9562 ) ) ;
#472 = DIRECTION ( 'NONE',  ( 0.0000000000000000000, 0.0000000000000000000, 1.000000000000000000 ) ) ;
#473 =( NAMED_UNIT ( * ) SI_UNIT ( $, .STERADIAN. ) SOLID_ANGLE_UNIT ( ) );
#474 = ORIENTED_EDGE ( 'NONE', *, *, #7477, .F. ) ;
#475 = ADVANCED_FACE ( 'NONE', ( #6530 ), #9802, .T. ) ;
#476 = ORIENTED_EDGE ( 'NONE', *, *, #6084, .F. ) ;
#477 = ORIENTED_EDGE ( 'NONE', *, *, #1897, .F. ) ;
#478 = CARTESIAN_POINT ( 'NONE',  ( 3.908529899565567067, 6.803742317568937992, 5.258069125366942487 ) ) ;
#479 = MECHANICAL_DESIGN_GEOMETRIC_PRESENTATION_REPRESENTATION (  '', ( #5581 ), #1293 ) ;
#480 = CARTESIAN_POINT ( 'NONE',  ( 0.7999999999999990452, 4.650000000000010125, 9.500000000000010658 ) ) ;
#481 = DIRECTION ( 'NONE',  ( 1.000000000000000000, 0.0000000000000000000, -5.152643988049919983E-16 ) ) ;
#482 = ORIENTED_EDGE ( 'NONE', *, *, #1400, .T. ) ;
#483 = ADVANCED_FACE ( 'NONE', ( #6580 ), #3497, .T. ) ;
#484 = UNCERTAINTY_MEASURE_WITH_UNIT (LENGTH_MEASURE( 1.000000000000000082E-05 ), #5298, 'distance_accuracy_value', 'NONE');
#485 = LINE ( 'NONE', #3545, #8787 ) ;
#486 = CARTESIAN_POINT ( 'NONE',  ( 8.908529899565564847, 6.803742317568940656, 5.258069125366933605 ) ) ;
#487 = CARTESIAN_POINT ( 'NONE',  ( 1.449999999999999956, 6.405650476444289865, 3.372082935692199968 ) ) ;
#488 = CARTESIAN_POINT ( 'NONE',  ( -1.029528143919770100, 6.144996693392779541, 5.536046900691041550 ) ) ;
#489 = CARTESIAN_POINT ( 'NONE',  ( 10.00000000000000000, 0.1977371785018509909, 6.601260681670590102 ) ) ;
#490 = VERTEX_POINT ( 'NONE', #5805 ) ;
#491 = FACE_OUTER_BOUND ( 'NONE', #2672, .T. ) ;
#492 = VECTOR ( 'NONE', #9071, 1000.000000000000227 ) ;
#493 = EDGE_CURVE ( 'NONE', #9976, #7484, #8047, .T. ) ;
#494 = CARTESIAN_POINT ( 'NONE',  ( 4.500000000000000888, 6.221952518161529611, 5.100000000000011191 ) ) ;
#495 = VECTOR ( 'NONE', #7420, 1000.000000000000000 ) ;
#496 = CARTESIAN_POINT ( 'NONE',  ( 4.087037305134390230, 3.850000000000010303, 8.986637655680240755 ) ) ;
#497 = UNCERTAINTY_MEASURE_WITH_UNIT (LENGTH_MEASURE( 1.000000000000000082E-05 ), #4337, 'distance_accuracy_value', 'NONE');
#498 = CARTESIAN_POINT ( 'NONE',  ( -0.8992189406417899766, 3.850000000000010303, 8.800000000000009592 ) ) ;
#499 = ORIENTED_EDGE ( 'NONE', *, *, #2799, .T. ) ;
#500 = CARTESIAN_POINT ( 'NONE',  ( 9.068650814749700473, 4.650000000000010125, 9.236151811974439241 ) ) ;
#501 = LINE ( 'NONE', #6801, #6264 ) ;
#502 = ORIENTED_EDGE ( 'NONE', *, *, #3575, .F. ) ;
#503 =( GEOMETRIC_REPRESENTATION_CONTEXT ( 3 ) GLOBAL_UNCERTAINTY_ASSIGNED_CONTEXT ( ( #154 ) ) GLOBAL_UNIT_ASSIGNED_CONTEXT ( ( #3735, #7644, #4478 ) ) REPRESENTATION_CONTEXT ( 'NONE', 'WORKASPACE' ) );
#504 = EDGE_CURVE ( 'NONE', #407, #8322, #1193, .T. ) ;
#505 = DIRECTION ( 'NONE',  ( 0.0000000000000000000, -3.675221047034999628E-15, 1.000000000000000000 ) ) ;
#506 = EDGE_CURVE ( 'NONE', #1417, #9815, #9702, .T. ) ;
#507 = LINE ( 'NONE', #6232, #2151 ) ;
#508 = CARTESIAN_POINT ( 'NONE',  ( 3.924099116621577288, 6.782835288287570208, 5.313097438219570812 ) ) ;
#509 = COLOUR_RGB ( '',0.2862745098039215508, 0.6431372549019607199, 0.8666666666666666963 ) ;
#510 = ORIENTED_EDGE ( 'NONE', *, *, #2370, .F. ) ;
#511 = EDGE_LOOP ( 'NONE', ( #3170, #5986, #4822, #41 ) ) ;
#512 = ORIENTED_EDGE ( 'NONE', *, *, #187, .F. ) ;
#513 = CYLINDRICAL_SURFACE ( 'NONE', #10168, 1.399999999999999911 ) ;
#514 = LINE ( 'NONE', #5304, #9543 ) ;
#515 = AXIS2_PLACEMENT_3D ( 'NONE', #585, #3658, #6894 ) ;
#516 = ADVANCED_FACE ( 'NONE', ( #7408 ), #2691, .F. ) ;
#517 = FILL_AREA_STYLE ('',( #6190 ) ) ;
#518 = VERTEX_POINT ( 'NONE', #3656 ) ;
#519 = ORIENTED_EDGE ( 'NONE', *, *, #3035, .T. ) ;
#520 = SURFACE_STYLE_USAGE ( .BOTH. , #5995 ) ;
#521 = EDGE_LOOP ( 'NONE', ( #8140, #5736, #2538 ) ) ;
#522 =( GEOMETRIC_REPRESENTATION_CONTEXT ( 3 ) GLOBAL_UNCERTAINTY_ASSIGNED_CONTEXT ( ( #1398 ) ) GLOBAL_UNIT_ASSIGNED_CONTEXT ( ( #1299, #6155, #6786 ) ) REPRESENTATION_CONTEXT ( 'NONE', 'WORKASPACE' ) );
#523 = DIRECTION ( 'NONE',  ( 1.000000000000000000, 0.0000000000000000000, 0.0000000000000000000 ) ) ;
#524 = CARTESIAN_POINT ( 'NONE',  ( 6.124350997929269624, 6.820490948317419644, 5.141853884246489592 ) ) ;
#525 = PLANE ( 'NONE',  #5900 ) ;
#526 = EDGE_CURVE ( 'NONE', #6660, #10038, #9150, .T. ) ;
#527 = ORIENTED_EDGE ( 'NONE', *, *, #1856, .F. ) ;
#528 = CARTESIAN_POINT ( 'NONE',  ( 8.995650848407130695, 6.249999999999950262, 5.507834059304340002 ) ) ;
#529 = DIRECTION ( 'NONE',  ( -0.8660254037844380415, 0.5000000000000009992, 0.0000000000000000000 ) ) ;
#530 = SURFACE_STYLE_USAGE ( .BOTH. , #5223 ) ;
#531 = LINE ( 'NONE', #9194, #8012 ) ;
#532 = EDGE_LOOP ( 'NONE', ( #1365, #8210, #5656, #9929 ) ) ;
#533 = CARTESIAN_POINT ( 'NONE',  ( -4.750000000000000000, 7.750000000000000000, 1.017647187639860062E-14 ) ) ;
#534 = DIRECTION ( 'NONE',  ( -1.000000000000000000, 0.0000000000000000000, 0.0000000000000000000 ) ) ;
#535 = MECHANICAL_DESIGN_GEOMETRIC_PRESENTATION_REPRESENTATION (  '', ( #1500 ), #8812 ) ;
#536 = EDGE_CURVE ( 'NONE', #3685, #7376, #10003, .T. ) ;
#537 = EDGE_CURVE ( 'NONE', #7442, #3704, #6220, .T. ) ;
#538 = DIRECTION ( 'NONE',  ( 0.0000000000000000000, 0.0000000000000000000, -1.000000000000000000 ) ) ;
#539 = CARTESIAN_POINT ( 'NONE',  ( 4.062892611435058754, 3.850000000000010303, 9.314249409999350249 ) ) ;
#540 = SURFACE_STYLE_USAGE ( .BOTH. , #7622 ) ;
#541 = ORIENTED_EDGE ( 'NONE', *, *, #8863, .T. ) ;
#542 = FACE_OUTER_BOUND ( 'NONE', #5097, .T. ) ;
#543 = DIRECTION ( 'NONE',  ( 2.232180943352509796E-16, -1.000000000000000000, 0.0000000000000000000 ) ) ;
#544 = EDGE_CURVE ( 'NONE', #26, #2466, #4216, .T. ) ;
#545 = ORIENTED_EDGE ( 'NONE', *, *, #3849, .T. ) ;
#546 = DIRECTION ( 'NONE',  ( 0.0000000000000000000, -1.000000000000000000, 0.0000000000000000000 ) ) ;
#547 = AXIS2_PLACEMENT_3D ( 'NONE', #3496, #346, #3401 ) ;
#548 = FACE_OUTER_BOUND ( 'NONE', #1156, .T. ) ;
#549 = FILL_AREA_STYLE_COLOUR ( '', #755 ) ;
#550 = CARTESIAN_POINT ( 'NONE',  ( 2.500000000000000000, 4.250000000000009770, 9.500000000000010658 ) ) ;
#551 = CARTESIAN_POINT ( 'NONE',  ( 3.856060606060600193, -1.265151515151490047, 2.293939393939409932 ) ) ;
#552 = B_SPLINE_CURVE_WITH_KNOTS ( 'NONE', 3,
 ( #4819, #10162, #9404, #10114 ),
 .UNSPECIFIED., .F., .F.,
 ( 4, 4 ),
 ( 1.710293213781126632E-13, 0.0001440939132139563636 ),
 .UNSPECIFIED. ) ;
#553 = VERTEX_POINT ( 'NONE', #1347 ) ;
#554 = PRESENTATION_STYLE_ASSIGNMENT (( #2867 ) ) ;
#555 = VERTEX_POINT ( 'NONE', #9198 ) ;
#556 = EDGE_CURVE ( 'NONE', #2221, #3885, #6741, .T. ) ;
#557 = ORIENTED_EDGE ( 'NONE', *, *, #2029, .T. ) ;
#558 = CARTESIAN_POINT ( 'NONE',  ( 8.550000000000000711, 6.405650476444289865, 3.372082935692199968 ) ) ;
#559 = SURFACE_STYLE_USAGE ( .BOTH. , #2241 ) ;
#560 = LINE ( 'NONE', #9936, #9544 ) ;
#561 = ORIENTED_EDGE ( 'NONE', *, *, #3806, .F. ) ;
#562 = VECTOR ( 'NONE', #1784, 1000.000000000000000 ) ;
#563 = ORIENTED_EDGE ( 'NONE', *, *, #6084, .T. ) ;
#564 = SURFACE_SIDE_STYLE ('',( #4525 ) ) ;
#565 = EDGE_LOOP ( 'NONE', ( #2307, #2298, #7106, #108, #592, #3334 ) ) ;
#566 = VECTOR ( 'NONE', #2366, 1000.000000000000000 ) ;
#567 = CARTESIAN_POINT ( 'NONE',  ( 7.500000000000000000, 4.250000000000009770, 8.099999999999999645 ) ) ;
#568 = EDGE_CURVE ( 'NONE', #3528, #8800, #7663, .T. ) ;
#569 = DIRECTION ( 'NONE',  ( 0.0000000000000000000, -3.675221047034999628E-15, 1.000000000000000000 ) ) ;
#570 =( NAMED_UNIT ( * ) SI_UNIT ( $, .STERADIAN. ) SOLID_ANGLE_UNIT ( ) );
#571 = EDGE_CURVE ( 'NONE', #467, #37, #5545, .T. ) ;
#572 = PLANE ( 'NONE',  #8208 ) ;
#573 = CONICAL_SURFACE ( 'NONE', #3181, 1.599999999999999867, 0.07130746470380971980 ) ;
#574 = SURFACE_STYLE_FILL_AREA ( #5474 ) ;
#575 = ORIENTED_EDGE ( 'NONE', *, *, #7293, .F. ) ;
#576 = DIRECTION ( 'NONE',  ( 0.0000000000000000000, -0.07124704990663610626, -0.9974586998365402302 ) ) ;
#577 = PRESENTATION_STYLE_ASSIGNMENT (( #530 ) ) ;
#578 = FACE_OUTER_BOUND ( 'NONE', #7708, .T. ) ;
#579 = AXIS2_PLACEMENT_3D ( 'NONE', #1187, #4117, #8134 ) ;
#580 = VERTEX_POINT ( 'NONE', #2945 ) ;
#581 = LINE ( 'NONE', #5227, #7664 ) ;
#582 = DIRECTION ( 'NONE',  ( 1.000000000000000000, 0.0000000000000000000, 0.0000000000000000000 ) ) ;
#583 = AXIS2_PLACEMENT_3D ( 'NONE', #5352, #5255, #1228 ) ;
#584 = APPLICATION_CONTEXT ( 'automotive_design' ) ;
#585 = CARTESIAN_POINT ( 'NONE',  ( 3.549999999999999822, 6.301461569844129862, 3.962967587499520050 ) ) ;
#586 = VECTOR ( 'NONE', #1215, 1000.000000000000000 ) ;
#587 = DIRECTION ( 'NONE',  ( 1.000000000000000000, 0.0000000000000000000, 0.0000000000000000000 ) ) ;
#588 = EDGE_CURVE ( 'NONE', #6488, #5119, #1093, .T. ) ;
#589 = UNCERTAINTY_MEASURE_WITH_UNIT (LENGTH_MEASURE( 1.000000000000000082E-05 ), #7669, 'distance_accuracy_value', 'NONE');
#590 = CARTESIAN_POINT ( 'NONE',  ( 2.500000000000000000, 4.250000000000009770, 9.314249409997589879 ) ) ;
#591 =( LENGTH_UNIT ( ) NAMED_UNIT ( * ) SI_UNIT ( .MILLI., .METRE. ) );
#592 = ORIENTED_EDGE ( 'NONE', *, *, #10183, .T. ) ;
#593 = CARTESIAN_POINT ( 'NONE',  ( 9.199999999999999289, 3.850000000000010303, 8.800000000000000711 ) ) ;
#594 = DIRECTION ( 'NONE',  ( 1.000000000000000000, 2.232180943352509796E-16, 0.0000000000000000000 ) ) ;
#595 = EDGE_LOOP ( 'NONE', ( #5049, #9115, #358, #2390, #7841, #7224 ) ) ;
#596 = CIRCLE ( 'NONE', #5702, 1.749999999999990008 ) ;
#597 = UNCERTAINTY_MEASURE_WITH_UNIT (LENGTH_MEASURE( 1.000000000000000082E-05 ), #7427, 'distance_accuracy_value', 'NONE');
#598 = PRESENTATION_LAYER_ASSIGNMENT (  '', '', ( #7543 ) ) ;
#599 = CARTESIAN_POINT ( 'NONE',  ( -4.549999999999999822, 2.200000000000000178, 0.6500000000000040190 ) ) ;
#600 = DIRECTION ( 'NONE',  ( 1.000000000000000000, 0.0000000000000000000, 0.0000000000000000000 ) ) ;
#601 = CARTESIAN_POINT ( 'NONE',  ( 7.500000000000000000, 4.250000000000031086, -4.349999999999999645 ) ) ;
#602 = ADVANCED_FACE ( 'NONE', ( #7719, #2163, #8507 ), #5129, .T. ) ;
#603 = DIRECTION ( 'NONE',  ( 1.000000000000000000, -1.224646799147353207E-16, 0.0000000000000000000 ) ) ;
#604 = ORIENTED_EDGE ( 'NONE', *, *, #2888, .F. ) ;
#605 = CARTESIAN_POINT ( 'NONE',  ( 1.023102752130521154, 6.379062758812666267, 5.679065084668860841 ) ) ;
#606 = VERTEX_POINT ( 'NONE', #4543 ) ;
#607 = VERTEX_POINT ( 'NONE', #3754 ) ;
#608 = CARTESIAN_POINT ( 'NONE',  ( 7.500000000000000000, 9.550000000000029132, 2.750000000000000000 ) ) ;
#609 = FILL_AREA_STYLE ('',( #3069 ) ) ;
#610 = CIRCLE ( 'NONE', #9062, 0.2499999999999997780 ) ;
#611 = CARTESIAN_POINT ( 'NONE',  ( 2.500000000000000000, 2.550000000114664545, 8.099999999999999645 ) ) ;
#612 = VERTEX_POINT ( 'NONE', #6938 ) ;
#613 = AXIS2_PLACEMENT_3D ( 'NONE', #4630, #2052, #6871 ) ;
#614 = EDGE_CURVE ( 'NONE', #1048, #407, #1533, .T. ) ;
#615 = COLOUR_RGB ( '',0.2862745098039215508, 0.6431372549019607199, 0.8666666666666666963 ) ;
#616 = CARTESIAN_POINT ( 'NONE',  ( 0.7999999999999990452, 4.650000000000010125, 8.800000000000009592 ) ) ;
#617 = CARTESIAN_POINT ( 'NONE',  ( 4.006245792511180071, 6.250000000000031086, 5.665502260967819836 ) ) ;
#618 = VERTEX_POINT ( 'NONE', #2066 ) ;
#619 = AXIS2_PLACEMENT_3D ( 'NONE', #9061, #1927, #5040 ) ;
#620 = CARTESIAN_POINT ( 'NONE',  ( -3.957786553235357108, 3.850000000000008971, 9.481490714224470651 ) ) ;
#621 = CARTESIAN_POINT ( 'NONE',  ( 1.008157734995720034, 6.591285235931310993, 5.552530875971460667 ) ) ;
#622 = CARTESIAN_POINT ( 'NONE',  ( 5.899218940641789644, 3.850000000000010303, 8.800000000000000711 ) ) ;
#623 = MECHANICAL_DESIGN_GEOMETRIC_PRESENTATION_REPRESENTATION (  '', ( #9558 ), #5398 ) ;
#624 = SURFACE_STYLE_USAGE ( .BOTH. , #718 ) ;
#625 = AXIS2_PLACEMENT_3D ( 'NONE', #6279, #8630, #1463 ) ;
#626 = CARTESIAN_POINT ( 'NONE',  ( 10.00000000000000000, 7.450000000000000178, 6.200000000000001066 ) ) ;
#627 = ORIENTED_EDGE ( 'NONE', *, *, #4531, .T. ) ;
#628 = ADVANCED_FACE ( 'NONE', ( #1965 ), #5963, .T. ) ;
#629 = ADVANCED_FACE ( 'NONE', ( #829 ), #77, .T. ) ;
#630 = CARTESIAN_POINT ( 'NONE',  ( 7.500000000000000000, 9.550000000000029132, 2.750000000000000000 ) ) ;
#631 = AXIS2_PLACEMENT_3D ( 'NONE', #6166, #8568, #6370 ) ;
#632 = FACE_OUTER_BOUND ( 'NONE', #8731, .T. ) ;
#633 = CYLINDRICAL_SURFACE ( 'NONE', #8020, 0.5999999999999998668 ) ;
#634 = VERTEX_POINT ( 'NONE', #3140 ) ;
#635 = CARTESIAN_POINT ( 'NONE',  ( -4.450000000000000178, 1.652376043070270084, 6.200000000000001066 ) ) ;
#636 = DIRECTION ( 'NONE',  ( 0.0000000000000000000, 0.9848077530122081313, 0.1736481776669300259 ) ) ;
#637 = AXIS2_PLACEMENT_3D ( 'NONE', #8931, #6629, #4868 ) ;
#638 = CARTESIAN_POINT ( 'NONE',  ( 2.500000000000000000, 4.250000000000009770, 9.500000000000000000 ) ) ;
#639 = CARTESIAN_POINT ( 'NONE',  ( 4.549999999999999822, 6.250000000000031086, 0.6499999999999990230 ) ) ;
#640 =( NAMED_UNIT ( * ) SI_UNIT ( $, .STERADIAN. ) SOLID_ANGLE_UNIT ( ) );
#641 = ORIENTED_EDGE ( 'NONE', *, *, #187, .T. ) ;
#642 = FACE_OUTER_BOUND ( 'NONE', #799, .T. ) ;
#643 = CARTESIAN_POINT ( 'NONE',  ( -5.500000000000000000, 6.301461569844129862, 3.962967587499530264 ) ) ;
#644 = ORIENTED_EDGE ( 'NONE', *, *, #2166, .T. ) ;
#645 = EDGE_CURVE ( 'NONE', #5575, #5621, #2318, .T. ) ;
#646 = DIRECTION ( 'NONE',  ( 0.3481553119113961481, 0.8703882797784894265, -0.3481553119113950934 ) ) ;
#647 = PLANE ( 'NONE',  #7453 ) ;
#648 = FACE_OUTER_BOUND ( 'NONE', #128, .T. ) ;
#649 = VERTEX_POINT ( 'NONE', #5584 ) ;
#650 = DIRECTION ( 'NONE',  ( 0.0000000000000000000, -3.675221047034999628E-15, 1.000000000000000000 ) ) ;
#651 = CIRCLE ( 'NONE', #3605, 1.649999999999999467 ) ;
#652 = EDGE_LOOP ( 'NONE', ( #4235, #9628, #5778, #7030 ) ) ;
#653 = EDGE_LOOP ( 'NONE', ( #9178, #8007, #2979, #5503 ) ) ;
#654 = FACE_OUTER_BOUND ( 'NONE', #4372, .T. ) ;
#655 = CARTESIAN_POINT ( 'NONE',  ( 6.075900883378422712, 6.782835288287570208, 5.313097438219570812 ) ) ;
#656 = EDGE_CURVE ( 'NONE', #10177, #2451, #6889, .T. ) ;
#657 = ORIENTED_EDGE ( 'NONE', *, *, #3184, .T. ) ;
#658 = COLOUR_RGB ( '',0.2862745098039215508, 0.6431372549019607199, 0.8666666666666666963 ) ;
#659 =( NAMED_UNIT ( * ) SI_UNIT ( $, .STERADIAN. ) SOLID_ANGLE_UNIT ( ) );
#660 = FACE_OUTER_BOUND ( 'NONE', #7214, .T. ) ;
#661 = ORIENTED_EDGE ( 'NONE', *, *, #7607, .F. ) ;
#662 = CARTESIAN_POINT ( 'NONE',  ( -5.500000000000000000, 5.950000000000040146, 3.291739462922410375 ) ) ;
#663 = CARTESIAN_POINT ( 'NONE',  ( 4.087037305134390230, 3.850000000000010303, 8.986637655680240755 ) ) ;
#664 = CARTESIAN_POINT ( 'NONE',  ( -2.500000000000000000, 4.250000000000009770, 9.314249409997589879 ) ) ;
#665 =( NAMED_UNIT ( * ) PLANE_ANGLE_UNIT ( ) SI_UNIT ( $, .RADIAN. ) );
#666 = STYLED_ITEM ( 'NONE', ( #9960 ), #3925 ) ;
#667 = ADVANCED_FACE ( 'NONE', ( #4756 ), #2367, .T. ) ;
#668 = DIRECTION ( 'NONE',  ( 1.000000000000000000, 0.0000000000000000000, 0.0000000000000000000 ) ) ;
#669 = ORIENTED_EDGE ( 'NONE', *, *, #9157, .F. ) ;
#670 = CARTESIAN_POINT ( 'NONE',  ( 2.576979650206510097, 6.669166114049719596, 5.694239332014520372 ) ) ;
#671 = VECTOR ( 'NONE', #5015, 1000.000000000000000 ) ;
#672 = FILL_AREA_STYLE ('',( #721 ) ) ;
#673 = AXIS2_PLACEMENT_3D ( 'NONE', #7655, #9996, #4535 ) ;
#674 = DIRECTION ( 'NONE',  ( 0.0000000000000000000, 1.000000000000000000, 0.0000000000000000000 ) ) ;
#675 = ORIENTED_EDGE ( 'NONE', *, *, #8298, .T. ) ;
#676 = CARTESIAN_POINT ( 'NONE',  ( 7.500000000000000000, 4.250000000000009770, 8.099999999999999645 ) ) ;
#677 =( LENGTH_UNIT ( ) NAMED_UNIT ( * ) SI_UNIT ( .MILLI., .METRE. ) );
#678 = CARTESIAN_POINT ( 'NONE',  ( 10.00000000000000000, 6.650000000000000355, 10.00000000000000000 ) ) ;
#679 = ADVANCED_FACE ( 'NONE', ( #878 ), #7976, .F. ) ;
#680 = AXIS2_PLACEMENT_3D ( 'NONE', #8554, #6835, #9998 ) ;
#681 = TOROIDAL_SURFACE ( 'NONE', #4475, 1.413776159319739989, 0.2000000000000000111 ) ;
#682 = CARTESIAN_POINT ( 'NONE',  ( 6.023878904968638537, 6.379292657753646623, 5.607444991929240174 ) ) ;
#683 = VECTOR ( 'NONE', #1011, 1000.000000000000227 ) ;
#684 = DIRECTION ( 'NONE',  ( -5.580452358381269806E-16, 1.000000000000000000, 0.0000000000000000000 ) ) ;
#685 = CARTESIAN_POINT ( 'NONE',  ( 3.892263480588886715, 6.816384655952809624, 5.200576600905334246 ) ) ;
#686 = VECTOR ( 'NONE', #4403, 1000.000000000000227 ) ;
#687 = ORIENTED_EDGE ( 'NONE', *, *, #2839, .T. ) ;
#688 = DIRECTION ( 'NONE',  ( 0.0000000000000000000, -1.000000000000000000, 0.0000000000000000000 ) ) ;
#689 = DIRECTION ( 'NONE',  ( 0.0000000000000000000, 0.0000000000000000000, 1.000000000000000000 ) ) ;
#690 = EDGE_CURVE ( 'NONE', #3800, #2499, #5063, .T. ) ;
#691 = VERTEX_POINT ( 'NONE', #335 ) ;
#692 = EDGE_CURVE ( 'NONE', #7849, #7387, #180, .T. ) ;
#693 = VECTOR ( 'NONE', #3522, 1000.000000000000000 ) ;
#694 = UNCERTAINTY_MEASURE_WITH_UNIT (LENGTH_MEASURE( 1.000000000000000082E-05 ), #742, 'distance_accuracy_value', 'NONE');
#695 = CARTESIAN_POINT ( 'NONE',  ( 9.059107220649993408, 4.650000000000011013, 9.365590064580585405 ) ) ;
#696 = FILL_AREA_STYLE_COLOUR ( '', #5729 ) ;
#697 = UNCERTAINTY_MEASURE_WITH_UNIT (LENGTH_MEASURE( 1.000000000000000082E-05 ), #8823, 'distance_accuracy_value', 'NONE');
#698 = LINE ( 'NONE', #1407, #2484 ) ;
#699 = SURFACE_STYLE_FILL_AREA ( #3110 ) ;
#700 = DIRECTION ( 'NONE',  ( 1.000000000000000000, 0.0000000000000000000, -4.231032868236119855E-16 ) ) ;
#701 = EDGE_LOOP ( 'NONE', ( #5414, #9039, #7534, #4988 ) ) ;
#702 = SURFACE_STYLE_FILL_AREA ( #4619 ) ;
#703 = VERTEX_POINT ( 'NONE', #8186 ) ;
#704 = ORIENTED_EDGE ( 'NONE', *, *, #1491, .F. ) ;
#705 = CARTESIAN_POINT ( 'NONE',  ( 7.500000000000000000, 2.500000000000010214, 9.999999999999992895 ) ) ;
#706 = LINE ( 'NONE', #2043, #8721 ) ;
#707 = DIRECTION ( 'NONE',  ( 0.0000000000000000000, 0.0000000000000000000, -1.000000000000000000 ) ) ;
#708 = LINE ( 'NONE', #3942, #4399 ) ;
#709 = VERTEX_POINT ( 'NONE', #9793 ) ;
#711 = EDGE_CURVE ( 'NONE', #2974, #7683, #1694, .T. ) ;
#710 = DIRECTION ( 'NONE',  ( -6.323770134184271214E-17, 0.9848077530122081313, 0.1736481776669300259 ) ) ;
#712 = LINE ( 'NONE', #7014, #5475 ) ;
#713 = EDGE_CURVE ( 'NONE', #2642, #9565, #7559, .T. ) ;
#714 = VERTEX_POINT ( 'NONE', #5791 ) ;
#715 = CYLINDRICAL_SURFACE ( 'NONE', #10216, 0.5000000000000000000 ) ;
#716 = CARTESIAN_POINT ( 'NONE',  ( 4.100781059358210356, 3.850000000000010303, 8.800000000000000711 ) ) ;
#717 = FILL_AREA_STYLE ('',( #3171 ) ) ;
#718 = SURFACE_SIDE_STYLE ('',( #7704 ) ) ;
#719 = AXIS2_PLACEMENT_3D ( 'NONE', #8914, #8077, #3223 ) ;
#720 = ORIENTED_EDGE ( 'NONE', *, *, #8863, .F. ) ;
#721 = FILL_AREA_STYLE_COLOUR ( '', #2923 ) ;
#722 = CARTESIAN_POINT ( 'NONE',  ( 3.549999999999999822, 6.370920840910899940, 3.569044486294639995 ) ) ;
#723 = EDGE_CURVE ( 'NONE', #26, #1976, #1792, .T. ) ;
#724 = LINE ( 'NONE', #825, #4183 ) ;
#725 = ORIENTED_EDGE ( 'NONE', *, *, #9473, .F. ) ;
#726 = VECTOR ( 'NONE', #2160, 1000.000000000000000 ) ;
#727 = SURFACE_SIDE_STYLE ('',( #7767 ) ) ;
#728 = DIRECTION ( 'NONE',  ( -1.000000000000000000, 0.0000000000000000000, 0.0000000000000000000 ) ) ;
#729 = CARTESIAN_POINT ( 'NONE',  ( -5.000000000000000000, 1.990236984239069917, 9.700000000000001066 ) ) ;
#730 = AXIS2_PLACEMENT_3D ( 'NONE', #5897, #5114, #8300 ) ;
#731 = DIRECTION ( 'NONE',  ( 0.0000000000000000000, 0.3713906763541028888, -0.9284766908852596368 ) ) ;
#732 = AXIS2_PLACEMENT_3D ( 'NONE', #7764, #5323, #1344 ) ;
#733 = ADVANCED_FACE ( 'NONE', ( #3282 ), #10134, .T. ) ;
#734 = AXIS2_PLACEMENT_3D ( 'NONE', #9895, #7287, #8135 ) ;
#735 = LINE ( 'NONE', #4022, #10122 ) ;
#736 = ORIENTED_EDGE ( 'NONE', *, *, #9664, .T. ) ;
#737 = CARTESIAN_POINT ( 'NONE',  ( 8.976961065803179096, 6.143414106835629163, 5.701458542790279971 ) ) ;
#738 = DIRECTION ( 'NONE',  ( 0.0000000000000000000, 0.06975647374412512203, -0.9975640502598243087 ) ) ;
#739 = EDGE_LOOP ( 'NONE', ( #7015, #4460, #7906, #9737, #6732, #2026, #4878, #9591 ) ) ;
#740 = VECTOR ( 'NONE', #4984, 1000.000000000000000 ) ;
#741 = SURFACE_SIDE_STYLE ('',( #4664 ) ) ;
#742 =( LENGTH_UNIT ( ) NAMED_UNIT ( * ) SI_UNIT ( .MILLI., .METRE. ) );
#743 = LINE ( 'NONE', #6380, #6966 ) ;
#744 = CARTESIAN_POINT ( 'NONE',  ( 10.00000000000000000, 7.750000000000000000, 2.576321994024960090E-15 ) ) ;
#745 = EDGE_CURVE ( 'NONE', #4846, #2967, #3873, .T. ) ;
#746 = EDGE_CURVE ( 'NONE', #6675, #10136, #936, .T. ) ;
#747 =( NAMED_UNIT ( * ) PLANE_ANGLE_UNIT ( ) SI_UNIT ( $, .RADIAN. ) );
#748 = DIRECTION ( 'NONE',  ( 1.000000000000000000, 0.0000000000000000000, 0.0000000000000000000 ) ) ;
#749 = VERTEX_POINT ( 'NONE', #8866 ) ;
#750 = ORIENTED_EDGE ( 'NONE', *, *, #4041, .F. ) ;
#751 = VERTEX_POINT ( 'NONE', #3388 ) ;
#752 = CARTESIAN_POINT ( 'NONE',  ( 7.500000000000000000, 4.250000000000009770, 9.500000000000000000 ) ) ;
#753 = ORIENTED_EDGE ( 'NONE', *, *, #3596, .T. ) ;
#754 = AXIS2_PLACEMENT_3D ( 'NONE', #5939, #3529, #8338 ) ;
#755 = COLOUR_RGB ( '',0.2862745098039215508, 0.6431372549019607199, 0.8666666666666666963 ) ;
#756 = ORIENTED_EDGE ( 'NONE', *, *, #4625, .F. ) ;
#757 = DIRECTION ( 'NONE',  ( 0.0000000000000000000, -0.4264192316982558517, -0.9045256429962995615 ) ) ;
#758 =( NAMED_UNIT ( * ) SI_UNIT ( $, .STERADIAN. ) SOLID_ANGLE_UNIT ( ) );
#759 =( GEOMETRIC_REPRESENTATION_CONTEXT ( 3 ) GLOBAL_UNCERTAINTY_ASSIGNED_CONTEXT ( ( #8203 ) ) GLOBAL_UNIT_ASSIGNED_CONTEXT ( ( #6819, #4624, #8486 ) ) REPRESENTATION_CONTEXT ( 'NONE', 'WORKASPACE' ) );
#760 = VERTEX_POINT ( 'NONE', #1744 ) ;
#761 = CARTESIAN_POINT ( 'NONE',  ( 2.500000000000000000, 5.850000000000009415, 8.000000000000000000 ) ) ;
#762 = ORIENTED_EDGE ( 'NONE', *, *, #8425, .T. ) ;
#763 = LINE ( 'NONE', #1629, #9677 ) ;
#764 = DIRECTION ( 'NONE',  ( 3.614007241618348771E-16, 0.0000000000000000000, -1.000000000000000000 ) ) ;
#765 = AXIS2_PLACEMENT_3D ( 'NONE', #447, #8992, #6641 ) ;
#766 = CARTESIAN_POINT ( 'NONE',  ( 3.871701747922879910, 6.620978138265459556, 5.127902589497660202 ) ) ;
#767 = AXIS2_PLACEMENT_3D ( 'NONE', #10042, #9182, #2928 ) ;
#768 = EDGE_CURVE ( 'NONE', #5018, #9665, #2984, .T. ) ;
#769 = AXIS2_PLACEMENT_3D ( 'NONE', #5430, #6263, #4651 ) ;
#770 = CARTESIAN_POINT ( 'NONE',  ( 8.890407047718349887, 6.616355096402058322, 5.194015168276943761 ) ) ;
#771 = ORIENTED_EDGE ( 'NONE', *, *, #4429, .F. ) ;
#772 = ORIENTED_EDGE ( 'NONE', *, *, #7671, .T. ) ;
#773 = AXIS2_PLACEMENT_3D ( 'NONE', #4559, #5393, #5497 ) ;
#774 = DIRECTION ( 'NONE',  ( 1.000000000000000000, 0.0000000000000000000, 0.0000000000000000000 ) ) ;
#775 = DIRECTION ( 'NONE',  ( 1.000000000000000000, 0.0000000000000000000, 0.0000000000000000000 ) ) ;
#776 = AXIS2_PLACEMENT_3D ( 'NONE', #8951, #1823, #9118 ) ;
#777 = VERTEX_POINT ( 'NONE', #980 ) ;
#778 = MECHANICAL_DESIGN_GEOMETRIC_PRESENTATION_REPRESENTATION (  '', ( #2088 ), #4231 ) ;
#779 = DIRECTION ( 'NONE',  ( 0.0000000000000000000, -1.000000000000000000, 0.0000000000000000000 ) ) ;
#780 = SURFACE_STYLE_FILL_AREA ( #3965 ) ;
#781 = EDGE_CURVE ( 'NONE', #3884, #3400, #6552, .T. ) ;
#782 =( GEOMETRIC_REPRESENTATION_CONTEXT ( 3 ) GLOBAL_UNCERTAINTY_ASSIGNED_CONTEXT ( ( #9189 ) ) GLOBAL_UNIT_ASSIGNED_CONTEXT ( ( #2994, #6834, #5424 ) ) REPRESENTATION_CONTEXT ( 'NONE', 'WORKASPACE' ) );
#783 = CYLINDRICAL_SURFACE ( 'NONE', #5789, 1.749999999999990230 ) ;
#784 = CARTESIAN_POINT ( 'NONE',  ( -2.500000000000000000, 4.250000000000009770, 8.100000000000010303 ) ) ;
#785 = CARTESIAN_POINT ( 'NONE',  ( 7.500000000000000000, 4.250000000000009770, 9.300000000000000711 ) ) ;
#786 = VERTEX_POINT ( 'NONE', #4120 ) ;
#787 = CYLINDRICAL_SURFACE ( 'NONE', #9295, 0.3999999999999993006 ) ;
#788 = PLANE ( 'NONE',  #9746 ) ;
#789 = AXIS2_PLACEMENT_3D ( 'NONE', #6348, #1681, #965 ) ;
#790 = EDGE_LOOP ( 'NONE', ( #5728, #1362, #2109, #4032 ) ) ;
#791 = EDGE_CURVE ( 'NONE', #3459, #7540, #8894, .T. ) ;
#792 = COLOUR_RGB ( '',0.2862745098039215508, 0.6431372549019607199, 0.8666666666666666963 ) ;
#793 = FACE_OUTER_BOUND ( 'NONE', #790, .T. ) ;
#794 =( NAMED_UNIT ( * ) SI_UNIT ( $, .STERADIAN. ) SOLID_ANGLE_UNIT ( ) );
#795 = CARTESIAN_POINT ( 'NONE',  ( -0.5000000000000000000, 6.370920840910899940, 3.569044486294639995 ) ) ;
#796 = PLANE ( 'NONE',  #4572 ) ;
#797 = ORIENTED_EDGE ( 'NONE', *, *, #7745, .T. ) ;
#798 = CARTESIAN_POINT ( 'NONE',  ( 10.00000000000000000, 0.9499999999999999556, 6.200000000000001066 ) ) ;
#799 = EDGE_LOOP ( 'NONE', ( #7740, #2236, #71, #4566 ) ) ;
#800 = EDGE_LOOP ( 'NONE', ( #8836, #4075, #6261, #224 ) ) ;
#801 = DIRECTION ( 'NONE',  ( 0.0000000000000000000, -1.000000000000000000, 0.0000000000000000000 ) ) ;
#802 = AXIS2_PLACEMENT_3D ( 'NONE', #1355, #6074, #10071 ) ;
#803 = ORIENTED_EDGE ( 'NONE', *, *, #493, .T. ) ;
#804 = EDGE_CURVE ( 'NONE', #6236, #1771, #7354, .T. ) ;
#805 = EDGE_CURVE ( 'NONE', #7043, #5454, #5115, .T. ) ;
#806 = CARTESIAN_POINT ( 'NONE',  ( -4.206354602489610350, 6.087469678630560210, 5.606236746784579950 ) ) ;
#807 = VERTEX_POINT ( 'NONE', #2838 ) ;
#808 = CARTESIAN_POINT ( 'NONE',  ( -3.549999999999999822, 3.592004494644689849, 2.875961234938980038 ) ) ;
#809 = CARTESIAN_POINT ( 'NONE',  ( -2.500000000000000000, 9.550000000000029132, 4.150000000000000355 ) ) ;
#810 =( GEOMETRIC_REPRESENTATION_CONTEXT ( 3 ) GLOBAL_UNCERTAINTY_ASSIGNED_CONTEXT ( ( #855 ) ) GLOBAL_UNIT_ASSIGNED_CONTEXT ( ( #4627, #3072, #6820 ) ) REPRESENTATION_CONTEXT ( 'NONE', 'WORKASPACE' ) );
#811 = CARTESIAN_POINT ( 'NONE',  ( 15.00000000000000000, 0.6500000000000001332, 6.388051065821461094 ) ) ;
#812 = ORIENTED_EDGE ( 'NONE', *, *, #5135, .F. ) ;
#813 = CARTESIAN_POINT ( 'NONE',  ( 1.023374480557285526, 6.471514946771318222, 5.653981231911139105 ) ) ;
#814 = ORIENTED_EDGE ( 'NONE', *, *, #9566, .F. ) ;
#815 = PRESENTATION_STYLE_ASSIGNMENT (( #4688 ) ) ;
#816 = FACE_OUTER_BOUND ( 'NONE', #1265, .T. ) ;
#817 = ADVANCED_FACE ( 'NONE', ( #3540 ), #3595, .F. ) ;
#818 = VECTOR ( 'NONE', #2229, 1000.000000000000000 ) ;
#819 = LINE ( 'NONE', #8856, #3669 ) ;
#820 = ORIENTED_EDGE ( 'NONE', *, *, #9910, .T. ) ;
#821 = CARTESIAN_POINT ( 'NONE',  ( 10.00000000000000000, 7.750000000000000000, 0.0000000000000000000 ) ) ;
#822 = ORIENTED_EDGE ( 'NONE', *, *, #4083, .F. ) ;
#823 = CARTESIAN_POINT ( 'NONE',  ( 4.500000000000000888, 6.370920840910899940, 3.569044486294639995 ) ) ;
#824 = PLANE ( 'NONE',  #1333 ) ;
#825 = CARTESIAN_POINT ( 'NONE',  ( 10.30499999999999972, 1.726091832102840007, 6.200000000000001066 ) ) ;
#826 = COLOUR_RGB ( '',0.2862745098039215508, 0.6431372549019607199, 0.8666666666666666963 ) ;
#827 = ORIENTED_EDGE ( 'NONE', *, *, #7628, .F. ) ;
#828 = CARTESIAN_POINT ( 'NONE',  ( 6.075900883378422712, 6.560463200155849606, 5.313097438219570812 ) ) ;
#829 = FACE_OUTER_BOUND ( 'NONE', #3938, .T. ) ;
#830 = SURFACE_STYLE_USAGE ( .BOTH. , #3283 ) ;
#831 = SURFACE_SIDE_STYLE ('',( #7087 ) ) ;
#832 = DIRECTION ( 'NONE',  ( 0.0000000000000000000, 0.0000000000000000000, 1.000000000000000000 ) ) ;
#833 = DIRECTION ( 'NONE',  ( 1.000000000000000000, 0.0000000000000000000, 0.0000000000000000000 ) ) ;
#834 = SURFACE_SIDE_STYLE ('',( #3099 ) ) ;
#835 = EDGE_CURVE ( 'NONE', #4482, #2958, #1243, .T. ) ;
#836 = ADVANCED_FACE ( 'NONE', ( #1189 ), #525, .T. ) ;
#837 = ORIENTED_EDGE ( 'NONE', *, *, #7565, .F. ) ;
#838 = FACE_OUTER_BOUND ( 'NONE', #2394, .T. ) ;
#839 = LINE ( 'NONE', #7041, #5265 ) ;
#840 = AXIS2_PLACEMENT_3D ( 'NONE', #7080, #2363, #6259 ) ;
#841 = ORIENTED_EDGE ( 'NONE', *, *, #5296, .F. ) ;
#842 = DIRECTION ( 'NONE',  ( -0.3713906763541049427, 0.9284766908852587486, 7.857794173099917901E-32 ) ) ;
#843 =( GEOMETRIC_REPRESENTATION_CONTEXT ( 3 ) GLOBAL_UNCERTAINTY_ASSIGNED_CONTEXT ( ( #5331 ) ) GLOBAL_UNIT_ASSIGNED_CONTEXT ( ( #8398, #1289, #2000 ) ) REPRESENTATION_CONTEXT ( 'NONE', 'WORKASPACE' ) );
#844 = AXIS2_PLACEMENT_3D ( 'NONE', #2802, #4342, #7414 ) ;
#845 = DIRECTION ( 'NONE',  ( -1.000000000000000000, 0.0000000000000000000, 0.0000000000000000000 ) ) ;
#846 =( NAMED_UNIT ( * ) PLANE_ANGLE_UNIT ( ) SI_UNIT ( $, .RADIAN. ) );
#847 = EDGE_CURVE ( 'NONE', #6817, #4892, #9896, .T. ) ;
#848 = VERTEX_POINT ( 'NONE', #8350 ) ;
#849 = CARTESIAN_POINT ( 'NONE',  ( -3.961917468677703891, 6.695996851929203686, 5.479691494257337148 ) ) ;
#850 = VERTEX_POINT ( 'NONE', #384 ) ;
#851 = EDGE_LOOP ( 'NONE', ( #58, #6963, #1877, #7916 ) ) ;
#852 = PRESENTATION_STYLE_ASSIGNMENT (( #3 ) ) ;
#853 = AXIS2_PLACEMENT_3D ( 'NONE', #5982, #5249, #7635 ) ;
#854 = EDGE_LOOP ( 'NONE', ( #9269, #3571 ) ) ;
#855 = UNCERTAINTY_MEASURE_WITH_UNIT (LENGTH_MEASURE( 1.000000000000000082E-05 ), #4627, 'distance_accuracy_value', 'NONE');
#856 = CARTESIAN_POINT ( 'NONE',  ( -3.961430241996389157, 6.340207273974518998, 5.485199103683307875 ) ) ;
#857 = ORIENTED_EDGE ( 'NONE', *, *, #2474, .F. ) ;
#858 = SURFACE_SIDE_STYLE ('',( #5720 ) ) ;
#859 = LINE ( 'NONE', #8751, #1424 ) ;
#860 =( LENGTH_UNIT ( ) NAMED_UNIT ( * ) SI_UNIT ( .MILLI., .METRE. ) );
#861 = EDGE_CURVE ( 'NONE', #8156, #6275, #3487, .T. ) ;
#862 = ORIENTED_EDGE ( 'NONE', *, *, #1480, .T. ) ;
#863 = DIRECTION ( 'NONE',  ( 0.4999999999999990563, -0.8660254037844391517, 0.0000000000000000000 ) ) ;
#864 = ORIENTED_EDGE ( 'NONE', *, *, #1277, .T. ) ;
#865 = DIRECTION ( 'NONE',  ( 0.0000000000000000000, 0.0000000000000000000, 1.000000000000000000 ) ) ;
#866 = LINE ( 'NONE', #7171, #1760 ) ;
#867 = DIRECTION ( 'NONE',  ( 0.0000000000000000000, 0.0000000000000000000, -1.000000000000000000 ) ) ;
#868 = CARTESIAN_POINT ( 'NONE',  ( 3.976897247608214503, 6.379062758811953060, 5.679065084669054464 ) ) ;
#869 = EDGE_LOOP ( 'NONE', ( #3074, #8016, #10175, #8173, #8441, #5924, #8192, #5324 ) ) ;
#870 = DIRECTION ( 'NONE',  ( 0.0000000000000000000, 0.0000000000000000000, 1.000000000000000000 ) ) ;
#871 = ORIENTED_EDGE ( 'NONE', *, *, #8285, .F. ) ;
#872 = CARTESIAN_POINT ( 'NONE',  ( 2.500000000000000000, 6.000000000000000000, 8.000000000000000000 ) ) ;
#873 = LINE ( 'NONE', #722, #7109 ) ;
#874 = EDGE_CURVE ( 'NONE', #8978, #7331, #5170, .T. ) ;
#875 = ADVANCED_FACE ( 'NONE', ( #10093 ), #7859, .T. ) ;
#876 = SURFACE_STYLE_USAGE ( .BOTH. , #7974 ) ;
#877 = CARTESIAN_POINT ( 'NONE',  ( -2.500000000000000000, 6.250000000000031086, 1.349999999999999867 ) ) ;
#878 = FACE_OUTER_BOUND ( 'NONE', #6873, .T. ) ;
#879 = SURFACE_SIDE_STYLE ('',( #7290 ) ) ;
#880 = EDGE_LOOP ( 'NONE', ( #4480, #822, #4790, #3963 ) ) ;
#881 = PLANE ( 'NONE',  #6634 ) ;
#882 = COLOUR_RGB ( '',0.2862745098039215508, 0.6431372549019607199, 0.8666666666666666963 ) ;
#883 = SURFACE_STYLE_FILL_AREA ( #5589 ) ;
#884 = VERTEX_POINT ( 'NONE', #5365 ) ;
#885 = CARTESIAN_POINT ( 'NONE',  ( 6.003189994461259893, 6.250000000000031086, 5.517634239043990085 ) ) ;
#886 =( NAMED_UNIT ( * ) PLANE_ANGLE_UNIT ( ) SI_UNIT ( $, .RADIAN. ) );
#887 = PRESENTATION_LAYER_ASSIGNMENT (  '', '', ( #422 ) ) ;
#888 = ORIENTED_EDGE ( 'NONE', *, *, #8191, .T. ) ;
#889 = EDGE_CURVE ( 'NONE', #1417, #3983, #8057, .T. ) ;
#890 = VECTOR ( 'NONE', #8269, 1000.000000000000000 ) ;
#891 = FILL_AREA_STYLE_COLOUR ( '', #3935 ) ;
#892 = VECTOR ( 'NONE', #7858, 1000.000000000000000 ) ;
#893 = LINE ( 'NONE', #7993, #1817 ) ;
#894 = DIRECTION ( 'NONE',  ( 0.0000000000000000000, 0.0000000000000000000, -1.000000000000000000 ) ) ;
#895 = ORIENTED_EDGE ( 'NONE', *, *, #387, .T. ) ;
#896 = LINE ( 'NONE', #2551, #6172 ) ;
#897 =( LENGTH_UNIT ( ) NAMED_UNIT ( * ) SI_UNIT ( .MILLI., .METRE. ) );
#898 = ORIENTED_EDGE ( 'NONE', *, *, #8152, .T. ) ;
#899 = CIRCLE ( 'NONE', #579, 1.700000000000000178 ) ;
#900 = ORIENTED_EDGE ( 'NONE', *, *, #6742, .T. ) ;
#901 = CARTESIAN_POINT ( 'NONE',  ( 0.8992189406417899766, 4.650000000000010125, 8.800000000000009592 ) ) ;
#902 = VECTOR ( 'NONE', #10206, 1000.000000000000114 ) ;
#903 = EDGE_LOOP ( 'NONE', ( #1796, #4420, #1850, #5501 ) ) ;
#904 = EDGE_CURVE ( 'NONE', #1445, #6008, #7038, .T. ) ;
#905 = APPLICATION_CONTEXT ( 'automotive_design' ) ;
#906 = DIRECTION ( 'NONE',  ( 1.000000000000000000, 0.0000000000000000000, 0.0000000000000000000 ) ) ;
#907 = CARTESIAN_POINT ( 'NONE',  ( 7.500000000000000000, 2.836223840680269781, 9.500000000000000000 ) ) ;
#908 = ORIENTED_EDGE ( 'NONE', *, *, #6121, .T. ) ;
#909 = B_SPLINE_CURVE_WITH_KNOTS ( 'NONE', 3,
 ( #7774, #9501, #2427, #6991 ),
 .UNSPECIFIED., .F., .F.,
 ( 4, 4 ),
 ( 1.226634733346699349E-18, 0.0002372961508611061182 ),
 .UNSPECIFIED. ) ;
#910 = AXIS2_PLACEMENT_3D ( 'NONE', #4225, #3488, #432 ) ;
#911 = DIRECTION ( 'NONE',  ( 1.000000000000000000, 0.0000000000000000000, 0.0000000000000000000 ) ) ;
#912 = CARTESIAN_POINT ( 'NONE',  ( 4.100781059358210356, 4.650000000000010125, 8.800000000000000711 ) ) ;
#913 = CARTESIAN_POINT ( 'NONE',  ( 1.449999999999999956, -1.462314593354880232, 3.990870176997180607 ) ) ;
#914 = ORIENTED_EDGE ( 'NONE', *, *, #9374, .T. ) ;
#915 = CARTESIAN_POINT ( 'NONE',  ( 4.549999999999999822, 7.250000000000000000, 5.700000000000000178 ) ) ;
#916 = ORIENTED_EDGE ( 'NONE', *, *, #4317, .T. ) ;
#917 = LINE ( 'NONE', #4056, #5857 ) ;
#918 = LINE ( 'NONE', #1630, #1921 ) ;
#919 = LINE ( 'NONE', #970, #9381 ) ;
#920 = AXIS2_PLACEMENT_3D ( 'NONE', #6080, #8632, #3877 ) ;
#921 = EDGE_CURVE ( 'NONE', #8032, #4092, #8238, .T. ) ;
#922 = DIRECTION ( 'NONE',  ( 0.0000000000000000000, -1.000000000000000000, 0.0000000000000000000 ) ) ;
#923 = ORIENTED_EDGE ( 'NONE', *, *, #350, .F. ) ;
#924 = ORIENTED_EDGE ( 'NONE', *, *, #7210, .F. ) ;
#925 = CARTESIAN_POINT ( 'NONE',  ( 6.092568578620795705, 3.850000000000008527, 9.500000000000003553 ) ) ;
#926 = PLANE ( 'NONE',  #2149 ) ;
#927 =( GEOMETRIC_REPRESENTATION_CONTEXT ( 3 ) GLOBAL_UNCERTAINTY_ASSIGNED_CONTEXT ( ( #6171 ) ) GLOBAL_UNIT_ASSIGNED_CONTEXT ( ( #423, #1233, #473 ) ) REPRESENTATION_CONTEXT ( 'NONE', 'WORKASPACE' ) );
#928 = CARTESIAN_POINT ( 'NONE',  ( -1.075900883378422934, 6.782835288287568432, 5.313097438219579693 ) ) ;
#929 = CARTESIAN_POINT ( 'NONE',  ( 6.029021513128699716, 6.380815587897259888, 5.542350741529149971 ) ) ;
#930 = AXIS2_PLACEMENT_3D ( 'NONE', #9577, #2453, #1678 ) ;
#931 = CARTESIAN_POINT ( 'NONE',  ( 4.500000000000000888, 6.620978138265459556, 5.127902589497660202 ) ) ;
#932 = CIRCLE ( 'NONE', #5891, 1.413776159319739989 ) ;
#933 = EDGE_CURVE ( 'NONE', #6604, #6002, #3129, .T. ) ;
#934 = ADVANCED_FACE ( 'NONE', ( #8545 ), #6235, .T. ) ;
#935 = VERTEX_POINT ( 'NONE', #622 ) ;
#936 =( BOUNDED_CURVE ( )  B_SPLINE_CURVE ( 3, ( #2631, #5688, #9744, #4171 ),
 .UNSPECIFIED., .F., .T. ) 
 B_SPLINE_CURVE_WITH_KNOTS ( ( 4, 4 ),
 ( 1.008957096879879556, 1.500983156715103739 ),
 .UNSPECIFIED. ) 
 CURVE ( )  GEOMETRIC_REPRESENTATION_ITEM ( )  RATIONAL_B_SPLINE_CURVE ( ( 1.000000000000000000, 0.9799274069394412479, 0.9799274069394412479, 1.000000000000000000 ) ) 
 REPRESENTATION_ITEM ( '' )  );
#937 = CARTESIAN_POINT ( 'NONE',  ( 1.128298252077120090, 6.620978138265459556, 5.127902589497660202 ) ) ;
#938 = AXIS2_PLACEMENT_3D ( 'NONE', #3950, #3897, #6253 ) ;
#939 = FACE_OUTER_BOUND ( 'NONE', #6822, .T. ) ;
#940 = DIRECTION ( 'NONE',  ( -0.4472135950260953119, 5.476786976838883161E-17, 0.8944271912368472188 ) ) ;
#941 = DIRECTION ( 'NONE',  ( 0.0000000000000000000, 1.000000000000000000, 0.0000000000000000000 ) ) ;
#942 = ORIENTED_EDGE ( 'NONE', *, *, #6507, .F. ) ;
#943 = CARTESIAN_POINT ( 'NONE',  ( -3.549999999999999822, 5.950000000000040146, 3.291739462922410375 ) ) ;
#944 = CARTESIAN_POINT ( 'NONE',  ( 7.500000000000000000, 4.250000000000009770, 9.500000000000000000 ) ) ;
#945 = CIRCLE ( 'NONE', #6728, 1.413776159319739989 ) ;
#946 = MECHANICAL_DESIGN_GEOMETRIC_PRESENTATION_REPRESENTATION (  '', ( #6066 ), #1590 ) ;
#947 = CARTESIAN_POINT ( 'NONE',  ( -1.075900883378422934, 6.782835288287568432, 5.313097438219579693 ) ) ;
#948 = DIRECTION ( 'NONE',  ( 0.0000000000000000000, 0.0000000000000000000, 1.000000000000000000 ) ) ;
#949 = CARTESIAN_POINT ( 'NONE',  ( 10.00000000000000000, 1.550000000000000266, 6.200000000000001066 ) ) ;
#950 = CARTESIAN_POINT ( 'NONE',  ( 8.856009966283759027, 3.850000000000010303, 9.500000000000000000 ) ) ;
#951 = CIRCLE ( 'NONE', #6075, 0.5000000000000000000 ) ;
#952 = EDGE_LOOP ( 'NONE', ( #2810, #1104, #5608, #2954, #8471, #103, #4278, #9166, #450, #10140, #4428, #5974, #2856, #5349, #4825 ) ) ;
#953 = DIRECTION ( 'NONE',  ( 0.0000000000000000000, 1.000000000000000000, 0.0000000000000000000 ) ) ;
#954 = ORIENTED_EDGE ( 'NONE', *, *, #791, .F. ) ;
#955 = EDGE_CURVE ( 'NONE', #1697, #8675, #9484, .T. ) ;
#956 = VERTEX_POINT ( 'NONE', #2355 ) ;
#957 = PLANE ( 'NONE',  #7345 ) ;
#958 = ORIENTED_EDGE ( 'NONE', *, *, #3102, .F. ) ;
#959 = CARTESIAN_POINT ( 'NONE',  ( 3.976962475704029831, 6.379043491581979808, 5.701173905684830068 ) ) ;
#960 = CARTESIAN_POINT ( 'NONE',  ( -3.958155913534425530, 6.384612859889100100, 5.465433459372670555 ) ) ;
#961 = EDGE_LOOP ( 'NONE', ( #6016, #9354, #8089, #2929 ) ) ;
#962 = CARTESIAN_POINT ( 'NONE',  ( 9.100781059358210356, 3.850000000000010303, 8.800000000000000711 ) ) ;
#963 = CARTESIAN_POINT ( 'NONE',  ( 3.924099116621577288, 6.782835288287570208, 5.313097438219570812 ) ) ;
#964 = VERTEX_POINT ( 'NONE', #3844 ) ;
#965 = DIRECTION ( 'NONE',  ( 0.0000000000000000000, 0.0000000000000000000, 1.000000000000000000 ) ) ;
#966 = EDGE_CURVE ( 'NONE', #2958, #3685, #15, .T. ) ;
#967 = EDGE_CURVE ( 'NONE', #5551, #6375, #6302, .T. ) ;
#968 = EDGE_LOOP ( 'NONE', ( #5470, #9662, #644, #2053 ) ) ;
#969 = SURFACE_SIDE_STYLE ('',( #373 ) ) ;
#970 = CARTESIAN_POINT ( 'NONE',  ( 4.500000000000000888, 6.405650476444289865, 3.372082935692199968 ) ) ;
#971 = CARTESIAN_POINT ( 'NONE',  ( 9.062892611435060530, 3.850000000000010303, 9.314249409999350249 ) ) ;
#972 = EDGE_LOOP ( 'NONE', ( #9281, #1611, #164, #9545 ) ) ;
#973 = AXIS2_PLACEMENT_3D ( 'NONE', #2858, #2076, #2025 ) ;
#974 = ORIENTED_EDGE ( 'NONE', *, *, #7503, .T. ) ;
#975 = DIRECTION ( 'NONE',  ( 0.0000000000000000000, -1.000000000000000000, 0.0000000000000000000 ) ) ;
#976 = CARTESIAN_POINT ( 'NONE',  ( 7.500000000000000000, 4.250000000000009770, 8.000000000000000000 ) ) ;
#977 = CARTESIAN_POINT ( 'NONE',  ( 2.500000000000000000, 4.250000000000009770, 9.500000000000000000 ) ) ;
#978 = ADVANCED_FACE ( 'NONE', ( #816 ), #9386, .T. ) ;
#979 = LINE ( 'NONE', #5790, #4854 ) ;
#980 = CARTESIAN_POINT ( 'NONE',  ( -2.500000000000000000, 2.636732100714121341, 9.314249409997589879 ) ) ;
#981 = TOROIDAL_SURFACE ( 'NONE', #9437, 1.600000000000000089, 0.1000000000000000056 ) ;
#982 = ORIENTED_EDGE ( 'NONE', *, *, #9819, .T. ) ;
#983 = CARTESIAN_POINT ( 'NONE',  ( 2.500000000000000000, 4.250000000000031086, 0.7499999999999990008 ) ) ;
#984 = PRESENTATION_STYLE_ASSIGNMENT (( #236 ) ) ;
#985 = FACE_OUTER_BOUND ( 'NONE', #8597, .T. ) ;
#986 = CARTESIAN_POINT ( 'NONE',  ( 8.958155914341494608, 6.384612859941898755, 5.465433459296769492 ) ) ;
#987 = DIRECTION ( 'NONE',  ( 0.0000000000000000000, 0.0000000000000000000, 1.000000000000000000 ) ) ;
#988 = ADVANCED_FACE ( 'NONE', ( #3794 ), #6201, .F. ) ;
#989 = ORIENTED_EDGE ( 'NONE', *, *, #6434, .T. ) ;
#990 = CARTESIAN_POINT ( 'NONE',  ( 1.449999999999999956, 3.592004494644689849, 2.875961234938969824 ) ) ;
#991 = VECTOR ( 'NONE', #5695, 1000.000000000000000 ) ;
#992 =( BOUNDED_CURVE ( )  B_SPLINE_CURVE ( 3, ( #7141, #685, #4763, #7985 ),
 .UNSPECIFIED., .F., .T. ) 
 B_SPLINE_CURVE_WITH_KNOTS ( ( 4, 4 ),
 ( 4.782202150464451407, 5.075476764891776682 ),
 .UNSPECIFIED. ) 
 CURVE ( )  GEOMETRIC_REPRESENTATION_ITEM ( )  RATIONAL_B_SPLINE_CURVE ( ( 1.000000000000000000, 0.9928453341064031878, 0.9928453341064031878, 1.000000000000000000 ) ) 
 REPRESENTATION_ITEM ( '' )  );
#993 = CARTESIAN_POINT ( 'NONE',  ( 4.549999999999999822, 2.200000000000000178, 0.6499999999999990230 ) ) ;
#994 = CARTESIAN_POINT ( 'NONE',  ( 10.00000000000000000, 6.436102000195529804, 9.700000000000001066 ) ) ;
#995 = FACE_OUTER_BOUND ( 'NONE', #4307, .T. ) ;
#996 = VECTOR ( 'NONE', #1698, 1000.000000000000227 ) ;
#997 = EDGE_CURVE ( 'NONE', #9969, #4792, #1477, .T. ) ;
#998 = VERTEX_POINT ( 'NONE', #4057 ) ;
#999 = CARTESIAN_POINT ( 'NONE',  ( 7.500000000000000000, 4.250000000000031086, -3.850000000000000089 ) ) ;
#1001 = ADVANCED_FACE ( 'NONE', ( #6455 ), #8902, .T. ) ;
#1000 = SURFACE_STYLE_FILL_AREA ( #6645 ) ;
#1002 = ORIENTED_EDGE ( 'NONE', *, *, #8657, .T. ) ;
#1003 = DIRECTION ( 'NONE',  ( -1.717547996016639994E-16, 0.0000000000000000000, -1.000000000000000000 ) ) ;
#1004 = VERTEX_POINT ( 'NONE', #2515 ) ;
#1005 = AXIS2_PLACEMENT_3D ( 'NONE', #8345, #5266, #2977 ) ;
#1006 = CIRCLE ( 'NONE', #3967, 0.5999999999999998668 ) ;
#1007 = CARTESIAN_POINT ( 'NONE',  ( 8.254835393828189538, 6.973925928331420110, 2.947631442961020198 ) ) ;
#1008 = CARTESIAN_POINT ( 'NONE',  ( 8.550000000000000711, 6.370920840910899940, 3.569044486294639995 ) ) ;
#1009 = ORIENTED_EDGE ( 'NONE', *, *, #8256, .F. ) ;
#1010 = LINE ( 'NONE', #315, #5731 ) ;
#1011 = DIRECTION ( 'NONE',  ( 8.725247161685363089E-18, -0.07124704990663610626, -0.9974586998365402302 ) ) ;
#1012 = ORIENTED_EDGE ( 'NONE', *, *, #5839, .T. ) ;
#1013 = DIRECTION ( 'NONE',  ( 1.000000000000000000, 0.0000000000000000000, -5.152643988049929844E-16 ) ) ;
#1014 = AXIS2_PLACEMENT_3D ( 'NONE', #5723, #8011, #1065 ) ;
#1015 = VECTOR ( 'NONE', #4186, 1000.000000000000000 ) ;
#1016 = ORIENTED_EDGE ( 'NONE', *, *, #7539, .F. ) ;
#1017 = ORIENTED_EDGE ( 'NONE', *, *, #9555, .T. ) ;
#1018 = CARTESIAN_POINT ( 'NONE',  ( 6.022614399924370865, 6.143310571542220266, 5.618793688040031320 ) ) ;
#1019 = CARTESIAN_POINT ( 'NONE',  ( 7.423020349793491235, -1.462314593354880232, 5.694239332014509714 ) ) ;
#1020 = VECTOR ( 'NONE', #1704, 1000.000000000000114 ) ;
#1021 = CARTESIAN_POINT ( 'NONE',  ( -4.549999999999999822, 5.950000000000040146, 0.6500000000000289990 ) ) ;
#1022 = CONICAL_SURFACE ( 'NONE', #6814, 0.2499999999999997780, 0.4636476084710116075 ) ;
#1023 = EDGE_LOOP ( 'NONE', ( #2100, #4245 ) ) ;
#1024 = EDGE_CURVE ( 'NONE', #1785, #10213, #866, .T. ) ;
#1025 = ADVANCED_FACE ( 'NONE', ( #8999 ), #404, .F. ) ;
#1026 = ORIENTED_EDGE ( 'NONE', *, *, #966, .F. ) ;
#1027 = CARTESIAN_POINT ( 'NONE',  ( 10.00000000000000000, 7.150000000000000355, 6.500000000000000888 ) ) ;
#1028 = CARTESIAN_POINT ( 'NONE',  ( -3.958131431690045776, 4.650000000000009237, 9.481228347016099178 ) ) ;
#1029 = LINE ( 'NONE', #1790, #6851 ) ;
#1030 = CARTESIAN_POINT ( 'NONE',  ( 4.062892611435065859, 3.850000000000010303, 9.314249409999250773 ) ) ;
#1031 = CARTESIAN_POINT ( 'NONE',  ( 4.006141391221530235, 6.250000000000031086, 5.699344090454331990 ) ) ;
#1032 = CARTESIAN_POINT ( 'NONE',  ( 1.449999999999999956, -1.462314593354880232, 3.990870176997169949 ) ) ;
#1033 = ORIENTED_EDGE ( 'NONE', *, *, #3034, .T. ) ;
#1034 = EDGE_CURVE ( 'NONE', #612, #4360, #7421, .T. ) ;
#1035 = SURFACE_STYLE_FILL_AREA ( #5797 ) ;
#1036 = CARTESIAN_POINT ( 'NONE',  ( 2.000000000000000000, 4.250000000000031086, 0.7499999999999990008 ) ) ;
#1037 = CARTESIAN_POINT ( 'NONE',  ( 3.551316613977629100, 6.900595781960301878, 3.995523657362079817 ) ) ;
#1038 = SURFACE_STYLE_FILL_AREA ( #3340 ) ;
#1039 = EDGE_LOOP ( 'NONE', ( #8592, #9440, #4112, #657 ) ) ;
#1040 = DIRECTION ( 'NONE',  ( 1.000000000000000000, 0.0000000000000000000, 0.0000000000000000000 ) ) ;
#1041 = DIRECTION ( 'NONE',  ( 0.0000000000000000000, 0.0000000000000000000, 1.000000000000000000 ) ) ;
#1042 = SURFACE_SIDE_STYLE ('',( #4973 ) ) ;
#1043 = EDGE_CURVE ( 'NONE', #1718, #703, #8378, .T. ) ;
#1044 = AXIS2_PLACEMENT_3D ( 'NONE', #8039, #9601, #2376 ) ;
#1045 = LINE ( 'NONE', #4184, #9765 ) ;
#1046 = DIRECTION ( 'NONE',  ( 0.0000000000000000000, 1.000000000000000000, 0.0000000000000000000 ) ) ;
#1047 = CARTESIAN_POINT ( 'NONE',  ( 2.500000000000000000, 6.000000000000000000, 9.999999999999996447 ) ) ;
#1048 = VERTEX_POINT ( 'NONE', #6646 ) ;
#1049 = DIRECTION ( 'NONE',  ( -1.000000000000000000, 0.0000000000000000000, -3.641714079092569968E-16 ) ) ;
#1050 = PLANE ( 'NONE',  #7246 ) ;
#1051 = ORIENTED_EDGE ( 'NONE', *, *, #5207, .F. ) ;
#1052 = DIRECTION ( 'NONE',  ( -0.9622281902964742173, 0.0000000000000000000, 0.2722442098535290400 ) ) ;
#1053 = VERTEX_POINT ( 'NONE', #3220 ) ;
#1054 = CIRCLE ( 'NONE', #2537, 0.2999999999999999334 ) ;
#1055 = AXIS2_PLACEMENT_3D ( 'NONE', #1188, #1791, #9027 ) ;
#1056 = EDGE_CURVE ( 'NONE', #555, #4261, #8745, .T. ) ;
#1057 = LINE ( 'NONE', #1007, #4446 ) ;
#1058 = ADVANCED_FACE ( 'NONE', ( #7229 ), #306, .T. ) ;
#1059 = CARTESIAN_POINT ( 'NONE',  ( 0.9937846371275299573, 6.250000000000009770, 5.675366343103219968 ) ) ;
#1060 = EDGE_LOOP ( 'NONE', ( #5423, #1634 ) ) ;
#1061 = CARTESIAN_POINT ( 'NONE',  ( 6.447367575152527230, 6.900324961960823344, 4.000174299198464567 ) ) ;
#1062 = CLOSED_SHELL ( 'NONE', ( #10169, #7588, #5338, #4363, #3286, #8339, #6108, #6526, #3654, #4562, #5264, #7456, #8824, #3014, #8643, #13, #4272, #3523, #7131, #7758, #1940, #3699, #2106, #5385, #270, #4378, #9873, #8521, #9058, #1154, #3070, #242, #5277, #934, #3836, #7697, #4719, #8699, #1458, #2487, #9108, #1667, #875, #7022, #9988, #1195, #9697, #4173, #9874, #1645, #3745, #7850, #9598, #5113, #2503, #2689, #8625, #3848, #2607, #10205, #679, #516, #5231, #6152, #10019, #4233, #9682, #177, #2356, #629, #2909, #9622, #1410, #2976, #7350, #7864, #6622, #5426, #2067, #1970, #8508, #9526, #4115, #1136, #2698, #628, #3779, #9396, #1620, #4018, #3925, #5769, #2187, #9751, #817, #7824, #3183, #7770, #9769, #5001, #4957, #331, #6954, #2129, #4477, #2216, #5192, #4821, #4234, #3721, #3549, #8267, #6251, #9990, #5218, #7033, #4587 ) ) ;
#1063 = PRESENTATION_STYLE_ASSIGNMENT (( #9875 ) ) ;
#1064 = DIRECTION ( 'NONE',  ( -1.000000000000000000, 0.0000000000000000000, 0.0000000000000000000 ) ) ;
#1065 = DIRECTION ( 'NONE',  ( 0.0000000000000000000, 0.0000000000000000000, 1.000000000000000000 ) ) ;
#1066 = VECTOR ( 'NONE', #7286, 1000.000000000000000 ) ;
#1067 = ORIENTED_EDGE ( 'NONE', *, *, #8781, .F. ) ;
#1068 = CARTESIAN_POINT ( 'NONE',  ( 7.500000000000000000, 4.250000000000031086, 0.7499999999999960032 ) ) ;
#1069 = VECTOR ( 'NONE', #4436, 1000.000000000000000 ) ;
#1070 = ORIENTED_EDGE ( 'NONE', *, *, #6339, .F. ) ;
#1071 = ORIENTED_EDGE ( 'NONE', *, *, #1960, .F. ) ;
#1072 = FILL_AREA_STYLE ('',( #6661 ) ) ;
#1073 = DIRECTION ( 'NONE',  ( 0.0000000000000000000, 0.0000000000000000000, 1.000000000000000000 ) ) ;
#1074 = FACE_OUTER_BOUND ( 'NONE', #7399, .T. ) ;
#1075 = VECTOR ( 'NONE', #8485, 1000.000000000000000 ) ;
#1076 = ORIENTED_EDGE ( 'NONE', *, *, #904, .F. ) ;
#1077 = ORIENTED_EDGE ( 'NONE', *, *, #46, .T. ) ;
#1078 = CARTESIAN_POINT ( 'NONE',  ( -4.549999999999999822, 7.250000000000000000, 0.6500000000000040190 ) ) ;
#1079 = LINE ( 'NONE', #333, #2209 ) ;
#1080 = CARTESIAN_POINT ( 'NONE',  ( 2.500000000000000000, 2.836223840680269781, 9.300000000000000711 ) ) ;
#1081 = CARTESIAN_POINT ( 'NONE',  ( 1.449999999999999956, 5.950000000000040146, 2.800000000000010036 ) ) ;
#1082 = PRODUCT_DEFINITION ( 'UNKNOWN', '', #7410, #6905 ) ;
#1083 = CARTESIAN_POINT ( 'NONE',  ( 2.037878787878800502, 3.280303030303020062, 4.112121212121209624 ) ) ;
#1084 = EDGE_CURVE ( 'NONE', #3885, #9889, #9810, .T. ) ;
#1085 = AXIS2_PLACEMENT_3D ( 'NONE', #4181, #7411, #3450 ) ;
#1086 = ORIENTED_EDGE ( 'NONE', *, *, #4125, .F. ) ;
#1087 = LINE ( 'NONE', #4918, #6792 ) ;
#1088 = DIRECTION ( 'NONE',  ( 0.0000000000000000000, 0.0000000000000000000, 1.000000000000000000 ) ) ;
#1089 = CARTESIAN_POINT ( 'NONE',  ( -5.000000000000000000, 7.150000000000000355, 6.500000000000009770 ) ) ;
#1090 = CARTESIAN_POINT ( 'NONE',  ( 2.500000000000000000, 4.250000000000031086, -4.349999999999999645 ) ) ;
#1091 = AXIS2_PLACEMENT_3D ( 'NONE', #10101, #7812, #529 ) ;
#1092 = VERTEX_POINT ( 'NONE', #9635 ) ;
#1093 = CIRCLE ( 'NONE', #7551, 0.1000000000000002554 ) ;
#1094 = CARTESIAN_POINT ( 'NONE',  ( 3.961427646675770298, 6.340242470872312630, 5.485183436973980697 ) ) ;
#1095 = EDGE_CURVE ( 'NONE', #7331, #5188, #9864, .T. ) ;
#1096 = PLANE ( 'NONE',  #277 ) ;
#1097 = COLOUR_RGB ( '',0.2862745098039215508, 0.6431372549019607199, 0.8666666666666666963 ) ;
#1098 = STYLED_ITEM ( 'NONE', ( #7114 ), #1751 ) ;
#1099 = STYLED_ITEM ( 'NONE', ( #1295 ), #836 ) ;
#1100 = CARTESIAN_POINT ( 'NONE',  ( -2.750000000000000000, 4.250000000000031086, -4.349999999999999645 ) ) ;
#1101 = DIRECTION ( 'NONE',  ( 0.0000000000000000000, 0.0000000000000000000, -1.000000000000000000 ) ) ;
#1102 = CARTESIAN_POINT ( 'NONE',  ( -5.000000000000000000, 0.9399999999999999467, 6.200000000000001066 ) ) ;
#1103 = CARTESIAN_POINT ( 'NONE',  ( -0.4499999999999990119, 2.200000000000000178, 5.700000000000000178 ) ) ;
#1104 = ORIENTED_EDGE ( 'NONE', *, *, #9857, .F. ) ;
#1105 = CARTESIAN_POINT ( 'NONE',  ( -5.000000000000000000, 0.1977371785018489925, 6.601260681670580333 ) ) ;
#1106 = CARTESIAN_POINT ( 'NONE',  ( -1.128298252077120090, 6.620978138265459556, 5.127902589497670860 ) ) ;
#1107 = VECTOR ( 'NONE', #5825, 1000.000000000000000 ) ;
#1109 = EDGE_CURVE ( 'NONE', #3429, #6123, #9749, .T. ) ;
#1108 = CARTESIAN_POINT ( 'NONE',  ( 4.500000000000000888, 5.950000000000040146, 3.291739462922410375 ) ) ;
#1110 = VECTOR ( 'NONE', #5676, 1000.000000000000000 ) ;
#1111 = ORIENTED_EDGE ( 'NONE', *, *, #1657, .F. ) ;
#1112 = CARTESIAN_POINT ( 'NONE',  ( -1.449999999999999956, -1.462314593354880232, 2.800000000000019806 ) ) ;
#1113 = ORIENTED_EDGE ( 'NONE', *, *, #2416, .F. ) ;
#1114 = DIRECTION ( 'NONE',  ( -1.000000000000000000, 0.0000000000000000000, 0.0000000000000000000 ) ) ;
#1115 = CARTESIAN_POINT ( 'NONE',  ( 6.023102587141516473, 6.379062759268807170, 5.679065083714005091 ) ) ;
#1116 = ORIENTED_EDGE ( 'NONE', *, *, #9157, .T. ) ;
#1117 = STYLED_ITEM ( 'NONE', ( #8155 ), #2119 ) ;
#1118 = CARTESIAN_POINT ( 'NONE',  ( -5.000000000000000000, 1.560000000000000275, -5.152643988049929647E-15 ) ) ;
#1119 = LINE ( 'NONE', #3213, #8138 ) ;
#1120 = EDGE_LOOP ( 'NONE', ( #1835, #2970, #1468, #8642 ) ) ;
#1121 = FACE_OUTER_BOUND ( 'NONE', #3086, .T. ) ;
#1122 = ORIENTED_EDGE ( 'NONE', *, *, #2564, .F. ) ;
#1123 = EDGE_CURVE ( 'NONE', #4165, #5191, #918, .T. ) ;
#1124 = ORIENTED_EDGE ( 'NONE', *, *, #9845, .T. ) ;
#1125 = EDGE_CURVE ( 'NONE', #777, #6505, #5908, .T. ) ;
#1126 = COLOUR_RGB ( '',0.2862745098039215508, 0.6431372549019607199, 0.8666666666666666963 ) ;
#1127 = DIRECTION ( 'NONE',  ( 0.0000000000000000000, -0.9848077530122081313, -0.1736481776669300259 ) ) ;
#1128 = DIRECTION ( 'NONE',  ( -1.000000000000000000, 0.0000000000000000000, 0.0000000000000000000 ) ) ;
#1129 = LINE ( 'NONE', #9982, #7198 ) ;
#1130 = ORIENTED_EDGE ( 'NONE', *, *, #2886, .T. ) ;
#1131 = ORIENTED_EDGE ( 'NONE', *, *, #8235, .T. ) ;
#1132 = DIRECTION ( 'NONE',  ( 0.0000000000000000000, 0.0000000000000000000, 1.000000000000000000 ) ) ;
#1133 = STYLED_ITEM ( 'NONE', ( #2566 ), #2607 ) ;
#1134 = DIRECTION ( 'NONE',  ( 0.0000000000000000000, 0.0000000000000000000, -1.000000000000000000 ) ) ;
#1135 = DIRECTION ( 'NONE',  ( 0.0000000000000000000, 0.0000000000000000000, -1.000000000000000000 ) ) ;
#1136 = ADVANCED_FACE ( 'NONE', ( #10172 ), #5694, .T. ) ;
#1137 = CARTESIAN_POINT ( 'NONE',  ( 8.958155913534195491, 6.384612859888997960, 5.465433459372715852 ) ) ;
#1138 = CARTESIAN_POINT ( 'NONE',  ( 6.042075563605189714, 6.384681409738329982, 5.464040510342130119 ) ) ;
#1139 = EDGE_CURVE ( 'NONE', #1731, #1506, #5449, .T. ) ;
#1140 = CARTESIAN_POINT ( 'NONE',  ( -2.500000000000000000, 4.250000000000009770, 8.000000000000000000 ) ) ;
#1141 = AXIS2_PLACEMENT_3D ( 'NONE', #643, #10119, #4348 ) ;
#1142 = VERTEX_POINT ( 'NONE', #3930 ) ;
#1143 = LINE ( 'NONE', #2531, #2314 ) ;
#1144 = FILL_AREA_STYLE_COLOUR ( '', #6049 ) ;
#1145 = LINE ( 'NONE', #9798, #2475 ) ;
#1146 = DIRECTION ( 'NONE',  ( 0.0000000000000000000, 0.0000000000000000000, -1.000000000000000000 ) ) ;
#1147 = VERTEX_POINT ( 'NONE', #6233 ) ;
#1148 = LINE ( 'NONE', #7461, #1205 ) ;
#1149 = DIRECTION ( 'NONE',  ( 0.0000000000000000000, -3.675221047034999628E-15, 1.000000000000000000 ) ) ;
#1150 = FILL_AREA_STYLE_COLOUR ( '', #1730 ) ;
#1151 = AXIS2_PLACEMENT_3D ( 'NONE', #1926, #4198, #1114 ) ;
#1152 = DIRECTION ( 'NONE',  ( 0.0000000000000000000, 0.0000000000000000000, 1.000000000000000000 ) ) ;
#1153 = EDGE_CURVE ( 'NONE', #4251, #1738, #1752, .T. ) ;
#1154 = ADVANCED_FACE ( 'NONE', ( #3336 ), #8067, .T. ) ;
#1155 = CARTESIAN_POINT ( 'NONE',  ( 3.551316613977629988, 6.900595781960301878, 3.995523657362071823 ) ) ;
#1156 = EDGE_LOOP ( 'NONE', ( #3007, #2603, #6920, #8107 ) ) ;
#1157 =( LENGTH_UNIT ( ) NAMED_UNIT ( * ) SI_UNIT ( .MILLI., .METRE. ) );
#1158 = CARTESIAN_POINT ( 'NONE',  ( 9.093910474793799992, 3.850000000000010303, 8.893318922984189356 ) ) ;
#1159 = VERTEX_POINT ( 'NONE', #7295 ) ;
#1160 = CARTESIAN_POINT ( 'NONE',  ( 0.7999999999999990452, 4.650000000000010125, 8.800000000000000711 ) ) ;
#1161 = ORIENTED_EDGE ( 'NONE', *, *, #3537, .T. ) ;
#1162 = B_SPLINE_CURVE_WITH_KNOTS ( 'NONE', 3,
 ( #4324, #6514, #7335, #3485, #9084, #1742, #7447, #8246 ),
 .UNSPECIFIED., .F., .F.,
 ( 4, 2, 2, 4 ),
 ( 0.0000000000000000000, 0.3582783410808759728, 0.7198210597566829794, 1.000000000000000000 ),
 .UNSPECIFIED. ) ;
#1163 = PRESENTATION_STYLE_ASSIGNMENT (( #5090 ) ) ;
#1164 = VERTEX_POINT ( 'NONE', #7049 ) ;
#1165 = COLOUR_RGB ( '',0.2862745098039215508, 0.6431372549019607199, 0.8666666666666666963 ) ;
#1166 = FILL_AREA_STYLE ('',( #2033 ) ) ;
#1167 = EDGE_CURVE ( 'NONE', #5191, #3133, #6474, .T. ) ;
#1168 = CARTESIAN_POINT ( 'NONE',  ( 7.500000000000000000, 9.550000000000029132, 4.150000000000000355 ) ) ;
#1169 = CARTESIAN_POINT ( 'NONE',  ( 3.976897247608213615, 6.379062758812451328, 5.679065084668919461 ) ) ;
#1170 = LINE ( 'NONE', #2087, #3809 ) ;
#1171 = ORIENTED_EDGE ( 'NONE', *, *, #8832, .F. ) ;
#1172 = FILL_AREA_STYLE ('',( #9731 ) ) ;
#1173 = ORIENTED_EDGE ( 'NONE', *, *, #5637, .F. ) ;
#1174 = ORIENTED_EDGE ( 'NONE', *, *, #2564, .T. ) ;
#1175 = SURFACE_STYLE_USAGE ( .BOTH. , #969 ) ;
#1176 = CIRCLE ( 'NONE', #680, 1.749999999999999778 ) ;
#1177 = COLOUR_RGB ( '',0.2862745098039215508, 0.6431372549019607199, 0.8666666666666666963 ) ;
#1178 = SURFACE_STYLE_FILL_AREA ( #6559 ) ;
#1179 = DIRECTION ( 'NONE',  ( 0.0000000000000000000, -1.000000000000000000, 0.0000000000000000000 ) ) ;
#1180 = EDGE_LOOP ( 'NONE', ( #3847, #8826 ) ) ;
#1181 = EDGE_CURVE ( 'NONE', #4024, #7389, #6177, .T. ) ;
#1182 = EDGE_LOOP ( 'NONE', ( #7005, #8052, #3318, #265 ) ) ;
#1183 = AXIS2_PLACEMENT_3D ( 'NONE', #8169, #4942, #4204 ) ;
#1184 = SURFACE_STYLE_USAGE ( .BOTH. , #5003 ) ;
#1185 = AXIS2_PLACEMENT_3D ( 'NONE', #93, #4665, #7834 ) ;
#1186 = CYLINDRICAL_SURFACE ( 'NONE', #4474, 0.2999999999999999334 ) ;
#1187 = CARTESIAN_POINT ( 'NONE',  ( 7.500000000000000000, 4.250000000000009770, 8.099999999999999645 ) ) ;
#1188 = CARTESIAN_POINT ( 'NONE',  ( 2.500000000000000000, 4.250000000000031086, 0.0000000000000000000 ) ) ;
#1189 = FACE_OUTER_BOUND ( 'NONE', #4089, .T. ) ;
#1190 = CIRCLE ( 'NONE', #8316, 1.413776159319739989 ) ;
#1191 = DIRECTION ( 'NONE',  ( 0.2722442098535290400, 0.0000000000000000000, -0.9622281902964742173 ) ) ;
#1192 = CIRCLE ( 'NONE', #2334, 1.749999999999999778 ) ;
#1193 = B_SPLINE_CURVE_WITH_KNOTS ( 'NONE', 3,
 ( #5020, #1094, #2749, #5701 ),
 .UNSPECIFIED., .F., .F.,
 ( 4, 4 ),
 ( 9.545414929421095421E-14, 0.0001440939132139717593 ),
 .UNSPECIFIED. ) ;
#1194 = ORIENTED_EDGE ( 'NONE', *, *, #8532, .T. ) ;
#1195 = ADVANCED_FACE ( 'NONE', ( #2284 ), #4718, .T. ) ;
#1196 = UNCERTAINTY_MEASURE_WITH_UNIT (LENGTH_MEASURE( 1.000000000000000082E-05 ), #1336, 'distance_accuracy_value', 'NONE');
#1197 = FACE_BOUND ( 'NONE', #2778, .T. ) ;
#1198 = EDGE_CURVE ( 'NONE', #5032, #2301, #1415, .T. ) ;
#1199 = CARTESIAN_POINT ( 'NONE',  ( 9.001925068377740757, 6.250000000000079936, 5.573699898803351260 ) ) ;
#1200 = DIRECTION ( 'NONE',  ( 0.0000000000000000000, 0.1736481776669300259, -0.9848077530122081313 ) ) ;
#1201 = DIRECTION ( 'NONE',  ( 5.152643988049929844E-16, 0.0000000000000000000, 1.000000000000000000 ) ) ;
#1202 = LINE ( 'NONE', #662, #3742 ) ;
#1203 = ORIENTED_EDGE ( 'NONE', *, *, #163, .T. ) ;
#1204 = CARTESIAN_POINT ( 'NONE',  ( 2.500000000000000000, 5.850000000000009415, 8.100000000000010303 ) ) ;
#1205 = VECTOR ( 'NONE', #393, 1000.000000000000000 ) ;
#1206 = CARTESIAN_POINT ( 'NONE',  ( -5.000000000000000000, 1.560000000000000275, 6.200000000000001066 ) ) ;
#1207 =( LENGTH_UNIT ( ) NAMED_UNIT ( * ) SI_UNIT ( .MILLI., .METRE. ) );
#1208 = CARTESIAN_POINT ( 'NONE',  ( 15.00000000000000000, 0.1499999999999999944, 0.0000000000000000000 ) ) ;
#1209 = UNCERTAINTY_MEASURE_WITH_UNIT (LENGTH_MEASURE( 1.000000000000000082E-05 ), #1635, 'distance_accuracy_value', 'NONE');
#1210 = PLANE ( 'NONE',  #9387 ) ;
#1211 = EDGE_LOOP ( 'NONE', ( #8814, #4053, #3752, #3668, #2196, #4839 ) ) ;
#1212 =( LENGTH_UNIT ( ) NAMED_UNIT ( * ) SI_UNIT ( .MILLI., .METRE. ) );
#1213 = CARTESIAN_POINT ( 'NONE',  ( 3.976897247608213615, 6.379062758812451328, 5.679065084668919461 ) ) ;
#1214 = ORIENTED_EDGE ( 'NONE', *, *, #1181, .F. ) ;
#1215 = DIRECTION ( 'NONE',  ( 1.717547996016639994E-16, 0.0000000000000000000, 1.000000000000000000 ) ) ;
#1216 = VERTEX_POINT ( 'NONE', #8980 ) ;
#1217 = EDGE_CURVE ( 'NONE', #691, #4159, #4239, .T. ) ;
#1218 = CIRCLE ( 'NONE', #5179, 1.400000000000000133 ) ;
#1219 = ORIENTED_EDGE ( 'NONE', *, *, #1838, .F. ) ;
#1220 = DIRECTION ( 'NONE',  ( -0.9622281902964742173, 0.0000000000000000000, -0.2722442098535290400 ) ) ;
#1221 = DIRECTION ( 'NONE',  ( 1.000000000000000000, 0.0000000000000000000, 0.0000000000000000000 ) ) ;
#1222 = DIRECTION ( 'NONE',  ( -0.2716300227878299944, 0.06713375248915300075, -0.9600573889080840084 ) ) ;
#1223 = ORIENTED_EDGE ( 'NONE', *, *, #7430, .F. ) ;
#1224 = VECTOR ( 'NONE', #342, 1000.000000000000000 ) ;
#1225 = DIRECTION ( 'NONE',  ( -1.000000000000000000, 0.0000000000000000000, 0.0000000000000000000 ) ) ;
#1226 = ORIENTED_EDGE ( 'NONE', *, *, #504, .T. ) ;
#1227 = ORIENTED_EDGE ( 'NONE', *, *, #2668, .T. ) ;
#1228 = DIRECTION ( 'NONE',  ( 0.0000000000000000000, 0.0000000000000000000, 1.000000000000000000 ) ) ;
#1229 =( GEOMETRIC_REPRESENTATION_CONTEXT ( 3 ) GLOBAL_UNCERTAINTY_ASSIGNED_CONTEXT ( ( #6795 ) ) GLOBAL_UNIT_ASSIGNED_CONTEXT ( ( #6890, #9345, #1446 ) ) REPRESENTATION_CONTEXT ( 'NONE', 'WORKASPACE' ) );
#1230 = CARTESIAN_POINT ( 'NONE',  ( 10.00000000000000000, 6.733652732787760442, 9.738256522761860268 ) ) ;
#1231 = EDGE_CURVE ( 'NONE', #1371, #10117, #2653, .T. ) ;
#1232 = CARTESIAN_POINT ( 'NONE',  ( -5.000000000000000000, 0.1499999999999999944, 6.388051065821461094 ) ) ;
#1233 =( NAMED_UNIT ( * ) PLANE_ANGLE_UNIT ( ) SI_UNIT ( $, .RADIAN. ) );
#1234 = ORIENTED_EDGE ( 'NONE', *, *, #713, .T. ) ;
#1235 = AXIS2_PLACEMENT_3D ( 'NONE', #24, #1639, #8816 ) ;
#1236 = ORIENTED_EDGE ( 'NONE', *, *, #9372, .T. ) ;
#1237 = MECHANICAL_DESIGN_GEOMETRIC_PRESENTATION_REPRESENTATION (  '', ( #6187 ), #1383 ) ;
#1238 = FILL_AREA_STYLE ('',( #8966 ) ) ;
#1239 = CARTESIAN_POINT ( 'NONE',  ( 3.549999999999999822, 5.950000000000040146, 3.291739462922410375 ) ) ;
#1240 = VERTEX_POINT ( 'NONE', #7402 ) ;
#1241 = CARTESIAN_POINT ( 'NONE',  ( -4.750000000000000000, 7.750000000000000000, 0.6500000000000040190 ) ) ;
#1242 = DIRECTION ( 'NONE',  ( 0.0000000000000000000, -1.000000000000000000, 0.0000000000000000000 ) ) ;
#1243 = LINE ( 'NONE', #9234, #5556 ) ;
#1244 = EDGE_CURVE ( 'NONE', #8604, #3381, #7731, .T. ) ;
#1245 = VECTOR ( 'NONE', #5033, 1000.000000000000000 ) ;
#1246 = EDGE_LOOP ( 'NONE', ( #1485, #3191, #7560, #9482 ) ) ;
#1247 = CARTESIAN_POINT ( 'NONE',  ( 7.500000000000000000, 4.250000000000009770, 8.099999999999999645 ) ) ;
#1248 = FACE_OUTER_BOUND ( 'NONE', #4593, .T. ) ;
#1249 = CARTESIAN_POINT ( 'NONE',  ( -3.977026181416423167, 6.335261413134412933, 5.690949137293158877 ) ) ;
#1250 = CIRCLE ( 'NONE', #8376, 1.613267899285889984 ) ;
#1251 = DIRECTION ( 'NONE',  ( 0.0000000000000000000, -1.000000000000000000, 0.0000000000000000000 ) ) ;
#1252 = ORIENTED_EDGE ( 'NONE', *, *, #4139, .F. ) ;
#1253 = SURFACE_STYLE_USAGE ( .BOTH. , #8414 ) ;
#1254 = EDGE_CURVE ( 'NONE', #5647, #9733, #3547, .T. ) ;
#1255 = CIRCLE ( 'NONE', #9858, 0.4000000000000001887 ) ;
#1256 = EDGE_CURVE ( 'NONE', #8540, #5356, #6734, .T. ) ;
#1257 = CARTESIAN_POINT ( 'NONE',  ( 1.448683386022368680, 6.900595781960301878, 3.995523657362071823 ) ) ;
#1258 = COLOUR_RGB ( '',0.2862745098039215508, 0.6431372549019607199, 0.8666666666666666963 ) ;
#1259 =( NAMED_UNIT ( * ) PLANE_ANGLE_UNIT ( ) SI_UNIT ( $, .RADIAN. ) );
#1260 = VERTEX_POINT ( 'NONE', #2686 ) ;
#1261 = LINE ( 'NONE', #1972, #890 ) ;
#1262 = DIRECTION ( 'NONE',  ( 0.0000000000000000000, 0.0000000000000000000, 1.000000000000000000 ) ) ;
#1263 = STYLED_ITEM ( 'NONE', ( #1472 ), #10019 ) ;
#1264 = VERTEX_POINT ( 'NONE', #5848 ) ;
#1265 = EDGE_LOOP ( 'NONE', ( #7789, #7121, #7270, #3422 ) ) ;
#1266 = AXIS2_PLACEMENT_3D ( 'NONE', #2202, #7072, #9435 ) ;
#1267 = CARTESIAN_POINT ( 'NONE',  ( 7.500000000000000000, 4.250000000000000000, 10.00000000000000000 ) ) ;
#1268 =( NAMED_UNIT ( * ) SI_UNIT ( $, .STERADIAN. ) SOLID_ANGLE_UNIT ( ) );
#1269 = VECTOR ( 'NONE', #4149, 1000.000000000000000 ) ;
#1270 = VERTEX_POINT ( 'NONE', #7562 ) ;
#1271 = DIRECTION ( 'NONE',  ( 0.0000000000000000000, -3.675221047034999628E-15, 1.000000000000000000 ) ) ;
#1272 =( BOUNDED_CURVE ( )  B_SPLINE_CURVE ( 3, ( #200, #1155, #6487, #400 ),
 .UNSPECIFIED., .F., .T. ) 
 B_SPLINE_CURVE_WITH_KNOTS ( ( 4, 4 ),
 ( 4.758910074651783617, 4.782202150464469170 ),
 .UNSPECIFIED. ) 
 CURVE ( )  GEOMETRIC_REPRESENTATION_ITEM ( )  RATIONAL_B_SPLINE_CURVE ( ( 1.000000000000000000, 0.9999547904446798308, 0.9999547904446798308, 1.000000000000000000 ) ) 
 REPRESENTATION_ITEM ( '' )  );
#1273 = DIRECTION ( 'NONE',  ( 0.0000000000000000000, 0.0000000000000000000, -1.000000000000000000 ) ) ;
#1274 = CARTESIAN_POINT ( 'NONE',  ( 3.549999999999999822, 5.950000000000040146, 3.291739462922410375 ) ) ;
#1275 = CIRCLE ( 'NONE', #8893, 0.2999999999999999334 ) ;
#1276 = CARTESIAN_POINT ( 'NONE',  ( 8.976897412858470204, 6.379062759268808946, 5.679065083712689699 ) ) ;
#1277 = EDGE_CURVE ( 'NONE', #634, #364, #7478, .T. ) ;
#1278 = PRESENTATION_LAYER_ASSIGNMENT (  '', '', ( #6388 ) ) ;
#1279 = EDGE_LOOP ( 'NONE', ( #3527, #5311, #7699, #4943 ) ) ;
#1280 = CARTESIAN_POINT ( 'NONE',  ( 7.500000000000000000, 6.250000000000031086, 4.150000000000000355 ) ) ;
#1281 = ORIENTED_EDGE ( 'NONE', *, *, #7902, .T. ) ;
#1282 = ORIENTED_EDGE ( 'NONE', *, *, #6021, .F. ) ;
#1283 = CARTESIAN_POINT ( 'NONE',  ( 0.0000000000000000000, 1.990236984239069917, 9.700000000000001066 ) ) ;
#1284 = COLOUR_RGB ( '',0.2862745098039215508, 0.6431372549019607199, 0.8666666666666666963 ) ;
#1285 = ORIENTED_EDGE ( 'NONE', *, *, #7829, .T. ) ;
#1286 = ORIENTED_EDGE ( 'NONE', *, *, #5660, .F. ) ;
#1288 = EDGE_CURVE ( 'NONE', #703, #1935, #2404, .T. ) ;
#1287 = CARTESIAN_POINT ( 'NONE',  ( 3.549999999999999822, 3.592004494644689849, 2.875961234938969824 ) ) ;
#1289 =( NAMED_UNIT ( * ) PLANE_ANGLE_UNIT ( ) SI_UNIT ( $, .RADIAN. ) );
#1290 = ADVANCED_FACE ( 'NONE', ( #3601 ), #7199, .T. ) ;
#1291 = ORIENTED_EDGE ( 'NONE', *, *, #835, .F. ) ;
#1292 = CARTESIAN_POINT ( 'NONE',  ( -4.062892611431373702, 3.850000000000009415, 9.314249409997648499 ) ) ;
#1293 =( GEOMETRIC_REPRESENTATION_CONTEXT ( 3 ) GLOBAL_UNCERTAINTY_ASSIGNED_CONTEXT ( ( #697 ) ) GLOBAL_UNIT_ASSIGNED_CONTEXT ( ( #8823, #2589, #9753 ) ) REPRESENTATION_CONTEXT ( 'NONE', 'WORKASPACE' ) );
#1294 = CARTESIAN_POINT ( 'NONE',  ( 2.000000000331122241, 4.250000000000031086, -3.850000000000000089 ) ) ;
#1295 = PRESENTATION_STYLE_ASSIGNMENT (( #2056 ) ) ;
#1296 = EDGE_LOOP ( 'NONE', ( #5457, #6083 ) ) ;
#1297 = VECTOR ( 'NONE', #3525, 1000.000000000000000 ) ;
#1298 = CARTESIAN_POINT ( 'NONE',  ( -4.549999999999999822, 7.250000000000000000, 5.700000000000000178 ) ) ;
#1299 =( LENGTH_UNIT ( ) NAMED_UNIT ( * ) SI_UNIT ( .MILLI., .METRE. ) );
#1300 = ADVANCED_FACE ( 'NONE', ( #1248 ), #8253, .F. ) ;
#1301 = CARTESIAN_POINT ( 'NONE',  ( -2.500000000000000000, 4.250000000000009770, 9.300000000000009592 ) ) ;
#1302 = ORIENTED_EDGE ( 'NONE', *, *, #4409, .F. ) ;
#1303 = DIRECTION ( 'NONE',  ( -0.3713906763541020561, 0.9284766908852600809, -5.238529448733281520E-32 ) ) ;
#1304 = AXIS2_PLACEMENT_3D ( 'NONE', #3064, #7840, #3157 ) ;
#1305 = AXIS2_PLACEMENT_3D ( 'NONE', #4369, #7440, #6717 ) ;
#1306 = LINE ( 'NONE', #1351, #9631 ) ;
#1307 = EDGE_CURVE ( 'NONE', #6240, #8777, #4865, .T. ) ;
#1308 = UNCERTAINTY_MEASURE_WITH_UNIT (LENGTH_MEASURE( 1.000000000000000082E-05 ), #2833, 'distance_accuracy_value', 'NONE');
#1309 = FILL_AREA_STYLE_COLOUR ( '', #882 ) ;
#1310 = CARTESIAN_POINT ( 'NONE',  ( -4.450000000000000178, 1.877542648054139951, 6.200000000000001066 ) ) ;
#1311 = ORIENTED_EDGE ( 'NONE', *, *, #2978, .F. ) ;
#1312 = DIRECTION ( 'NONE',  ( 1.000000000000000000, 0.0000000000000000000, 0.0000000000000000000 ) ) ;
#1313 = FACE_OUTER_BOUND ( 'NONE', #320, .T. ) ;
#1314 = ORIENTED_EDGE ( 'NONE', *, *, #5315, .F. ) ;
#1315 = PRESENTATION_STYLE_ASSIGNMENT (( #2911 ) ) ;
#1316 = CARTESIAN_POINT ( 'NONE',  ( 6.023374480558091548, 6.471514947045013066, 5.653981231836878507 ) ) ;
#1317 = CARTESIAN_POINT ( 'NONE',  ( -1.041844086465805175, 6.384612859888997960, 5.465433459372714964 ) ) ;
#1318 = ADVANCED_FACE ( 'NONE', ( #7027 ), #1439, .F. ) ;
#1319 = ADVANCED_FACE ( 'NONE', ( #7762 ), #2889, .F. ) ;
#1320 =( NAMED_UNIT ( * ) SI_UNIT ( $, .STERADIAN. ) SOLID_ANGLE_UNIT ( ) );
#1321 = AXIS2_PLACEMENT_3D ( 'NONE', #494, #1350, #538 ) ;
#1322 = EDGE_LOOP ( 'NONE', ( #8456, #9534, #9867, #1729 ) ) ;
#1323 = CARTESIAN_POINT ( 'NONE',  ( 6.051396626000877355, 6.749929893965711969, 5.399706028512977873 ) ) ;
#1324 = ORIENTED_EDGE ( 'NONE', *, *, #8411, .F. ) ;
#1325 = VERTEX_POINT ( 'NONE', #1484 ) ;
#1326 = CARTESIAN_POINT ( 'NONE',  ( 4.087037305134390230, 4.650000000000010125, 8.986637655680240755 ) ) ;
#1327 = PRESENTATION_LAYER_ASSIGNMENT (  '', '', ( #7097 ) ) ;
#1328 = CARTESIAN_POINT ( 'NONE',  ( 7.500000000000000000, 2.650000000000010125, 8.000000000000000000 ) ) ;
#1329 = ORIENTED_EDGE ( 'NONE', *, *, #1256, .T. ) ;
#1330 = EDGE_LOOP ( 'NONE', ( #7007, #1281, #3615 ) ) ;
#1331 = CARTESIAN_POINT ( 'NONE',  ( 15.00000000000000000, 1.990236984239069917, 9.700000000000001066 ) ) ;
#1332 = EDGE_LOOP ( 'NONE', ( #1356, #5640, #9323, #5439 ) ) ;
#1333 = AXIS2_PLACEMENT_3D ( 'NONE', #4752, #2315, #6982 ) ;
#1334 = CARTESIAN_POINT ( 'NONE',  ( 6.092568578620797481, 3.850000000000008527, 9.500000000000003553 ) ) ;
#1335 = CARTESIAN_POINT ( 'NONE',  ( 8.994607792362469212, 6.250000000000363265, 5.499015461809753091 ) ) ;
#1336 =( LENGTH_UNIT ( ) NAMED_UNIT ( * ) SI_UNIT ( .MILLI., .METRE. ) );
#1337 = DIRECTION ( 'NONE',  ( 0.0000000000000000000, 1.000000000000000000, 0.0000000000000000000 ) ) ;
#1338 = EDGE_CURVE ( 'NONE', #9112, #3106, #1342, .T. ) ;
#1339 = VECTOR ( 'NONE', #3367, 1000.000000000000000 ) ;
#1340 = VERTEX_POINT ( 'NONE', #3088 ) ;
#1341 = CIRCLE ( 'NONE', #2321, 1.400000000000000133 ) ;
#1342 = LINE ( 'NONE', #9241, #4714 ) ;
#1343 = LINE ( 'NONE', #2207, #9141 ) ;
#1344 = DIRECTION ( 'NONE',  ( 0.0000000000000000000, 1.000000000000000000, 0.0000000000000000000 ) ) ;
#1345 = ORIENTED_EDGE ( 'NONE', *, *, #8219, .F. ) ;
#1346 = CARTESIAN_POINT ( 'NONE',  ( -1.449999999999999956, 6.405650476444289865, 3.372082935692199968 ) ) ;
#1347 = CARTESIAN_POINT ( 'NONE',  ( 3.553947254147849844, 6.900000000000019895, 4.004821471746000228 ) ) ;
#1348 = TOROIDAL_SURFACE ( 'NONE', #4975, 1.413776159319739989, 0.2000000000000000111 ) ;
#1349 = EDGE_CURVE ( 'NONE', #345, #7484, #5275, .T. ) ;
#1350 = DIRECTION ( 'NONE',  ( 1.000000000000000000, 0.0000000000000000000, 0.0000000000000000000 ) ) ;
#1351 = CARTESIAN_POINT ( 'NONE',  ( -5.000000000000000000, 7.750000000000000000, 5.152643988049969879E-15 ) ) ;
#1352 = CARTESIAN_POINT ( 'NONE',  ( 1.041868568309956222, 4.650000000000009237, 9.481228347016099178 ) ) ;
#1353 = ORIENTED_EDGE ( 'NONE', *, *, #5587, .T. ) ;
#1354 = PLANE ( 'NONE',  #5307 ) ;
#1355 = CARTESIAN_POINT ( 'NONE',  ( 7.500000000000000000, 4.250000000000009770, 9.300000000000000711 ) ) ;
#1356 = ORIENTED_EDGE ( 'NONE', *, *, #6752, .T. ) ;
#1357 = ADVANCED_FACE ( 'NONE', ( #3851 ), #10056, .T. ) ;
#1358 = CARTESIAN_POINT ( 'NONE',  ( 8.856009966283759027, 4.650000000000010125, 9.500000000000000000 ) ) ;
#1359 = CARTESIAN_POINT ( 'NONE',  ( -10.00000000000000000, 0.0000000000000000000, 0.0000000000000000000 ) ) ;
#1360 = CARTESIAN_POINT ( 'NONE',  ( 6.092610859955165381, 4.650000000000010125, 9.500000000000031974 ) ) ;
#1361 = LINE ( 'NONE', #6857, #6560 ) ;
#1362 = ORIENTED_EDGE ( 'NONE', *, *, #7555, .T. ) ;
#1363 =( LENGTH_UNIT ( ) NAMED_UNIT ( * ) SI_UNIT ( .MILLI., .METRE. ) );
#1364 = ORIENTED_EDGE ( 'NONE', *, *, #4982, .F. ) ;
#1365 = ORIENTED_EDGE ( 'NONE', *, *, #6191, .F. ) ;
#1366 = LINE ( 'NONE', #4473, #9359 ) ;
#1367 = CARTESIAN_POINT ( 'NONE',  ( 7.500000000000000000, 2.636732100714121341, 9.314249409997579221 ) ) ;
#1368 = EDGE_CURVE ( 'NONE', #10117, #6962, #5222, .T. ) ;
#1369 = ADVANCED_FACE ( 'NONE', ( #3698 ), #5105, .T. ) ;
#1370 = CARTESIAN_POINT ( 'NONE',  ( 7.500000000000000000, 4.250000000000031086, 0.0000000000000000000 ) ) ;
#1371 = VERTEX_POINT ( 'NONE', #3135 ) ;
#1372 = PRESENTATION_LAYER_ASSIGNMENT (  '', '', ( #6164 ) ) ;
#1373 = EDGE_LOOP ( 'NONE', ( #1922, #9928, #3639, #9770 ) ) ;
#1374 = FACE_OUTER_BOUND ( 'NONE', #274, .T. ) ;
#1375 = DIRECTION ( 'NONE',  ( 1.000000000000000000, 2.232180943352509796E-16, 0.0000000000000000000 ) ) ;
#1376 = EDGE_LOOP ( 'NONE', ( #8146, #6528, #1130, #5629 ) ) ;
#1377 = TOROIDAL_SURFACE ( 'NONE', #6013, 1.600000000000000089, 0.1000000000000000056 ) ;
#1378 = CARTESIAN_POINT ( 'NONE',  ( 8.975706270041611035, 6.556592752526435142, 5.606841190858709467 ) ) ;
#1379 = LINE ( 'NONE', #4529, #7845 ) ;
#1380 = DIRECTION ( 'NONE',  ( -5.152643988049919983E-16, 0.0000000000000000000, -1.000000000000000000 ) ) ;
#1381 = CARTESIAN_POINT ( 'NONE',  ( -4.200000000000000178, 4.650000000000010125, 8.800000000000009592 ) ) ;
#1382 = CYLINDRICAL_SURFACE ( 'NONE', #8976, 1.399999999999999911 ) ;
#1383 =( GEOMETRIC_REPRESENTATION_CONTEXT ( 3 ) GLOBAL_UNCERTAINTY_ASSIGNED_CONTEXT ( ( #9201 ) ) GLOBAL_UNIT_ASSIGNED_CONTEXT ( ( #7488, #1732, #218 ) ) REPRESENTATION_CONTEXT ( 'NONE', 'WORKASPACE' ) );
#1384 = EDGE_LOOP ( 'NONE', ( #4953, #7197, #6018, #9063 ) ) ;
#1385 = FACE_OUTER_BOUND ( 'NONE', #2738, .T. ) ;
#1386 = CARTESIAN_POINT ( 'NONE',  ( 8.977355748483210718, 6.378927027922910220, 5.621778233683960124 ) ) ;
#1387 = PLANE ( 'NONE',  #7451 ) ;
#1388 = CARTESIAN_POINT ( 'NONE',  ( 5.899218940641789644, 3.850000000000010303, 8.800000000000000711 ) ) ;
#1389 = ADVANCED_FACE ( 'NONE', ( #3227 ), #6512, .T. ) ;
#1390 = EDGE_LOOP ( 'NONE', ( #117, #9881, #285, #6129 ) ) ;
#1391 = CARTESIAN_POINT ( 'NONE',  ( -0.8000000000000000444, 3.850000000000010303, 8.800000000000009592 ) ) ;
#1392 = DIRECTION ( 'NONE',  ( 0.0000000000000000000, 1.000000000000000000, 0.0000000000000000000 ) ) ;
#1393 = VECTOR ( 'NONE', #3358, 1000.000000000000000 ) ;
#1394 = DIRECTION ( 'NONE',  ( 0.0000000000000000000, 0.0000000000000000000, 1.000000000000000000 ) ) ;
#1395 = PLANE ( 'NONE',  #10095 ) ;
#1396 = CIRCLE ( 'NONE', #3365, 1.749999999999989342 ) ;
#1397 = CARTESIAN_POINT ( 'NONE',  ( -2.500000000000000000, 4.250000000000009770, 8.100000000000010303 ) ) ;
#1398 = UNCERTAINTY_MEASURE_WITH_UNIT (LENGTH_MEASURE( 1.000000000000000082E-05 ), #1299, 'distance_accuracy_value', 'NONE');
#1399 = CARTESIAN_POINT ( 'NONE',  ( -1.143990033716241639, 3.850000000000010303, 9.500000000000010658 ) ) ;
#1400 = EDGE_CURVE ( 'NONE', #7506, #10077, #8026, .T. ) ;
#1401 = ORIENTED_EDGE ( 'NONE', *, *, #9473, .T. ) ;
#1402 = CARTESIAN_POINT ( 'NONE',  ( 4.100781059358210356, 4.650000000000010125, 8.800000000000000711 ) ) ;
#1403 = CARTESIAN_POINT ( 'NONE',  ( -5.000000000000000000, 1.560000000000000275, 6.200000000000001066 ) ) ;
#1404 = EDGE_LOOP ( 'NONE', ( #10089, #1285 ) ) ;
#1405 =( NAMED_UNIT ( * ) PLANE_ANGLE_UNIT ( ) SI_UNIT ( $, .RADIAN. ) );
#1406 = UNCERTAINTY_MEASURE_WITH_UNIT (LENGTH_MEASURE( 1.000000000000000082E-05 ), #9217, 'distance_accuracy_value', 'NONE');
#1407 = CARTESIAN_POINT ( 'NONE',  ( -0.5000000000000000000, 6.900000000000019895, 4.004821471746000228 ) ) ;
#1408 = PLANE ( 'NONE',  #444 ) ;
#1409 =( NAMED_UNIT ( * ) PLANE_ANGLE_UNIT ( ) SI_UNIT ( $, .RADIAN. ) );
#1410 = ADVANCED_FACE ( 'NONE', ( #2414 ), #9640, .T. ) ;
#1411 = ORIENTED_EDGE ( 'NONE', *, *, #7132, .F. ) ;
#1412 = CARTESIAN_POINT ( 'NONE',  ( 7.500000000000000000, 4.250000000000000000, 10.00000000000000000 ) ) ;
#1413 = ORIENTED_EDGE ( 'NONE', *, *, #745, .F. ) ;
#1414 = VECTOR ( 'NONE', #774, 1000.000000000000000 ) ;
#1415 = B_SPLINE_CURVE_WITH_KNOTS ( 'NONE', 3,
 ( #4388, #9036, #1956, #9192, #1199, #2009, #287, #3443 ),
 .UNSPECIFIED., .F., .F.,
 ( 4, 2, 2, 4 ),
 ( 0.0000000000000000000, 0.1326693844476140027, 0.4942272126317450165, 1.000000000000000000 ),
 .UNSPECIFIED. ) ;
#1416 = AXIS2_PLACEMENT_3D ( 'NONE', #191, #9756, #9851 ) ;
#1417 = VERTEX_POINT ( 'NONE', #872 ) ;
#1418 = CARTESIAN_POINT ( 'NONE',  ( -3.549999999999999822, 6.370920840910899940, 3.569044486294639995 ) ) ;
#1419 = CARTESIAN_POINT ( 'NONE',  ( -1.042213446764631124, 4.650000000000011902, 9.481490714224468874 ) ) ;
#1420 = COLOUR_RGB ( '',0.7921568627450980005, 0.8196078431372548767, 0.9333333333333333481 ) ;
#1421 = DIRECTION ( 'NONE',  ( 1.000000000000000000, 0.0000000000000000000, 0.0000000000000000000 ) ) ;
#1422 = CARTESIAN_POINT ( 'NONE',  ( -0.5000000000000000000, 5.950000000000040146, 3.291739462922410375 ) ) ;
#1423 = ORIENTED_EDGE ( 'NONE', *, *, #395, .T. ) ;
#1424 = VECTOR ( 'NONE', #4894, 1000.000000000000000 ) ;
#1425 = VECTOR ( 'NONE', #10047, 1000.000000000000000 ) ;
#1426 = CARTESIAN_POINT ( 'NONE',  ( -3.958155913534425530, 6.384612859889100100, 5.465433459372670555 ) ) ;
#1427 = DIRECTION ( 'NONE',  ( 1.717547996016639994E-16, 0.0000000000000000000, 1.000000000000000000 ) ) ;
#1428 = EDGE_CURVE ( 'NONE', #2339, #1565, #1637, .T. ) ;
#1429 = ORIENTED_EDGE ( 'NONE', *, *, #2285, .F. ) ;
#1430 = LINE ( 'NONE', #4334, #8912 ) ;
#1431 = APPLICATION_CONTEXT ( 'automotive_design' ) ;
#1432 = DIRECTION ( 'NONE',  ( 0.0000000000000000000, 0.0000000000000000000, 1.000000000000000000 ) ) ;
#1433 = DIRECTION ( 'NONE',  ( 0.0000000000000000000, 0.07124704990663610626, -0.9974586998365402302 ) ) ;
#1434 = TOROIDAL_SURFACE ( 'NONE', #4069, 1.413776159319739989, 0.2000000000000000111 ) ;
#1435 = DIRECTION ( 'NONE',  ( 0.0000000000000000000, 1.000000000000000000, 0.0000000000000000000 ) ) ;
#1436 = DIRECTION ( 'NONE',  ( 0.0000000000000000000, 0.0000000000000000000, -1.000000000000000000 ) ) ;
#1437 = ORIENTED_EDGE ( 'NONE', *, *, #3013, .F. ) ;
#1438 = FACE_OUTER_BOUND ( 'NONE', #5317, .T. ) ;
#1439 = CYLINDRICAL_SURFACE ( 'NONE', #2898, 1.749999999999990230 ) ;
#1440 = AXIS2_PLACEMENT_3D ( 'NONE', #8419, #4455, #3614 ) ;
#1441 = CARTESIAN_POINT ( 'NONE',  ( 8.550000000000000711, 6.900812423267500328, 3.990870176997169949 ) ) ;
#1442 = EDGE_CURVE ( 'NONE', #4836, #3840, #4252, .T. ) ;
#1443 = EDGE_CURVE ( 'NONE', #3704, #7442, #8719, .T. ) ;
#1444 = DIRECTION ( 'NONE',  ( 0.0000000000000000000, 0.0000000000000000000, 1.000000000000000000 ) ) ;
#1445 = VERTEX_POINT ( 'NONE', #2467 ) ;
#1446 =( NAMED_UNIT ( * ) SI_UNIT ( $, .STERADIAN. ) SOLID_ANGLE_UNIT ( ) );
#1447 = CARTESIAN_POINT ( 'NONE',  ( 4.750000000000000000, 7.750000000000000000, 5.700000000000000178 ) ) ;
#1448 = CIRCLE ( 'NONE', #4415, 1.749999999999999778 ) ;
#1449 = DIRECTION ( 'NONE',  ( 1.000000000000000000, 0.0000000000000000000, 0.0000000000000000000 ) ) ;
#1450 = CARTESIAN_POINT ( 'NONE',  ( 4.068650814757519996, 3.850000000000010303, 9.236151811976082371 ) ) ;
#1451 = DIRECTION ( 'NONE',  ( -1.000000000000000000, 0.0000000000000000000, 0.0000000000000000000 ) ) ;
#1452 = SURFACE_STYLE_USAGE ( .BOTH. , #5384 ) ;
#1453 = CIRCLE ( 'NONE', #1773, 0.2999999999999999334 ) ;
#1454 = ORIENTED_EDGE ( 'NONE', *, *, #2947, .T. ) ;
#1455 = LINE ( 'NONE', #593, #7289 ) ;
#1456 = DIRECTION ( 'NONE',  ( 0.0000000000000000000, 0.0000000000000000000, -1.000000000000000000 ) ) ;
#1457 = EDGE_LOOP ( 'NONE', ( #4111, #6912, #1324, #9132 ) ) ;
#1458 = ADVANCED_FACE ( 'NONE', ( #8815 ), #22, .T. ) ;
#1459 = AXIS2_PLACEMENT_3D ( 'NONE', #6948, #2172, #6901 ) ;
#1460 = EDGE_CURVE ( 'NONE', #4209, #6488, #7705, .T. ) ;
#1461 = DIRECTION ( 'NONE',  ( -5.152643988049934774E-16, 0.0000000000000000000, -1.000000000000000000 ) ) ;
#1462 = LINE ( 'NONE', #9413, #8131 ) ;
#1463 = DIRECTION ( 'NONE',  ( -1.000000000000000000, 0.0000000000000000000, 0.0000000000000000000 ) ) ;
#1464 = EDGE_LOOP ( 'NONE', ( #4472, #1571, #6936, #86 ) ) ;
#1465 = LINE ( 'NONE', #6813, #10219 ) ;
#1466 = CIRCLE ( 'NONE', #8274, 1.613267899285889984 ) ;
#1467 = VERTEX_POINT ( 'NONE', #5525 ) ;
#1468 = ORIENTED_EDGE ( 'NONE', *, *, #9406, .F. ) ;
#1469 = LINE ( 'NONE', #1615, #3188 ) ;
#1470 = FACE_OUTER_BOUND ( 'NONE', #3260, .T. ) ;
#1471 = EDGE_CURVE ( 'NONE', #8336, #8636, #9057, .T. ) ;
#1472 = PRESENTATION_STYLE_ASSIGNMENT (( #6919 ) ) ;
#1473 = ORIENTED_EDGE ( 'NONE', *, *, #3872, .F. ) ;
#1474 = ORIENTED_EDGE ( 'NONE', *, *, #3637, .T. ) ;
#1475 = CARTESIAN_POINT ( 'NONE',  ( 3.994607792362412368, 6.250000000000413891, 5.499015461809751315 ) ) ;
#1476 = LINE ( 'NONE', #7228, #892 ) ;
#1477 = LINE ( 'NONE', #4299, #1110 ) ;
#1478 = AXIS2_PLACEMENT_3D ( 'NONE', #8416, #2217, #5964 ) ;
#1479 = PLANE ( 'NONE',  #8710 ) ;
#1480 = EDGE_CURVE ( 'NONE', #8279, #7959, #9491, .T. ) ;
#1481 = DIRECTION ( 'NONE',  ( -0.8660254037845415143, -0.4999999999998216982, 0.0000000000000000000 ) ) ;
#1482 = EDGE_LOOP ( 'NONE', ( #4217, #7888, #6832, #10189 ) ) ;
#1483 = PRESENTATION_STYLE_ASSIGNMENT (( #5578 ) ) ;
#1484 = CARTESIAN_POINT ( 'NONE',  ( 3.549999999999999822, 5.950000000000040146, 3.494824785299559977 ) ) ;
#1485 = ORIENTED_EDGE ( 'NONE', *, *, #1857, .F. ) ;
#1486 = CYLINDRICAL_SURFACE ( 'NONE', #9015, 0.4000000000000001887 ) ;
#1487 = CARTESIAN_POINT ( 'NONE',  ( 9.062892611431221823, 4.650000000000010125, 9.314249409997579221 ) ) ;
#1488 = VECTOR ( 'NONE', #276, 1000.000000000000000 ) ;
#1489 = VECTOR ( 'NONE', #4509, 1000.000000000000000 ) ;
#1490 = EDGE_CURVE ( 'NONE', #211, #9292, #3905, .T. ) ;
#1491 = EDGE_CURVE ( 'NONE', #6002, #4092, #1585, .T. ) ;
#1492 = FILL_AREA_STYLE_COLOUR ( '', #6941 ) ;
#1493 = DIRECTION ( 'NONE',  ( 0.0000000000000000000, -1.000000000000000000, 0.0000000000000000000 ) ) ;
#1494 = CARTESIAN_POINT ( 'NONE',  ( 8.986631418591992215, 6.290959451148395054, 5.697427312629213425 ) ) ;
#1495 = CARTESIAN_POINT ( 'NONE',  ( -0.4499999999999990119, 6.250000000000031086, 0.6500000000000020206 ) ) ;
#1496 = VECTOR ( 'NONE', #5813, 1000.000000000000000 ) ;
#1497 = ORIENTED_EDGE ( 'NONE', *, *, #3499, .F. ) ;
#1498 = CARTESIAN_POINT ( 'NONE',  ( 5.450000000000000178, 2.200000000000000178, 0.6500000000000040190 ) ) ;
#1499 = VERTEX_POINT ( 'NONE', #8711 ) ;
#1500 = STYLED_ITEM ( 'NONE', ( #4341 ), #6318 ) ;
#1501 = FILL_AREA_STYLE ('',( #8626 ) ) ;
#1502 = CARTESIAN_POINT ( 'NONE',  ( 8.890407047718351663, 6.616355096402059210, 5.194015168276943761 ) ) ;
#1503 =( LENGTH_UNIT ( ) NAMED_UNIT ( * ) SI_UNIT ( .MILLI., .METRE. ) );
#1504 = FILL_AREA_STYLE ('',( #8786 ) ) ;
#1505 = ORIENTED_EDGE ( 'NONE', *, *, #904, .T. ) ;
#1506 = VERTEX_POINT ( 'NONE', #3278 ) ;
#1507 = ADVANCED_FACE ( 'NONE', ( #7079 ), #5684, .T. ) ;
#1508 = VERTEX_POINT ( 'NONE', #3959 ) ;
#1509 = CARTESIAN_POINT ( 'NONE',  ( 9.750000000000000000, 7.750000000000000000, 9.017126979087359724E-16 ) ) ;
#1510 = B_SPLINE_CURVE_WITH_KNOTS ( 'NONE', 3,
 ( #9282, #2150, #5312, #8348 ),
 .UNSPECIFIED., .F., .F.,
 ( 4, 4 ),
 ( 0.0000000000000000000, 0.0002372961508686954792 ),
 .UNSPECIFIED. ) ;
#1511 = ORIENTED_EDGE ( 'NONE', *, *, #5916, .T. ) ;
#1512 = CARTESIAN_POINT ( 'NONE',  ( 3.970979442870279819, 6.380815304788059805, 5.542356440406280171 ) ) ;
#1513 = LINE ( 'NONE', #1422, #9223 ) ;
#1514 = EDGE_LOOP ( 'NONE', ( #2703, #21, #5911, #8820 ) ) ;
#1515 = B_SPLINE_CURVE_WITH_KNOTS ( 'NONE', 3,
 ( #215, #7911, #9580, #2352, #813, #4054 ),
 .UNSPECIFIED., .F., .F.,
 ( 4, 2, 4 ),
 ( 8.673617379884034509E-19, 0.0002833620155392942456, 0.0005667240310785876239 ),
 .UNSPECIFIED. ) ;
#1516 = SURFACE_SIDE_STYLE ('',( #3167 ) ) ;
#1517 = ORIENTED_EDGE ( 'NONE', *, *, #4462, .F. ) ;
#1518 =( LENGTH_UNIT ( ) NAMED_UNIT ( * ) SI_UNIT ( .MILLI., .METRE. ) );
#1519 = DIRECTION ( 'NONE',  ( 0.0000000000000000000, 0.0000000000000000000, 1.000000000000000000 ) ) ;
#1520 = EDGE_CURVE ( 'NONE', #9976, #7134, #6387, .T. ) ;
#1521 = EDGE_LOOP ( 'NONE', ( #10002, #5881, #2699, #2422 ) ) ;
#1522 = DIRECTION ( 'NONE',  ( -5.152643988049929844E-16, 0.0000000000000000000, -1.000000000000000000 ) ) ;
#1523 = LINE ( 'NONE', #7652, #7025 ) ;
#1524 = ORIENTED_EDGE ( 'NONE', *, *, #2517, .T. ) ;
#1525 = CARTESIAN_POINT ( 'NONE',  ( 10.00000000000000000, 1.990236984239069917, 10.00000000000000000 ) ) ;
#1526 = VERTEX_POINT ( 'NONE', #1788 ) ;
#1527 = DIRECTION ( 'NONE',  ( -1.000000000000000000, 0.0000000000000000000, 0.0000000000000000000 ) ) ;
#1528 = PLANE ( 'NONE',  #1991 ) ;
#1529 = EDGE_CURVE ( 'NONE', #4360, #9112, #4269, .T. ) ;
#1530 = VERTEX_POINT ( 'NONE', #5058 ) ;
#1531 = CARTESIAN_POINT ( 'NONE',  ( -1.107736519411110621, 6.816384655952807847, 5.200576600905342239 ) ) ;
#1532 = CARTESIAN_POINT ( 'NONE',  ( 7.500000000000000000, 4.250000000000009770, 8.000000000000000000 ) ) ;
#1533 = B_SPLINE_CURVE_WITH_KNOTS ( 'NONE', 3,
 ( #10106, #5913, #9096, #8313 ),
 .UNSPECIFIED., .F., .F.,
 ( 4, 4 ),
 ( 1.226634733346699349E-18, 0.0002372961508671618210 ),
 .UNSPECIFIED. ) ;
#1534 = VECTOR ( 'NONE', #5634, 1000.000000000000000 ) ;
#1535 = SURFACE_STYLE_FILL_AREA ( #6266 ) ;
#1536 = FACE_OUTER_BOUND ( 'NONE', #9618, .T. ) ;
#1537 = VECTOR ( 'NONE', #5686, 1000.000000000000000 ) ;
#1538 = MECHANICAL_DESIGN_GEOMETRIC_PRESENTATION_REPRESENTATION (  '', ( #4693 ), #8691 ) ;
#1539 = LINE ( 'NONE', #4708, #5671 ) ;
#1540 = CARTESIAN_POINT ( 'NONE',  ( 0.9371073885686268534, 3.850000000000009415, 9.314249409997653828 ) ) ;
#1541 = DIRECTION ( 'NONE',  ( 0.0000000000000000000, -1.000000000000000000, 0.0000000000000000000 ) ) ;
#1542 = ADVANCED_FACE ( 'NONE', ( #4954 ), #4218, .T. ) ;
#1543 = ORIENTED_EDGE ( 'NONE', *, *, #8317, .T. ) ;
#1544 = DIRECTION ( 'NONE',  ( 1.000000000000000000, 0.0000000000000000000, 0.0000000000000000000 ) ) ;
#1546 = EDGE_CURVE ( 'NONE', #7506, #3533, #7390, .T. ) ;
#1545 = PLANE ( 'NONE',  #9596 ) ;
#1547 = DIRECTION ( 'NONE',  ( -0.3481553119113961481, -0.8703882797784894265, 0.3481553119113950934 ) ) ;
#1548 = AXIS2_PLACEMENT_3D ( 'NONE', #9883, #9569, #3985 ) ;
#1549 = DIRECTION ( 'NONE',  ( 0.0000000000000000000, 0.0000000000000000000, 1.000000000000000000 ) ) ;
#1550 = FACE_OUTER_BOUND ( 'NONE', #9587, .T. ) ;
#1551 = SURFACE_STYLE_USAGE ( .BOTH. , #3061 ) ;
#1552 = PRESENTATION_LAYER_ASSIGNMENT (  '', '', ( #7532 ) ) ;
#1553 = SURFACE_SIDE_STYLE ('',( #4031 ) ) ;
#1554 = DIRECTION ( 'NONE',  ( 0.0000000000000000000, 0.0000000000000000000, 1.000000000000000000 ) ) ;
#1555 = EDGE_CURVE ( 'NONE', #8529, #9565, #2144, .T. ) ;
#1556 = VERTEX_POINT ( 'NONE', #8344 ) ;
#1557 = CARTESIAN_POINT ( 'NONE',  ( -3.976625519442709589, 6.471514946771708132, 5.653981231910947258 ) ) ;
#1558 = CIRCLE ( 'NONE', #6867, 0.5999999999999998668 ) ;
#1559 = VERTEX_POINT ( 'NONE', #8130 ) ;
#1560 = ORIENTED_EDGE ( 'NONE', *, *, #1724, .T. ) ;
#1561 = DIRECTION ( 'NONE',  ( -0.3481553119113969808, -0.8703882797784889824, -0.3481553119113949823 ) ) ;
#1562 = EDGE_LOOP ( 'NONE', ( #7624, #900, #4726, #8361, #669, #100, #3564, #5162 ) ) ;
#1563 = DIRECTION ( 'NONE',  ( 0.0000000000000000000, 0.0000000000000000000, -1.000000000000000000 ) ) ;
#1564 = FACE_BOUND ( 'NONE', #1373, .T. ) ;
#1565 = VERTEX_POINT ( 'NONE', #3382 ) ;
#1566 = EDGE_CURVE ( 'NONE', #4258, #8859, #5837, .T. ) ;
#1567 = SURFACE_STYLE_USAGE ( .BOTH. , #7908 ) ;
#1568 = PRESENTATION_LAYER_ASSIGNMENT (  '', '', ( #1905 ) ) ;
#1569 = LINE ( 'NONE', #7164, #9630 ) ;
#1570 = VECTOR ( 'NONE', #1149, 1000.000000000000000 ) ;
#1571 = ORIENTED_EDGE ( 'NONE', *, *, #4720, .F. ) ;
#1572 = DIRECTION ( 'NONE',  ( 0.0000000000000000000, -3.675221047034999628E-15, 1.000000000000000000 ) ) ;
#1573 = ORIENTED_EDGE ( 'NONE', *, *, #8087, .F. ) ;
#1574 = CARTESIAN_POINT ( 'NONE',  ( 3.549999999999999822, 6.900812423267500328, 3.990870176997169949 ) ) ;
#1575 = SURFACE_STYLE_USAGE ( .BOTH. , #8705 ) ;
#1576 = MECHANICAL_DESIGN_GEOMETRIC_PRESENTATION_REPRESENTATION (  '', ( #1263 ), #5060 ) ;
#1577 = STYLED_ITEM ( 'NONE', ( #5411 ), #1645 ) ;
#1578 = COLOUR_RGB ( '',0.2862745098039215508, 0.6431372549019607199, 0.8666666666666666963 ) ;
#1579 = DIRECTION ( 'NONE',  ( 0.0000000000000000000, 0.0000000000000000000, 1.000000000000000000 ) ) ;
#1580 = VERTEX_POINT ( 'NONE', #1836 ) ;
#1581 = EDGE_CURVE ( 'NONE', #8915, #307, #7553, .T. ) ;
#1582 = EDGE_CURVE ( 'NONE', #4482, #7043, #327, .T. ) ;
#1583 = FACE_OUTER_BOUND ( 'NONE', #2719, .T. ) ;
#1584 = VERTEX_POINT ( 'NONE', #7333 ) ;
#1585 = LINE ( 'NONE', #4805, #9727 ) ;
#1586 = DIRECTION ( 'NONE',  ( 0.0000000000000000000, 0.0000000000000000000, -1.000000000000000000 ) ) ;
#1587 =( NAMED_UNIT ( * ) PLANE_ANGLE_UNIT ( ) SI_UNIT ( $, .RADIAN. ) );
#1588 =( GEOMETRIC_REPRESENTATION_CONTEXT ( 3 ) GLOBAL_UNCERTAINTY_ASSIGNED_CONTEXT ( ( #3544 ) ) GLOBAL_UNIT_ASSIGNED_CONTEXT ( ( #4418, #3727, #6911 ) ) REPRESENTATION_CONTEXT ( 'NONE', 'WORKASPACE' ) );
#1589 = VERTEX_POINT ( 'NONE', #9833 ) ;
#1590 =( GEOMETRIC_REPRESENTATION_CONTEXT ( 3 ) GLOBAL_UNCERTAINTY_ASSIGNED_CONTEXT ( ( #6781 ) ) GLOBAL_UNIT_ASSIGNED_CONTEXT ( ( #2232, #9696, #794 ) ) REPRESENTATION_CONTEXT ( 'NONE', 'WORKASPACE' ) );
#1591 = DIRECTION ( 'NONE',  ( 0.2716300227878299944, 0.06713375248915300075, -0.9600573889080840084 ) ) ;
#1592 = CARTESIAN_POINT ( 'NONE',  ( 7.500000000000000000, 4.250000000000009770, 9.500000000000000000 ) ) ;
#1593 = DIRECTION ( 'NONE',  ( 0.0000000000000000000, 0.9284766908852596368, 0.3713906763541028888 ) ) ;
#1594 = EDGE_CURVE ( 'NONE', #1556, #714, #4322, .T. ) ;
#1595 =( GEOMETRIC_REPRESENTATION_CONTEXT ( 3 ) GLOBAL_UNCERTAINTY_ASSIGNED_CONTEXT ( ( #4385 ) ) GLOBAL_UNIT_ASSIGNED_CONTEXT ( ( #9843, #2742, #8553 ) ) REPRESENTATION_CONTEXT ( 'NONE', 'WORKASPACE' ) );
#1596 = SURFACE_SIDE_STYLE ('',( #1535 ) ) ;
#1597 = DIRECTION ( 'NONE',  ( 0.0000000000000000000, 0.9284766908852596368, 0.3713906763541028888 ) ) ;
#1598 = FACE_OUTER_BOUND ( 'NONE', #4005, .T. ) ;
#1599 = DIRECTION ( 'NONE',  ( -1.000000000000000000, 0.0000000000000000000, 0.0000000000000000000 ) ) ;
#1600 = FILL_AREA_STYLE ('',( #5492 ) ) ;
#1601 = ORIENTED_EDGE ( 'NONE', *, *, #8365, .T. ) ;
#1602 = PLANE ( 'NONE',  #2849 ) ;
#1603 = FACE_BOUND ( 'NONE', #1180, .T. ) ;
#1604 = AXIS2_PLACEMENT_3D ( 'NONE', #4791, #6503, #8014 ) ;
#1605 = ORIENTED_EDGE ( 'NONE', *, *, #7059, .F. ) ;
#1606 = ADVANCED_FACE ( 'NONE', ( #9788 ), #5722, .T. ) ;
#1607 = CONTEXT_DEPENDENT_SHAPE_REPRESENTATION ( #8730, #5749 ) ;
#1608 = DIRECTION ( 'NONE',  ( 0.0000000000000000000, 0.0000000000000000000, -1.000000000000000000 ) ) ;
#1609 = PRESENTATION_STYLE_ASSIGNMENT (( #9660 ) ) ;
#1610 = CARTESIAN_POINT ( 'NONE',  ( 0.0000000000000000000, 0.9399999999999999467, -7.728965982074889342E-15 ) ) ;
#1611 = ORIENTED_EDGE ( 'NONE', *, *, #5850, .F. ) ;
#1612 = DIRECTION ( 'NONE',  ( 0.8660254037844380415, -0.5000000000000009992, 0.0000000000000000000 ) ) ;
#1613 = ORIENTED_EDGE ( 'NONE', *, *, #5487, .T. ) ;
#1614 = ORIENTED_EDGE ( 'NONE', *, *, #6214, .T. ) ;
#1615 = CARTESIAN_POINT ( 'NONE',  ( 3.549145049325979961, 6.700698492242080029, 3.987848413411089865 ) ) ;
#1616 = MECHANICAL_DESIGN_GEOMETRIC_PRESENTATION_REPRESENTATION (  '', ( #2118 ), #10073 ) ;
#1617 = EDGE_LOOP ( 'NONE', ( #9861, #841 ) ) ;
#1618 = ADVANCED_FACE ( 'NONE', ( #9740 ), #4393, .T. ) ;
#1619 = LINE ( 'NONE', #56, #2949 ) ;
#1620 = ADVANCED_FACE ( 'NONE', ( #1945 ), #8296, .T. ) ;
#1621 = CARTESIAN_POINT ( 'NONE',  ( -1.023102752391785719, 6.379062758812451328, 5.679065084668917684 ) ) ;
#1622 = VERTEX_POINT ( 'NONE', #7800 ) ;
#1623 = CARTESIAN_POINT ( 'NONE',  ( 5.912962694865610658, 4.650000000000010125, 8.986637655680240755 ) ) ;
#1624 = CARTESIAN_POINT ( 'NONE',  ( 10.00000000000000000, 7.750000000000000000, 6.200000000000001066 ) ) ;
#1625 = TOROIDAL_SURFACE ( 'NONE', #5767, 1.413776159319739989, 0.2000000000000000111 ) ;
#1626 = ORIENTED_EDGE ( 'NONE', *, *, #3311, .T. ) ;
#1627 = CARTESIAN_POINT ( 'NONE',  ( 10.30499999999999972, 1.726091832102840007, 6.200000000000001066 ) ) ;
#1628 = EDGE_LOOP ( 'NONE', ( #687, #8484, #6952, #5762 ) ) ;
#1629 = CARTESIAN_POINT ( 'NONE',  ( 2.500000000000000000, 2.500000000000010214, 9.999999999999992895 ) ) ;
#1630 = CARTESIAN_POINT ( 'NONE',  ( -5.000000000000000000, 7.750000000000000000, 6.500000000000009770 ) ) ;
#1631 = CYLINDRICAL_SURFACE ( 'NONE', #446, 0.5999999999999998668 ) ;
#1632 = AXIS2_PLACEMENT_3D ( 'NONE', #143, #9608, #7047 ) ;
#1633 = DIRECTION ( 'NONE',  ( 0.0000000000000000000, 0.0000000000000000000, 1.000000000000000000 ) ) ;
#1634 = ORIENTED_EDGE ( 'NONE', *, *, #1443, .T. ) ;
#1635 =( LENGTH_UNIT ( ) NAMED_UNIT ( * ) SI_UNIT ( .MILLI., .METRE. ) );
#1636 = ORIENTED_EDGE ( 'NONE', *, *, #7863, .F. ) ;
#1637 = LINE ( 'NONE', #120, #1930 ) ;
#1638 =( NAMED_UNIT ( * ) SI_UNIT ( $, .STERADIAN. ) SOLID_ANGLE_UNIT ( ) );
#1639 = DIRECTION ( 'NONE',  ( 0.0000000000000000000, 0.0000000000000000000, -1.000000000000000000 ) ) ;
#1640 = MECHANICAL_DESIGN_GEOMETRIC_PRESENTATION_REPRESENTATION (  '', ( #666 ), #9606 ) ;
#1641 = LINE ( 'NONE', #4809, #89 ) ;
#1642 = DIRECTION ( 'NONE',  ( -3.641714079092569968E-16, 0.0000000000000000000, -1.000000000000000000 ) ) ;
#1643 = EDGE_CURVE ( 'NONE', #6519, #4024, #6617, .T. ) ;
#1644 = DIRECTION ( 'NONE',  ( 1.717547996016639994E-16, 0.0000000000000000000, 1.000000000000000000 ) ) ;
#1645 = ADVANCED_FACE ( 'NONE', ( #1374 ), #3688, .T. ) ;
#1646 = ORIENTED_EDGE ( 'NONE', *, *, #6831, .F. ) ;
#1647 = PRESENTATION_LAYER_ASSIGNMENT (  '', '', ( #3952 ) ) ;
#1648 =( NAMED_UNIT ( * ) PLANE_ANGLE_UNIT ( ) SI_UNIT ( $, .RADIAN. ) );
#1649 = SURFACE_STYLE_FILL_AREA ( #8038 ) ;
#1650 = B_SPLINE_CURVE_WITH_KNOTS ( 'NONE', 3,
 ( #1426, #5309, #4484, #6040 ),
 .UNSPECIFIED., .F., .F.,
 ( 4, 4 ),
 ( 8.451082728519452952E-14, 0.0002372982933281729393 ),
 .UNSPECIFIED. ) ;
#1651 = SURFACE_STYLE_USAGE ( .BOTH. , #834 ) ;
#1652 = ORIENTED_EDGE ( 'NONE', *, *, #804, .F. ) ;
#1653 = PLANE ( 'NONE',  #3820 ) ;
#1654 = CARTESIAN_POINT ( 'NONE',  ( 2.500000000000000000, 4.250000000000009770, 8.000000000000000000 ) ) ;
#1655 = CIRCLE ( 'NONE', #6289, 1.700000000000000178 ) ;
#1656 = CONICAL_SURFACE ( 'NONE', #5807, 0.2500000000000002220, 0.4636476084710116075 ) ;
#1657 = EDGE_CURVE ( 'NONE', #5670, #4098, #6142, .T. ) ;
#1658 = ORIENTED_EDGE ( 'NONE', *, *, #2726, .F. ) ;
#1659 = DIRECTION ( 'NONE',  ( 0.0000000000000000000, 0.0000000000000000000, 1.000000000000000000 ) ) ;
#1660 =( GEOMETRIC_REPRESENTATION_CONTEXT ( 3 ) GLOBAL_UNCERTAINTY_ASSIGNED_CONTEXT ( ( #1308 ) ) GLOBAL_UNIT_ASSIGNED_CONTEXT ( ( #2833, #6094, #2102 ) ) REPRESENTATION_CONTEXT ( 'NONE', 'WORKASPACE' ) );
#1661 = VECTOR ( 'NONE', #10111, 1000.000000000000000 ) ;
#1662 = CARTESIAN_POINT ( 'NONE',  ( 0.4500000000000040079, 7.750000000000000000, 5.900000000000000355 ) ) ;
#1663 = FACE_OUTER_BOUND ( 'NONE', #239, .T. ) ;
#1664 = ORIENTED_EDGE ( 'NONE', *, *, #6637, .F. ) ;
#1665 = PRESENTATION_STYLE_ASSIGNMENT (( #7997 ) ) ;
#1666 = ORIENTED_EDGE ( 'NONE', *, *, #7059, .T. ) ;
#1667 = ADVANCED_FACE ( 'NONE', ( #9277 ), #7879, .T. ) ;
#1668 = ORIENTED_EDGE ( 'NONE', *, *, #7313, .T. ) ;
#1669 =( NAMED_UNIT ( * ) SI_UNIT ( $, .STERADIAN. ) SOLID_ANGLE_UNIT ( ) );
#1670 = CIRCLE ( 'NONE', #5155, 1.613267899285889984 ) ;
#1671 = VERTEX_POINT ( 'NONE', #2146 ) ;
#1672 = UNCERTAINTY_MEASURE_WITH_UNIT (LENGTH_MEASURE( 1.000000000000000082E-05 ), #4288, 'distance_accuracy_value', 'NONE');
#1673 = CARTESIAN_POINT ( 'NONE',  ( 3.995650848407130251, 6.249999999999960032, 5.507834059304340002 ) ) ;
#1674 = LINE ( 'NONE', #5665, #8050 ) ;
#1675 = ORIENTED_EDGE ( 'NONE', *, *, #7503, .F. ) ;
#1676 = CIRCLE ( 'NONE', #9477, 1.599999999999999867 ) ;
#1677 = PRESENTATION_STYLE_ASSIGNMENT (( #9673 ) ) ;
#1678 = DIRECTION ( 'NONE',  ( 0.0000000000000000000, 0.4264192316982558517, 0.9045256429962995615 ) ) ;
#1679 = DIRECTION ( 'NONE',  ( -1.000000000000000000, 0.0000000000000000000, 0.0000000000000000000 ) ) ;
#1680 = ORIENTED_EDGE ( 'NONE', *, *, #889, .F. ) ;
#1681 = DIRECTION ( 'NONE',  ( 0.0000000000000000000, -1.000000000000000000, 0.0000000000000000000 ) ) ;
#1682 = EDGE_CURVE ( 'NONE', #1979, #5551, #1650, .T. ) ;
#1683 = ORIENTED_EDGE ( 'NONE', *, *, #7904, .F. ) ;
#1684 = CARTESIAN_POINT ( 'NONE',  ( 7.500000000000000000, 5.949999999885354995, 8.099999999999999645 ) ) ;
#1685 = CARTESIAN_POINT ( 'NONE',  ( 7.500000000000000000, 4.250000000000009770, 9.500000000000000000 ) ) ;
#1686 = EDGE_CURVE ( 'NONE', #964, #6903, #2101, .T. ) ;
#1687 =( NAMED_UNIT ( * ) SI_UNIT ( $, .STERADIAN. ) SOLID_ANGLE_UNIT ( ) );
#1688 = CARTESIAN_POINT ( 'NONE',  ( -2.500000000000000000, 4.250000000000009770, 9.500000000000010658 ) ) ;
#1689 = EDGE_LOOP ( 'NONE', ( #6574, #725 ) ) ;
#1690 = ORIENTED_EDGE ( 'NONE', *, *, #4287, .T. ) ;
#1691 = CARTESIAN_POINT ( 'NONE',  ( 4.500000000000000888, 6.221952518161529611, 5.100000000000011191 ) ) ;
#1692 = CARTESIAN_POINT ( 'NONE',  ( -1.047237294152322251, 6.457752998433939240, 5.432877601037962911 ) ) ;
#1693 = CARTESIAN_POINT ( 'NONE',  ( 4.500000000000000888, 5.950000000000040146, 3.291739462922410375 ) ) ;
#1694 = LINE ( 'NONE', #1081, #298 ) ;
#1695 = LINE ( 'NONE', #5689, #4872 ) ;
#1696 = AXIS2_PLACEMENT_3D ( 'NONE', #7139, #4817, #2478 ) ;
#1697 = VERTEX_POINT ( 'NONE', #7749 ) ;
#1698 = DIRECTION ( 'NONE',  ( 0.0000000000000000000, -0.07124704990663610626, -0.9974586998365402302 ) ) ;
#1699 = PLANE ( 'NONE',  #6615 ) ;
#1700 = EDGE_CURVE ( 'NONE', #8946, #7227, #6921, .T. ) ;
#1701 = SURFACE_STYLE_USAGE ( .BOTH. , #7192 ) ;
#1702 = DIRECTION ( 'NONE',  ( 0.0000000000000000000, 0.0000000000000000000, 1.000000000000000000 ) ) ;
#1703 = ORIENTED_EDGE ( 'NONE', *, *, #506, .F. ) ;
#1704 = DIRECTION ( 'NONE',  ( -0.8660254037843231334, 0.5000000000002000622, 0.0000000000000000000 ) ) ;
#1705 =( NAMED_UNIT ( * ) PLANE_ANGLE_UNIT ( ) SI_UNIT ( $, .RADIAN. ) );
#1706 = VECTOR ( 'NONE', #2630, 1000.000000000000000 ) ;
#1707 = FACE_BOUND ( 'NONE', #201, .T. ) ;
#1708 = AXIS2_PLACEMENT_3D ( 'NONE', #7133, #3090, #4808 ) ;
#1709 = DIRECTION ( 'NONE',  ( 0.0000000000000000000, 0.0000000000000000000, -1.000000000000000000 ) ) ;
#1710 = AXIS2_PLACEMENT_3D ( 'NONE', #5364, #1432, #3031 ) ;
#1711 = DIRECTION ( 'NONE',  ( 0.0000000000000000000, 0.0000000000000000000, 1.000000000000000000 ) ) ;
#1712 = EDGE_CURVE ( 'NONE', #9815, #8500, #8556, .T. ) ;
#1713 =( LENGTH_UNIT ( ) NAMED_UNIT ( * ) SI_UNIT ( .MILLI., .METRE. ) );
#1714 = PLANE ( 'NONE',  #1929 ) ;
#1715 = EDGE_LOOP ( 'NONE', ( #2040, #7053, #9638, #2869, #3043, #7330, #4156 ) ) ;
#1716 = LINE ( 'NONE', #7206, #8840 ) ;
#1717 = ORIENTED_EDGE ( 'NONE', *, *, #6752, .F. ) ;
#1718 = VERTEX_POINT ( 'NONE', #7647 ) ;
#1719 = FACE_BOUND ( 'NONE', #2917, .T. ) ;
#1720 = ORIENTED_EDGE ( 'NONE', *, *, #301, .T. ) ;
#1721 = DIRECTION ( 'NONE',  ( 0.0000000000000000000, 0.0000000000000000000, -1.000000000000000000 ) ) ;
#1722 = CARTESIAN_POINT ( 'NONE',  ( 2.000000000000000000, 4.250000000000031086, 0.0000000000000000000 ) ) ;
#1723 = ORIENTED_EDGE ( 'NONE', *, *, #9497, .F. ) ;
#1724 = EDGE_CURVE ( 'NONE', #8065, #7083, #10086, .T. ) ;
#1725 = COLOUR_RGB ( '',0.2862745098039215508, 0.6431372549019607199, 0.8666666666666666963 ) ;
#1726 = DIRECTION ( 'NONE',  ( -6.323770134184271214E-17, 0.9848077530122081313, 0.1736481776669300259 ) ) ;
#1727 = LINE ( 'NONE', #7852, #8395 ) ;
#1728 = CARTESIAN_POINT ( 'NONE',  ( 1.109592952281647449, 6.616355096402057434, 5.194015168276952643 ) ) ;
#1729 = ORIENTED_EDGE ( 'NONE', *, *, #3332, .F. ) ;
#1730 = COLOUR_RGB ( '',0.2862745098039215508, 0.6431372549019607199, 0.8666666666666666963 ) ;
#1731 = VERTEX_POINT ( 'NONE', #9939 ) ;
#1732 =( NAMED_UNIT ( * ) PLANE_ANGLE_UNIT ( ) SI_UNIT ( $, .RADIAN. ) );
#1733 = PRESENTATION_STYLE_ASSIGNMENT (( #7172 ) ) ;
#1734 = PRESENTATION_LAYER_ASSIGNMENT (  '', '', ( #3376 ) ) ;
#1735 = CARTESIAN_POINT ( 'NONE',  ( 7.500000000000000000, 5.950000000000040146, 1.349999999999999867 ) ) ;
#1736 = ORIENTED_EDGE ( 'NONE', *, *, #5850, .T. ) ;
#1737 = EDGE_CURVE ( 'NONE', #1559, #167, #859, .T. ) ;
#1738 = VERTEX_POINT ( 'NONE', #1624 ) ;
#1739 = DIRECTION ( 'NONE',  ( 0.0000000000000000000, 0.0000000000000000000, 1.000000000000000000 ) ) ;
#1740 = CARTESIAN_POINT ( 'NONE',  ( 2.500000000000000000, 2.500000000000010214, 9.999999999999982236 ) ) ;
#1741 = VECTOR ( 'NONE', #10037, 1000.000000000000000 ) ;
#1742 = CARTESIAN_POINT ( 'NONE',  ( 1.001299467198440096, 6.250000000000079936, 5.536292564213420420 ) ) ;
#1743 = DIRECTION ( 'NONE',  ( -1.717547996016639994E-16, 0.0000000000000000000, -1.000000000000000000 ) ) ;
#1744 = CARTESIAN_POINT ( 'NONE',  ( 6.075900883378422712, 6.560463200155849606, 5.313097438219570812 ) ) ;
#1745 = PRESENTATION_LAYER_ASSIGNMENT (  '', '', ( #9705 ) ) ;
#1746 = CARTESIAN_POINT ( 'NONE',  ( 10.30499999999999972, 1.726091832102840007, 6.200000000000001066 ) ) ;
#1747 = AXIS2_PLACEMENT_3D ( 'NONE', #3262, #2506, #7266 ) ;
#1748 = ORIENTED_EDGE ( 'NONE', *, *, #1737, .F. ) ;
#1749 = EDGE_CURVE ( 'NONE', #2002, #7325, #8069, .T. ) ;
#1750 = CARTESIAN_POINT ( 'NONE',  ( 1.023374480557289745, 6.471514946771709020, 5.653981231910946370 ) ) ;
#1751 = ADVANCED_FACE ( 'NONE', ( #4049 ), #6398, .F. ) ;
#1752 = LINE ( 'NONE', #744, #8404 ) ;
#1753 = MECHANICAL_DESIGN_GEOMETRIC_PRESENTATION_REPRESENTATION (  '', ( #7722 ), #5906 ) ;
#1754 = DIRECTION ( 'NONE',  ( 0.0000000000000000000, 0.0000000000000000000, 1.000000000000000000 ) ) ;
#1755 =( NAMED_UNIT ( * ) PLANE_ANGLE_UNIT ( ) SI_UNIT ( $, .RADIAN. ) );
#1756 = ORIENTED_EDGE ( 'NONE', *, *, #3406, .F. ) ;
#1757 = CARTESIAN_POINT ( 'NONE',  ( 5.993858608708464430, 6.250000000000039968, 5.699344090454418144 ) ) ;
#1758 = CARTESIAN_POINT ( 'NONE',  ( 2.500000000000000000, 5.999999999999990230, 9.999999999999996447 ) ) ;
#1759 = DIRECTION ( 'NONE',  ( 0.0000000000000000000, 0.0000000000000000000, 1.000000000000000000 ) ) ;
#1760 = VECTOR ( 'NONE', #6405, 1000.000000000000000 ) ;
#1761 = DIRECTION ( 'NONE',  ( 0.0000000000000000000, 0.0000000000000000000, -1.000000000000000000 ) ) ;
#1762 = FACE_OUTER_BOUND ( 'NONE', #4969, .T. ) ;
#1763 =( LENGTH_UNIT ( ) NAMED_UNIT ( * ) SI_UNIT ( .MILLI., .METRE. ) );
#1764 = CARTESIAN_POINT ( 'NONE',  ( -0.8000000000000000444, 3.850000000000010303, 8.800000000000009592 ) ) ;
#1765 = MECHANICAL_DESIGN_GEOMETRIC_PRESENTATION_REPRESENTATION (  '', ( #2105 ), #2774 ) ;
#1766 = VERTEX_POINT ( 'NONE', #9524 ) ;
#1767 = CARTESIAN_POINT ( 'NONE',  ( -0.9371073885649334745, 3.850000000000010303, 9.314249409999250773 ) ) ;
#1768 = PRODUCT ( 'TB002-500-03P_Blue - S', 'TB002-500-03P_Blue - S', '', ( #5547 ) ) ;
#1769 = VERTEX_POINT ( 'NONE', #160 ) ;
#1770 = DIRECTION ( 'NONE',  ( 0.0000000000000000000, 1.000000000000000000, 0.0000000000000000000 ) ) ;
#1771 = VERTEX_POINT ( 'NONE', #7065 ) ;
#1772 = ADVANCED_FACE ( 'NONE', ( #2509 ), #2079, .T. ) ;
#1773 = AXIS2_PLACEMENT_3D ( 'NONE', #8334, #1013, #6710 ) ;
#1774 = DIRECTION ( 'NONE',  ( -1.000000000000000000, 0.0000000000000000000, 0.0000000000000000000 ) ) ;
#1775 = ORIENTED_EDGE ( 'NONE', *, *, #6063, .F. ) ;
#1776 = DIRECTION ( 'NONE',  ( 0.0000000000000000000, 0.0000000000000000000, -1.000000000000000000 ) ) ;
#1777 = DIRECTION ( 'NONE',  ( -1.000000000000000000, -5.580452358381269806E-16, 0.0000000000000000000 ) ) ;
#1778 = ORIENTED_EDGE ( 'NONE', *, *, #9919, .F. ) ;
#1779 = CARTESIAN_POINT ( 'NONE',  ( 10.00000000000000000, 0.9499999999999999556, 6.200000000000001066 ) ) ;
#1780 = EDGE_LOOP ( 'NONE', ( #8813, #8161, #9820, #10131 ) ) ;
#1781 = ORIENTED_EDGE ( 'NONE', *, *, #292, .F. ) ;
#1782 = CARTESIAN_POINT ( 'NONE',  ( 6.128298252077120090, 6.620978138265459556, 5.127902589497660202 ) ) ;
#1783 = EDGE_CURVE ( 'NONE', #364, #7602, #9831, .T. ) ;
#1784 = DIRECTION ( 'NONE',  ( 1.000000000000000000, 0.0000000000000000000, -4.231032868236119855E-16 ) ) ;
#1785 = VERTEX_POINT ( 'NONE', #2296 ) ;
#1786 = STYLED_ITEM ( 'NONE', ( #3457 ), #2909 ) ;
#1787 = EDGE_LOOP ( 'NONE', ( #10186, #4618, #6244, #4395 ) ) ;
#1788 = CARTESIAN_POINT ( 'NONE',  ( 5.993858608708461766, 6.250000000000034639, 5.699344090454418144 ) ) ;
#1789 = DIRECTION ( 'NONE',  ( -1.000000000000000000, 0.0000000000000000000, 0.0000000000000000000 ) ) ;
#1790 = CARTESIAN_POINT ( 'NONE',  ( 1.449999999999999956, 5.950000000000040146, 2.800000000000019806 ) ) ;
#1791 = DIRECTION ( 'NONE',  ( 0.0000000000000000000, 0.0000000000000000000, 1.000000000000000000 ) ) ;
#1792 = LINE ( 'NONE', #4959, #9548 ) ;
#1793 = CIRCLE ( 'NONE', #1961, 0.4999999999999995559 ) ;
#1794 = DIRECTION ( 'NONE',  ( -0.3481553119113969808, 0.8703882797784889824, 0.3481553119113949823 ) ) ;
#1795 = EDGE_CURVE ( 'NONE', #5692, #1371, #7222, .T. ) ;
#1796 = ORIENTED_EDGE ( 'NONE', *, *, #7454, .T. ) ;
#1797 = CARTESIAN_POINT ( 'NONE',  ( 3.549999999999999822, 6.405650476444289865, 3.372082935692199968 ) ) ;
#1798 = CIRCLE ( 'NONE', #2462, 0.4999999999999995559 ) ;
#1799 = DIRECTION ( 'NONE',  ( -0.9622281902964742173, 0.0000000000000000000, 0.2722442098535290400 ) ) ;
#1800 = DIRECTION ( 'NONE',  ( 0.0000000000000000000, 1.000000000000000000, 0.0000000000000000000 ) ) ;
#1801 = VERTEX_POINT ( 'NONE', #3892 ) ;
#1802 = DIRECTION ( 'NONE',  ( 0.0000000000000000000, 0.3713906763541028888, -0.9284766908852596368 ) ) ;
#1803 = CARTESIAN_POINT ( 'NONE',  ( 0.8013880889269690000, 6.089357963934170392, 5.509803114629489684 ) ) ;
#1804 = EDGE_CURVE ( 'NONE', #5193, #1671, #8847, .T. ) ;
#1805 =( NAMED_UNIT ( * ) PLANE_ANGLE_UNIT ( ) SI_UNIT ( $, .RADIAN. ) );
#1806 = EDGE_CURVE ( 'NONE', #7083, #7544, #1727, .T. ) ;
#1807 = CARTESIAN_POINT ( 'NONE',  ( 3.549999999999999822, 6.700487189948059807, 3.990870176997180607 ) ) ;
#1808 = AXIS2_PLACEMENT_3D ( 'NONE', #976, #9688, #4167 ) ;
#1809 = DIRECTION ( 'NONE',  ( 0.0000000000000000000, 0.9975640502598243087, 0.06975647374412512203 ) ) ;
#1810 = STYLED_ITEM ( 'NONE', ( #8035 ), #4018 ) ;
#1811 = ORIENTED_EDGE ( 'NONE', *, *, #6682, .F. ) ;
#1812 = CARTESIAN_POINT ( 'NONE',  ( 0.9060895252062000083, 4.650000000000010125, 8.893318922984189356 ) ) ;
#1813 = PLANE ( 'NONE',  #5592 ) ;
#1814 = ORIENTED_EDGE ( 'NONE', *, *, #6189, .F. ) ;
#1815 = DIRECTION ( 'NONE',  ( -1.000000000000000000, 0.0000000000000000000, 0.0000000000000000000 ) ) ;
#1816 = ORIENTED_EDGE ( 'NONE', *, *, #8327, .T. ) ;
#1817 = VECTOR ( 'NONE', #4086, 1000.000000000000000 ) ;
#1818 = CARTESIAN_POINT ( 'NONE',  ( 7.500000000000000000, 2.500000000000010214, 9.999999999999992895 ) ) ;
#1819 = CARTESIAN_POINT ( 'NONE',  ( 1.005392207408169147, 6.250000000000031086, 5.499015461808847149 ) ) ;
#1820 = EDGE_LOOP ( 'NONE', ( #4754, #5100, #5929, #3737 ) ) ;
#1821 = VECTOR ( 'NONE', #8986, 1000.000000000000000 ) ;
#1822 = LINE ( 'NONE', #3625, #115 ) ;
#1823 = DIRECTION ( 'NONE',  ( 0.0000000000000000000, 0.0000000000000000000, -1.000000000000000000 ) ) ;
#1824 = CARTESIAN_POINT ( 'NONE',  ( -0.5000000000000000000, 6.700487189948059807, 3.990870176997169949 ) ) ;
#1825 = EDGE_CURVE ( 'NONE', #1671, #4251, #3838, .T. ) ;
#1826 = ORIENTED_EDGE ( 'NONE', *, *, #8477, .T. ) ;
#1827 = FACE_OUTER_BOUND ( 'NONE', #7108, .T. ) ;
#1828 = VECTOR ( 'NONE', #4468, 1000.000000000000000 ) ;
#1829 = VERTEX_POINT ( 'NONE', #6294 ) ;
#1830 = ORIENTED_EDGE ( 'NONE', *, *, #3071, .F. ) ;
#1831 = CARTESIAN_POINT ( 'NONE',  ( 3.972678822233633777, 6.293409039702112295, 5.495964165885531827 ) ) ;
#1832 = CARTESIAN_POINT ( 'NONE',  ( 15.00000000000000000, 1.990236984239069917, 10.00000000000000000 ) ) ;
#1833 = CARTESIAN_POINT ( 'NONE',  ( 0.0000000000000000000, 7.750000000000000000, 6.200000000000001066 ) ) ;
#1834 = ORIENTED_EDGE ( 'NONE', *, *, #4799, .F. ) ;
#1835 = ORIENTED_EDGE ( 'NONE', *, *, #4305, .T. ) ;
#1836 = CARTESIAN_POINT ( 'NONE',  ( -4.006141391291535570, 6.250000000000041744, 5.699344090454425249 ) ) ;
#1837 = CARTESIAN_POINT ( 'NONE',  ( 7.750000000000000000, 4.250000000000031086, -4.349999999999999645 ) ) ;
#1838 = EDGE_CURVE ( 'NONE', #6985, #7227, #6887, .T. ) ;
#1839 = CARTESIAN_POINT ( 'NONE',  ( 10.50000000000000000, 1.838675134594820015, 6.200000000000001066 ) ) ;
#1840 = CARTESIAN_POINT ( 'NONE',  ( 2.500000000000000000, 4.250000000000009770, 9.500000000000010658 ) ) ;
#1841 = DIRECTION ( 'NONE',  ( 0.0000000000000000000, -1.000000000000000000, 0.0000000000000000000 ) ) ;
#1842 = DIRECTION ( 'NONE',  ( 0.0000000000000000000, 1.000000000000000000, 0.0000000000000000000 ) ) ;
#1843 = ORIENTED_EDGE ( 'NONE', *, *, #1960, .T. ) ;
#1844 =( LENGTH_UNIT ( ) NAMED_UNIT ( * ) SI_UNIT ( .MILLI., .METRE. ) );
#1845 = PRODUCT_DEFINITION_SHAPE ( 'NONE', 'NONE',  #5824 ) ;
#1846 = DIRECTION ( 'NONE',  ( 0.0000000000000000000, 0.0000000000000000000, 1.000000000000000000 ) ) ;
#1847 = CARTESIAN_POINT ( 'NONE',  ( 6.302467390493500687, 6.864512672020650186, 4.512313905521380342 ) ) ;
#1848 = EDGE_CURVE ( 'NONE', #5102, #7978, #4738, .T. ) ;
#1849 = DIRECTION ( 'NONE',  ( 0.0000000000000000000, -1.000000000000000000, 0.0000000000000000000 ) ) ;
#1850 = ORIENTED_EDGE ( 'NONE', *, *, #5425, .T. ) ;
#1851 = DIRECTION ( 'NONE',  ( -1.000000000000000000, 0.0000000000000000000, 0.0000000000000000000 ) ) ;
#1852 = FILL_AREA_STYLE ('',( #1150 ) ) ;
#1853 = UNCERTAINTY_MEASURE_WITH_UNIT (LENGTH_MEASURE( 1.000000000000000082E-05 ), #3375, 'distance_accuracy_value', 'NONE');
#1854 = CARTESIAN_POINT ( 'NONE',  ( 7.500000000000000000, 5.950000000000040146, 4.150000000000000355 ) ) ;
#1855 = DIRECTION ( 'NONE',  ( 0.0000000000000000000, 0.0000000000000000000, 1.000000000000000000 ) ) ;
#1856 = EDGE_CURVE ( 'NONE', #2918, #3569, #3420, .T. ) ;
#1857 = EDGE_CURVE ( 'NONE', #4159, #6850, #2562, .T. ) ;
#1858 = VECTOR ( 'NONE', #9690, 1000.000000000000000 ) ;
#1859 = DIRECTION ( 'NONE',  ( 0.0000000000000000000, 1.000000000000000000, 0.0000000000000000000 ) ) ;
#1860 = FILL_AREA_STYLE_COLOUR ( '', #8739 ) ;
#1861 = ORIENTED_EDGE ( 'NONE', *, *, #7490, .T. ) ;
#1862 = LINE ( 'NONE', #451, #8514 ) ;
#1863 = DIRECTION ( 'NONE',  ( 1.000000000000000000, 0.0000000000000000000, 0.0000000000000000000 ) ) ;
#1864 = CARTESIAN_POINT ( 'NONE',  ( 9.068650814757519996, 3.850000000000010303, 9.236151811976069936 ) ) ;
#1865 = ORIENTED_EDGE ( 'NONE', *, *, #8913, .T. ) ;
#1866 = DIRECTION ( 'NONE',  ( 0.0000000000000000000, 0.0000000000000000000, 1.000000000000000000 ) ) ;
#1867 = VERTEX_POINT ( 'NONE', #4310 ) ;
#1868 = CIRCLE ( 'NONE', #6686, 1.749999999999999778 ) ;
#1869 =( NAMED_UNIT ( * ) SI_UNIT ( $, .STERADIAN. ) SOLID_ANGLE_UNIT ( ) );
#1870 = ORIENTED_EDGE ( 'NONE', *, *, #10181, .F. ) ;
#1871 = FACE_OUTER_BOUND ( 'NONE', #8741, .T. ) ;
#1872 = EDGE_CURVE ( 'NONE', #3106, #5523, #1010, .T. ) ;
#1873 = EDGE_CURVE ( 'NONE', #751, #2974, #413, .T. ) ;
#1874 = PLANE ( 'NONE',  #4400 ) ;
#1875 = CARTESIAN_POINT ( 'NONE',  ( 6.075900883378420048, -1.462314593354880232, 5.313097438219569923 ) ) ;
#1876 = PRESENTATION_LAYER_ASSIGNMENT (  '', '', ( #4020 ) ) ;
#1877 = ORIENTED_EDGE ( 'NONE', *, *, #1338, .F. ) ;
#1878 = CARTESIAN_POINT ( 'NONE',  ( 9.550000000000000711, 6.250000000000031086, 0.6500000000000289990 ) ) ;
#1879 = AXIS2_PLACEMENT_3D ( 'NONE', #1509, #7008, #6287 ) ;
#1880 = ORIENTED_EDGE ( 'NONE', *, *, #9664, .F. ) ;
#1881 = ORIENTED_EDGE ( 'NONE', *, *, #1825, .F. ) ;
#1882 = CARTESIAN_POINT ( 'NONE',  ( 9.199999999999999289, 3.850000000000010303, 9.500000000000000000 ) ) ;
#1883 = PLANE ( 'NONE',  #3712 ) ;
#1884 = CARTESIAN_POINT ( 'NONE',  ( 7.500000000000000000, 4.250000000000031086, 0.7499999999999960032 ) ) ;
#1885 = CARTESIAN_POINT ( 'NONE',  ( -0.8992189406417899766, 3.850000000000010303, 8.800000000000009592 ) ) ;
#1886 = AXIS2_PLACEMENT_3D ( 'NONE', #8509, #1394, #28 ) ;
#1887 = ORIENTED_EDGE ( 'NONE', *, *, #9318, .T. ) ;
#1888 = ORIENTED_EDGE ( 'NONE', *, *, #3332, .T. ) ;
#1889 = CARTESIAN_POINT ( 'NONE',  ( 3.958131431689385860, 3.850000000000009859, 9.481228347016354974 ) ) ;
#1890 = CARTESIAN_POINT ( 'NONE',  ( 10.00000000000000000, 0.9499999999999999556, 0.0000000000000000000 ) ) ;
#1891 = STYLED_ITEM ( 'NONE', ( #8149 ), #16 ) ;
#1892 = CARTESIAN_POINT ( 'NONE',  ( 2.500000000000000000, 4.250000000000009770, 9.314249409997579221 ) ) ;
#1893 = CARTESIAN_POINT ( 'NONE',  ( 6.047237146905954930, 6.457750997099133805, 5.432878492312099183 ) ) ;
#1894 = CARTESIAN_POINT ( 'NONE',  ( 0.9129626948656101026, 3.850000000000010303, 8.986637655680240755 ) ) ;
#1895 = AXIS2_PLACEMENT_3D ( 'NONE', #1032, #5118, #1191 ) ;
#1896 = CARTESIAN_POINT ( 'NONE',  ( 5.931349185249819911, 4.650000000000010125, 9.236151811974419701 ) ) ;
#1897 = EDGE_CURVE ( 'NONE', #553, #8800, #6653, .T. ) ;
#1898 = EDGE_CURVE ( 'NONE', #1506, #5692, #10194, .T. ) ;
#1899 =( GEOMETRIC_REPRESENTATION_CONTEXT ( 3 ) GLOBAL_UNCERTAINTY_ASSIGNED_CONTEXT ( ( #348 ) ) GLOBAL_UNIT_ASSIGNED_CONTEXT ( ( #10096, #6202, #3695 ) ) REPRESENTATION_CONTEXT ( 'NONE', 'WORKASPACE' ) );
#1900 = ORIENTED_EDGE ( 'NONE', *, *, #2308, .T. ) ;
#1901 = CARTESIAN_POINT ( 'NONE',  ( -1.449999999999999956, 6.900812423267500328, 3.990870176997180607 ) ) ;
#1902 = CARTESIAN_POINT ( 'NONE',  ( 4.034447604600113202, 4.650000000000011902, 9.413837825582238139 ) ) ;
#1903 = CARTESIAN_POINT ( 'NONE',  ( 7.750000000000000000, 4.250000000000031086, -4.349999999999999645 ) ) ;
#1904 = CARTESIAN_POINT ( 'NONE',  ( 6.143990033716241861, 3.850000000000008527, 9.500000000000000000 ) ) ;
#1905 = STYLED_ITEM ( 'NONE', ( #6208 ), #1318 ) ;
#1906 = EDGE_LOOP ( 'NONE', ( #3921, #9624, #318, #3103, #3010, #5795, #6343, #1861 ) ) ;
#1907 = DIRECTION ( 'NONE',  ( 0.0000000000000000000, 0.9284766908852596368, 0.3713906763541028888 ) ) ;
#1908 = SURFACE_SIDE_STYLE ('',( #4285 ) ) ;
#1909 = COLOUR_RGB ( '',0.2862745098039215508, 0.6431372549019607199, 0.8666666666666666963 ) ;
#1910 = EDGE_CURVE ( 'NONE', #10077, #7645, #1275, .T. ) ;
#1911 = VECTOR ( 'NONE', #3433, 1000.000000000000000 ) ;
#1912 = CARTESIAN_POINT ( 'NONE',  ( 6.450000000000000178, -1.462314593354880232, 3.990870176997169949 ) ) ;
#1913 = CARTESIAN_POINT ( 'NONE',  ( -3.549999999999999822, 6.301461569844129862, 3.962967587499530264 ) ) ;
#1914 = CIRCLE ( 'NONE', #9711, 1.613267899285889984 ) ;
#1915 =( LENGTH_UNIT ( ) NAMED_UNIT ( * ) SI_UNIT ( .MILLI., .METRE. ) );
#1916 = EDGE_LOOP ( 'NONE', ( #8289, #4523, #2244, #6493, #5500, #8954 ) ) ;
#1917 = CARTESIAN_POINT ( 'NONE',  ( -1.023878904968791081, 6.379292657753694584, 5.607444991927493128 ) ) ;
#1918 = LINE ( 'NONE', #8996, #495 ) ;
#1919 = AXIS2_PLACEMENT_3D ( 'NONE', #2914, #7537, #2815 ) ;
#1920 = DIRECTION ( 'NONE',  ( 1.000000000000000000, 0.0000000000000000000, 0.0000000000000000000 ) ) ;
#1921 = VECTOR ( 'NONE', #357, 1000.000000000000000 ) ;
#1922 = ORIENTED_EDGE ( 'NONE', *, *, #8204, .T. ) ;
#1923 = FACE_OUTER_BOUND ( 'NONE', #51, .T. ) ;
#1924 = ORIENTED_EDGE ( 'NONE', *, *, #7745, .F. ) ;
#1925 = EDGE_CURVE ( 'NONE', #9762, #9807, #3316, .T. ) ;
#1926 = CARTESIAN_POINT ( 'NONE',  ( -4.580000000000000071, 1.652376043070270084, 6.200000000000001066 ) ) ;
#1927 = DIRECTION ( 'NONE',  ( 0.0000000000000000000, 0.0000000000000000000, 1.000000000000000000 ) ) ;
#1928 = ORIENTED_EDGE ( 'NONE', *, *, #253, .T. ) ;
#1929 = AXIS2_PLACEMENT_3D ( 'NONE', #4088, #4188, #7469 ) ;
#1930 = VECTOR ( 'NONE', #8080, 1000.000000000000000 ) ;
#1931 = CARTESIAN_POINT ( 'NONE',  ( 8.550000000000000711, 6.900812423267500328, 3.990870176997169949 ) ) ;
#1932 = CARTESIAN_POINT ( 'NONE',  ( 5.965151515151520201, 5.962121212121219926, 5.184848484848489925 ) ) ;
#1933 = ORIENTED_EDGE ( 'NONE', *, *, #1, .F. ) ;
#1934 = FACE_OUTER_BOUND ( 'NONE', #5068, .T. ) ;
#1935 = VERTEX_POINT ( 'NONE', #367 ) ;
#1936 = ORIENTED_EDGE ( 'NONE', *, *, #9708, .F. ) ;
#1937 = FACE_BOUND ( 'NONE', #2690, .T. ) ;
#1938 = CIRCLE ( 'NONE', #9410, 1.599999999999999867 ) ;
#1939 = EDGE_CURVE ( 'NONE', #2967, #407, #4832, .T. ) ;
#1940 = ADVANCED_FACE ( 'NONE', ( #4940 ), #1874, .T. ) ;
#1941 = CARTESIAN_POINT ( 'NONE',  ( 2.500000000000000000, 4.250000000000009770, 9.314249409997589879 ) ) ;
#1942 = SURFACE_STYLE_FILL_AREA ( #5992 ) ;
#1943 = ORIENTED_EDGE ( 'NONE', *, *, #2238, .F. ) ;
#1944 = VERTEX_POINT ( 'NONE', #2768 ) ;
#1945 = FACE_OUTER_BOUND ( 'NONE', #6205, .T. ) ;
#1946 = PRESENTATION_LAYER_ASSIGNMENT (  '', '', ( #6417 ) ) ;
#1947 = PRESENTATION_STYLE_ASSIGNMENT (( #520 ) ) ;
#1948 = CARTESIAN_POINT ( 'NONE',  ( 5.965151515151520201, 5.962121212121219926, 5.184848484848489925 ) ) ;
#1949 = MANIFOLD_SOLID_BREP ( 'Imported1', #1062 ) ;
#1950 = CARTESIAN_POINT ( 'NONE',  ( 2.250000000000000444, 4.250000000000031086, -4.349999999999999645 ) ) ;
#1951 = CARTESIAN_POINT ( 'NONE',  ( -2.500000000000000000, 9.550000000000029132, 1.349999999999999867 ) ) ;
#1952 = CARTESIAN_POINT ( 'NONE',  ( -2.500000000000000000, 9.550000000000029132, 2.750000000000000000 ) ) ;
#1953 = VECTOR ( 'NONE', #6237, 1000.000000000000000 ) ;
#1954 = ORIENTED_EDGE ( 'NONE', *, *, #4305, .F. ) ;
#1955 = CARTESIAN_POINT ( 'NONE',  ( 9.001925068377740757, 6.250000000000079936, 5.573699898803351260 ) ) ;
#1956 = CARTESIAN_POINT ( 'NONE',  ( 8.996623964658530426, 6.250000000000079936, 5.516661212398769720 ) ) ;
#1957 = LINE ( 'NONE', #1036, #6122 ) ;
#1958 = CARTESIAN_POINT ( 'NONE',  ( -2.500000000000000000, 5.949999999885354995, 8.100000000000010303 ) ) ;
#1959 = CARTESIAN_POINT ( 'NONE',  ( 8.958131431689386304, 3.850000000000009859, 9.481228347016346092 ) ) ;
#1960 = EDGE_CURVE ( 'NONE', #7955, #6823, #10048, .T. ) ;
#1961 = AXIS2_PLACEMENT_3D ( 'NONE', #4264, #6663, #2722 ) ;
#1962 = EDGE_CURVE ( 'NONE', #7937, #5219, #5070, .T. ) ;
#1963 = ORIENTED_EDGE ( 'NONE', *, *, #2727, .T. ) ;
#1964 = DIRECTION ( 'NONE',  ( 0.0000000000000000000, -0.4264192316982558517, -0.9045256429962995615 ) ) ;
#1965 = FACE_OUTER_BOUND ( 'NONE', #5831, .T. ) ;
#1966 = SURFACE_STYLE_USAGE ( .BOTH. , #6687 ) ;
#1967 = CARTESIAN_POINT ( 'NONE',  ( 2.423020349793489903, -1.462314593354880232, 5.694239332014520372 ) ) ;
#1968 = FACE_OUTER_BOUND ( 'NONE', #2089, .T. ) ;
#1969 = DIRECTION ( 'NONE',  ( 0.0000000000000000000, 0.3713906763541028888, -0.9284766908852596368 ) ) ;
#1970 = ADVANCED_FACE ( 'NONE', ( #7372 ), #7384, .T. ) ;
#1971 = ORIENTED_EDGE ( 'NONE', *, *, #2935, .T. ) ;
#1972 = CARTESIAN_POINT ( 'NONE',  ( 2.500000000000000000, 5.999999999999990230, 10.00000000000000711 ) ) ;
#1973 = DIRECTION ( 'NONE',  ( 0.0000000000000000000, 1.000000000000000000, 0.0000000000000000000 ) ) ;
#1974 = ORIENTED_EDGE ( 'NONE', *, *, #3674, .T. ) ;
#1975 = CARTESIAN_POINT ( 'NONE',  ( 5.450000000000009948, 6.250000000000031086, 5.700000000000000178 ) ) ;
#1976 = VERTEX_POINT ( 'NONE', #3673 ) ;
#1977 = PRESENTATION_STYLE_ASSIGNMENT (( #6596 ) ) ;
#1978 = PRESENTATION_STYLE_ASSIGNMENT (( #9114 ) ) ;
#1979 = VERTEX_POINT ( 'NONE', #8480 ) ;
#1980 = VECTOR ( 'NONE', #6310, 1000.000000000000114 ) ;
#1981 = DIRECTION ( 'NONE',  ( 0.0000000000000000000, 0.0000000000000000000, 1.000000000000000000 ) ) ;
#1982 =( BOUNDED_CURVE ( )  B_SPLINE_CURVE ( 3, ( #2685, #5748, #5847, #9035 ),
 .UNSPECIFIED., .F., .T. ) 
 B_SPLINE_CURVE_WITH_KNOTS ( ( 4, 4 ),
 ( 1.640609496874673390, 1.933884111301983344 ),
 .UNSPECIFIED. ) 
 CURVE ( )  GEOMETRIC_REPRESENTATION_ITEM ( )  RATIONAL_B_SPLINE_CURVE ( ( 1.000000000000000000, 0.9928453341064038540, 0.9928453341064038540, 1.000000000000000000 ) ) 
 REPRESENTATION_ITEM ( '' )  );
#1983 = LINE ( 'NONE', #2767, #2735 ) ;
#1984 = SURFACE_STYLE_FILL_AREA ( #6599 ) ;
#1985 = DIRECTION ( 'NONE',  ( 0.0000000000000000000, -1.000000000000000000, 0.0000000000000000000 ) ) ;
#1986 = EDGE_CURVE ( 'NONE', #2877, #9005, #1361, .T. ) ;
#1987 = ORIENTED_EDGE ( 'NONE', *, *, #3046, .F. ) ;
#1988 = VERTEX_POINT ( 'NONE', #10024 ) ;
#1989 = EDGE_LOOP ( 'NONE', ( #6167, #7, #8058, #5554 ) ) ;
#1990 = CARTESIAN_POINT ( 'NONE',  ( -1.023102752391785719, 6.379062758812451328, 5.679065084668917684 ) ) ;
#1991 = AXIS2_PLACEMENT_3D ( 'NONE', #9492, #3804, #4647 ) ;
#1992 =( GEOMETRIC_REPRESENTATION_CONTEXT ( 3 ) GLOBAL_UNCERTAINTY_ASSIGNED_CONTEXT ( ( #4404 ) ) GLOBAL_UNIT_ASSIGNED_CONTEXT ( ( #9725, #8223, #9064 ) ) REPRESENTATION_CONTEXT ( 'NONE', 'WORKASPACE' ) );
#1993 = FACE_BOUND ( 'NONE', #1322, .T. ) ;
#1994 = DIRECTION ( 'NONE',  ( 0.0000000000000000000, -0.4264192316982558517, -0.9045256429962995615 ) ) ;
#1995 = VERTEX_POINT ( 'NONE', #1274 ) ;
#1996 = ORIENTED_EDGE ( 'NONE', *, *, #10006, .T. ) ;
#1997 = COLOUR_RGB ( '',0.2862745098039215508, 0.6431372549019607199, 0.8666666666666666963 ) ;
#1998 = DIRECTION ( 'NONE',  ( 0.3481553119113969808, 0.8703882797784889824, 0.3481553119113949823 ) ) ;
#1999 = VECTOR ( 'NONE', #4773, 1000.000000000000000 ) ;
#2000 =( NAMED_UNIT ( * ) SI_UNIT ( $, .STERADIAN. ) SOLID_ANGLE_UNIT ( ) );
#2001 = ADVANCED_FACE ( 'NONE', ( #2085 ), #5248, .F. ) ;
#2002 = VERTEX_POINT ( 'NONE', #2233 ) ;
#2003 = EDGE_CURVE ( 'NONE', #1976, #4346, #9235, .T. ) ;
#2004 = LINE ( 'NONE', #5062, #1706 ) ;
#2005 = CARTESIAN_POINT ( 'NONE',  ( 0.4500000000000040079, 2.200000000000000178, 5.799999999999999822 ) ) ;
#2006 = PRESENTATION_LAYER_ASSIGNMENT (  '', '', ( #7125 ) ) ;
#2007 = ORIENTED_EDGE ( 'NONE', *, *, #6841, .T. ) ;
#2008 = UNCERTAINTY_MEASURE_WITH_UNIT (LENGTH_MEASURE( 1.000000000000000082E-05 ), #5946, 'distance_accuracy_value', 'NONE');
#2009 = CARTESIAN_POINT ( 'NONE',  ( 9.005306635626549649, 6.250000000000079936, 5.631641418841220492 ) ) ;
#2010 = DIRECTION ( 'NONE',  ( 0.0000000000000000000, 0.0000000000000000000, -1.000000000000000000 ) ) ;
#2011 = CARTESIAN_POINT ( 'NONE',  ( 5.937107388568626298, 3.850000000000009415, 9.314249409997639617 ) ) ;
#2012 = VERTEX_POINT ( 'NONE', #2965 ) ;
#2013 = SURFACE_SIDE_STYLE ('',( #2591 ) ) ;
#2014 = CARTESIAN_POINT ( 'NONE',  ( -0.5000000000000000000, 6.820490948317419644, 5.141853884246489592 ) ) ;
#2015 =( GEOMETRIC_REPRESENTATION_CONTEXT ( 3 ) GLOBAL_UNCERTAINTY_ASSIGNED_CONTEXT ( ( #497 ) ) GLOBAL_UNIT_ASSIGNED_CONTEXT ( ( #4337, #9149, #9040 ) ) REPRESENTATION_CONTEXT ( 'NONE', 'WORKASPACE' ) );
#2016 = ADVANCED_FACE ( 'NONE', ( #8384 ), #9214, .T. ) ;
#2017 = B_SPLINE_CURVE_WITH_KNOTS ( 'NONE', 3,
 ( #6788, #5466, #9905, #1959, #5959, #9848 ),
 .UNSPECIFIED., .F., .F.,
 ( 4, 2, 4 ),
 ( 5.717775942840636977E-16, 0.0001520665957077848218, 0.0003041331914149978354 ),
 .UNSPECIFIED. ) ;
#2018 = CARTESIAN_POINT ( 'NONE',  ( 2.500000000000000000, 2.500000000000000444, 9.999999999999992895 ) ) ;
#2019 = CARTESIAN_POINT ( 'NONE',  ( -4.450000000000000178, 1.877542648054139951, 6.200000000000001066 ) ) ;
#2020 = UNCERTAINTY_MEASURE_WITH_UNIT (LENGTH_MEASURE( 1.000000000000000082E-05 ), #7181, 'distance_accuracy_value', 'NONE');
#2021 = LINE ( 'NONE', #5918, #6381 ) ;
#2022 = FACE_OUTER_BOUND ( 'NONE', #9080, .T. ) ;
#2023 = ORIENTED_EDGE ( 'NONE', *, *, #4707, .F. ) ;
#2024 = CARTESIAN_POINT ( 'NONE',  ( 0.9060895252061991201, 3.850000000000010303, 8.893318922984189356 ) ) ;
#2025 = DIRECTION ( 'NONE',  ( 0.0000000000000000000, -1.000000000000000000, 0.0000000000000000000 ) ) ;
#2026 = ORIENTED_EDGE ( 'NONE', *, *, #9249, .T. ) ;
#2027 = ORIENTED_EDGE ( 'NONE', *, *, #7074, .T. ) ;
#2028 = VECTOR ( 'NONE', #7930, 1000.000000000000000 ) ;
#2029 = EDGE_CURVE ( 'NONE', #3314, #1738, #6179, .T. ) ;
#2030 = ADVANCED_FACE ( 'NONE', ( #6330 ), #6383, .T. ) ;
#2031 = CARTESIAN_POINT ( 'NONE',  ( 10.50000000000000000, 0.8864914703891380032, 6.200000000000001066 ) ) ;
#2032 = VERTEX_POINT ( 'NONE', #1610 ) ;
#2033 = FILL_AREA_STYLE_COLOUR ( '', #1177 ) ;
#2034 = PLANE ( 'NONE',  #2896 ) ;
#2035 = PRESENTATION_STYLE_ASSIGNMENT (( #2134 ) ) ;
#2036 = CARTESIAN_POINT ( 'NONE',  ( -5.500000000000000000, 6.900000000000019895, 4.004821471746000228 ) ) ;
#2037 = ORIENTED_EDGE ( 'NONE', *, *, #8935, .T. ) ;
#2038 =( NAMED_UNIT ( * ) PLANE_ANGLE_UNIT ( ) SI_UNIT ( $, .RADIAN. ) );
#2039 = ORIENTED_EDGE ( 'NONE', *, *, #6507, .T. ) ;
#2040 = ORIENTED_EDGE ( 'NONE', *, *, #1231, .T. ) ;
#2041 = DIRECTION ( 'NONE',  ( -6.323770134184271214E-17, -0.9848077530122081313, -0.1736481776669300259 ) ) ;
#2042 = CIRCLE ( 'NONE', #7332, 0.2000000000000005107 ) ;
#2043 = CARTESIAN_POINT ( 'NONE',  ( -4.549999999999999822, 6.250000000000031086, 5.700000000000000178 ) ) ;
#2044 = ADVANCED_FACE ( 'NONE', ( #1663 ), #8633, .T. ) ;
#2045 =( BOUNDED_SURFACE ( )  B_SPLINE_SURFACE ( 3, 2, ( 
 ( #7641, #3682, #2920 ),
 ( #4236, #8148, #5075 ),
 ( #7349, #2592, #1803 ),
 ( #4970, #4130, #3402 ) ),
 .UNSPECIFIED., .F., .F., .F. ) 
 B_SPLINE_SURFACE_WITH_KNOTS ( ( 4, 4 ),
 ( 3, 3 ),
 ( 0.0000000000000000000, 1.000000000000000000 ),
 ( 0.0000000000000000000, 1.000000000000000000 ),
 .UNSPECIFIED. ) 
 GEOMETRIC_REPRESENTATION_ITEM ( )  RATIONAL_B_SPLINE_SURFACE ( (
 ( 1.000000000000000000, 0.7864262337499590139, 1.000000000000000000),
 ( 1.000000000000000000, 0.7864474701795289846, 1.000000000000000000),
 ( 1.000000000000000000, 0.7861046529251329851, 1.000000000000000000),
 ( 1.000000000000000000, 0.7854013110680500009, 1.000000000000000000) ) ) 
 REPRESENTATION_ITEM ( '' )  SURFACE ( )  );
#2046 = CARTESIAN_POINT ( 'NONE',  ( 8.976897247608212282, 6.379062758812451328, 5.679065084668919461 ) ) ;
#2047 = SURFACE_STYLE_USAGE ( .BOTH. , #7492 ) ;
#2048 = EDGE_LOOP ( 'NONE', ( #9947, #6357, #8446, #1026 ) ) ;
#2049 = CIRCLE ( 'NONE', #6003, 0.5000000000000000000 ) ;
#2050 = ORIENTED_EDGE ( 'NONE', *, *, #3161, .F. ) ;
#2051 = VECTOR ( 'NONE', #6147, 1000.000000000000000 ) ;
#2052 = DIRECTION ( 'NONE',  ( 1.000000000000000000, 0.0000000000000000000, -5.152643988049919983E-16 ) ) ;
#2053 = ORIENTED_EDGE ( 'NONE', *, *, #656, .F. ) ;
#2054 = CARTESIAN_POINT ( 'NONE',  ( 0.4500000000000040079, 7.250000000000000000, 5.700000000000000178 ) ) ;
#2055 = DIRECTION ( 'NONE',  ( 1.000000000000000000, 0.0000000000000000000, 0.0000000000000000000 ) ) ;
#2056 = SURFACE_STYLE_USAGE ( .BOTH. , #2784 ) ;
#2057 = VECTOR ( 'NONE', #6086, 1000.000000000000000 ) ;
#2058 = EDGE_CURVE ( 'NONE', #10069, #10203, #9416, .T. ) ;
#2059 = EDGE_LOOP ( 'NONE', ( #4748, #4831, #4205, #8375 ) ) ;
#2060 = CARTESIAN_POINT ( 'NONE',  ( 1.075900883378420048, -1.462314593354880232, 5.313097438219569923 ) ) ;
#2061 = FILL_AREA_STYLE_COLOUR ( '', #4626 ) ;
#2062 = AXIS2_PLACEMENT_3D ( 'NONE', #8249, #6729, #9897 ) ;
#2063 = DIRECTION ( 'NONE',  ( 0.8660254037845415143, 0.4999999999998216982, 0.0000000000000000000 ) ) ;
#2064 = ORIENTED_EDGE ( 'NONE', *, *, #9318, .F. ) ;
#2065 = CARTESIAN_POINT ( 'NONE',  ( 0.5500000000000100364, 0.6224573519455459669, 6.200000000000001066 ) ) ;
#2066 = CARTESIAN_POINT ( 'NONE',  ( 3.856009966283758583, 4.650000000000010125, 9.500000000000010658 ) ) ;
#2067 = ADVANCED_FACE ( 'NONE', ( #6435 ), #1434, .T. ) ;
#2068 = AXIS2_PLACEMENT_3D ( 'NONE', #3577, #9923, #9169 ) ;
#2069 = FACE_OUTER_BOUND ( 'NONE', #7189, .T. ) ;
#2070 = CARTESIAN_POINT ( 'NONE',  ( 2.500000000000000000, 5.850000000000009415, 9.500000000000010658 ) ) ;
#2071 = AXIS2_PLACEMENT_3D ( 'NONE', #8879, #1851, #1041 ) ;
#2072 = FACE_OUTER_BOUND ( 'NONE', #1628, .T. ) ;
#2073 = CARTESIAN_POINT ( 'NONE',  ( 7.500000000000000000, 4.250000000000009770, 9.500000000000000000 ) ) ;
#2074 = EDGE_LOOP ( 'NONE', ( #4158, #7556, #6643, #7592 ) ) ;
#2075 = FILL_AREA_STYLE ('',( #4347 ) ) ;
#2076 = DIRECTION ( 'NONE',  ( 0.0000000000000000000, 0.0000000000000000000, 1.000000000000000000 ) ) ;
#2077 = CIRCLE ( 'NONE', #7547, 1.413776159319739989 ) ;
#2078 = ORIENTED_EDGE ( 'NONE', *, *, #6551, .T. ) ;
#2079 = CONICAL_SURFACE ( 'NONE', #2581, 1.599999999999999867, 0.07130746470380971980 ) ;
#2080 = AXIS2_PLACEMENT_3D ( 'NONE', #2682, #7288, #5842 ) ;
#2081 = LINE ( 'NONE', #2031, #4607 ) ;
#2082 = CARTESIAN_POINT ( 'NONE',  ( 6.024296180761087527, 6.556746840807199384, 5.606750848806111520 ) ) ;
#2083 = CARTESIAN_POINT ( 'NONE',  ( 9.100781059358210356, 4.650000000000010125, 8.800000000000000711 ) ) ;
#2084 = DIRECTION ( 'NONE',  ( 0.0000000000000000000, 0.0000000000000000000, -1.000000000000000000 ) ) ;
#2085 = FACE_OUTER_BOUND ( 'NONE', #9995, .T. ) ;
#2086 = STYLED_ITEM ( 'NONE', ( #3626 ), #2001 ) ;
#2087 = CARTESIAN_POINT ( 'NONE',  ( 4.549999999999999822, 2.200000000000000178, 0.6500000000000020206 ) ) ;
#2088 = STYLED_ITEM ( 'NONE', ( #9335 ), #978 ) ;
#2089 = EDGE_LOOP ( 'NONE', ( #3205, #1076, #1543, #8709 ) ) ;
#2090 = EDGE_CURVE ( 'NONE', #6460, #7732, #945, .T. ) ;
#2091 = EDGE_LOOP ( 'NONE', ( #153, #476, #4713, #7694 ) ) ;
#2092 = EDGE_CURVE ( 'NONE', #6823, #7955, #2246, .T. ) ;
#2093 = ORIENTED_EDGE ( 'NONE', *, *, #3815, .T. ) ;
#2094 = CARTESIAN_POINT ( 'NONE',  ( 4.100781059358210356, 4.650000000000010125, 8.800000000000009592 ) ) ;
#2095 = CARTESIAN_POINT ( 'NONE',  ( 0.0000000000000000000, 7.750000000000000000, -2.576321994024960090E-15 ) ) ;
#2096 =( GEOMETRIC_REPRESENTATION_CONTEXT ( 3 ) GLOBAL_UNCERTAINTY_ASSIGNED_CONTEXT ( ( #3771 ) ) GLOBAL_UNIT_ASSIGNED_CONTEXT ( ( #591, #3713, #640 ) ) REPRESENTATION_CONTEXT ( 'NONE', 'WORKASPACE' ) );
#2097 = CARTESIAN_POINT ( 'NONE',  ( 4.549999999999999822, 2.200000000000000178, 0.7500000000000019984 ) ) ;
#2098 = FILL_AREA_STYLE_COLOUR ( '', #1097 ) ;
#2099 = ORIENTED_EDGE ( 'NONE', *, *, #8669, .F. ) ;
#2100 = ORIENTED_EDGE ( 'NONE', *, *, #7187, .T. ) ;
#2101 = LINE ( 'NONE', #10138, #4727 ) ;
#2102 =( NAMED_UNIT ( * ) SI_UNIT ( $, .STERADIAN. ) SOLID_ANGLE_UNIT ( ) );
#2103 = ORIENTED_EDGE ( 'NONE', *, *, #7361, .T. ) ;
#2104 = CARTESIAN_POINT ( 'NONE',  ( 8.924099116621576400, 6.782835288287570208, 5.313097438219570812 ) ) ;
#2105 = STYLED_ITEM ( 'NONE', ( #9799 ), #2356 ) ;
#2106 = ADVANCED_FACE ( 'NONE', ( #3250, #8738 ), #796, .T. ) ;
#2107 = CARTESIAN_POINT ( 'NONE',  ( 6.107736519411112397, 6.816384655952807847, 5.200576600905339575 ) ) ;
#2108 = CARTESIAN_POINT ( 'NONE',  ( 10.00000000000000000, 6.733652732787760442, 9.738256522761860268 ) ) ;
#2109 = ORIENTED_EDGE ( 'NONE', *, *, #5487, .F. ) ;
#2110 = STYLED_ITEM ( 'NONE', ( #1665 ), #2836 ) ;
#2111 = DIRECTION ( 'NONE',  ( 0.0000000000000000000, -3.675221047034999628E-15, 1.000000000000000000 ) ) ;
#2112 = SURFACE_STYLE_USAGE ( .BOTH. , #9441 ) ;
#2113 = CARTESIAN_POINT ( 'NONE',  ( 1.124350997929270068, 6.820490948317419644, 5.141853884246501138 ) ) ;
#2114 = PRESENTATION_STYLE_ASSIGNMENT (( #6211 ) ) ;
#2115 = ADVANCED_FACE ( 'NONE', ( #9561 ), #5603, .T. ) ;
#2116 = ORIENTED_EDGE ( 'NONE', *, *, #3091, .F. ) ;
#2117 = CARTESIAN_POINT ( 'NONE',  ( 10.00000000000000000, 7.150000000000000355, 6.500000000000000888 ) ) ;
#2118 = STYLED_ITEM ( 'NONE', ( #4824 ), #3231 ) ;
#2119 = MANIFOLD_SOLID_BREP ( 'Imported1', #3519 ) ;
#2120 = CARTESIAN_POINT ( 'NONE',  ( -4.449999999999990408, 0.6224573519455459669, 6.200000000000001066 ) ) ;
#2121 = CARTESIAN_POINT ( 'NONE',  ( -0.5000000000000000000, 6.301461569844129862, 3.962967587499530264 ) ) ;
#2122 = UNCERTAINTY_MEASURE_WITH_UNIT (LENGTH_MEASURE( 1.000000000000000082E-05 ), #1844, 'distance_accuracy_value', 'NONE');
#2123 = LINE ( 'NONE', #10161, #7494 ) ;
#2124 = FILL_AREA_STYLE_COLOUR ( '', #7052 ) ;
#2125 = EDGE_CURVE ( 'NONE', #8422, #6578, #3237, .T. ) ;
#2126 = EDGE_LOOP ( 'NONE', ( #6563, #1870, #4843, #9892 ) ) ;
#2127 = CARTESIAN_POINT ( 'NONE',  ( -0.5000000000000000000, 6.370920840910899940, 3.569044486294639995 ) ) ;
#2129 = ADVANCED_FACE ( 'NONE', ( #7357 ), #1714, .T. ) ;
#2128 = FACE_OUTER_BOUND ( 'NONE', #2772, .T. ) ;
#2130 = ORIENTED_EDGE ( 'NONE', *, *, #8925, .T. ) ;
#2131 = UNCERTAINTY_MEASURE_WITH_UNIT (LENGTH_MEASURE( 1.000000000000000082E-05 ), #10173, 'distance_accuracy_value', 'NONE');
#2132 = DIRECTION ( 'NONE',  ( -0.9622281902964742173, 0.0000000000000000000, -0.2722442098535290400 ) ) ;
#2133 = CARTESIAN_POINT ( 'NONE',  ( 7.500000000000000000, 5.850000000000009415, 8.099999999999999645 ) ) ;
#2134 = SURFACE_STYLE_USAGE ( .BOTH. , #9265 ) ;
#2135 = CIRCLE ( 'NONE', #6281, 1.749999999999989786 ) ;
#2136 = ORIENTED_EDGE ( 'NONE', *, *, #1125, .T. ) ;
#2137 = ORIENTED_EDGE ( 'NONE', *, *, #3313, .F. ) ;
#2138 = ORIENTED_EDGE ( 'NONE', *, *, #6064, .F. ) ;
#2139 = FACE_BOUND ( 'NONE', #2937, .T. ) ;
#2140 = CIRCLE ( 'NONE', #6456, 1.400000000000000133 ) ;
#2141 = CARTESIAN_POINT ( 'NONE',  ( -3.994607792591831519, 6.250000000000031086, 5.499015461808847149 ) ) ;
#2142 = VERTEX_POINT ( 'NONE', #9048 ) ;
#2143 = EDGE_CURVE ( 'NONE', #8624, #553, #1272, .T. ) ;
#2144 = B_SPLINE_CURVE_WITH_KNOTS ( 'NONE', 3,
 ( #9890, #275, #8243, #1889, #5738, #4374 ),
 .UNSPECIFIED., .F., .F.,
 ( 4, 2, 4 ),
 ( 5.719861026451309447E-16, 0.0001520665957077899175, 0.0003041331914150078100 ),
 .UNSPECIFIED. ) ;
#2145 = ORIENTED_EDGE ( 'NONE', *, *, #1024, .F. ) ;
#2146 = CARTESIAN_POINT ( 'NONE',  ( 10.00000000000000000, 1.550000000000000266, 0.0000000000000000000 ) ) ;
#2147 = CARTESIAN_POINT ( 'NONE',  ( 3.996623964658529538, 6.250000000000089706, 5.516661212398780378 ) ) ;
#2148 = ORIENTED_EDGE ( 'NONE', *, *, #3859, .F. ) ;
#2149 = AXIS2_PLACEMENT_3D ( 'NONE', #381, #6566, #7446 ) ;
#2150 = CARTESIAN_POINT ( 'NONE',  ( 3.942782050534640259, 6.518894125887869428, 5.379130966345927689 ) ) ;
#2151 = VECTOR ( 'NONE', #9211, 1000.000000000000000 ) ;
#2152 = DIRECTION ( 'NONE',  ( 1.000000000000000000, 2.232180943352509796E-16, 0.0000000000000000000 ) ) ;
#2153 = ORIENTED_EDGE ( 'NONE', *, *, #9405, .F. ) ;
#2154 = CIRCLE ( 'NONE', #8314, 1.700000000000000178 ) ;
#2155 = EDGE_CURVE ( 'NONE', #580, #5188, #6693, .T. ) ;
#2156 = SURFACE_STYLE_USAGE ( .BOTH. , #9287 ) ;
#2157 = ORIENTED_EDGE ( 'NONE', *, *, #9794, .F. ) ;
#2158 = DIRECTION ( 'NONE',  ( 1.000000000000000000, 0.0000000000000000000, 0.0000000000000000000 ) ) ;
#2159 = CARTESIAN_POINT ( 'NONE',  ( -3.976897247869476626, 6.379062758813164535, 5.679065084668725838 ) ) ;
#2160 = DIRECTION ( 'NONE',  ( -3.641714079092569968E-16, 0.0000000000000000000, -1.000000000000000000 ) ) ;
#2161 = ORIENTED_EDGE ( 'NONE', *, *, #6829, .T. ) ;
#2162 = DIRECTION ( 'NONE',  ( 0.0000000000000000000, 0.0000000000000000000, -1.000000000000000000 ) ) ;
#2163 = FACE_BOUND ( 'NONE', #6770, .T. ) ;
#2164 = VECTOR ( 'NONE', #1222, 1000.000000000000000 ) ;
#2165 = DIRECTION ( 'NONE',  ( 1.000000000000000000, 0.0000000000000000000, 0.0000000000000000000 ) ) ;
#2166 = EDGE_CURVE ( 'NONE', #703, #2451, #4736, .T. ) ;
#2167 = DIRECTION ( 'NONE',  ( 0.0000000000000000000, 0.0000000000000000000, 1.000000000000000000 ) ) ;
#2168 = CARTESIAN_POINT ( 'NONE',  ( -0.5000000000000000000, 6.370920840910899940, 3.569044486294639995 ) ) ;
#2169 = CARTESIAN_POINT ( 'NONE',  ( -2.576979650206510097, -1.462314593354880232, 5.694239332014520372 ) ) ;
#2170 = ORIENTED_EDGE ( 'NONE', *, *, #6670, .T. ) ;
#2171 = DIRECTION ( 'NONE',  ( 0.0000000000000000000, 0.0000000000000000000, -1.000000000000000000 ) ) ;
#2172 = DIRECTION ( 'NONE',  ( 2.232180943352509796E-16, -1.000000000000000000, 0.0000000000000000000 ) ) ;
#2173 = ORIENTED_EDGE ( 'NONE', *, *, #2416, .T. ) ;
#2174 = ADVANCED_FACE ( 'NONE', ( #8889 ), #7255, .T. ) ;
#2175 = CARTESIAN_POINT ( 'NONE',  ( 1.022645188653849901, 6.378927305446330465, 5.621766569588309892 ) ) ;
#2176 = SHAPE_REPRESENTATION_RELATIONSHIP ( 'NONE' , 'NONE' ,  #10094, #9153 ) ;
#2177 = DIRECTION ( 'NONE',  ( 0.0000000000000000000, 0.0000000000000000000, 1.000000000000000000 ) ) ;
#2178 = FILL_AREA_STYLE ('',( #4511 ) ) ;
#2179 = EDGE_LOOP ( 'NONE', ( #1703, #6768, #2885, #7495 ) ) ;
#2180 = CARTESIAN_POINT ( 'NONE',  ( 1.041844086465574692, 6.384612859889100100, 5.465433459372670555 ) ) ;
#2181 = ORIENTED_EDGE ( 'NONE', *, *, #3722, .T. ) ;
#2182 = ORIENTED_EDGE ( 'NONE', *, *, #2285, .T. ) ;
#2183 = CARTESIAN_POINT ( 'NONE',  ( -1.051394199219571224, 6.749926635177057932, 5.399714605802423684 ) ) ;
#2184 = PRESENTATION_LAYER_ASSIGNMENT (  '', '', ( #8000 ) ) ;
#2185 = DIRECTION ( 'NONE',  ( -5.152643988049919983E-16, 0.0000000000000000000, -1.000000000000000000 ) ) ;
#2186 =( BOUNDED_SURFACE ( )  B_SPLINE_SURFACE ( 3, 2, ( 
 ( #5440, #737, #3867 ),
 ( #3104, #9257, #7625 ),
 ( #3715, #6273, #9456 ),
 ( #5238, #2904, #8423 ) ),
 .UNSPECIFIED., .F., .F., .F. ) 
 B_SPLINE_SURFACE_WITH_KNOTS ( ( 4, 4 ),
 ( 3, 3 ),
 ( 0.0000000000000000000, 1.000000000000000000 ),
 ( 0.0000000000000000000, 1.000000000000000000 ),
 .UNSPECIFIED. ) 
 GEOMETRIC_REPRESENTATION_ITEM ( )  RATIONAL_B_SPLINE_SURFACE ( (
 ( 1.000000000000000000, 0.7864262290810449807, 1.000000000000000000),
 ( 1.000000000000000000, 0.7864475206358839676, 1.000000000000000000),
 ( 1.000000000000000000, 0.7861047044588309607, 1.000000000000000000),
 ( 1.000000000000000000, 0.7854013101412880005, 1.000000000000000000) ) ) 
 REPRESENTATION_ITEM ( '' )  SURFACE ( )  );
#2187 = ADVANCED_FACE ( 'NONE', ( #995 ), #4141, .T. ) ;
#2188 = DIRECTION ( 'NONE',  ( 0.0000000000000000000, 0.0000000000000000000, 1.000000000000000000 ) ) ;
#2189 = EDGE_CURVE ( 'NONE', #4836, #10177, #2423, .T. ) ;
#2190 = FACE_BOUND ( 'NONE', #3655, .T. ) ;
#2191 = VERTEX_POINT ( 'NONE', #7575 ) ;
#2192 = CIRCLE ( 'NONE', #1696, 0.4999999999999995559 ) ;
#2193 = DIRECTION ( 'NONE',  ( 1.000000000000000000, 2.232180943352509796E-16, 0.0000000000000000000 ) ) ;
#2194 = CARTESIAN_POINT ( 'NONE',  ( 1.042213446764644225, 3.850000000000008971, 9.481490714224463545 ) ) ;
#2195 = MECHANICAL_DESIGN_GEOMETRIC_PRESENTATION_REPRESENTATION (  '', ( #4682 ), #5681 ) ;
#2196 = ORIENTED_EDGE ( 'NONE', *, *, #8935, .F. ) ;
#2197 = DIRECTION ( 'NONE',  ( 0.8660254037844380415, -0.5000000000000009992, 0.0000000000000000000 ) ) ;
#2198 = COLOUR_RGB ( '',0.2862745098039215508, 0.6431372549019607199, 0.8666666666666666963 ) ;
#2199 = CARTESIAN_POINT ( 'NONE',  ( -4.059107220649978309, 3.850000000000008527, 9.365590064580626262 ) ) ;
#2200 = B_SPLINE_CURVE_WITH_KNOTS ( 'NONE', 3,
 ( #9483, #3270, #5569, #2354, #64, #5471 ),
 .UNSPECIFIED., .F., .F.,
 ( 4, 2, 4 ),
 ( 0.0000000000000000000, 0.4556032744929219835, 1.000000000000000000 ),
 .UNSPECIFIED. ) ;
#2201 = CARTESIAN_POINT ( 'NONE',  ( 2.500000000000000000, 4.250000000000009770, 9.314249409997579221 ) ) ;
#2202 = CARTESIAN_POINT ( 'NONE',  ( 2.500000000000000000, 4.250000000000009770, 8.000000000000000000 ) ) ;
#2203 = VECTOR ( 'NONE', #429, 1000.000000000000000 ) ;
#2204 = ORIENTED_EDGE ( 'NONE', *, *, #4138, .T. ) ;
#2205 = CARTESIAN_POINT ( 'NONE',  ( 8.550000000000000711, 6.301461569844129862, 3.962967587499520050 ) ) ;
#2206 = DIRECTION ( 'NONE',  ( 0.0000000000000000000, 0.0000000000000000000, 1.000000000000000000 ) ) ;
#2207 = CARTESIAN_POINT ( 'NONE',  ( 0.4500000000000000666, 2.200000000000000178, 0.6500000000000010214 ) ) ;
#2208 = CARTESIAN_POINT ( 'NONE',  ( 8.924099116621579952, 6.560463200155851382, 5.313097438219569923 ) ) ;
#2209 = VECTOR ( 'NONE', #9791, 1000.000000000000000 ) ;
#2210 = ORIENTED_EDGE ( 'NONE', *, *, #4914, .F. ) ;
#2211 = FACE_OUTER_BOUND ( 'NONE', #8949, .T. ) ;
#2212 = PRESENTATION_STYLE_ASSIGNMENT (( #6159 ) ) ;
#2213 = MECHANICAL_DESIGN_GEOMETRIC_PRESENTATION_REPRESENTATION (  '', ( #7677 ), #8368 ) ;
#2214 = EDGE_CURVE ( 'NONE', #786, #7959, #951, .T. ) ;
#2215 = DIRECTION ( 'NONE',  ( 0.0000000000000000000, -1.000000000000000000, 0.0000000000000000000 ) ) ;
#2216 = ADVANCED_FACE ( 'NONE', ( #3563 ), #6746, .F. ) ;
#2217 = DIRECTION ( 'NONE',  ( -0.9284766908852591927, 0.3713906763541040545, 1.594703279778140325E-16 ) ) ;
#2218 = STYLED_ITEM ( 'NONE', ( #1677 ), #9588 ) ;
#2219 = DIRECTION ( 'NONE',  ( 0.0000000000000000000, -1.000000000000000000, 0.0000000000000000000 ) ) ;
#2220 = FACE_OUTER_BOUND ( 'NONE', #8330, .T. ) ;
#2221 = VERTEX_POINT ( 'NONE', #1310 ) ;
#2222 = FACE_OUTER_BOUND ( 'NONE', #4037, .T. ) ;
#2223 = DIRECTION ( 'NONE',  ( -1.717547996016639994E-16, 0.0000000000000000000, -1.000000000000000000 ) ) ;
#2224 = ADVANCED_FACE ( 'NONE', ( #7523 ), #7670, .T. ) ;
#2225 = EDGE_LOOP ( 'NONE', ( #1668, #2007, #4412, #3640, #7986, #9941, #4780 ) ) ;
#2226 = PRESENTATION_LAYER_ASSIGNMENT (  '', '', ( #8382 ) ) ;
#2227 = UNCERTAINTY_MEASURE_WITH_UNIT (LENGTH_MEASURE( 1.000000000000000082E-05 ), #9018, 'distance_accuracy_value', 'NONE');
#2228 =( GEOMETRIC_REPRESENTATION_CONTEXT ( 3 ) GLOBAL_UNCERTAINTY_ASSIGNED_CONTEXT ( ( #4238 ) ) GLOBAL_UNIT_ASSIGNED_CONTEXT ( ( #9852, #3323, #4108 ) ) REPRESENTATION_CONTEXT ( 'NONE', 'WORKASPACE' ) );
#2229 = DIRECTION ( 'NONE',  ( 0.8660254037844380415, -0.5000000000000009992, 0.0000000000000000000 ) ) ;
#2230 = UNCERTAINTY_MEASURE_WITH_UNIT (LENGTH_MEASURE( 1.000000000000000082E-05 ), #343, 'distance_accuracy_value', 'NONE');
#2231 = CARTESIAN_POINT ( 'NONE',  ( 8.976121095031208696, 6.379292657753694584, 5.607444991927494016 ) ) ;
#2232 =( LENGTH_UNIT ( ) NAMED_UNIT ( * ) SI_UNIT ( .MILLI., .METRE. ) );
#2233 = CARTESIAN_POINT ( 'NONE',  ( 10.00000000000000000, 0.1499999999999999944, 6.388051065821461094 ) ) ;
#2234 = ORIENTED_EDGE ( 'NONE', *, *, #9417, .T. ) ;
#2235 = DIRECTION ( 'NONE',  ( 5.421010862427519212E-16, 0.0000000000000000000, -1.000000000000000000 ) ) ;
#2236 = ORIENTED_EDGE ( 'NONE', *, *, #6173, .T. ) ;
#2237 = VECTOR ( 'NONE', #9131, 1000.000000000000000 ) ;
#2238 = EDGE_CURVE ( 'NONE', #1622, #2642, #2765, .T. ) ;
#2239 = VECTOR ( 'NONE', #6891, 1000.000000000000000 ) ;
#2240 = ORIENTED_EDGE ( 'NONE', *, *, #9020, .F. ) ;
#2241 = SURFACE_SIDE_STYLE ('',( #8391 ) ) ;
#2242 = SURFACE_STYLE_USAGE ( .BOTH. , #9375 ) ;
#2243 = CARTESIAN_POINT ( 'NONE',  ( 2.000000000000000000, 4.250000000000031086, 0.7499999999999981126 ) ) ;
#2244 = ORIENTED_EDGE ( 'NONE', *, *, #395, .F. ) ;
#2245 = B_SPLINE_CURVE_WITH_KNOTS ( 'NONE', 3,
 ( #8252, #286, #8090, #3393 ),
 .UNSPECIFIED., .F., .F.,
 ( 4, 4 ),
 ( 2.431334016083090459E-11, 0.0001342749659830413413 ),
 .UNSPECIFIED. ) ;
#2246 = CIRCLE ( 'NONE', #8056, 0.2499999999999997780 ) ;
#2247 =( GEOMETRIC_REPRESENTATION_CONTEXT ( 3 ) GLOBAL_UNCERTAINTY_ASSIGNED_CONTEXT ( ( #9043 ) ) GLOBAL_UNIT_ASSIGNED_CONTEXT ( ( #2797, #3608, #2848 ) ) REPRESENTATION_CONTEXT ( 'NONE', 'WORKASPACE' ) );
#2248 = SURFACE_SIDE_STYLE ('',( #8493 ) ) ;
#2249 = DIRECTION ( 'NONE',  ( 1.000000000000000000, 0.0000000000000000000, 0.0000000000000000000 ) ) ;
#2250 = VERTEX_POINT ( 'NONE', #9159 ) ;
#2251 = CARTESIAN_POINT ( 'NONE',  ( 10.00000000000000000, 0.9499999999999999556, 0.0000000000000000000 ) ) ;
#2252 = CARTESIAN_POINT ( 'NONE',  ( 4.074407072548710040, 3.850000000000010303, 9.158054070484201503 ) ) ;
#2253 = EDGE_CURVE ( 'NONE', #2601, #7347, #5609, .T. ) ;
#2254 =( BOUNDED_SURFACE ( )  B_SPLINE_SURFACE ( 3, 2, ( 
 ( #6007, #8455, #10103 ),
 ( #2997, #5374, #6886 ),
 ( #2942, #488, #3805 ),
 ( #7566, #6935, #7657 ) ),
 .UNSPECIFIED., .F., .F., .F. ) 
 B_SPLINE_SURFACE_WITH_KNOTS ( ( 4, 4 ),
 ( 3, 3 ),
 ( 0.0000000000000000000, 1.000000000000000000 ),
 ( 0.0000000000000000000, 1.000000000000000000 ),
 .UNSPECIFIED. ) 
 GEOMETRIC_REPRESENTATION_ITEM ( )  RATIONAL_B_SPLINE_SURFACE ( (
 ( 1.000000000000000000, 0.7864262290810449807, 1.000000000000000000),
 ( 1.000000000000000000, 0.7864475206358839676, 1.000000000000000000),
 ( 1.000000000000000000, 0.7861047044588309607, 1.000000000000000000),
 ( 1.000000000000000000, 0.7854013101412880005, 1.000000000000000000) ) ) 
 REPRESENTATION_ITEM ( '' )  SURFACE ( )  );
#2255 = CARTESIAN_POINT ( 'NONE',  ( 9.199999999999999289, 3.850000000000010303, 9.500000000000000000 ) ) ;
#2256 = CARTESIAN_POINT ( 'NONE',  ( -0.5000000000000000000, 6.221952518161529611, 5.100000000000011191 ) ) ;
#2257 = ADVANCED_FACE ( 'NONE', ( #2022 ), #9964, .F. ) ;
#2258 = CARTESIAN_POINT ( 'NONE',  ( 7.576979650206509653, 6.669166114049719596, 5.694239332014509714 ) ) ;
#2259 = AXIS2_PLACEMENT_3D ( 'NONE', #4794, #3825, #9363 ) ;
#2260 = CARTESIAN_POINT ( 'NONE',  ( -4.200000000000000178, 4.650000000000010125, 8.800000000000009592 ) ) ;
#2261 = VERTEX_POINT ( 'NONE', #10212 ) ;
#2262 = CARTESIAN_POINT ( 'NONE',  ( 6.124350997929269624, 6.820490948317419644, 5.141853884246489592 ) ) ;
#2263 = SURFACE_STYLE_FILL_AREA ( #672 ) ;
#2264 = AXIS2_PLACEMENT_3D ( 'NONE', #5865, #7417, #6642 ) ;
#2265 =( LENGTH_UNIT ( ) NAMED_UNIT ( * ) SI_UNIT ( .MILLI., .METRE. ) );
#2266 = CARTESIAN_POINT ( 'NONE',  ( 9.750000000000010658, 7.750000000000000000, 5.900000000000000355 ) ) ;
#2267 = ORIENTED_EDGE ( 'NONE', *, *, #3937, .T. ) ;
#2268 = PRESENTATION_STYLE_ASSIGNMENT (( #3808 ) ) ;
#2269 = DIRECTION ( 'NONE',  ( -1.000000000000000000, 0.0000000000000000000, 3.641714079092569968E-16 ) ) ;
#2270 = CARTESIAN_POINT ( 'NONE',  ( 6.001299467198440318, 6.250000000000079936, 5.536292564213420420 ) ) ;
#2271 = CIRCLE ( 'NONE', #4580, 1.400000000000000133 ) ;
#2272 =( BOUNDED_CURVE ( )  B_SPLINE_CURVE ( 3, ( #4828, #7995, #4187, #8938 ),
 .UNSPECIFIED., .F., .T. ) 
 B_SPLINE_CURVE_WITH_KNOTS ( ( 4, 4 ),
 ( 1.640609496874690931, 1.933884111301997999 ),
 .UNSPECIFIED. ) 
 CURVE ( )  GEOMETRIC_REPRESENTATION_ITEM ( )  RATIONAL_B_SPLINE_CURVE ( ( 1.000000000000000000, 0.9928453341064040760, 0.9928453341064040760, 1.000000000000000000 ) ) 
 REPRESENTATION_ITEM ( '' )  );
#2273 = CARTESIAN_POINT ( 'NONE',  ( -0.4499999999999990119, 7.250000000000000000, 5.700000000000000178 ) ) ;
#2274 = EDGE_CURVE ( 'NONE', #8386, #5028, #9353, .T. ) ;
#2275 = CARTESIAN_POINT ( 'NONE',  ( 7.500000000000000000, 4.250000000000031086, 0.7499999999999960032 ) ) ;
#2276 = FACE_OUTER_BOUND ( 'NONE', #454, .T. ) ;
#2277 = VECTOR ( 'NONE', #4470, 1000.000000000000000 ) ;
#2278 = ORIENTED_EDGE ( 'NONE', *, *, #301, .F. ) ;
#2279 = FACE_OUTER_BOUND ( 'NONE', #5337, .T. ) ;
#2280 = VERTEX_POINT ( 'NONE', #7932 ) ;
#2281 = VECTOR ( 'NONE', #1863, 1000.000000000000000 ) ;
#2282 = SURFACE_SIDE_STYLE ('',( #4771 ) ) ;
#2283 = CARTESIAN_POINT ( 'NONE',  ( 6.143990033716241861, 4.650000000000010125, 9.500000000000000000 ) ) ;
#2285 = EDGE_CURVE ( 'NONE', #8800, #9667, #992, .T. ) ;
#2284 = FACE_OUTER_BOUND ( 'NONE', #7686, .T. ) ;
#2286 = CARTESIAN_POINT ( 'NONE',  ( 2.500000000000000000, 4.250000000000009770, 9.300000000000009592 ) ) ;
#2287 = ORIENTED_EDGE ( 'NONE', *, *, #5553, .T. ) ;
#2288 = CIRCLE ( 'NONE', #2625, 1.700000000000000178 ) ;
#2289 = VERTEX_POINT ( 'NONE', #9550 ) ;
#2290 = ORIENTED_EDGE ( 'NONE', *, *, #1167, .T. ) ;
#2291 = ORIENTED_EDGE ( 'NONE', *, *, #7788, .T. ) ;
#2292 = DIRECTION ( 'NONE',  ( 0.0000000000000000000, 0.0000000000000000000, -1.000000000000000000 ) ) ;
#2293 = EDGE_LOOP ( 'NONE', ( #6286, #5421 ) ) ;
#2294 = AXIS2_PLACEMENT_3D ( 'NONE', #599, #3621, #7780 ) ;
#2295 = ADVANCED_FACE ( 'NONE', ( #6322 ), #8074, .T. ) ;
#2296 = CARTESIAN_POINT ( 'NONE',  ( 5.450000000000000178, 6.250000000000031086, 0.6500000000000040190 ) ) ;
#2297 = LINE ( 'NONE', #61, #9151 ) ;
#2298 = ORIENTED_EDGE ( 'NONE', *, *, #5085, .F. ) ;
#2299 = DIRECTION ( 'NONE',  ( 0.0000000000000000000, 0.07124704990663610626, -0.9974586998365402302 ) ) ;
#2300 = CARTESIAN_POINT ( 'NONE',  ( 5.450000000000009948, 7.250000000000000000, 5.700000000000000178 ) ) ;
#2301 = VERTEX_POINT ( 'NONE', #85 ) ;
#2302 = CARTESIAN_POINT ( 'NONE',  ( 7.500000000000000000, 4.250000000000031086, -3.850000000000000089 ) ) ;
#2303 = CARTESIAN_POINT ( 'NONE',  ( -5.500000000000000000, 6.700487189948059807, 3.990870176997180607 ) ) ;
#2304 = STYLED_ITEM ( 'NONE', ( #577 ), #5231 ) ;
#2305 = CARTESIAN_POINT ( 'NONE',  ( 0.0000000000000000000, 1.990236984239069917, 9.999999999999989342 ) ) ;
#2306 = CARTESIAN_POINT ( 'NONE',  ( 8.871701747922880799, 6.620978138265459556, 5.127902589497660202 ) ) ;
#2307 = ORIENTED_EDGE ( 'NONE', *, *, #3911, .F. ) ;
#2308 = EDGE_CURVE ( 'NONE', #6962, #7178, #909, .T. ) ;
#2309 = DIRECTION ( 'NONE',  ( 0.0000000000000000000, 0.0000000000000000000, -1.000000000000000000 ) ) ;
#2311 = ORIENTED_EDGE ( 'NONE', *, *, #1682, .T. ) ;
#2310 = ADVANCED_FACE ( 'NONE', ( #7883 ), #9454, .T. ) ;
#2312 = STYLED_ITEM ( 'NONE', ( #2879 ), #5696 ) ;
#2313 = CARTESIAN_POINT ( 'NONE',  ( 6.042213446764644225, 3.850000000000008971, 9.481490714224463545 ) ) ;
#2314 = VECTOR ( 'NONE', #8871, 1000.000000000000000 ) ;
#2315 = DIRECTION ( 'NONE',  ( 0.0000000000000000000, -0.9975640502598243087, -0.06975647374412512203 ) ) ;
#2316 = CARTESIAN_POINT ( 'NONE',  ( 10.00000000000000000, 4.900000000000000355, 3.275000000000000355 ) ) ;
#2317 = EDGE_LOOP ( 'NONE', ( #661, #3943, #9879, #4095 ) ) ;
#2318 = LINE ( 'NONE', #9495, #9227 ) ;
#2319 = CARTESIAN_POINT ( 'NONE',  ( 6.003189994461259893, 6.250000000000031086, 5.517634239043990085 ) ) ;
#2320 = VECTOR ( 'NONE', #4486, 1000.000000000000227 ) ;
#2321 = AXIS2_PLACEMENT_3D ( 'NONE', #2711, #2611, #1981 ) ;
#2322 = ADVANCED_FACE ( 'NONE', ( #2220 ), #36, .T. ) ;
#2323 = DIRECTION ( 'NONE',  ( -0.9284766908852600809, 0.3713906763541020561, 1.594703279778140325E-16 ) ) ;
#2324 = PRESENTATION_STYLE_ASSIGNMENT (( #6420 ) ) ;
#2325 = CIRCLE ( 'NONE', #2990, 1.749999999999999778 ) ;
#2326 = DIRECTION ( 'NONE',  ( 0.0000000000000000000, 1.000000000000000000, 0.0000000000000000000 ) ) ;
#2327 = CARTESIAN_POINT ( 'NONE',  ( 10.00000000000000000, 1.800000000000000266, 10.00000000000000000 ) ) ;
#2328 = SURFACE_STYLE_FILL_AREA ( #1600 ) ;
#2329 = CIRCLE ( 'NONE', #844, 1.700000000000000178 ) ;
#2330 = ORIENTED_EDGE ( 'NONE', *, *, #7001, .T. ) ;
#2331 = CARTESIAN_POINT ( 'NONE',  ( 6.001299467198440318, 6.250000000000079936, 5.536292564213420420 ) ) ;
#2332 = ORIENTED_EDGE ( 'NONE', *, *, #5598, .F. ) ;
#2333 = EDGE_CURVE ( 'NONE', #7178, #5073, #552, .T. ) ;
#2334 = AXIS2_PLACEMENT_3D ( 'NONE', #9530, #8708, #116 ) ;
#2335 = PRESENTATION_STYLE_ASSIGNMENT (( #3247 ) ) ;
#2336 = CARTESIAN_POINT ( 'NONE',  ( 0.0000000000000000000, 1.718879291340180027, 9.827925769509480602 ) ) ;
#2337 = CARTESIAN_POINT ( 'NONE',  ( -5.000000000000000000, 7.150000000000000355, 6.500000000000009770 ) ) ;
#2338 =( NAMED_UNIT ( * ) PLANE_ANGLE_UNIT ( ) SI_UNIT ( $, .RADIAN. ) );
#2339 = VERTEX_POINT ( 'NONE', #1495 ) ;
#2340 = CARTESIAN_POINT ( 'NONE',  ( -3.948603374022609191, 6.749929893934167424, 5.399706028596003904 ) ) ;
#2341 = ORIENTED_EDGE ( 'NONE', *, *, #417, .F. ) ;
#2342 = ORIENTED_EDGE ( 'NONE', *, *, #7443, .F. ) ;
#2343 = CARTESIAN_POINT ( 'NONE',  ( 9.550000000000000711, 6.250000000000031086, 0.6500000000000020206 ) ) ;
#2344 = ADVANCED_FACE ( 'NONE', ( #2276 ), #5438, .T. ) ;
#2345 = ORIENTED_EDGE ( 'NONE', *, *, #6216, .T. ) ;
#2346 = ADVANCED_FACE ( 'NONE', ( #7405 ), #2641, .T. ) ;
#2347 = FACE_OUTER_BOUND ( 'NONE', #7524, .T. ) ;
#2348 = DIRECTION ( 'NONE',  ( 0.0000000000000000000, 1.000000000000000000, 0.0000000000000000000 ) ) ;
#2349 = ORIENTED_EDGE ( 'NONE', *, *, #5541, .F. ) ;
#2350 = DIRECTION ( 'NONE',  ( 0.0000000000000000000, 0.0000000000000000000, 1.000000000000000000 ) ) ;
#2351 = VERTEX_POINT ( 'NONE', #4079 ) ;
#2352 = CARTESIAN_POINT ( 'NONE',  ( 1.024296180806220091, 6.556746841721315278, 5.606750848150027444 ) ) ;
#2353 = ORIENTED_EDGE ( 'NONE', *, *, #7966, .F. ) ;
#2354 = CARTESIAN_POINT ( 'NONE',  ( 5.912962694865610658, 3.850000000000010303, 8.986637655680240755 ) ) ;
#2355 = CARTESIAN_POINT ( 'NONE',  ( 9.100781059358210356, 4.650000000000010125, 8.800000000000000711 ) ) ;
#2356 = ADVANCED_FACE ( 'NONE', ( #5852 ), #4023, .T. ) ;
#2357 = AXIS2_PLACEMENT_3D ( 'NONE', #2358, #7075, #18 ) ;
#2358 = CARTESIAN_POINT ( 'NONE',  ( -2.500000000000000000, 4.250000000000009770, 9.314249409997589879 ) ) ;
#2359 = ORIENTED_EDGE ( 'NONE', *, *, #5135, .T. ) ;
#2360 = FILL_AREA_STYLE ('',( #8762 ) ) ;
#2361 = EDGE_LOOP ( 'NONE', ( #6350, #6624, #3986, #8481, #5506, #4502, #8343 ) ) ;
#2362 = DIRECTION ( 'NONE',  ( 0.0000000000000000000, 0.0000000000000000000, -1.000000000000000000 ) ) ;
#2363 = DIRECTION ( 'NONE',  ( -5.580452358381269806E-16, 1.000000000000000000, 0.0000000000000000000 ) ) ;
#2364 =( NAMED_UNIT ( * ) SI_UNIT ( $, .STERADIAN. ) SOLID_ANGLE_UNIT ( ) );
#2365 = ORIENTED_EDGE ( 'NONE', *, *, #6413, .F. ) ;
#2366 = DIRECTION ( 'NONE',  ( -1.000000000000000000, 0.0000000000000000000, 0.0000000000000000000 ) ) ;
#2367 = PLANE ( 'NONE',  #5226 ) ;
#2368 = FILL_AREA_STYLE ('',( #6416 ) ) ;
#2369 = AXIS2_PLACEMENT_3D ( 'NONE', #6199, #6249, #9432 ) ;
#2370 = EDGE_CURVE ( 'NONE', #2250, #2877, #2271, .T. ) ;
#2371 = AXIS2_PLACEMENT_3D ( 'NONE', #6262, #4010, #3139 ) ;
#2372 = CARTESIAN_POINT ( 'NONE',  ( 4.750000000000000000, 7.750000000000000000, 1.760486695917060210E-15 ) ) ;
#2373 = CARTESIAN_POINT ( 'NONE',  ( 2.500000000000000000, 2.500000000000019540, 8.000000000000000000 ) ) ;
#2374 = AXIS2_PLACEMENT_3D ( 'NONE', #1301, #1444, #7612 ) ;
#2375 = COLOUR_RGB ( '',0.2862745098039215508, 0.6431372549019607199, 0.8666666666666666963 ) ;
#2376 = DIRECTION ( 'NONE',  ( -1.000000000000000000, 0.0000000000000000000, 0.0000000000000000000 ) ) ;
#2377 = LINE ( 'NONE', #7931, #9154 ) ;
#2378 =( NAMED_UNIT ( * ) PLANE_ANGLE_UNIT ( ) SI_UNIT ( $, .RADIAN. ) );
#2379 = ORIENTED_EDGE ( 'NONE', *, *, #2214, .T. ) ;
#2380 = FACE_OUTER_BOUND ( 'NONE', #5936, .T. ) ;
#2381 = CARTESIAN_POINT ( 'NONE',  ( -0.9657076557549464368, 3.850000000000010303, 9.413932751395252652 ) ) ;
#2382 = EDGE_CURVE ( 'NONE', #7425, #3284, #4127, .T. ) ;
#2383 = ORIENTED_EDGE ( 'NONE', *, *, #9845, .F. ) ;
#2384 = ADVANCED_FACE ( 'NONE', ( #4392 ), #715, .T. ) ;
#2385 = AXIS2_PLACEMENT_3D ( 'NONE', #6892, #6160, #4544 ) ;
#2386 = CARTESIAN_POINT ( 'NONE',  ( 7.500000000000000000, 2.836223840680269781, 9.500000000000000000 ) ) ;
#2387 = CARTESIAN_POINT ( 'NONE',  ( 1.091769397758584503, 6.595770259307300876, 5.257011279829166384 ) ) ;
#2388 = FILL_AREA_STYLE ('',( #4087 ) ) ;
#2389 = DIRECTION ( 'NONE',  ( -1.000000000000000000, 0.0000000000000000000, 0.0000000000000000000 ) ) ;
#2390 = ORIENTED_EDGE ( 'NONE', *, *, #8076, .T. ) ;
#2391 = CARTESIAN_POINT ( 'NONE',  ( 3.976625506911815489, 6.471519156492279379, 5.653980085903296704 ) ) ;
#2392 = CIRCLE ( 'NONE', #9846, 0.5999999999999998668 ) ;
#2393 = ORIENTED_EDGE ( 'NONE', *, *, #8679, .F. ) ;
#2394 = EDGE_LOOP ( 'NONE', ( #8230, #9739, #418, #6138, #8897, #2821, #7126, #3552 ) ) ;
#2395 = CARTESIAN_POINT ( 'NONE',  ( 6.075900883378422712, 6.560463200155849606, 5.313097438219570812 ) ) ;
#2396 = VERTEX_POINT ( 'NONE', #489 ) ;
#2397 = PRESENTATION_LAYER_ASSIGNMENT (  '', '', ( #5379 ) ) ;
#2398 = CARTESIAN_POINT ( 'NONE',  ( 3.976961065803179984, 6.143414106835629163, 5.701458542790289741 ) ) ;
#2399 = CARTESIAN_POINT ( 'NONE',  ( 3.000000000000000000, 4.250000000000031086, 0.7499999999999981126 ) ) ;
#2400 = COLOUR_RGB ( '',0.2862745098039215508, 0.6431372549019607199, 0.8666666666666666963 ) ;
#2401 = ORIENTED_EDGE ( 'NONE', *, *, #8862, .F. ) ;
#2402 = FILL_AREA_STYLE_COLOUR ( '', #9529 ) ;
#2403 = FILL_AREA_STYLE ('',( #9426 ) ) ;
#2404 = CIRCLE ( 'NONE', #7896, 1.613267899285889984 ) ;
#2405 = EDGE_CURVE ( 'NONE', #2301, #4552, #1430, .T. ) ;
#2406 = ORIENTED_EDGE ( 'NONE', *, *, #1520, .F. ) ;
#2407 = EDGE_LOOP ( 'NONE', ( #8304, #9824, #1971, #5000 ) ) ;
#2408 = PLANE ( 'NONE',  #427 ) ;
#2409 = AXIS2_PLACEMENT_3D ( 'NONE', #9479, #2350, #8698 ) ;
#2410 = CARTESIAN_POINT ( 'NONE',  ( 2.500000000000000000, 5.950000000000040146, 2.750000000000000000 ) ) ;
#2411 = ORIENTED_EDGE ( 'NONE', *, *, #8008, .F. ) ;
#2412 = LINE ( 'NONE', #7761, #1980 ) ;
#2413 = VERTEX_POINT ( 'NONE', #7512 ) ;
#2414 = FACE_OUTER_BOUND ( 'NONE', #2754, .T. ) ;
#2415 = CARTESIAN_POINT ( 'NONE',  ( -5.500000000000000000, 6.620978138265459556, 5.127902589497670860 ) ) ;
#2416 = EDGE_CURVE ( 'NONE', #5621, #6509, #10141, .T. ) ;
#2417 = LINE ( 'NONE', #7029, #262 ) ;
#2418 =( GEOMETRIC_REPRESENTATION_CONTEXT ( 3 ) GLOBAL_UNCERTAINTY_ASSIGNED_CONTEXT ( ( #8356 ) ) GLOBAL_UNIT_ASSIGNED_CONTEXT ( ( #4991, #2663, #7319 ) ) REPRESENTATION_CONTEXT ( 'NONE', 'WORKASPACE' ) );
#2419 = CARTESIAN_POINT ( 'NONE',  ( 7.500000000000000000, 4.250000000000031086, -3.850000000000000089 ) ) ;
#2420 =( NAMED_UNIT ( * ) SI_UNIT ( $, .STERADIAN. ) SOLID_ANGLE_UNIT ( ) );
#2421 =( LENGTH_UNIT ( ) NAMED_UNIT ( * ) SI_UNIT ( .MILLI., .METRE. ) );
#2422 = ORIENTED_EDGE ( 'NONE', *, *, #1428, .F. ) ;
#2423 = CIRCLE ( 'NONE', #7895, 1.413776159319739989 ) ;
#2424 = PRESENTATION_STYLE_ASSIGNMENT (( #7878 ) ) ;
#2425 = EDGE_CURVE ( 'NONE', #1766, #8604, #8541, .T. ) ;
#2426 = DIRECTION ( 'NONE',  ( -1.000000000000000000, 0.0000000000000000000, 0.0000000000000000000 ) ) ;
#2427 = CARTESIAN_POINT ( 'NONE',  ( 8.952762705847817415, 6.457752998432074953, 5.432877601038793358 ) ) ;
#2428 = ORIENTED_EDGE ( 'NONE', *, *, #588, .F. ) ;
#2429 = DIRECTION ( 'NONE',  ( -1.000000000000000000, 0.0000000000000000000, -3.641714079092569968E-16 ) ) ;
#2430 = CARTESIAN_POINT ( 'NONE',  ( -0.8992189406417899766, 4.650000000000010125, 8.800000000000009592 ) ) ;
#2431 = PRESENTATION_LAYER_ASSIGNMENT (  '', '', ( #5581 ) ) ;
#2432 = EDGE_LOOP ( 'NONE', ( #2428, #3984, #6960, #5884 ) ) ;
#2433 =( LENGTH_UNIT ( ) NAMED_UNIT ( * ) SI_UNIT ( .MILLI., .METRE. ) );
#2434 = APPLICATION_PROTOCOL_DEFINITION ( 'draft international standard', 'automotive_design', 1998, #584 ) ;
#2435 = B_SPLINE_CURVE_WITH_KNOTS ( 'NONE', 3,
 ( #1990, #10032, #8337, #6916, #2183, #2822 ),
 .UNSPECIFIED., .F., .F.,
 ( 4, 2, 4 ),
 ( 1.489244195191053096E-11, 0.0002833862612363242397, 0.0005667725075802065990 ),
 .UNSPECIFIED. ) ;
#2436 = VECTOR ( 'NONE', #2615, 1000.000000000000000 ) ;
#2437 = DIRECTION ( 'NONE',  ( 1.000000000000000000, 0.0000000000000000000, 0.0000000000000000000 ) ) ;
#2438 = EDGE_CURVE ( 'NONE', #2915, #6425, #6465, .T. ) ;
#2439 = EDGE_CURVE ( 'NONE', #7786, #3201, #1202, .T. ) ;
#2440 = CARTESIAN_POINT ( 'NONE',  ( -0.5000000000000000000, 6.620978138265459556, 5.127902589497670860 ) ) ;
#2441 = DIRECTION ( 'NONE',  ( 0.0000000000000000000, 0.0000000000000000000, 1.000000000000000000 ) ) ;
#2442 = ORIENTED_EDGE ( 'NONE', *, *, #3217, .F. ) ;
#2443 = FILL_AREA_STYLE ('',( #149 ) ) ;
#2444 = ORIENTED_EDGE ( 'NONE', *, *, #5174, .T. ) ;
#2445 = EDGE_LOOP ( 'NONE', ( #5623, #6212, #5846, #4215 ) ) ;
#2446 = CARTESIAN_POINT ( 'NONE',  ( 2.500000000000000000, 2.650000000000010125, 8.099999999999999645 ) ) ;
#2447 = VECTOR ( 'NONE', #7259, 1000.000000000000000 ) ;
#2448 = EDGE_LOOP ( 'NONE', ( #6256, #3572, #7058, #3628 ) ) ;
#2449 = CARTESIAN_POINT ( 'NONE',  ( 3.996623964658529538, 6.250000000000079936, 5.516661212398769720 ) ) ;
#2450 = CARTESIAN_POINT ( 'NONE',  ( 0.9938586087084702037, 6.250000000000047073, 5.699344090454424361 ) ) ;
#2451 = VERTEX_POINT ( 'NONE', #439 ) ;
#2452 = CARTESIAN_POINT ( 'NONE',  ( -4.100781059358210356, 3.850000000000010303, 8.800000000000009592 ) ) ;
#2453 = DIRECTION ( 'NONE',  ( 0.0000000000000000000, 0.9045256429962995615, -0.4264192316982558517 ) ) ;
#2454 = CARTESIAN_POINT ( 'NONE',  ( 4.200000000000000178, 3.850000000000010303, 8.800000000000000711 ) ) ;
#2455 = EDGE_LOOP ( 'NONE', ( #7593, #3236, #3274, #9694, #9012, #3908, #4882, #8944, #3718, #9521, #10154, #7281, #10085, #1636, #7093 ) ) ;
#2456 = PLANE ( 'NONE',  #1604 ) ;
#2457 = ORIENTED_EDGE ( 'NONE', *, *, #5614, .T. ) ;
#2458 = CARTESIAN_POINT ( 'NONE',  ( -0.1954545454544990013, 7.886363636363641128, 0.3954545454545470573 ) ) ;
#2459 = DIRECTION ( 'NONE',  ( 1.000000000000000000, 0.0000000000000000000, 0.0000000000000000000 ) ) ;
#2460 = DIRECTION ( 'NONE',  ( 1.000000000000000000, 0.0000000000000000000, 0.0000000000000000000 ) ) ;
#2461 = PRODUCT_RELATED_PRODUCT_CATEGORY ( 'part', '', ( #4331 ) ) ;
#2462 = AXIS2_PLACEMENT_3D ( 'NONE', #3770, #6955, #1461 ) ;
#2463 = EDGE_CURVE ( 'NONE', #8500, #9815, #1448, .T. ) ;
#2464 = CARTESIAN_POINT ( 'NONE',  ( 6.008157734995720034, 6.591285235931310993, 5.552530875971450008 ) ) ;
#2465 = ORIENTED_EDGE ( 'NONE', *, *, #6063, .T. ) ;
#2466 = VERTEX_POINT ( 'NONE', #3493 ) ;
#2467 = CARTESIAN_POINT ( 'NONE',  ( 7.249999999999999112, 4.250000000000031086, -4.349999999999999645 ) ) ;
#2468 = CARTESIAN_POINT ( 'NONE',  ( 9.199999999999999289, 3.850000000000010303, 8.800000000000000711 ) ) ;
#2469 = SURFACE_STYLE_FILL_AREA ( #74 ) ;
#2470 = AXIS2_PLACEMENT_3D ( 'NONE', #2544, #8103, #5703 ) ;
#2471 = DIRECTION ( 'NONE',  ( -5.152643988049919983E-16, 0.0000000000000000000, -1.000000000000000000 ) ) ;
#2472 = CARTESIAN_POINT ( 'NONE',  ( 5.793645397510390538, 6.087469678630560210, 5.606236746784570180 ) ) ;
#2473 = PLANE ( 'NONE',  #5043 ) ;
#2474 = EDGE_CURVE ( 'NONE', #6451, #6386, #2017, .T. ) ;
#2475 = VECTOR ( 'NONE', #3396, 1000.000000000000114 ) ;
#2476 = ORIENTED_EDGE ( 'NONE', *, *, #8795, .T. ) ;
#2477 = LINE ( 'NONE', #6219, #6470 ) ;
#2478 = DIRECTION ( 'NONE',  ( 0.0000000000000000000, 0.0000000000000000000, -1.000000000000000000 ) ) ;
#2479 = DIRECTION ( 'NONE',  ( 0.0000000000000000000, -1.000000000000000000, 0.0000000000000000000 ) ) ;
#2480 = PRESENTATION_STYLE_ASSIGNMENT (( #8145 ) ) ;
#2481 = ORIENTED_EDGE ( 'NONE', *, *, #5940, .F. ) ;
#2482 = CARTESIAN_POINT ( 'NONE',  ( 2.500000000000000000, 2.836223840680269781, 9.500000000000000000 ) ) ;
#2483 = AXIS2_PLACEMENT_3D ( 'NONE', #4697, #23, #8712 ) ;
#2484 = VECTOR ( 'NONE', #3060, 1000.000000000000000 ) ;
#2485 = APPLICATION_CONTEXT ( 'automotive_design' ) ;
#2486 = DIRECTION ( 'NONE',  ( 0.0000000000000000000, -0.1736481776669300259, 0.9848077530122081313 ) ) ;
#2487 = ADVANCED_FACE ( 'NONE', ( #5126 ), #322, .T. ) ;
#2488 = VECTOR ( 'NONE', #8519, 1000.000000000000000 ) ;
#2489 = CARTESIAN_POINT ( 'NONE',  ( 3.957786553235370430, 4.650000000000011013, 9.481490714224467098 ) ) ;
#2490 = ITEM_DEFINED_TRANSFORMATION ( 'NONE', 'NONE', #4732,  #619 ) ;
#2491 = AXIS2_PLACEMENT_3D ( 'NONE', #1913, #5917, #1101 ) ;
#2492 = CYLINDRICAL_SURFACE ( 'NONE', #2658, 1.400000000000000133 ) ;
#2493 = FACE_OUTER_BOUND ( 'NONE', #511, .T. ) ;
#2494 = CARTESIAN_POINT ( 'NONE',  ( 8.958131431689484003, 3.850000000000009859, 9.481228347016307012 ) ) ;
#2495 = ORIENTED_EDGE ( 'NONE', *, *, #5240, .T. ) ;
#2496 = CARTESIAN_POINT ( 'NONE',  ( -3.549999999999999822, -1.462314593354880232, 2.800000000000019806 ) ) ;
#2497 = FACE_OUTER_BOUND ( 'NONE', #1376, .T. ) ;
#2498 = ORIENTED_EDGE ( 'NONE', *, *, #4504, .T. ) ;
#2499 = VERTEX_POINT ( 'NONE', #6198 ) ;
#2500 = FACE_OUTER_BOUND ( 'NONE', #378, .T. ) ;
#2501 = AXIS2_PLACEMENT_3D ( 'NONE', #2327, #7090, #133 ) ;
#2502 = ORIENTED_EDGE ( 'NONE', *, *, #4746, .T. ) ;
#2503 = ADVANCED_FACE ( 'NONE', ( #9147 ), #9952, .F. ) ;
#2504 = UNCERTAINTY_MEASURE_WITH_UNIT (LENGTH_MEASURE( 1.000000000000000082E-05 ), #1207, 'distance_accuracy_value', 'NONE');
#2505 = CARTESIAN_POINT ( 'NONE',  ( -4.182760576038930367, 6.093223782856449944, 5.414712191412349718 ) ) ;
#2506 = DIRECTION ( 'NONE',  ( 1.000000000000000000, 0.0000000000000000000, -5.152643988049929844E-16 ) ) ;
#2507 = ORIENTED_EDGE ( 'NONE', *, *, #7226, .T. ) ;
#2508 = CARTESIAN_POINT ( 'NONE',  ( 5.931349185249819911, 4.650000000000010125, 9.236151811974419701 ) ) ;
#2509 = FACE_OUTER_BOUND ( 'NONE', #1906, .T. ) ;
#2510 = CARTESIAN_POINT ( 'NONE',  ( 3.948605800780429664, 6.749926635177060597, 5.399714605802416578 ) ) ;
#2511 = VERTEX_POINT ( 'NONE', #3895 ) ;
#2512 = FILL_AREA_STYLE ('',( #7271 ) ) ;
#2513 = B_SPLINE_CURVE_WITH_KNOTS ( 'NONE', 3,
 ( #9333, #4377, #620, #2982, #2199, #1292 ),
 .UNSPECIFIED., .F., .F.,
 ( 4, 2, 4 ),
 ( 2.168404344971008868E-18, 0.0001521198112224533459, 0.0003042396224449045233 ),
 .UNSPECIFIED. ) ;
#2514 = ORIENTED_EDGE ( 'NONE', *, *, #4698, .F. ) ;
#2515 = CARTESIAN_POINT ( 'NONE',  ( 4.062892611435065859, 3.850000000000010303, 9.314249409999250773 ) ) ;
#2516 = CARTESIAN_POINT ( 'NONE',  ( -1.005392207637532120, 6.250000000000363265, 5.499015461809753091 ) ) ;
#2517 = EDGE_CURVE ( 'NONE', #7442, #9811, #9481, .T. ) ;
#2518 = EDGE_CURVE ( 'NONE', #9468, #786, #7960, .T. ) ;
#2519 = PRODUCT_DEFINITION_SHAPE ( 'NONE', 'NONE',  #1082 ) ;
#2520 = CARTESIAN_POINT ( 'NONE',  ( 3.977386614090289818, 6.143310324244612097, 5.618805837179489338 ) ) ;
#2521 = ORIENTED_EDGE ( 'NONE', *, *, #2535, .F. ) ;
#2522 = ORIENTED_EDGE ( 'NONE', *, *, #6951, .F. ) ;
#2523 = CARTESIAN_POINT ( 'NONE',  ( 9.550000000000000711, 7.250000000000000000, 5.700000000000000178 ) ) ;
#2524 = CARTESIAN_POINT ( 'NONE',  ( 2.500000000000000000, 4.250000000000009770, 8.000000000000000000 ) ) ;
#2525 = CARTESIAN_POINT ( 'NONE',  ( 0.2500000000000029976, 7.750000000000000000, 5.900000000000000355 ) ) ;
#2526 = LINE ( 'NONE', #9594, #6997 ) ;
#2527 = CARTESIAN_POINT ( 'NONE',  ( 6.022645188653849679, 6.378927305446330465, 5.621766569588300122 ) ) ;
#2528 = AXIS2_PLACEMENT_3D ( 'NONE', #8982, #1849, #6628 ) ;
#2529 =( BOUNDED_SURFACE ( )  B_SPLINE_SURFACE ( 3, 2, ( 
 ( #4850, #9637, #7232 ),
 ( #5521, #2520, #171 ),
 ( #7277, #7915, #5627 ),
 ( #8021, #5733, #9586 ) ),
 .UNSPECIFIED., .F., .F., .F. ) 
 B_SPLINE_SURFACE_WITH_KNOTS ( ( 4, 4 ),
 ( 3, 3 ),
 ( 0.0000000000000000000, 1.000000000000000000 ),
 ( 0.0000000000000000000, 1.000000000000000000 ),
 .UNSPECIFIED. ) 
 GEOMETRIC_REPRESENTATION_ITEM ( )  RATIONAL_B_SPLINE_SURFACE ( (
 ( 1.000000000000000000, 0.7864262290810449807, 1.000000000000000000),
 ( 1.000000000000000000, 0.7864475206358839676, 1.000000000000000000),
 ( 1.000000000000000000, 0.7861047044588309607, 1.000000000000000000),
 ( 1.000000000000000000, 0.7854013101412880005, 1.000000000000000000) ) ) 
 REPRESENTATION_ITEM ( '' )  SURFACE ( )  );
#2530 = VERTEX_POINT ( 'NONE', #761 ) ;
#2531 = CARTESIAN_POINT ( 'NONE',  ( 9.550000000000000711, 6.250000000000031086, 5.700000000000000178 ) ) ;
#2532 = CARTESIAN_POINT ( 'NONE',  ( 7.500000000000000000, 4.250000000000009770, 9.300000000000000711 ) ) ;
#2533 = DIRECTION ( 'NONE',  ( 0.0000000000000000000, -1.000000000000000000, 0.0000000000000000000 ) ) ;
#2534 = CARTESIAN_POINT ( 'NONE',  ( 7.500000000000000000, 4.250000000000009770, 9.314249409997579221 ) ) ;
#2535 = EDGE_CURVE ( 'NONE', #3459, #5057, #8803, .T. ) ;
#2536 = EDGE_CURVE ( 'NONE', #7493, #1216, #1938, .T. ) ;
#2537 = AXIS2_PLACEMENT_3D ( 'NONE', #2782, #3593, #4579 ) ;
#2538 = ORIENTED_EDGE ( 'NONE', *, *, #8543, .T. ) ;
#2539 = CARTESIAN_POINT ( 'NONE',  ( 5.899218940641789644, 4.650000000000010125, 8.800000000000000711 ) ) ;
#2540 = DIRECTION ( 'NONE',  ( 0.0000000000000000000, -1.000000000000000000, 0.0000000000000000000 ) ) ;
#2541 = VECTOR ( 'NONE', #1743, 1000.000000000000000 ) ;
#2542 = PRESENTATION_STYLE_ASSIGNMENT (( #192 ) ) ;
#2543 = AXIS2_PLACEMENT_3D ( 'NONE', #567, #8496, #6925 ) ;
#2544 = CARTESIAN_POINT ( 'NONE',  ( 10.50000000000000000, 0.8864914703891380032, 6.200000000000001066 ) ) ;
#2545 = STYLED_ITEM ( 'NONE', ( #815 ), #8625 ) ;
#2546 = DIRECTION ( 'NONE',  ( -0.3481553119113939276, -0.8703882797784897596, 0.3481553119113959260 ) ) ;
#2547 = CARTESIAN_POINT ( 'NONE',  ( 2.500000000000000000, 4.250000000000000000, 10.00000000000000000 ) ) ;
#2548 =( NAMED_UNIT ( * ) SI_UNIT ( $, .STERADIAN. ) SOLID_ANGLE_UNIT ( ) );
#2549 = EDGE_CURVE ( 'NONE', #10041, #9900, #1515, .T. ) ;
#2550 = ORIENTED_EDGE ( 'NONE', *, *, #33, .F. ) ;
#2551 = CARTESIAN_POINT ( 'NONE',  ( 0.4500000000000000666, 7.250000000000000000, 0.6500000000000010214 ) ) ;
#2552 =( NAMED_UNIT ( * ) PLANE_ANGLE_UNIT ( ) SI_UNIT ( $, .RADIAN. ) );
#2553 = EDGE_LOOP ( 'NONE', ( #9418, #720 ) ) ;
#2554 = CARTESIAN_POINT ( 'NONE',  ( 10.00000000000000000, 6.733652732787760442, 9.738256522761860268 ) ) ;
#2555 = VECTOR ( 'NONE', #3939, 1000.000000000000000 ) ;
#2556 = VERTEX_POINT ( 'NONE', #7855 ) ;
#2557 =( NAMED_UNIT ( * ) SI_UNIT ( $, .STERADIAN. ) SOLID_ANGLE_UNIT ( ) );
#2558 = FACE_OUTER_BOUND ( 'NONE', #4642, .T. ) ;
#2559 = ORIENTED_EDGE ( 'NONE', *, *, #3609, .F. ) ;
#2560 = AXIS2_PLACEMENT_3D ( 'NONE', #6573, #9029, #7338 ) ;
#2561 = CARTESIAN_POINT ( 'NONE',  ( 3.856009966283758583, 3.850000000000010303, 9.500000000000010658 ) ) ;
#2562 = LINE ( 'NONE', #5879, #6396 ) ;
#2563 = DIRECTION ( 'NONE',  ( 0.0000000000000000000, 1.000000000000000000, 0.0000000000000000000 ) ) ;
#2564 = EDGE_CURVE ( 'NONE', #7978, #6275, #5245, .T. ) ;
#2565 = ORIENTED_EDGE ( 'NONE', *, *, #4781, .F. ) ;
#2566 = PRESENTATION_STYLE_ASSIGNMENT (( #6297 ) ) ;
#2567 = ORIENTED_EDGE ( 'NONE', *, *, #8219, .T. ) ;
#2568 = COLOUR_RGB ( '',0.2862745098039215508, 0.6431372549019607199, 0.8666666666666666963 ) ;
#2569 = ORIENTED_EDGE ( 'NONE', *, *, #5781, .F. ) ;
#2570 = LINE ( 'NONE', #3954, #4844 ) ;
#2571 = VERTEX_POINT ( 'NONE', #165 ) ;
#2572 = AXIS2_PLACEMENT_3D ( 'NONE', #6482, #2644, #3293 ) ;
#2573 = ORIENTED_EDGE ( 'NONE', *, *, #8352, .T. ) ;
#2574 =( NAMED_UNIT ( * ) PLANE_ANGLE_UNIT ( ) SI_UNIT ( $, .RADIAN. ) );
#2575 = DIRECTION ( 'NONE',  ( 0.0000000000000000000, 1.000000000000000000, 0.0000000000000000000 ) ) ;
#2576 = EDGE_CURVE ( 'NONE', #6823, #6578, #4105, .T. ) ;
#2577 = ADVANCED_FACE ( 'NONE', ( #12 ), #2456, .T. ) ;
#2578 = PRESENTATION_LAYER_ASSIGNMENT (  '', '', ( #6884 ) ) ;
#2579 = LINE ( 'NONE', #5061, #5195 ) ;
#2580 = DIRECTION ( 'NONE',  ( -1.000000000000000000, 0.0000000000000000000, 5.152643988049929844E-16 ) ) ;
#2581 = AXIS2_PLACEMENT_3D ( 'NONE', #5619, #3123, #5510 ) ;
#2582 = STYLED_ITEM ( 'NONE', ( #2212 ), #679 ) ;
#2583 = PRESENTATION_LAYER_ASSIGNMENT (  '', '', ( #4058 ) ) ;
#2584 = ORIENTED_EDGE ( 'NONE', *, *, #8024, .T. ) ;
#2585 = CARTESIAN_POINT ( 'NONE',  ( 2.500000000000000000, 2.650000000000010125, 9.500000000000010658 ) ) ;
#2586 = PRESENTATION_LAYER_ASSIGNMENT (  '', '', ( #3556 ) ) ;
#2587 = CARTESIAN_POINT ( 'NONE',  ( -4.005765753731729717, 6.250000000000079936, 5.651381332702870353 ) ) ;
#2588 = COLOUR_RGB ( '',0.2862745098039215508, 0.6431372549019607199, 0.8666666666666666963 ) ;
#2589 =( NAMED_UNIT ( * ) PLANE_ANGLE_UNIT ( ) SI_UNIT ( $, .RADIAN. ) );
#2590 = ORIENTED_EDGE ( 'NONE', *, *, #4174, .T. ) ;
#2591 = SURFACE_STYLE_FILL_AREA ( #2796 ) ;
#2592 = CARTESIAN_POINT ( 'NONE',  ( 1.029529175872700097, 6.144996945065150484, 5.536040986461070013 ) ) ;
#2593 = DIRECTION ( 'NONE',  ( 0.0000000000000000000, 0.9848077530122081313, 0.1736481776669300259 ) ) ;
#2594 = MECHANICAL_DESIGN_GEOMETRIC_PRESENTATION_REPRESENTATION (  '', ( #312 ), #5572 ) ;
#2595 = EDGE_CURVE ( 'NONE', #3778, #1467, #5513, .T. ) ;
#2596 = FILL_AREA_STYLE_COLOUR ( '', #826 ) ;
#2597 = CARTESIAN_POINT ( 'NONE',  ( 4.006141391221530235, 6.250000000000031086, 5.699344090454331990 ) ) ;
#2598 = PRESENTATION_STYLE_ASSIGNMENT (( #8209 ) ) ;
#2599 = SURFACE_STYLE_USAGE ( .BOTH. , #9713 ) ;
#2600 = B_SPLINE_CURVE_WITH_KNOTS ( 'NONE', 3,
 ( #8369, #9300, #496, #6163, #1450, #539 ),
 .UNSPECIFIED., .F., .F.,
 ( 4, 2, 4 ),
 ( 0.0000000000000000000, 0.5443967235616410383, 1.000000000000000000 ),
 .UNSPECIFIED. ) ;
#2601 = VERTEX_POINT ( 'NONE', #5672 ) ;
#2602 = CARTESIAN_POINT ( 'NONE',  ( 3.549999999999999822, 3.592004494644689849, 2.875961234938980038 ) ) ;
#2603 = ORIENTED_EDGE ( 'NONE', *, *, #5577, .T. ) ;
#2604 = CARTESIAN_POINT ( 'NONE',  ( -0.8000000000000000444, 3.850000000000010303, 9.500000000000010658 ) ) ;
#2605 = ORIENTED_EDGE ( 'NONE', *, *, #3275, .T. ) ;
#2606 = PRESENTATION_LAYER_ASSIGNMENT (  '', '', ( #6581 ) ) ;
#2607 = ADVANCED_FACE ( 'NONE', ( #3216 ), #8754, .F. ) ;
#2608 = SURFACE_STYLE_FILL_AREA ( #3415 ) ;
#2609 = PLANE ( 'NONE',  #8233 ) ;
#2610 = EDGE_LOOP ( 'NONE', ( #5993, #5727, #2636, #3835 ) ) ;
#2611 = DIRECTION ( 'NONE',  ( 0.0000000000000000000, 1.000000000000000000, 0.0000000000000000000 ) ) ;
#2612 = CARTESIAN_POINT ( 'NONE',  ( 5.906089525206200008, 4.650000000000010125, 8.893318922984189356 ) ) ;
#2613 = CARTESIAN_POINT ( 'NONE',  ( 3.961949539030698908, 6.695801933345447488, 5.479919479543661431 ) ) ;
#2614 = VERTEX_POINT ( 'NONE', #915 ) ;
#2615 = DIRECTION ( 'NONE',  ( 0.0000000000000000000, 1.000000000000000000, 0.0000000000000000000 ) ) ;
#2616 = AXIS2_PLACEMENT_3D ( 'NONE', #5388, #1262, #5239 ) ;
#2617 = VERTEX_POINT ( 'NONE', #8651 ) ;
#2618 = ORIENTED_EDGE ( 'NONE', *, *, #4781, .T. ) ;
#2619 = PLANE ( 'NONE',  #9023 ) ;
#2620 = SURFACE_STYLE_USAGE ( .BOTH. , #9735 ) ;
#2621 = EDGE_CURVE ( 'NONE', #2614, #5204, #5777, .T. ) ;
#2622 = DIRECTION ( 'NONE',  ( 0.0000000000000000000, 0.0000000000000000000, 1.000000000000000000 ) ) ;
#2623 = ORIENTED_EDGE ( 'NONE', *, *, #8133, .F. ) ;
#2624 = B_SPLINE_CURVE_WITH_KNOTS ( 'NONE', 3,
 ( #3279, #4856, #1692, #3434 ),
 .UNSPECIFIED., .F., .F.,
 ( 4, 4 ),
 ( 0.0000000000000000000, 0.0002372961508671520361 ),
 .UNSPECIFIED. ) ;
#2625 = AXIS2_PLACEMENT_3D ( 'NONE', #5783, #7329, #271 ) ;
#2626 = VERTEX_POINT ( 'NONE', #1779 ) ;
#2627 = DIRECTION ( 'NONE',  ( 0.0000000000000000000, -0.1275217425395260284, 0.9918357753074259486 ) ) ;
#2628 = CARTESIAN_POINT ( 'NONE',  ( 0.2500000000000000000, 7.750000000000000000, 0.4500000000000010103 ) ) ;
#2629 = DIRECTION ( 'NONE',  ( 0.0000000000000000000, -1.000000000000000000, 0.0000000000000000000 ) ) ;
#2630 = DIRECTION ( 'NONE',  ( -0.4472135950260953119, 0.0000000000000000000, 0.8944271912368472188 ) ) ;
#2631 = CARTESIAN_POINT ( 'NONE',  ( 3.924099116621577288, 6.560463200155847829, 5.313097438219579693 ) ) ;
#2632 = MECHANICAL_DESIGN_GEOMETRIC_PRESENTATION_REPRESENTATION (  '', ( #3768 ), #4950 ) ;
#2633 = CARTESIAN_POINT ( 'NONE',  ( 1.449999999999999956, 6.370920840910899940, 3.569044486294639995 ) ) ;
#2634 = EDGE_CURVE ( 'NONE', #7849, #2958, #8172, .T. ) ;
#2635 = EDGE_CURVE ( 'NONE', #1325, #4175, #4361, .T. ) ;
#2636 = ORIENTED_EDGE ( 'NONE', *, *, #1749, .F. ) ;
#2637 = PLANE ( 'NONE',  #4122 ) ;
#2638 = FILL_AREA_STYLE ('',( #1144 ) ) ;
#2639 = CARTESIAN_POINT ( 'NONE',  ( -4.003817474081709626, 6.250000000000079936, 5.603246506036869690 ) ) ;
#2640 = CARTESIAN_POINT ( 'NONE',  ( 8.976897412858470204, 6.379062759268808946, 5.679065083712689699 ) ) ;
#2641 = PLANE ( 'NONE',  #637 ) ;
#2642 = VERTEX_POINT ( 'NONE', #8120 ) ;
#2643 = CARTESIAN_POINT ( 'NONE',  ( 10.00000000000000000, 7.750000000000000000, 2.576321994024960090E-15 ) ) ;
#2644 = DIRECTION ( 'NONE',  ( 0.0000000000000000000, 0.9975640502598243087, 0.06975647374412512203 ) ) ;
#2645 = CARTESIAN_POINT ( 'NONE',  ( -5.000000000000000000, 7.450000000000000178, 6.200000000000001066 ) ) ;
#2646 = EDGE_CURVE ( 'NONE', #777, #9203, #370, .T. ) ;
#2647 = DIRECTION ( 'NONE',  ( 0.0000000000000000000, 1.000000000000000000, 0.0000000000000000000 ) ) ;
#2648 = CARTESIAN_POINT ( 'NONE',  ( -5.000000000000000000, 4.900000000000000355, 3.275000000000000355 ) ) ;
#2649 = AXIS2_PLACEMENT_3D ( 'NONE', #7869, #1586, #9536 ) ;
#2650 = CARTESIAN_POINT ( 'NONE',  ( 1.143990033716241861, 4.650000000000010125, 9.500000000000000000 ) ) ;
#2651 = DIRECTION ( 'NONE',  ( -1.000000000000000000, 0.0000000000000000000, 0.0000000000000000000 ) ) ;
#2652 = ORIENTED_EDGE ( 'NONE', *, *, #6010, .F. ) ;
#2653 =( BOUNDED_CURVE ( )  B_SPLINE_CURVE ( 3, ( #5014, #7509, #486, #8194 ),
 .UNSPECIFIED., .F., .T. ) 
 B_SPLINE_CURVE_WITH_KNOTS ( ( 4, 4 ),
 ( 4.782202150464451407, 5.075476764891775794 ),
 .UNSPECIFIED. ) 
 CURVE ( )  GEOMETRIC_REPRESENTATION_ITEM ( )  RATIONAL_B_SPLINE_CURVE ( ( 1.000000000000000000, 0.9928453341064031878, 0.9928453341064031878, 1.000000000000000000 ) ) 
 REPRESENTATION_ITEM ( '' )  );
#2654 = CARTESIAN_POINT ( 'NONE',  ( 3.924099116621577288, 6.782835288287568432, 5.313097438219579693 ) ) ;
#2655 = ORIENTED_EDGE ( 'NONE', *, *, #933, .T. ) ;
#2656 = CARTESIAN_POINT ( 'NONE',  ( 7.500000000000000000, 5.950000000000040146, 1.349999999999999867 ) ) ;
#2657 = ORIENTED_EDGE ( 'NONE', *, *, #8997, .T. ) ;
#2658 = AXIS2_PLACEMENT_3D ( 'NONE', #144, #4875, #1711 ) ;
#2659 =( NAMED_UNIT ( * ) PLANE_ANGLE_UNIT ( ) SI_UNIT ( $, .RADIAN. ) );
#2660 = EDGE_LOOP ( 'NONE', ( #3606, #96, #2116, #3828, #6547, #1924 ) ) ;
#2661 = CARTESIAN_POINT ( 'NONE',  ( 1.023102752130522486, 6.379062758813164535, 5.679065084668725838 ) ) ;
#2662 =( LENGTH_UNIT ( ) NAMED_UNIT ( * ) SI_UNIT ( .MILLI., .METRE. ) );
#2663 =( NAMED_UNIT ( * ) PLANE_ANGLE_UNIT ( ) SI_UNIT ( $, .RADIAN. ) );
#2664 = DIRECTION ( 'NONE',  ( 0.0000000000000000000, 1.000000000000000000, 0.0000000000000000000 ) ) ;
#2665 = ORIENTED_EDGE ( 'NONE', *, *, #6682, .T. ) ;
#2666 = DIRECTION ( 'NONE',  ( 3.641714079092569968E-16, 0.0000000000000000000, -1.000000000000000000 ) ) ;
#2667 = AXIS2_PLACEMENT_3D ( 'NONE', #7823, #3918, #3190 ) ;
#2668 = EDGE_CURVE ( 'NONE', #1738, #6366, #1453, .T. ) ;
#2669 = MECHANICAL_DESIGN_GEOMETRIC_PRESENTATION_REPRESENTATION (  '', ( #7127 ), #5450 ) ;
#2670 = VERTEX_POINT ( 'NONE', #4206 ) ;
#2671 = EDGE_CURVE ( 'NONE', #5219, #1867, #3423, .T. ) ;
#2672 = EDGE_LOOP ( 'NONE', ( #8397, #402, #2771, #9937 ) ) ;
#2673 = PRESENTATION_STYLE_ASSIGNMENT (( #1175 ) ) ;
#2674 = DIRECTION ( 'NONE',  ( 0.0000000000000000000, 1.000000000000000000, 0.0000000000000000000 ) ) ;
#2675 = ORIENTED_EDGE ( 'NONE', *, *, #8809, .F. ) ;
#2676 = ORIENTED_EDGE ( 'NONE', *, *, #10183, .F. ) ;
#2677 = CARTESIAN_POINT ( 'NONE',  ( 10.00000000000000000, 6.650000000000000355, 10.00000000000000000 ) ) ;
#2678 = CARTESIAN_POINT ( 'NONE',  ( 10.00000000000000000, 0.1499999999999999944, 0.0000000000000000000 ) ) ;
#2679 = CARTESIAN_POINT ( 'NONE',  ( -5.000000000000000000, 1.718879291340180027, 9.827925769509480602 ) ) ;
#2680 = ADVANCED_FACE ( 'NONE', ( #1934 ), #4157, .T. ) ;
#2681 = CARTESIAN_POINT ( 'NONE',  ( -4.549999999999999822, 7.250000000000000000, 5.700000000000000178 ) ) ;
#2682 = CARTESIAN_POINT ( 'NONE',  ( -2.500000000000000000, 4.250000000000009770, 8.000000000000000000 ) ) ;
#2683 = CARTESIAN_POINT ( 'NONE',  ( 1.091470100434432045, 6.803742317568937104, 5.258069125366945151 ) ) ;
#2684 = ORIENTED_EDGE ( 'NONE', *, *, #9020, .T. ) ;
#2685 = CARTESIAN_POINT ( 'NONE',  ( 1.124350997929270068, 6.820490948317419644, 5.141853884246489592 ) ) ;
#2686 = CARTESIAN_POINT ( 'NONE',  ( 9.750000000000000000, 7.750000000000000000, 0.4500000000000020095 ) ) ;
#2687 = DIRECTION ( 'NONE',  ( -0.2722442098535290400, 0.0000000000000000000, -0.9622281902964742173 ) ) ;
#2688 = DIRECTION ( 'NONE',  ( 0.0000000000000000000, -1.000000000000000000, 0.0000000000000000000 ) ) ;
#2689 = ADVANCED_FACE ( 'NONE', ( #7485 ), #5098, .T. ) ;
#2690 = EDGE_LOOP ( 'NONE', ( #3054, #4603, #9871, #4864 ) ) ;
#2691 = PLANE ( 'NONE',  #4715 ) ;
#2692 = CARTESIAN_POINT ( 'NONE',  ( 6.450000000000000178, 6.700487189948050037, 3.990870176997169949 ) ) ;
#2693 = UNCERTAINTY_MEASURE_WITH_UNIT (LENGTH_MEASURE( 1.000000000000000082E-05 ), #8718, 'distance_accuracy_value', 'NONE');
#2694 = DIRECTION ( 'NONE',  ( 0.0000000000000000000, 0.0000000000000000000, -1.000000000000000000 ) ) ;
#2695 = FILL_AREA_STYLE_COLOUR ( '', #54 ) ;
#2696 = AXIS2_PLACEMENT_3D ( 'NONE', #3855, #7031, #10204 ) ;
#2697 = DIRECTION ( 'NONE',  ( 0.0000000000000000000, -1.000000000000000000, 0.0000000000000000000 ) ) ;
#2698 = ADVANCED_FACE ( 'NONE', ( #1827 ), #5934, .F. ) ;
#2699 = ORIENTED_EDGE ( 'NONE', *, *, #3071, .T. ) ;
#2700 = CARTESIAN_POINT ( 'NONE',  ( 5.250000000000000000, 7.750000000000000000, 5.023827888348679650E-15 ) ) ;
#2701 = ADVANCED_FACE ( 'NONE', ( #1121 ), #8907, .F. ) ;
#2702 = CARTESIAN_POINT ( 'NONE',  ( 9.100781059358210356, 3.850000000000010303, 8.800000000000000711 ) ) ;
#2703 = ORIENTED_EDGE ( 'NONE', *, *, #7188, .T. ) ;
#2704 = CARTESIAN_POINT ( 'NONE',  ( 7.500000000000000000, 4.250000000000009770, 9.314249409997579221 ) ) ;
#2705 = ORIENTED_EDGE ( 'NONE', *, *, #9708, .T. ) ;
#2706 = AXIS2_PLACEMENT_3D ( 'NONE', #9808, #1049, #3410 ) ;
#2707 = VECTOR ( 'NONE', #8349, 1000.000000000000000 ) ;
#2708 = CARTESIAN_POINT ( 'NONE',  ( 3.957924419191280574, 6.384681414832980018, 5.464040407139529876 ) ) ;
#2709 = DIRECTION ( 'NONE',  ( -5.152643988049929844E-16, 0.0000000000000000000, -1.000000000000000000 ) ) ;
#2710 = ORIENTED_EDGE ( 'NONE', *, *, #5353, .F. ) ;
#2711 = CARTESIAN_POINT ( 'NONE',  ( 7.500000000000000000, 6.250000000000031086, 2.750000000000000000 ) ) ;
#2712 = LINE ( 'NONE', #1168, #3871 ) ;
#2713 = FILL_AREA_STYLE_COLOUR ( '', #7044 ) ;
#2714 = LINE ( 'NONE', #1932, #222 ) ;
#2715 = ORIENTED_EDGE ( 'NONE', *, *, #5284, .T. ) ;
#2716 =( NAMED_UNIT ( * ) PLANE_ANGLE_UNIT ( ) SI_UNIT ( $, .RADIAN. ) );
#2717 = AXIS2_PLACEMENT_3D ( 'NONE', #3511, #3045, #636 ) ;
#2718 = ORIENTED_EDGE ( 'NONE', *, *, #3849, .F. ) ;
#2719 = EDGE_LOOP ( 'NONE', ( #604, #6028, #7113, #3252 ) ) ;
#2720 = FILL_AREA_STYLE_COLOUR ( '', #9199 ) ;
#2721 = CARTESIAN_POINT ( 'NONE',  ( 8.961949539682231958, 6.695801930591470885, 5.479919483544176018 ) ) ;
#2722 = DIRECTION ( 'NONE',  ( 0.0000000000000000000, 0.0000000000000000000, -1.000000000000000000 ) ) ;
#2723 = CARTESIAN_POINT ( 'NONE',  ( -2.500000000000000000, 4.250000000000009770, 9.500000000000010658 ) ) ;
#2724 = MECHANICAL_DESIGN_GEOMETRIC_PRESENTATION_REPRESENTATION (  '', ( #4371 ), #4202 ) ;
#2725 = ORIENTED_EDGE ( 'NONE', *, *, #6988, .F. ) ;
#2726 = EDGE_CURVE ( 'NONE', #3543, #5476, #4944, .T. ) ;
#2727 = EDGE_CURVE ( 'NONE', #1785, #8915, #5829, .T. ) ;
#2728 = EDGE_LOOP ( 'NONE', ( #3156, #1437, #7766, #5776, #6647, #7897 ) ) ;
#2729 = DIRECTION ( 'NONE',  ( 0.0000000000000000000, 1.000000000000000000, 0.0000000000000000000 ) ) ;
#2730 = LINE ( 'NONE', #5838, #9946 ) ;
#2731 = PRESENTATION_LAYER_ASSIGNMENT (  '', '', ( #1891 ) ) ;
#2732 = FACE_BOUND ( 'NONE', #5943, .T. ) ;
#2733 = CARTESIAN_POINT ( 'NONE',  ( 3.907389140044557507, 3.850000000000010303, 9.500000000000031974 ) ) ;
#2734 =( LENGTH_UNIT ( ) NAMED_UNIT ( * ) SI_UNIT ( .MILLI., .METRE. ) );
#2735 = VECTOR ( 'NONE', #1273, 1000.000000000000000 ) ;
#2736 = DIRECTION ( 'NONE',  ( 0.0000000000000000000, -1.000000000000000000, 0.0000000000000000000 ) ) ;
#2737 = CIRCLE ( 'NONE', #284, 0.1000000000000002554 ) ;
#2738 = EDGE_LOOP ( 'NONE', ( #2847, #7586 ) ) ;
#2739 = EDGE_CURVE ( 'NONE', #4261, #9900, #4152, .T. ) ;
#2740 = DIRECTION ( 'NONE',  ( 5.152643988049929844E-16, 0.0000000000000000000, 1.000000000000000000 ) ) ;
#2741 = MECHANICAL_DESIGN_GEOMETRIC_PRESENTATION_REPRESENTATION (  '', ( #3062 ), #3717 ) ;
#2742 =( NAMED_UNIT ( * ) PLANE_ANGLE_UNIT ( ) SI_UNIT ( $, .RADIAN. ) );
#2743 = CARTESIAN_POINT ( 'NONE',  ( -3.996810005538740551, 6.250000000000031086, 5.517634239043999855 ) ) ;
#2744 = CARTESIAN_POINT ( 'NONE',  ( 8.958155913534195491, 6.384612859888997960, 5.465433459372715852 ) ) ;
#2745 = CARTESIAN_POINT ( 'NONE',  ( -4.068650814750180977, 4.650000000000010125, 9.236151811974430359 ) ) ;
#2746 = ORIENTED_EDGE ( 'NONE', *, *, #1153, .F. ) ;
#2747 = PRESENTATION_LAYER_ASSIGNMENT (  '', '', ( #5056 ) ) ;
#2748 = LINE ( 'NONE', #4179, #8991 ) ;
#2749 = CARTESIAN_POINT ( 'NONE',  ( 3.972678822233661755, 6.293409039702023478, 5.495964165885549590 ) ) ;
#2750 = ADVANCED_FACE ( 'NONE', ( #9171 ), #4513, .F. ) ;
#2751 = SURFACE_SIDE_STYLE ('',( #8262 ) ) ;
#2752 = LINE ( 'NONE', #445, #1015 ) ;
#2753 = DIRECTION ( 'NONE',  ( 0.0000000000000000000, -1.000000000000000000, 0.0000000000000000000 ) ) ;
#2754 = EDGE_LOOP ( 'NONE', ( #9256, #3475 ) ) ;
#2755 = CARTESIAN_POINT ( 'NONE',  ( 10.00000000000000000, 6.436102000195529804, 10.00000000000000000 ) ) ;
#2756 = LINE ( 'NONE', #248, #2281 ) ;
#2757 = STYLED_ITEM ( 'NONE', ( #984 ), #1195 ) ;
#2758 = ORIENTED_EDGE ( 'NONE', *, *, #3689, .F. ) ;
#2759 = CARTESIAN_POINT ( 'NONE',  ( 6.022973818583576389, 6.335261413134420927, 5.690949137293157101 ) ) ;
#2760 = VERTEX_POINT ( 'NONE', #7684 ) ;
#2761 = EDGE_CURVE ( 'NONE', #6002, #6660, #7242, .T. ) ;
#2762 = EDGE_CURVE ( 'NONE', #5479, #7638, #6730, .T. ) ;
#2763 =( NAMED_UNIT ( * ) PLANE_ANGLE_UNIT ( ) SI_UNIT ( $, .RADIAN. ) );
#2764 = ORIENTED_EDGE ( 'NONE', *, *, #419, .T. ) ;
#2765 = CIRCLE ( 'NONE', #1440, 0.2000000000000005107 ) ;
#2766 = DIRECTION ( 'NONE',  ( 0.2722442098535290400, 0.0000000000000000000, -0.9622281902964742173 ) ) ;
#2767 = CARTESIAN_POINT ( 'NONE',  ( -4.449999999999990408, 0.6224573519455459669, 6.200000000000001066 ) ) ;
#2768 = CARTESIAN_POINT ( 'NONE',  ( 3.549999999999999822, 6.405650476444289865, 3.372082935692199968 ) ) ;
#2769 = CARTESIAN_POINT ( 'NONE',  ( -1.450854950674020039, 6.700698492242080029, 3.987848413411089865 ) ) ;
#2770 = EDGE_LOOP ( 'NONE', ( #9225, #1646, #837, #7257 ) ) ;
#2771 = ORIENTED_EDGE ( 'NONE', *, *, #3091, .T. ) ;
#2772 = EDGE_LOOP ( 'NONE', ( #9266, #4952, #8916, #9823 ) ) ;
#2773 = LINE ( 'NONE', #1418, #7668 ) ;
#2774 =( GEOMETRIC_REPRESENTATION_CONTEXT ( 3 ) GLOBAL_UNCERTAINTY_ASSIGNED_CONTEXT ( ( #2230 ) ) GLOBAL_UNIT_ASSIGNED_CONTEXT ( ( #343, #3290, #6525 ) ) REPRESENTATION_CONTEXT ( 'NONE', 'WORKASPACE' ) );
#2775 = CARTESIAN_POINT ( 'NONE',  ( 8.976897412858470204, 6.379062759268808946, 5.679065083712689699 ) ) ;
#2776 = CARTESIAN_POINT ( 'NONE',  ( 6.450000000000000178, 6.405650476444289865, 3.372082935692199968 ) ) ;
#2777 = CARTESIAN_POINT ( 'NONE',  ( 1.023102752130521154, 6.379062758812666267, 5.679065084668860841 ) ) ;
#2778 = EDGE_LOOP ( 'NONE', ( #7262, #217 ) ) ;
#2779 = VERTEX_POINT ( 'NONE', #5348 ) ;
#2780 = FILL_AREA_STYLE_COLOUR ( '', #8129 ) ;
#2781 = ORIENTED_EDGE ( 'NONE', *, *, #6117, .T. ) ;
#2782 = CARTESIAN_POINT ( 'NONE',  ( 10.00000000000000000, 6.436102000195529804, 9.700000000000001066 ) ) ;
#2783 = CARTESIAN_POINT ( 'NONE',  ( 4.034292344245052675, 3.850000000000010303, 9.413932751395249099 ) ) ;
#2784 = SURFACE_SIDE_STYLE ('',( #6046 ) ) ;
#2785 = CARTESIAN_POINT ( 'NONE',  ( 1.124350997929270068, 6.820490948317419644, 5.141853884246501138 ) ) ;
#2786 = EDGE_CURVE ( 'NONE', #7425, #5575, #1465, .T. ) ;
#2787 = AXIS2_PLACEMENT_3D ( 'NONE', #6438, #95, #5658 ) ;
#2788 = VERTEX_POINT ( 'NONE', #1280 ) ;
#2789 = CARTESIAN_POINT ( 'NONE',  ( 8.000000000000000000, 4.250000000000031086, 0.0000000000000000000 ) ) ;
#2790 = DIRECTION ( 'NONE',  ( 0.0000000000000000000, 1.000000000000000000, 0.0000000000000000000 ) ) ;
#2791 = DIRECTION ( 'NONE',  ( 0.0000000000000000000, -1.000000000000000000, 0.0000000000000000000 ) ) ;
#2792 = DIRECTION ( 'NONE',  ( 0.0000000000000000000, -1.000000000000000000, 0.0000000000000000000 ) ) ;
#2793 = PRESENTATION_STYLE_ASSIGNMENT (( #6738 ) ) ;
#2794 = COLOUR_RGB ( '',0.2862745098039215508, 0.6431372549019607199, 0.8666666666666666963 ) ;
#2795 = ORIENTED_EDGE ( 'NONE', *, *, #6309, .T. ) ;
#2796 = FILL_AREA_STYLE ('',( #8933 ) ) ;
#2797 =( LENGTH_UNIT ( ) NAMED_UNIT ( * ) SI_UNIT ( .MILLI., .METRE. ) );
#2798 = EDGE_CURVE ( 'NONE', #6366, #8791, #10129, .T. ) ;
#2799 = EDGE_CURVE ( 'NONE', #3363, #3256, #3748, .T. ) ;
#2800 = STYLED_ITEM ( 'NONE', ( #1977 ), #3620 ) ;
#2801 = FACE_OUTER_BOUND ( 'NONE', #1562, .T. ) ;
#2802 = CARTESIAN_POINT ( 'NONE',  ( 7.500000000000000000, 4.250000000000009770, 8.099999999999999645 ) ) ;
#2803 = DIRECTION ( 'NONE',  ( 0.0000000000000000000, 0.0000000000000000000, -1.000000000000000000 ) ) ;
#2804 =( LENGTH_UNIT ( ) NAMED_UNIT ( * ) SI_UNIT ( .MILLI., .METRE. ) );
#2805 = EDGE_LOOP ( 'NONE', ( #3426, #6461, #9723, #2444 ) ) ;
#2806 = DIRECTION ( 'NONE',  ( 4.311199699514559827E-15, -1.000000000000000000, 0.0000000000000000000 ) ) ;
#2807 = STYLED_ITEM ( 'NONE', ( #7302 ), #3848 ) ;
#2808 = ADVANCED_FACE ( 'NONE', ( #6859 ), #9367, .F. ) ;
#2809 = ORIENTED_EDGE ( 'NONE', *, *, #9460, .T. ) ;
#2810 = ORIENTED_EDGE ( 'NONE', *, *, #5916, .F. ) ;
#2811 = CARTESIAN_POINT ( 'NONE',  ( 2.500000000000000000, 4.250000000000009770, 8.100000000000010303 ) ) ;
#2812 = DIRECTION ( 'NONE',  ( 1.000000000000000000, 0.0000000000000000000, -5.152643988049929844E-16 ) ) ;
#2813 = ORIENTED_EDGE ( 'NONE', *, *, #9208, .T. ) ;
#2814 = DIRECTION ( 'NONE',  ( 0.0000000000000000000, -1.000000000000000000, -3.965082230804152702E-15 ) ) ;
#2815 = DIRECTION ( 'NONE',  ( 0.0000000000000000000, 0.1275217425395260284, -0.9918357753074259486 ) ) ;
#2816 = DIRECTION ( 'NONE',  ( -1.000000000000000000, 0.0000000000000000000, 0.0000000000000000000 ) ) ;
#2817 = ORIENTED_EDGE ( 'NONE', *, *, #3184, .F. ) ;
#2818 = FILL_AREA_STYLE ('',( #8482 ) ) ;
#2819 = ORIENTED_EDGE ( 'NONE', *, *, #6951, .T. ) ;
#2820 = EDGE_CURVE ( 'NONE', #6375, #4620, #4351, .T. ) ;
#2821 = ORIENTED_EDGE ( 'NONE', *, *, #9486, .T. ) ;
#2822 = CARTESIAN_POINT ( 'NONE',  ( -1.075900883378422934, 6.782835288287568432, 5.313097438219579693 ) ) ;
#2823 = VECTOR ( 'NONE', #2575, 1000.000000000000000 ) ;
#2824 = MECHANICAL_DESIGN_GEOMETRIC_PRESENTATION_REPRESENTATION (  '', ( #6299 ), #1992 ) ;
#2825 = CARTESIAN_POINT ( 'NONE',  ( 8.924099116621579952, 6.782835288287570208, 5.313097438219569923 ) ) ;
#2826 = DIRECTION ( 'NONE',  ( 0.0000000000000000000, 0.0000000000000000000, -1.000000000000000000 ) ) ;
#2827 = CARTESIAN_POINT ( 'NONE',  ( 10.00000000000000000, 0.9499999999999999556, 6.200000000000001066 ) ) ;
#2828 = ORIENTED_EDGE ( 'NONE', *, *, #4016, .T. ) ;
#2829 = CIRCLE ( 'NONE', #5472, 0.5000000000000000000 ) ;
#2830 = ORIENTED_EDGE ( 'NONE', *, *, #197, .F. ) ;
#2831 = VECTOR ( 'NONE', #1427, 1000.000000000000000 ) ;
#2832 = AXIS2_PLACEMENT_3D ( 'NONE', #2648, #7467, #8887 ) ;
#2833 =( LENGTH_UNIT ( ) NAMED_UNIT ( * ) SI_UNIT ( .MILLI., .METRE. ) );
#2834 = EDGE_LOOP ( 'NONE', ( #7884, #1675, #183, #7312, #7969, #466 ) ) ;
#2835 = DIRECTION ( 'NONE',  ( -5.152643988049929844E-16, 0.0000000000000000000, -1.000000000000000000 ) ) ;
#2836 = ADVANCED_FACE ( 'NONE', ( #8789 ), #8054, .F. ) ;
#2837 = LINE ( 'NONE', #621, #8852 ) ;
#2838 = CARTESIAN_POINT ( 'NONE',  ( 1.143990033716242083, 3.850000000000008527, 9.500000000000010658 ) ) ;
#2839 = EDGE_CURVE ( 'NONE', #2626, #850, #9510, .T. ) ;
#2840 = CIRCLE ( 'NONE', #853, 1.400000000000000133 ) ;
#2841 = ORIENTED_EDGE ( 'NONE', *, *, #7962, .T. ) ;
#2842 = UNCERTAINTY_MEASURE_WITH_UNIT (LENGTH_MEASURE( 1.000000000000000082E-05 ), #6521, 'distance_accuracy_value', 'NONE');
#2843 = LINE ( 'NONE', #7710, #6457 ) ;
#2844 = DIRECTION ( 'NONE',  ( -1.000000000000000000, 0.0000000000000000000, 1.717547996016639994E-16 ) ) ;
#2845 = DIRECTION ( 'NONE',  ( 0.0000000000000000000, 0.0000000000000000000, -1.000000000000000000 ) ) ;
#2846 = CARTESIAN_POINT ( 'NONE',  ( 5.925592927451260650, 3.850000000000010303, 9.158054070483689912 ) ) ;
#2847 = ORIENTED_EDGE ( 'NONE', *, *, #5550, .F. ) ;
#2848 =( NAMED_UNIT ( * ) SI_UNIT ( $, .STERADIAN. ) SOLID_ANGLE_UNIT ( ) );
#2849 = AXIS2_PLACEMENT_3D ( 'NONE', #87, #2429, #3192 ) ;
#2850 = EDGE_CURVE ( 'NONE', #9081, #884, #7207, .T. ) ;
#2851 = CARTESIAN_POINT ( 'NONE',  ( 4.500000000000000888, 5.950000000000040146, 3.494824785299559977 ) ) ;
#2852 = ADVANCED_FACE ( 'NONE', ( #4670 ), #6284, .F. ) ;
#2853 = UNCERTAINTY_MEASURE_WITH_UNIT (LENGTH_MEASURE( 1.000000000000000082E-05 ), #10155, 'distance_accuracy_value', 'NONE');
#2854 = CARTESIAN_POINT ( 'NONE',  ( -0.9371073885649334745, 3.850000000000010303, 9.314249409999250773 ) ) ;
#2855 = CARTESIAN_POINT ( 'NONE',  ( 7.500000000000000000, 4.250000000000000000, 10.00000000000000000 ) ) ;
#2856 = ORIENTED_EDGE ( 'NONE', *, *, #7293, .T. ) ;
#2857 = DIRECTION ( 'NONE',  ( 0.0000000000000000000, 0.0000000000000000000, 1.000000000000000000 ) ) ;
#2858 = CARTESIAN_POINT ( 'NONE',  ( -2.500000000000000000, 4.250000000000009770, 9.500000000000010658 ) ) ;
#2859 = B_SPLINE_CURVE_WITH_KNOTS ( 'NONE', 3,
 ( #6576, #389, #2587, #2639, #9650, #3288, #2743, #5800 ),
 .UNSPECIFIED., .F., .F.,
 ( 4, 2, 2, 4 ),
 ( 0.0000000000000000000, 0.3582783410808529911, 0.7198210597566360169, 1.000000000000000000 ),
 .UNSPECIFIED. ) ;
#2860 = VERTEX_POINT ( 'NONE', #9465 ) ;
#2861 = CARTESIAN_POINT ( 'NONE',  ( 9.062892611431221823, 4.650000000000010125, 9.314249409997579221 ) ) ;
#2862 = DIRECTION ( 'NONE',  ( 1.717547996016639994E-16, 0.0000000000000000000, 1.000000000000000000 ) ) ;
#2863 = ADVANCED_FACE ( 'NONE', ( #2497 ), #3254, .F. ) ;
#2864 = SURFACE_STYLE_USAGE ( .BOTH. , #5931 ) ;
#2865 = FILL_AREA_STYLE_COLOUR ( '', #4903 ) ;
#2866 = ORIENTED_EDGE ( 'NONE', *, *, #8421, .T. ) ;
#2867 = SURFACE_STYLE_USAGE ( .BOTH. , #5252 ) ;
#2868 = EDGE_LOOP ( 'NONE', ( #63, #5 ) ) ;
#2869 = ORIENTED_EDGE ( 'NONE', *, *, #7430, .T. ) ;
#2870 = CARTESIAN_POINT ( 'NONE',  ( -1.449999999999999956, -1.462314593354880232, 3.990870176997180607 ) ) ;
#2871 = AXIS2_PLACEMENT_3D ( 'NONE', #4958, #6571, #9743 ) ;
#2872 = DIRECTION ( 'NONE',  ( -1.000000000000000000, 0.0000000000000000000, 0.0000000000000000000 ) ) ;
#2873 = SURFACE_STYLE_FILL_AREA ( #517 ) ;
#2874 = DIRECTION ( 'NONE',  ( -0.5000000000002000622, -0.8660254037843231334, 0.0000000000000000000 ) ) ;
#2875 = EDGE_LOOP ( 'NONE', ( #9464, #1826, #557, #2746 ) ) ;
#2876 = EDGE_CURVE ( 'NONE', #1159, #3665, #6761, .T. ) ;
#2877 = VERTEX_POINT ( 'NONE', #8835 ) ;
#2878 = DIRECTION ( 'NONE',  ( 0.0000000000000000000, -1.000000000000000000, 0.0000000000000000000 ) ) ;
#2879 = PRESENTATION_STYLE_ASSIGNMENT (( #3739 ) ) ;
#2880 = EDGE_LOOP ( 'NONE', ( #9732, #2725, #2234, #8433, #563, #6285 ) ) ;
#2881 = CARTESIAN_POINT ( 'NONE',  ( 3.924099116621577288, 6.782835288287568432, 5.313097438219579693 ) ) ;
#2882 = DIRECTION ( 'NONE',  ( 0.0000000000000000000, -1.000000000000000000, 0.0000000000000000000 ) ) ;
#2883 = DIRECTION ( 'NONE',  ( 0.8660254037843231334, -0.5000000000002000622, 0.0000000000000000000 ) ) ;
#2884 = VECTOR ( 'NONE', #6648, 1000.000000000000000 ) ;
#2885 = ORIENTED_EDGE ( 'NONE', *, *, #5536, .T. ) ;
#2886 = EDGE_CURVE ( 'NONE', #1718, #4514, #3755, .T. ) ;
#2887 = CYLINDRICAL_SURFACE ( 'NONE', #5131, 1.749999999999990230 ) ;
#2888 = EDGE_CURVE ( 'NONE', #1053, #5088, #194, .T. ) ;
#2889 = CYLINDRICAL_SURFACE ( 'NONE', #9542, 1.399999999999999911 ) ;
#2890 = LINE ( 'NONE', #9243, #3454 ) ;
#2891 = COLOUR_RGB ( '',0.2862745098039215508, 0.6431372549019607199, 0.8666666666666666963 ) ;
#2892 = DIRECTION ( 'NONE',  ( 0.0000000000000000000, 1.000000000000000000, 0.0000000000000000000 ) ) ;
#2893 = ORIENTED_EDGE ( 'NONE', *, *, #536, .T. ) ;
#2894 = DIRECTION ( 'NONE',  ( 0.0000000000000000000, -0.9918357753074260597, -0.1275217425395260562 ) ) ;
#2895 = VECTOR ( 'NONE', #3427, 1000.000000000000000 ) ;
#2896 = AXIS2_PLACEMENT_3D ( 'NONE', #3520, #8383, #5150 ) ;
#2897 = PLANE ( 'NONE',  #1478 ) ;
#2898 = AXIS2_PLACEMENT_3D ( 'NONE', #4492, #4590, #9997 ) ;
#2899 = CYLINDRICAL_SURFACE ( 'NONE', #4643, 0.4000000000000001887 ) ;
#2900 = AXIS2_PLACEMENT_3D ( 'NONE', #10060, #6061, #8457 ) ;
#2901 = DIRECTION ( 'NONE',  ( -1.000000000000000000, 0.0000000000000000000, 0.0000000000000000000 ) ) ;
#2902 = DIRECTION ( 'NONE',  ( 0.0000000000000000000, 0.9284766908852596368, 0.3713906763541028888 ) ) ;
#2903 = EDGE_LOOP ( 'NONE', ( #6095, #1601, #6157, #8159 ) ) ;
#2904 = CARTESIAN_POINT ( 'NONE',  ( 8.956366702911532585, 6.148436653995700496, 5.454695792913989649 ) ) ;
#2905 = CARTESIAN_POINT ( 'NONE',  ( 6.450000000000000178, 6.370920840910899940, 3.569044486294639995 ) ) ;
#2906 = MECHANICAL_DESIGN_GEOMETRIC_PRESENTATION_REPRESENTATION (  '', ( #7711 ), #7876 ) ;
#2907 = ORIENTED_EDGE ( 'NONE', *, *, #4196, .T. ) ;
#2908 = VECTOR ( 'NONE', #9626, 1000.000000000000000 ) ;
#2909 = ADVANCED_FACE ( 'NONE', ( #5083, #9764, #5867 ), #1813, .F. ) ;
#2910 = PRESENTATION_LAYER_ASSIGNMENT (  '', '', ( #7375 ) ) ;
#2911 = SURFACE_STYLE_USAGE ( .BOTH. , #7584 ) ;
#2912 = AXIS2_PLACEMENT_3D ( 'NONE', #4838, #6445, #8748 ) ;
#2913 = DIRECTION ( 'NONE',  ( 0.2716300227878299944, 0.06713375248915300075, -0.9600573889080840084 ) ) ;
#2914 = CARTESIAN_POINT ( 'NONE',  ( 10.00000000000000000, 7.150000000000000355, 6.500000000000000888 ) ) ;
#2915 = VERTEX_POINT ( 'NONE', #8892 ) ;
#2916 =( NAMED_UNIT ( * ) PLANE_ANGLE_UNIT ( ) SI_UNIT ( $, .RADIAN. ) );
#2917 = EDGE_LOOP ( 'NONE', ( #9088, #510 ) ) ;
#2918 = VERTEX_POINT ( 'NONE', #9051 ) ;
#2919 = LINE ( 'NONE', #10083, #3526 ) ;
#2920 = CARTESIAN_POINT ( 'NONE',  ( 0.7941216994211589553, 6.087585839000359655, 5.702638584486940054 ) ) ;
#2921 = EDGE_CURVE ( 'NONE', #1995, #1944, #4981, .T. ) ;
#2922 = MECHANICAL_DESIGN_GEOMETRIC_PRESENTATION_REPRESENTATION (  '', ( #1117 ), #3573 ) ;
#2923 = COLOUR_RGB ( '',0.2862745098039215508, 0.6431372549019607199, 0.8666666666666666963 ) ;
#2924 = CARTESIAN_POINT ( 'NONE',  ( 10.00000000000000000, 0.1499999999999999944, 6.700000000000000178 ) ) ;
#2925 = FILL_AREA_STYLE_COLOUR ( '', #1909 ) ;
#2926 = ORIENTED_EDGE ( 'NONE', *, *, #9590, .F. ) ;
#2927 = EDGE_LOOP ( 'NONE', ( #3747, #4677, #862, #6605 ) ) ;
#2928 = DIRECTION ( 'NONE',  ( 1.000000000000000000, 0.0000000000000000000, 0.0000000000000000000 ) ) ;
#2929 = ORIENTED_EDGE ( 'NONE', *, *, #8736, .T. ) ;
#2930 = CARTESIAN_POINT ( 'NONE',  ( 8.961949539030696243, 6.695801933345447488, 5.479919479543661431 ) ) ;
#2931 = COLOUR_RGB ( '',0.2862745098039215508, 0.6431372549019607199, 0.8666666666666666963 ) ;
#2932 = CARTESIAN_POINT ( 'NONE',  ( 8.972678822233662643, 6.293409039702022589, 5.495964165885547814 ) ) ;
#2933 = FILL_AREA_STYLE_COLOUR ( '', #615 ) ;
#2934 = CARTESIAN_POINT ( 'NONE',  ( 6.027326048810182968, 6.293418682400931274, 5.495963488081887505 ) ) ;
#2935 = EDGE_CURVE ( 'NONE', #50, #2396, #5142, .T. ) ;
#2936 = DIRECTION ( 'NONE',  ( 0.0000000000000000000, -1.000000000000000000, 0.0000000000000000000 ) ) ;
#2937 = EDGE_LOOP ( 'NONE', ( #4853, #4142, #4505, #4869 ) ) ;
#2938 = STYLED_ITEM ( 'NONE', ( #554 ), #2750 ) ;
#2939 =( LENGTH_UNIT ( ) NAMED_UNIT ( * ) SI_UNIT ( .MILLI., .METRE. ) );
#2940 = CARTESIAN_POINT ( 'NONE',  ( 8.976962475704029387, 6.379043491581979808, 5.701173905684820298 ) ) ;
#2941 = DIRECTION ( 'NONE',  ( 6.323770134184271214E-17, -0.9848077530122081313, -0.1736481776669300259 ) ) ;
#2942 = CARTESIAN_POINT ( 'NONE',  ( -0.8013869280751609869, 6.089357680825980168, 5.509810034670159951 ) ) ;
#2943 = ORIENTED_EDGE ( 'NONE', *, *, #9168, .F. ) ;
#2944 = CARTESIAN_POINT ( 'NONE',  ( -4.549999999999999822, 2.200000000000000178, 5.700000000000000178 ) ) ;
#2945 = CARTESIAN_POINT ( 'NONE',  ( 8.550000000000000711, 5.950000000000040146, 3.494824785299559977 ) ) ;
#2946 = DIRECTION ( 'NONE',  ( 0.0000000000000000000, 0.0000000000000000000, -1.000000000000000000 ) ) ;
#2947 = EDGE_CURVE ( 'NONE', #9667, #1048, #1918, .T. ) ;
#2948 = EDGE_CURVE ( 'NONE', #4040, #8025, #2756, .T. ) ;
#2949 = VECTOR ( 'NONE', #1721, 1000.000000000000000 ) ;
#2950 = DIRECTION ( 'NONE',  ( 1.000000000000000000, 0.0000000000000000000, 0.0000000000000000000 ) ) ;
#2951 = UNCERTAINTY_MEASURE_WITH_UNIT (LENGTH_MEASURE( 1.000000000000000082E-05 ), #2265, 'distance_accuracy_value', 'NONE');
#2952 = FACE_OUTER_BOUND ( 'NONE', #3482, .T. ) ;
#2953 = DIRECTION ( 'NONE',  ( -1.000000000000000000, 0.0000000000000000000, 0.0000000000000000000 ) ) ;
#2954 = ORIENTED_EDGE ( 'NONE', *, *, #5315, .T. ) ;
#2955 = CARTESIAN_POINT ( 'NONE',  ( -1.449999999999999956, 6.900812423267500328, 3.990870176997180607 ) ) ;
#2956 = CARTESIAN_POINT ( 'NONE',  ( -0.4499999999999990119, 7.250000000000000000, 0.6500000000000020206 ) ) ;
#2957 = EDGE_CURVE ( 'NONE', #518, #6282, #3259, .T. ) ;
#2958 = VERTEX_POINT ( 'NONE', #9107 ) ;
#2959 = EDGE_CURVE ( 'NONE', #3816, #7602, #8263, .T. ) ;
#2960 = PRESENTATION_LAYER_ASSIGNMENT (  '', '', ( #9599 ) ) ;
#2961 = UNCERTAINTY_MEASURE_WITH_UNIT (LENGTH_MEASURE( 1.000000000000000082E-05 ), #9760, 'distance_accuracy_value', 'NONE');
#2962 = CARTESIAN_POINT ( 'NONE',  ( 0.7941216994211599545, 6.087585839000359655, 5.702638584486949824 ) ) ;
#2963 = DIRECTION ( 'NONE',  ( 0.0000000000000000000, 0.0000000000000000000, 1.000000000000000000 ) ) ;
#2964 = SURFACE_SIDE_STYLE ('',( #4615 ) ) ;
#2965 = CARTESIAN_POINT ( 'NONE',  ( -1.128298252077120090, 6.620978138265459556, 5.127902589497670860 ) ) ;
#2966 =( GEOMETRIC_REPRESENTATION_CONTEXT ( 3 ) GLOBAL_UNCERTAINTY_ASSIGNED_CONTEXT ( ( #2504 ) ) GLOBAL_UNIT_ASSIGNED_CONTEXT ( ( #1207, #3558, #6367 ) ) REPRESENTATION_CONTEXT ( 'NONE', 'WORKASPACE' ) );
#2967 = VERTEX_POINT ( 'NONE', #1213 ) ;
#2968 =( NAMED_UNIT ( * ) SI_UNIT ( $, .STERADIAN. ) SOLID_ANGLE_UNIT ( ) );
#2969 = ORIENTED_EDGE ( 'NONE', *, *, #6928, .F. ) ;
#2970 = ORIENTED_EDGE ( 'NONE', *, *, #8401, .F. ) ;
#2971 = CARTESIAN_POINT ( 'NONE',  ( 10.50000000000000000, 0.6613248654051859798, 6.200000000000001066 ) ) ;
#2972 = CARTESIAN_POINT ( 'NONE',  ( 4.062892611431221823, 4.650000000000010125, 9.314249409997579221 ) ) ;
#2973 = DIRECTION ( 'NONE',  ( -1.000000000000000000, 0.0000000000000000000, 1.717547996016639994E-16 ) ) ;
#2974 = VERTEX_POINT ( 'NONE', #203 ) ;
#2975 = CIRCLE ( 'NONE', #8793, 1.649999999999999467 ) ;
#2976 = ADVANCED_FACE ( 'NONE', ( #6540 ), #1050, .T. ) ;
#2977 = DIRECTION ( 'NONE',  ( 0.0000000000000000000, 0.0000000000000000000, 1.000000000000000000 ) ) ;
#2978 = EDGE_CURVE ( 'NONE', #1467, #2012, #6953, .T. ) ;
#2979 = ORIENTED_EDGE ( 'NONE', *, *, #2820, .F. ) ;
#2980 =( NAMED_UNIT ( * ) PLANE_ANGLE_UNIT ( ) SI_UNIT ( $, .RADIAN. ) );
#2981 =( GEOMETRIC_REPRESENTATION_CONTEXT ( 3 ) GLOBAL_UNCERTAINTY_ASSIGNED_CONTEXT ( ( #2951 ) ) GLOBAL_UNIT_ASSIGNED_CONTEXT ( ( #2265, #8609, #1638 ) ) REPRESENTATION_CONTEXT ( 'NONE', 'WORKASPACE' ) );
#2982 = CARTESIAN_POINT ( 'NONE',  ( -4.034447604600094550, 3.850000000000007638, 9.413837825582268337 ) ) ;
#2983 = VECTOR ( 'NONE', #8430, 1000.000000000000000 ) ;
#2984 =( BOUNDED_CURVE ( )  B_SPLINE_CURVE ( 3, ( #8085, #3437, #5744, #6415 ),
 .UNSPECIFIED., .F., .T. ) 
 B_SPLINE_CURVE_WITH_KNOTS ( ( 4, 4 ),
 ( 2.977423445280399594, 3.130753692572554758 ),
 .UNSPECIFIED. ) 
 CURVE ( )  GEOMETRIC_REPRESENTATION_ITEM ( )  RATIONAL_B_SPLINE_CURVE ( ( 1.000000000000000000, 0.9980417790144159307, 0.9980417790144159307, 1.000000000000000000 ) ) 
 REPRESENTATION_ITEM ( '' )  );
#2985 = DIRECTION ( 'NONE',  ( 0.0000000000000000000, -1.000000000000000000, 0.0000000000000000000 ) ) ;
#2986 = DIRECTION ( 'NONE',  ( -1.000000000000000000, 0.0000000000000000000, 0.0000000000000000000 ) ) ;
#2987 = PRESENTATION_STYLE_ASSIGNMENT (( #5314 ) ) ;
#2988 = AXIS2_PLACEMENT_3D ( 'NONE', #10070, #9408, #3008 ) ;
#2989 = DIRECTION ( 'NONE',  ( 1.000000000000000000, 0.0000000000000000000, 0.0000000000000000000 ) ) ;
#2990 = AXIS2_PLACEMENT_3D ( 'NONE', #4841, #8070, #6601 ) ;
#2991 = VERTEX_POINT ( 'NONE', #6490 ) ;
#2992 = VECTOR ( 'NONE', #3502, 1000.000000000000000 ) ;
#2993 = DIRECTION ( 'NONE',  ( 0.0000000000000000000, 0.0000000000000000000, 1.000000000000000000 ) ) ;
#2994 =( LENGTH_UNIT ( ) NAMED_UNIT ( * ) SI_UNIT ( .MILLI., .METRE. ) );
#2995 = DIRECTION ( 'NONE',  ( 0.0000000000000000000, 1.000000000000000000, 0.0000000000000000000 ) ) ;
#2996 = ADVANCED_FACE ( 'NONE', ( #4247, #5190 ), #8374, .T. ) ;
#2997 = CARTESIAN_POINT ( 'NONE',  ( -0.7936442595590410543, 6.087469401107320266, 5.606250910350279781 ) ) ;
#2998 = ORIENTED_EDGE ( 'NONE', *, *, #5863, .F. ) ;
#2999 = SURFACE_STYLE_FILL_AREA ( #6158 ) ;
#3000 = SURFACE_SIDE_STYLE ('',( #7184 ) ) ;
#3001 = AXIS2_PLACEMENT_3D ( 'NONE', #7653, #7759, #8658 ) ;
#3002 = FACE_OUTER_BOUND ( 'NONE', #961, .T. ) ;
#3003 = LINE ( 'NONE', #2851, #3464 ) ;
#3004 = ADVANCED_FACE ( 'NONE', ( #9356 ), #9968, .T. ) ;
#3005 = CARTESIAN_POINT ( 'NONE',  ( 8.875649002070730376, 6.820490948317419644, 5.141853884246479822 ) ) ;
#3006 =( LENGTH_UNIT ( ) NAMED_UNIT ( * ) SI_UNIT ( .MILLI., .METRE. ) );
#3007 = ORIENTED_EDGE ( 'NONE', *, *, #5612, .F. ) ;
#3008 = DIRECTION ( 'NONE',  ( 0.0000000000000000000, 1.000000000000000000, 0.0000000000000000000 ) ) ;
#3009 = DIRECTION ( 'NONE',  ( 0.8660254037845415143, 0.4999999999998216982, 0.0000000000000000000 ) ) ;
#3010 = ORIENTED_EDGE ( 'NONE', *, *, #10217, .T. ) ;
#3011 =( NAMED_UNIT ( * ) PLANE_ANGLE_UNIT ( ) SI_UNIT ( $, .RADIAN. ) );
#3012 = CARTESIAN_POINT ( 'NONE',  ( 0.0000000000000000000, 7.450000000000000178, 6.200000000000001066 ) ) ;
#3013 = EDGE_CURVE ( 'NONE', #2466, #8978, #7626, .T. ) ;
#3014 = ADVANCED_FACE ( 'NONE', ( #2128 ), #5935, .T. ) ;
#3015 = DIRECTION ( 'NONE',  ( 0.0000000000000000000, -0.9284766908852596368, 0.3713906763541028888 ) ) ;
#3016 = ORIENTED_EDGE ( 'NONE', *, *, #8884, .F. ) ;
#3017 = DIRECTION ( 'NONE',  ( 0.0000000000000000000, -1.000000000000000000, 0.0000000000000000000 ) ) ;
#3018 = VERTEX_POINT ( 'NONE', #6017 ) ;
#3019 = VERTEX_POINT ( 'NONE', #6749 ) ;
#3020 = CARTESIAN_POINT ( 'NONE',  ( 0.4500000000000000666, 2.200000000000000178, 5.700000000000000178 ) ) ;
#3021 = CARTESIAN_POINT ( 'NONE',  ( 5.450000000000009948, 2.200000000000000178, 5.799999999999999822 ) ) ;
#3022 = FACE_OUTER_BOUND ( 'NONE', #5509, .T. ) ;
#3023 =( NAMED_UNIT ( * ) PLANE_ANGLE_UNIT ( ) SI_UNIT ( $, .RADIAN. ) );
#3024 = ORIENTED_EDGE ( 'NONE', *, *, #2761, .F. ) ;
#3025 = DIRECTION ( 'NONE',  ( 0.0000000000000000000, 0.0000000000000000000, 1.000000000000000000 ) ) ;
#3026 = CARTESIAN_POINT ( 'NONE',  ( 7.500000000000000000, 4.250000000000031086, -4.349999999999999645 ) ) ;
#3027 = EDGE_LOOP ( 'NONE', ( #8231, #1171, #19, #5567, #5140, #2342 ) ) ;
#3028 = DIRECTION ( 'NONE',  ( 0.0000000000000000000, -1.000000000000000000, -3.965082230804130614E-15 ) ) ;
#3029 = AXIS2_PLACEMENT_3D ( 'NONE', #1840, #5169, #9792 ) ;
#3030 = DIRECTION ( 'NONE',  ( -3.641714079092569968E-16, 0.0000000000000000000, -1.000000000000000000 ) ) ;
#3031 = DIRECTION ( 'NONE',  ( 0.0000000000000000000, -1.000000000000000000, 0.0000000000000000000 ) ) ;
#3032 = DIRECTION ( 'NONE',  ( 0.0000000000000000000, -1.000000000000000000, 0.0000000000000000000 ) ) ;
#3033 = LINE ( 'NONE', #1381, #7698 ) ;
#3034 = EDGE_CURVE ( 'NONE', #307, #10213, #3617, .T. ) ;
#3035 = EDGE_CURVE ( 'NONE', #3051, #2221, #8470, .T. ) ;
#3036 = COLOUR_RGB ( '',0.2862745098039215508, 0.6431372549019607199, 0.8666666666666666963 ) ;
#3037 = CARTESIAN_POINT ( 'NONE',  ( 8.908230602241415497, 6.595770259307301764, 5.257011279829165495 ) ) ;
#3038 = EDGE_LOOP ( 'NONE', ( #9766, #9720, #372, #8959 ) ) ;
#3039 = EDGE_LOOP ( 'NONE', ( #9033, #2136, #9322, #189 ) ) ;
#3040 = CARTESIAN_POINT ( 'NONE',  ( 8.907431421379209624, 4.650000000000011902, 9.500000000000000000 ) ) ;
#3041 = SURFACE_STYLE_USAGE ( .BOTH. , #3228 ) ;
#3042 = SURFACE_STYLE_FILL_AREA ( #9244 ) ;
#3043 = ORIENTED_EDGE ( 'NONE', *, *, #1139, .T. ) ;
#3044 = VECTOR ( 'NONE', #8160, 1000.000000000000000 ) ;
#3045 = DIRECTION ( 'NONE',  ( 0.0000000000000000000, -0.1736481776669300259, 0.9848077530122081313 ) ) ;
#3046 = EDGE_CURVE ( 'NONE', #1508, #714, #9205, .T. ) ;
#3047 = STYLED_ITEM ( 'NONE', ( #1063 ), #9598 ) ;
#3048 = CARTESIAN_POINT ( 'NONE',  ( -2.500000000000000000, 6.000000000000000000, 9.999999999999996447 ) ) ;
#3049 = CARTESIAN_POINT ( 'NONE',  ( -2.500000000000000000, 4.250000000000031086, 0.7500000000000009992 ) ) ;
#3050 =( NAMED_UNIT ( * ) PLANE_ANGLE_UNIT ( ) SI_UNIT ( $, .RADIAN. ) );
#3051 = VERTEX_POINT ( 'NONE', #1403 ) ;
#3052 = DIRECTION ( 'NONE',  ( 0.2722442098535290400, 0.0000000000000000000, -0.9622281902964742173 ) ) ;
#3053 = CARTESIAN_POINT ( 'NONE',  ( -1.041844086465805175, 6.384612859888997960, 5.465433459372714964 ) ) ;
#3054 = ORIENTED_EDGE ( 'NONE', *, *, #2850, .T. ) ;
#3055 = EDGE_CURVE ( 'NONE', #6505, #6553, #7077, .T. ) ;
#3056 = UNCERTAINTY_MEASURE_WITH_UNIT (LENGTH_MEASURE( 1.000000000000000082E-05 ), #8792, 'distance_accuracy_value', 'NONE');
#3057 = STYLED_ITEM ( 'NONE', ( #6715 ), #232 ) ;
#3058 = UNCERTAINTY_MEASURE_WITH_UNIT (LENGTH_MEASURE( 1.000000000000000082E-05 ), #1518, 'distance_accuracy_value', 'NONE');
#3059 = B_SPLINE_CURVE_WITH_KNOTS ( 'NONE', 3,
 ( #4262, #267, #1831, #9825 ),
 .UNSPECIFIED., .F., .F.,
 ( 4, 4 ),
 ( 9.545781775144834972E-14, 0.0001440939132139113150 ),
 .UNSPECIFIED. ) ;
#3060 = DIRECTION ( 'NONE',  ( 1.000000000000000000, 0.0000000000000000000, 0.0000000000000000000 ) ) ;
#3061 = SURFACE_SIDE_STYLE ('',( #699 ) ) ;
#3062 = STYLED_ITEM ( 'NONE', ( #2598 ), #9898 ) ;
#3063 = ORIENTED_EDGE ( 'NONE', *, *, #588, .T. ) ;
#3064 = CARTESIAN_POINT ( 'NONE',  ( 7.500000000000000000, 4.250000000000009770, 9.314249409997579221 ) ) ;
#3065 = ORIENTED_EDGE ( 'NONE', *, *, #6191, .T. ) ;
#3066 = VECTOR ( 'NONE', #582, 1000.000000000000000 ) ;
#3067 = ORIENTED_EDGE ( 'NONE', *, *, #8297, .F. ) ;
#3068 = DIRECTION ( 'NONE',  ( 0.0000000000000000000, 0.0000000000000000000, 1.000000000000000000 ) ) ;
#3069 = FILL_AREA_STYLE_COLOUR ( '', #6377 ) ;
#3070 = ADVANCED_FACE ( 'NONE', ( #3716 ), #4408, .T. ) ;
#3071 = EDGE_CURVE ( 'NONE', #5028, #1565, #7579, .T. ) ;
#3072 =( NAMED_UNIT ( * ) PLANE_ANGLE_UNIT ( ) SI_UNIT ( $, .RADIAN. ) );
#3073 = FACE_BOUND ( 'NONE', #2553, .T. ) ;
#3074 = ORIENTED_EDGE ( 'NONE', *, *, #5673, .F. ) ;
#3075 = VECTOR ( 'NONE', #9066, 1000.000000000000000 ) ;
#3076 = VECTOR ( 'NONE', #5950, 1000.000000000000000 ) ;
#3077 = CARTESIAN_POINT ( 'NONE',  ( 8.254835393828189538, 6.973925928331420110, 2.947631442961020198 ) ) ;
#3078 = EDGE_LOOP ( 'NONE', ( #8288, #7872, #9407, #10072, #2037, #147, #5254 ) ) ;
#3079 = DIRECTION ( 'NONE',  ( 1.000000000000000000, 0.0000000000000000000, 0.0000000000000000000 ) ) ;
#3080 = CARTESIAN_POINT ( 'NONE',  ( 6.022973818606729424, 6.335261421013385963, 5.690949135155424443 ) ) ;
#3081 = ORIENTED_EDGE ( 'NONE', *, *, #8605, .F. ) ;
#3082 = DIRECTION ( 'NONE',  ( -1.000000000000000000, 0.0000000000000000000, 4.231032868236119855E-16 ) ) ;
#3083 = B_SPLINE_CURVE_WITH_KNOTS ( 'NONE', 3,
 ( #1757, #8097, #240, #8778, #6529, #2331, #885, #3923 ),
 .UNSPECIFIED., .F., .F.,
 ( 4, 2, 2, 4 ),
 ( 0.0000000000000000000, 0.3582783410808659808, 0.7198210597566799818, 1.000000000000000000 ),
 .UNSPECIFIED. ) ;
#3084 = PRESENTATION_LAYER_ASSIGNMENT (  '', '', ( #2088 ) ) ;
#3085 = CARTESIAN_POINT ( 'NONE',  ( 2.500000000000000000, 9.550000000000029132, 2.750000000000000000 ) ) ;
#3086 = EDGE_LOOP ( 'NONE', ( #5820, #5828, #4249, #7809 ) ) ;
#3087 = CARTESIAN_POINT ( 'NONE',  ( 0.1954545454545459915, 7.886363636363641128, 0.3954545454545499994 ) ) ;
#3088 = CARTESIAN_POINT ( 'NONE',  ( 2.500000000000000000, 6.250000000000031086, 1.349999999999999867 ) ) ;
#3089 = DIRECTION ( 'NONE',  ( 0.0000000000000000000, 0.0000000000000000000, -1.000000000000000000 ) ) ;
#3090 = DIRECTION ( 'NONE',  ( 0.0000000000000000000, 0.0000000000000000000, 1.000000000000000000 ) ) ;
#3091 = EDGE_CURVE ( 'NONE', #9019, #4260, #3920, .T. ) ;
#3092 = ORIENTED_EDGE ( 'NONE', *, *, #6401, .T. ) ;
#3093 = CARTESIAN_POINT ( 'NONE',  ( 10.00000000000000000, 7.450000000000000178, 6.500000000000000888 ) ) ;
#3094 = CARTESIAN_POINT ( 'NONE',  ( 7.000000000331121797, 4.250000000000031086, -3.850000000000000089 ) ) ;
#3095 = AXIS2_PLACEMENT_3D ( 'NONE', #9927, #6554, #5726 ) ;
#3096 = DIRECTION ( 'NONE',  ( 1.000000000000000000, 0.0000000000000000000, -4.231032868236119855E-16 ) ) ;
#3097 = PRESENTATION_STYLE_ASSIGNMENT (( #10210 ) ) ;
#3098 = PLANE ( 'NONE',  #1044 ) ;
#3099 = SURFACE_STYLE_FILL_AREA ( #5591 ) ;
#3100 = ADVANCED_FACE ( 'NONE', ( #8520 ), #7591, .T. ) ;
#3101 = VECTOR ( 'NONE', #7308, 1000.000000000000000 ) ;
#3102 = EDGE_CURVE ( 'NONE', #9187, #1785, #501, .T. ) ;
#3103 = ORIENTED_EDGE ( 'NONE', *, *, #2425, .F. ) ;
#3104 = CARTESIAN_POINT ( 'NONE',  ( 9.206355740440962165, 6.087469401107320266, 5.606250910350270011 ) ) ;
#3105 = CARTESIAN_POINT ( 'NONE',  ( -0.9313491852503010815, 4.650000000000010125, 9.236151811974451675 ) ) ;
#3106 = VERTEX_POINT ( 'NONE', #6849 ) ;
#3107 =( LENGTH_UNIT ( ) NAMED_UNIT ( * ) SI_UNIT ( .MILLI., .METRE. ) );
#3108 =( NAMED_UNIT ( * ) SI_UNIT ( $, .STERADIAN. ) SOLID_ANGLE_UNIT ( ) );
#3109 = CARTESIAN_POINT ( 'NONE',  ( 8.908230602241415497, 6.595770259307300876, 5.257011279829165495 ) ) ;
#3110 = FILL_AREA_STYLE ('',( #10220 ) ) ;
#3111 =( LENGTH_UNIT ( ) NAMED_UNIT ( * ) SI_UNIT ( .MILLI., .METRE. ) );
#3112 = EDGE_CURVE ( 'NONE', #3106, #612, #8424, .T. ) ;
#3113 = ORIENTED_EDGE ( 'NONE', *, *, #8475, .T. ) ;
#3114 = AXIS2_PLACEMENT_3D ( 'NONE', #9079, #7491, #9935 ) ;
#3115 = EDGE_LOOP ( 'NONE', ( #9129, #9170, #3310, #3151 ) ) ;
#3116 = ORIENTED_EDGE ( 'NONE', *, *, #10035, .T. ) ;
#3117 = LINE ( 'NONE', #6335, #7012 ) ;
#3118 = ORIENTED_EDGE ( 'NONE', *, *, #8566, .T. ) ;
#3119 = CARTESIAN_POINT ( 'NONE',  ( 0.2500000000000000000, 7.750000000000000000, 0.6500000000000010214 ) ) ;
#3120 = FACE_BOUND ( 'NONE', #2868, .T. ) ;
#3121 = ORIENTED_EDGE ( 'NONE', *, *, #7815, .F. ) ;
#3122 = PRESENTATION_LAYER_ASSIGNMENT (  '', '', ( #2800 ) ) ;
#3123 = DIRECTION ( 'NONE',  ( 0.0000000000000000000, 0.0000000000000000000, -1.000000000000000000 ) ) ;
#3124 = FILL_AREA_STYLE_COLOUR ( '', #5806 ) ;
#3125 = ADVANCED_FACE ( 'NONE', ( #1313 ), #4458, .F. ) ;
#3126 = EDGE_LOOP ( 'NONE', ( #5465, #6975, #9813, #1423, #3775 ) ) ;
#3127 = ORIENTED_EDGE ( 'NONE', *, *, #9655, .T. ) ;
#3128 = CARTESIAN_POINT ( 'NONE',  ( 8.000000000000000000, 4.250000000000031086, 0.0000000000000000000 ) ) ;
#3129 = LINE ( 'NONE', #2303, #3398 ) ;
#3130 = VECTOR ( 'NONE', #2647, 1000.000000000000000 ) ;
#3131 =( LENGTH_UNIT ( ) NAMED_UNIT ( * ) SI_UNIT ( .MILLI., .METRE. ) );
#3132 = LINE ( 'NONE', #4800, #5009 ) ;
#3133 = VERTEX_POINT ( 'NONE', #7527 ) ;
#3134 = CARTESIAN_POINT ( 'NONE',  ( 9.005306635626549649, 6.250000000000079936, 5.631641418841220492 ) ) ;
#3135 = CARTESIAN_POINT ( 'NONE',  ( 8.875649002070730376, 6.820490948317419644, 5.141853884246479822 ) ) ;
#3136 = PLANE ( 'NONE',  #840 ) ;
#3137 = EDGE_CURVE ( 'NONE', #1264, #9807, #3566, .T. ) ;
#3138 = ORIENTED_EDGE ( 'NONE', *, *, #453, .F. ) ;
#3139 = DIRECTION ( 'NONE',  ( -4.311199699514559827E-15, 1.000000000000000000, 0.0000000000000000000 ) ) ;
#3140 = CARTESIAN_POINT ( 'NONE',  ( 3.856009966283758583, 4.650000000000010125, 9.500000000000000000 ) ) ;
#3141 = PRESENTATION_STYLE_ASSIGNMENT (( #7874 ) ) ;
#3142 = CIRCLE ( 'NONE', #10112, 1.599999999999999867 ) ;
#3143 = MECHANICAL_DESIGN_GEOMETRIC_PRESENTATION_REPRESENTATION (  '', ( #8628 ), #5469 ) ;
#3144 = DIRECTION ( 'NONE',  ( -0.3713906763541020561, -0.9284766908852600809, -8.859277744181280819E-33 ) ) ;
#3145 =( NAMED_UNIT ( * ) SI_UNIT ( $, .STERADIAN. ) SOLID_ANGLE_UNIT ( ) );
#3146 = CARTESIAN_POINT ( 'NONE',  ( -3.549999999999999822, 6.700487189948050037, 3.990870176997180607 ) ) ;
#3147 = FACE_BOUND ( 'NONE', #4908, .T. ) ;
#3148 = ORIENTED_EDGE ( 'NONE', *, *, #5375, .F. ) ;
#3149 = CARTESIAN_POINT ( 'NONE',  ( 7.500000000000000000, 4.250000000000009770, 8.000000000000000000 ) ) ;
#3150 = CARTESIAN_POINT ( 'NONE',  ( -5.000000000000000000, 7.750000000000000000, 0.0000000000000000000 ) ) ;
#3151 = ORIENTED_EDGE ( 'NONE', *, *, #6843, .F. ) ;
#3152 = EDGE_CURVE ( 'NONE', #5351, #8727, #8585, .T. ) ;
#3153 = CARTESIAN_POINT ( 'NONE',  ( 4.034447604600113202, 4.650000000000011902, 9.413837825582248797 ) ) ;
#3154 = CARTESIAN_POINT ( 'NONE',  ( 8.871701747922880799, 6.620978138265459556, 5.127902589497660202 ) ) ;
#3155 = DIRECTION ( 'NONE',  ( 0.0000000000000000000, 0.0000000000000000000, 1.000000000000000000 ) ) ;
#3156 = ORIENTED_EDGE ( 'NONE', *, *, #874, .F. ) ;
#3157 = DIRECTION ( 'NONE',  ( 0.0000000000000000000, -1.000000000000000000, 0.0000000000000000000 ) ) ;
#3158 = ORIENTED_EDGE ( 'NONE', *, *, #2798, .T. ) ;
#3159 = ORIENTED_EDGE ( 'NONE', *, *, #10063, .F. ) ;
#3160 = EDGE_LOOP ( 'NONE', ( #9747, #4833, #1614, #1748 ) ) ;
#3161 = EDGE_CURVE ( 'NONE', #5188, #6711, #4712, .T. ) ;
#3162 = CARTESIAN_POINT ( 'NONE',  ( 3.999986798160700463, 6.250000000000079936, 5.549568022095430209 ) ) ;
#3163 = CARTESIAN_POINT ( 'NONE',  ( 0.9976911859572500374, 6.250000000000079936, 5.579085650507759730 ) ) ;
#3164 = ORIENTED_EDGE ( 'NONE', *, *, #6983, .F. ) ;
#3165 = CARTESIAN_POINT ( 'NONE',  ( -4.093910474793799992, 3.850000000000010303, 8.893318922984189356 ) ) ;
#3166 = CARTESIAN_POINT ( 'NONE',  ( 4.074407072548740238, 4.650000000000010125, 9.158054070483670372 ) ) ;
#3167 = SURFACE_STYLE_FILL_AREA ( #7958 ) ;
#3168 = ORIENTED_EDGE ( 'NONE', *, *, #3137, .F. ) ;
#3169 = CARTESIAN_POINT ( 'NONE',  ( 2.750000000000000000, 4.250000000000031086, -4.349999999999999645 ) ) ;
#3170 = ORIENTED_EDGE ( 'NONE', *, *, #1873, .F. ) ;
#3171 = FILL_AREA_STYLE_COLOUR ( '', #2375 ) ;
#3172 = EDGE_CURVE ( 'NONE', #3983, #1417, #8924, .T. ) ;
#3173 = CIRCLE ( 'NONE', #2357, 1.613267899285889984 ) ;
#3174 = FACE_OUTER_BOUND ( 'NONE', #1211, .T. ) ;
#3175 = EDGE_LOOP ( 'NONE', ( #5369, #420 ) ) ;
#3176 = VERTEX_POINT ( 'NONE', #3053 ) ;
#3177 = CARTESIAN_POINT ( 'NONE',  ( 7.500000000000000000, 4.250000000000009770, 8.000000000000000000 ) ) ;
#3178 = CARTESIAN_POINT ( 'NONE',  ( -5.500000000000000000, 6.405650476444289865, 3.372082935692199968 ) ) ;
#3179 = EDGE_LOOP ( 'NONE', ( #1736, #2287 ) ) ;
#3180 = DIRECTION ( 'NONE',  ( 0.0000000000000000000, 0.3713906763541028888, -0.9284766908852596368 ) ) ;
#3181 = AXIS2_PLACEMENT_3D ( 'NONE', #9663, #7307, #247 ) ;
#3182 = VECTOR ( 'NONE', #9324, 1000.000000000000000 ) ;
#3183 = ADVANCED_FACE ( 'NONE', ( #7095 ), #788, .T. ) ;
#3184 = EDGE_CURVE ( 'NONE', #807, #6236, #10187, .T. ) ;
#3185 = VERTEX_POINT ( 'NONE', #3150 ) ;
#3186 = CARTESIAN_POINT ( 'NONE',  ( -2.500000000000000000, 4.250000000000031086, -5.204170427930419706E-15 ) ) ;
#3187 = TOROIDAL_SURFACE ( 'NONE', #2374, 1.413776159319739989, 0.2000000000000000111 ) ;
#3188 = VECTOR ( 'NONE', #6964, 1000.000000000000000 ) ;
#3189 = CARTESIAN_POINT ( 'NONE',  ( 2.500000000000000000, 9.550000000000029132, 1.349999999999999867 ) ) ;
#3190 = DIRECTION ( 'NONE',  ( -1.000000000000000000, 0.0000000000000000000, 0.0000000000000000000 ) ) ;
#3191 = ORIENTED_EDGE ( 'NONE', *, *, #1217, .F. ) ;
#3192 = DIRECTION ( 'NONE',  ( 3.641714079092569968E-16, 0.0000000000000000000, -1.000000000000000000 ) ) ;
#3193 = FACE_BOUND ( 'NONE', #1617, .T. ) ;
#3194 = ORIENTED_EDGE ( 'NONE', *, *, #6657, .F. ) ;
#3195 = AXIS2_PLACEMENT_3D ( 'NONE', #9296, #2165, #5327 ) ;
#3196 = LINE ( 'NONE', #9659, #4136 ) ;
#3197 = VECTOR ( 'NONE', #1547, 999.9999999999998863 ) ;
#3198 = SURFACE_SIDE_STYLE ('',( #8051 ) ) ;
#3199 = DIRECTION ( 'NONE',  ( 0.0000000000000000000, -1.000000000000000000, 0.0000000000000000000 ) ) ;
#3200 = B_SPLINE_CURVE_WITH_KNOTS ( 'NONE', 3,
 ( #1317, #7679, #10127, #8527 ),
 .UNSPECIFIED., .F., .F.,
 ( 4, 4 ),
 ( 9.545615063968434510E-14, 0.0001440939132139746866 ),
 .UNSPECIFIED. ) ;
#3201 = VERTEX_POINT ( 'NONE', #6274 ) ;
#3202 =( NAMED_UNIT ( * ) SI_UNIT ( $, .STERADIAN. ) SOLID_ANGLE_UNIT ( ) );
#3203 = ORIENTED_EDGE ( 'NONE', *, *, #7002, .T. ) ;
#3204 = EDGE_CURVE ( 'NONE', #8665, #1867, #839, .T. ) ;
#3205 = ORIENTED_EDGE ( 'NONE', *, *, #5577, .F. ) ;
#3206 = LINE ( 'NONE', #5504, #5697 ) ;
#3207 = EDGE_LOOP ( 'NONE', ( #924, #3425, #4946, #1214 ) ) ;
#3208 = UNCERTAINTY_MEASURE_WITH_UNIT (LENGTH_MEASURE( 1.000000000000000082E-05 ), #5243, 'distance_accuracy_value', 'NONE');
#3209 = CARTESIAN_POINT ( 'NONE',  ( 0.0000000000000000000, 6.436102000195529804, 9.999999999999989342 ) ) ;
#3210 = ORIENTED_EDGE ( 'NONE', *, *, #1123, .T. ) ;
#3211 = CARTESIAN_POINT ( 'NONE',  ( 144.0449999999999875, 0.8789603367746769980, 8.000000000000000000 ) ) ;
#3212 = AXIS2_PLACEMENT_3D ( 'NONE', #8764, #7868, #975 ) ;
#3213 = CARTESIAN_POINT ( 'NONE',  ( 6.431818181818189650, 4.795454545454529871, 1.631818181818190050 ) ) ;
#3214 = VECTOR ( 'NONE', #6087, 1000.000000000000000 ) ;
#3215 = EDGE_LOOP ( 'NONE', ( #7843, #1234, #3975 ) ) ;
#3216 = FACE_OUTER_BOUND ( 'NONE', #7272, .T. ) ;
#3217 = EDGE_CURVE ( 'NONE', #7418, #6553, #3481, .T. ) ;
#3218 = ORIENTED_EDGE ( 'NONE', *, *, #10091, .F. ) ;
#3219 = CARTESIAN_POINT ( 'NONE',  ( 10.00000000000000000, 0.9499999999999999556, 6.200000000000001066 ) ) ;
#3220 = CARTESIAN_POINT ( 'NONE',  ( 3.976897247608214503, 6.379062758811953060, 5.679065084669054464 ) ) ;
#3221 = PRESENTATION_LAYER_ASSIGNMENT (  '', '', ( #7711 ) ) ;
#3222 = CARTESIAN_POINT ( 'NONE',  ( -2.999999999668877759, 4.250000000000031086, -3.850000000000000089 ) ) ;
#3223 = DIRECTION ( 'NONE',  ( 0.0000000000000000000, -1.000000000000000000, 0.0000000000000000000 ) ) ;
#3224 = ORIENTED_EDGE ( 'NONE', *, *, #3576, .T. ) ;
#3225 = ORIENTED_EDGE ( 'NONE', *, *, #8389, .T. ) ;
#3226 = VECTOR ( 'NONE', #8163, 1000.000000000000000 ) ;
#3227 = FACE_OUTER_BOUND ( 'NONE', #5997, .T. ) ;
#3228 = SURFACE_SIDE_STYLE ('',( #8765 ) ) ;
#3229 =( NAMED_UNIT ( * ) PLANE_ANGLE_UNIT ( ) SI_UNIT ( $, .RADIAN. ) );
#3230 = AXIS2_PLACEMENT_3D ( 'NONE', #3827, #7837, #9508 ) ;
#3231 = ADVANCED_FACE ( 'NONE', ( #1603, #3193, #2279, #6227 ), #1545, .F. ) ;
#3232 = AXIS2_PLACEMENT_3D ( 'NONE', #3458, #9053, #2459 ) ;
#3233 = CARTESIAN_POINT ( 'NONE',  ( 10.00000000000000000, 1.718879291340180027, 9.827925769509480602 ) ) ;
#3234 = CARTESIAN_POINT ( 'NONE',  ( 0.9060895252062000083, 3.850000000000010303, 8.893318922984189356 ) ) ;
#3235 = FACE_OUTER_BOUND ( 'NONE', #5108, .T. ) ;
#3236 = ORIENTED_EDGE ( 'NONE', *, *, #9087, .T. ) ;
#3237 = CIRCLE ( 'NONE', #2264, 0.5000000000000000000 ) ;
#3238 =( NAMED_UNIT ( * ) PLANE_ANGLE_UNIT ( ) SI_UNIT ( $, .RADIAN. ) );
#3239 = DIRECTION ( 'NONE',  ( -1.000000000000000000, 0.0000000000000000000, 0.0000000000000000000 ) ) ;
#3240 = SURFACE_STYLE_USAGE ( .BOTH. , #5534 ) ;
#3241 = EDGE_CURVE ( 'NONE', #2915, #2511, #651, .T. ) ;
#3242 = VERTEX_POINT ( 'NONE', #8293 ) ;
#3243 = FACE_OUTER_BOUND ( 'NONE', #7267, .T. ) ;
#3244 = SURFACE_STYLE_USAGE ( .BOTH. , #5595 ) ;
#3245 = AXIS2_PLACEMENT_3D ( 'NONE', #9699, #9603, #8983 ) ;
#3246 =( LENGTH_UNIT ( ) NAMED_UNIT ( * ) SI_UNIT ( .MILLI., .METRE. ) );
#3247 = SURFACE_STYLE_USAGE ( .BOTH. , #2282 ) ;
#3248 = PRESENTATION_LAYER_ASSIGNMENT (  '', '', ( #2938 ) ) ;
#3249 = DIRECTION ( 'NONE',  ( -1.000000000000000000, 0.0000000000000000000, 0.0000000000000000000 ) ) ;
#3250 = FACE_BOUND ( 'NONE', #7024, .T. ) ;
#3251 = EDGE_CURVE ( 'NONE', #4892, #2670, #5887, .T. ) ;
#3252 = ORIENTED_EDGE ( 'NONE', *, *, #6841, .F. ) ;
#3253 = CARTESIAN_POINT ( 'NONE',  ( 1.143990033716241861, 4.650000000000010125, 9.500000000000010658 ) ) ;
#3255 = ADVANCED_FACE ( 'NONE', ( #9828 ), #4599, .T. ) ;
#3254 = PLANE ( 'NONE',  #2787 ) ;
#3256 = VERTEX_POINT ( 'NONE', #4214 ) ;
#3257 = VERTEX_POINT ( 'NONE', #2046 ) ;
#3258 = CARTESIAN_POINT ( 'NONE',  ( 9.034848484848490457, 5.962121212121219926, 5.184848484848489925 ) ) ;
#3259 = CIRCLE ( 'NONE', #9261, 0.4000000000000001887 ) ;
#3260 = EDGE_LOOP ( 'NONE', ( #1683, #916, #2507, #2465 ) ) ;
#3261 = CARTESIAN_POINT ( 'NONE',  ( 9.006141391221529346, 6.250000000000031974, 5.699344090454331102 ) ) ;
#3262 = CARTESIAN_POINT ( 'NONE',  ( 10.00000000000000000, 1.990236984239069917, 9.700000000000001066 ) ) ;
#3263 = ORIENTED_EDGE ( 'NONE', *, *, #8442, .T. ) ;
#3264 = FACE_OUTER_BOUND ( 'NONE', #5164, .T. ) ;
#3265 = CIRCLE ( 'NONE', #4770, 0.5000000000000004441 ) ;
#3266 = CARTESIAN_POINT ( 'NONE',  ( 3.976897247608213615, 6.379062758812451328, 5.679065084668919461 ) ) ;
#3267 = VERTEX_POINT ( 'NONE', #7548 ) ;
#3268 = CARTESIAN_POINT ( 'NONE',  ( 2.750000000000000000, 4.250000000000031086, -4.349999999999999645 ) ) ;
#3269 = EDGE_LOOP ( 'NONE', ( #5002, #5035, #4516, #4106 ) ) ;
#3270 = CARTESIAN_POINT ( 'NONE',  ( 5.931349185249990441, 3.850000000000010303, 9.236151811974499637 ) ) ;
#3271 = CARTESIAN_POINT ( 'NONE',  ( -3.551316613977629544, 6.900595781960301878, 3.995523657362079817 ) ) ;
#3272 = SURFACE_SIDE_STYLE ('',( #9585 ) ) ;
#3273 = DIRECTION ( 'NONE',  ( 0.2716300227878299944, 0.06713375248915300075, -0.9600573889080840084 ) ) ;
#3274 = ORIENTED_EDGE ( 'NONE', *, *, #5473, .F. ) ;
#3275 = EDGE_CURVE ( 'NONE', #1622, #6236, #1466, .T. ) ;
#3276 = ADVANCED_FACE ( 'NONE', ( #1993, #5106 ), #9736, .T. ) ;
#3277 = ORIENTED_EDGE ( 'NONE', *, *, #8076, .F. ) ;
#3278 = CARTESIAN_POINT ( 'NONE',  ( 8.550000000000000711, 6.900812423267500328, 3.990870176997169949 ) ) ;
#3279 = CARTESIAN_POINT ( 'NONE',  ( -1.075900883378423156, 6.560463200155847829, 5.313097438219579693 ) ) ;
#3280 = CARTESIAN_POINT ( 'NONE',  ( 2.500000000000000000, 4.250000000000031086, -4.349999999999999645 ) ) ;
#3281 = LINE ( 'NONE', #76, #5343 ) ;
#3282 = FACE_OUTER_BOUND ( 'NONE', #7107, .T. ) ;
#3283 = SURFACE_SIDE_STYLE ('',( #7241 ) ) ;
#3284 = VERTEX_POINT ( 'NONE', #1232 ) ;
#3285 = COLOUR_RGB ( '',0.2862745098039215508, 0.6431372549019607199, 0.8666666666666666963 ) ;
#3286 = ADVANCED_FACE ( 'NONE', ( #5942 ), #981, .T. ) ;
#3287 = DIRECTION ( 'NONE',  ( -5.152643988049929844E-16, 0.0000000000000000000, -1.000000000000000000 ) ) ;
#3288 = CARTESIAN_POINT ( 'NONE',  ( -3.998700532801559682, 6.250000000000079936, 5.536292564213430190 ) ) ;
#3289 = DIRECTION ( 'NONE',  ( 1.000000000000000000, 0.0000000000000000000, 0.0000000000000000000 ) ) ;
#3290 =( NAMED_UNIT ( * ) PLANE_ANGLE_UNIT ( ) SI_UNIT ( $, .RADIAN. ) );
#3291 = ORIENTED_EDGE ( 'NONE', *, *, #269, .F. ) ;
#3292 = CARTESIAN_POINT ( 'NONE',  ( 7.500000000000000000, 4.250000000000009770, 9.500000000000000000 ) ) ;
#3293 = DIRECTION ( 'NONE',  ( 0.0000000000000000000, 0.06975647374412512203, -0.9975640502598243087 ) ) ;
#3294 = PRESENTATION_LAYER_ASSIGNMENT (  '', '', ( #8628 ) ) ;
#3295 = CARTESIAN_POINT ( 'NONE',  ( 4.500000000000000888, 6.370920840910899940, 3.569044486294639995 ) ) ;
#3296 =( BOUNDED_CURVE ( )  B_SPLINE_CURVE ( 3, ( #3692, #5363, #5999, #6874 ),
 .UNSPECIFIED., .F., .T. ) 
 B_SPLINE_CURVE_WITH_KNOTS ( ( 4, 4 ),
 ( 4.150549750469672006, 4.642575810304896855 ),
 .UNSPECIFIED. ) 
 CURVE ( )  GEOMETRIC_REPRESENTATION_ITEM ( )  RATIONAL_B_SPLINE_CURVE ( ( 1.000000000000000000, 0.9799274069394412479, 0.9799274069394412479, 1.000000000000000000 ) ) 
 REPRESENTATION_ITEM ( '' )  );
#3297 = B_SPLINE_CURVE_WITH_KNOTS ( 'NONE', 3,
 ( #7549, #3587, #3684, #6767 ),
 .UNSPECIFIED., .F., .F.,
 ( 4, 4 ),
 ( 0.0000000000000000000, 0.0001342552525292888292 ),
 .UNSPECIFIED. ) ;
#3298 = ADVANCED_FACE ( 'NONE', ( #1074 ), #1625, .T. ) ;
#3299 = PLANE ( 'NONE',  #2470 ) ;
#3300 = AXIS2_PLACEMENT_3D ( 'NONE', #6691, #7520, #8104 ) ;
#3301 = CARTESIAN_POINT ( 'NONE',  ( -0.5000000000000000000, 6.620978138265459556, 5.127902589497660202 ) ) ;
#3302 = DIRECTION ( 'NONE',  ( 0.0000000000000000000, -1.000000000000000000, -3.965082230804152702E-15 ) ) ;
#3303 = B_SPLINE_CURVE_WITH_KNOTS ( 'NONE', 3,
 ( #5841, #1893, #7500, #9837 ),
 .UNSPECIFIED., .F., .F.,
 ( 4, 4 ),
 ( 8.451154704094331056E-14, 0.0002372982933281810708 ),
 .UNSPECIFIED. ) ;
#3304 = ORIENTED_EDGE ( 'NONE', *, *, #2839, .F. ) ;
#3305 = CARTESIAN_POINT ( 'NONE',  ( 0.9313491852498201329, 4.650000000000010125, 9.236151811974430359 ) ) ;
#3306 = CARTESIAN_POINT ( 'NONE',  ( 2.500000000000000000, 4.250000000000009770, 9.500000000000010658 ) ) ;
#3307 = VERTEX_POINT ( 'NONE', #8340 ) ;
#3308 = DIRECTION ( 'NONE',  ( 0.0000000000000000000, -1.000000000000000000, 0.0000000000000000000 ) ) ;
#3309 = VECTOR ( 'NONE', #4762, 1000.000000000000000 ) ;
#3310 = ORIENTED_EDGE ( 'NONE', *, *, #8713, .F. ) ;
#3311 = EDGE_CURVE ( 'NONE', #7331, #3363, #4318, .T. ) ;
#3312 = CARTESIAN_POINT ( 'NONE',  ( -3.976962562486499930, 6.379043465882250352, 5.701156363462399845 ) ) ;
#3313 = EDGE_CURVE ( 'NONE', #6288, #956, #9111, .T. ) ;
#3314 = VERTEX_POINT ( 'NONE', #1833 ) ;
#3315 = FILL_AREA_STYLE ('',( #2402 ) ) ;
#3316 = LINE ( 'NONE', #5721, #4565 ) ;
#3317 = DIRECTION ( 'NONE',  ( 0.0000000000000000000, -1.000000000000000000, 0.0000000000000000000 ) ) ;
#3318 = ORIENTED_EDGE ( 'NONE', *, *, #2474, .T. ) ;
#3319 = CARTESIAN_POINT ( 'NONE',  ( -2.500000000000000000, 4.250000000000009770, 8.000000000000010658 ) ) ;
#3320 = ORIENTED_EDGE ( 'NONE', *, *, #537, .F. ) ;
#3321 = FACE_BOUND ( 'NONE', #1514, .T. ) ;
#3322 = VECTOR ( 'NONE', #1040, 1000.000000000000000 ) ;
#3323 =( NAMED_UNIT ( * ) PLANE_ANGLE_UNIT ( ) SI_UNIT ( $, .RADIAN. ) );
#3324 = VERTEX_POINT ( 'NONE', #376 ) ;
#3325 = ORIENTED_EDGE ( 'NONE', *, *, #3477, .T. ) ;
#3326 = CARTESIAN_POINT ( 'NONE',  ( 8.970979442870280707, 6.380815304788059805, 5.542356440406270401 ) ) ;
#3327 = DIRECTION ( 'NONE',  ( 0.4472135950260953119, -5.476786976838883161E-17, 0.8944271912368472188 ) ) ;
#3328 = DIRECTION ( 'NONE',  ( 0.0000000000000000000, 1.000000000000000000, 0.0000000000000000000 ) ) ;
#3329 = LINE ( 'NONE', #9085, #1858 ) ;
#3330 = CARTESIAN_POINT ( 'NONE',  ( 0.9255929274512599836, 3.850000000000010303, 9.158054070483700571 ) ) ;
#3331 = EDGE_CURVE ( 'NONE', #9391, #9785, #6429, .T. ) ;
#3332 = EDGE_CURVE ( 'NONE', #751, #5670, #5991, .T. ) ;
#3333 = AXIS2_PLACEMENT_3D ( 'NONE', #3049, #6014, #1451 ) ;
#3334 = ORIENTED_EDGE ( 'NONE', *, *, #2143, .F. ) ;
#3335 = FACE_OUTER_BOUND ( 'NONE', #2455, .T. ) ;
#3336 = FACE_OUTER_BOUND ( 'NONE', #5306, .T. ) ;
#3337 = DIRECTION ( 'NONE',  ( 0.0000000000000000000, -0.9284766908852596368, 0.3713906763541028888 ) ) ;
#3338 = CIRCLE ( 'NONE', #9513, 1.613267899285889984 ) ;
#3339 = CARTESIAN_POINT ( 'NONE',  ( 8.977026237072346149, 6.335242407712963875, 5.690954293788235141 ) ) ;
#3340 = FILL_AREA_STYLE ('',( #6479 ) ) ;
#3341 = ORIENTED_EDGE ( 'NONE', *, *, #6121, .F. ) ;
#3342 = DIRECTION ( 'NONE',  ( 0.0000000000000000000, 0.0000000000000000000, -1.000000000000000000 ) ) ;
#3343 = DIRECTION ( 'NONE',  ( 1.000000000000000000, 0.0000000000000000000, 0.0000000000000000000 ) ) ;
#3344 = STYLED_ITEM ( 'NONE', ( #2268 ), #8036 ) ;
#3345 = EDGE_CURVE ( 'NONE', #3381, #8604, #2288, .T. ) ;
#3346 =( NAMED_UNIT ( * ) SI_UNIT ( $, .STERADIAN. ) SOLID_ANGLE_UNIT ( ) );
#3347 = COLOUR_RGB ( '',0.2862745098039215508, 0.6431372549019607199, 0.8666666666666666963 ) ;
#3348 = LINE ( 'NONE', #1100, #6112 ) ;
#3349 = PRODUCT_CONTEXT ( 'NONE', #5329, 'mechanical' ) ;
#3350 = VECTOR ( 'NONE', #6606, 1000.000000000000000 ) ;
#3351 =( NAMED_UNIT ( * ) SI_UNIT ( $, .STERADIAN. ) SOLID_ANGLE_UNIT ( ) );
#3352 = SURFACE_STYLE_FILL_AREA ( #245 ) ;
#3353 = ORIENTED_EDGE ( 'NONE', *, *, #9953, .T. ) ;
#3354 = DIRECTION ( 'NONE',  ( 0.0000000000000000000, -1.000000000000000000, 0.0000000000000000000 ) ) ;
#3355 = DIRECTION ( 'NONE',  ( 0.0000000000000000000, 0.0000000000000000000, 1.000000000000000000 ) ) ;
#3356 = ADVANCED_FACE ( 'NONE', ( #3478 ), #9887, .F. ) ;
#3357 = ORIENTED_EDGE ( 'NONE', *, *, #2671, .T. ) ;
#3358 = DIRECTION ( 'NONE',  ( -5.152643988049929844E-16, 0.0000000000000000000, -1.000000000000000000 ) ) ;
#3359 = AXIS2_PLACEMENT_3D ( 'NONE', #2704, #5087, #3308 ) ;
#3360 = ORIENTED_EDGE ( 'NONE', *, *, #2029, .F. ) ;
#3361 = LINE ( 'NONE', #6544, #5597 ) ;
#3362 = CARTESIAN_POINT ( 'NONE',  ( -0.5000000000000000000, 6.900000000000019895, 4.004821471746000228 ) ) ;
#3363 = VERTEX_POINT ( 'NONE', #2776 ) ;
#3364 = DIRECTION ( 'NONE',  ( 0.0000000000000000000, -1.000000000000000000, 0.0000000000000000000 ) ) ;
#3365 = AXIS2_PLACEMENT_3D ( 'NONE', #1532, #8668, #8868 ) ;
#3366 = CARTESIAN_POINT ( 'NONE',  ( -4.062892611431373702, 3.850000000000009415, 9.314249409997648499 ) ) ;
#3367 = DIRECTION ( 'NONE',  ( 0.0000000000000000000, 0.0000000000000000000, -1.000000000000000000 ) ) ;
#3368 = ORIENTED_EDGE ( 'NONE', *, *, #746, .F. ) ;
#3369 = ORIENTED_EDGE ( 'NONE', *, *, #8099, .F. ) ;
#3370 = ADVANCED_FACE ( 'NONE', ( #4999 ), #9783, .T. ) ;
#3371 = COLOUR_RGB ( '',0.2862745098039215508, 0.6431372549019607199, 0.8666666666666666963 ) ;
#3372 = EDGE_LOOP ( 'NONE', ( #5403, #9778, #172, #7639 ) ) ;
#3373 = SURFACE_SIDE_STYLE ('',( #8854 ) ) ;
#3374 = EDGE_CURVE ( 'NONE', #2396, #2002, #1793, .T. ) ;
#3375 =( LENGTH_UNIT ( ) NAMED_UNIT ( * ) SI_UNIT ( .MILLI., .METRE. ) );
#3376 = STYLED_ITEM ( 'NONE', ( #1609 ), #9738 ) ;
#3377 = CARTESIAN_POINT ( 'NONE',  ( 2.500000000000000000, 9.550000000000029132, 2.750000000000000000 ) ) ;
#3378 = ORIENTED_EDGE ( 'NONE', *, *, #6280, .F. ) ;
#3379 = AXIS2_PLACEMENT_3D ( 'NONE', #9535, #5580, #1527 ) ;
#3380 = PRESENTATION_LAYER_ASSIGNMENT (  '', '', ( #7200 ) ) ;
#3381 = VERTEX_POINT ( 'NONE', #611 ) ;
#3382 = CARTESIAN_POINT ( 'NONE',  ( -0.4499999999999990119, 7.250000000000000000, 0.6500000000000020206 ) ) ;
#3383 = DIRECTION ( 'NONE',  ( 0.0000000000000000000, 0.0000000000000000000, -1.000000000000000000 ) ) ;
#3384 = CIRCLE ( 'NONE', #5717, 0.2999999999999999334 ) ;
#3385 = DIRECTION ( 'NONE',  ( 0.0000000000000000000, -1.000000000000000000, 0.0000000000000000000 ) ) ;
#3386 = EDGE_CURVE ( 'NONE', #2002, #5242, #8392, .T. ) ;
#3387 = CARTESIAN_POINT ( 'NONE',  ( 2.500000000000000000, 6.000000000000000000, 8.000000000000000000 ) ) ;
#3388 = CARTESIAN_POINT ( 'NONE',  ( 3.549999999999999822, 5.950000000000040146, 3.494824785299559977 ) ) ;
#3389 = VECTOR ( 'NONE', #2627, 1000.000000000000114 ) ;
#3390 = CARTESIAN_POINT ( 'NONE',  ( 8.958155913534195491, 6.384612859888997960, 5.465433459372715852 ) ) ;
#3391 = AXIS2_PLACEMENT_3D ( 'NONE', #1592, #5485, #5530 ) ;
#3392 = ORIENTED_EDGE ( 'NONE', *, *, #1857, .T. ) ;
#3393 = CARTESIAN_POINT ( 'NONE',  ( 0.9938586087084702037, 6.250000000000047073, 5.699344090454424361 ) ) ;
#3394 = DIRECTION ( 'NONE',  ( 0.0000000000000000000, 0.0000000000000000000, -1.000000000000000000 ) ) ;
#3395 = VECTOR ( 'NONE', #1221, 1000.000000000000000 ) ;
#3396 = DIRECTION ( 'NONE',  ( -0.3481553119113940387, 0.8703882797784900927, -0.3481553119113949823 ) ) ;
#3397 = ADVANCED_FACE ( 'NONE', ( #9224 ), #8590, .T. ) ;
#3398 = VECTOR ( 'NONE', #7123, 1000.000000000000000 ) ;
#3399 = CARTESIAN_POINT ( 'NONE',  ( 10.50000000000000000, 0.8864914703891380032, 6.200000000000001066 ) ) ;
#3400 = VERTEX_POINT ( 'NONE', #9327 ) ;
#3401 = DIRECTION ( 'NONE',  ( 0.0000000000000000000, -1.000000000000000000, 0.0000000000000000000 ) ) ;
#3402 = CARTESIAN_POINT ( 'NONE',  ( 0.8172394239610690780, 6.093223782856449944, 5.414712191412339948 ) ) ;
#3403 = VECTOR ( 'NONE', #576, 1000.000000000000227 ) ;
#3404 = EDGE_CURVE ( 'NONE', #9468, #8279, #5944, .T. ) ;
#3405 =( LENGTH_UNIT ( ) NAMED_UNIT ( * ) SI_UNIT ( .MILLI., .METRE. ) );
#3406 = EDGE_CURVE ( 'NONE', #1270, #456, #7757, .T. ) ;
#3407 = DIRECTION ( 'NONE',  ( 0.0000000000000000000, 0.06975647374412512203, -0.9975640502598243087 ) ) ;
#3408 = COLOUR_RGB ( '',0.2862745098039215508, 0.6431372549019607199, 0.8666666666666666963 ) ;
#3409 = ORIENTED_EDGE ( 'NONE', *, *, #6779, .F. ) ;
#3410 = DIRECTION ( 'NONE',  ( 0.0000000000000000000, 0.0000000000000000000, -1.000000000000000000 ) ) ;
#3411 = PRODUCT ( 'CUI_DEVICES_TB002-500-05BE', 'CUI_DEVICES_TB002-500-05BE', '', ( #3349 ) ) ;
#3412 = ORIENTED_EDGE ( 'NONE', *, *, #7280, .F. ) ;
#3413 = DIRECTION ( 'NONE',  ( 0.0000000000000000000, 0.0000000000000000000, 1.000000000000000000 ) ) ;
#3414 = ORIENTED_EDGE ( 'NONE', *, *, #5793, .T. ) ;
#3415 = FILL_AREA_STYLE ('',( #6650 ) ) ;
#3416 = FILL_AREA_STYLE ('',( #4045 ) ) ;
#3417 = EDGE_LOOP ( 'NONE', ( #8001, #4995, #6272, #1933 ) ) ;
#3418 = CARTESIAN_POINT ( 'NONE',  ( 2.500000000000000000, 9.550000000000029132, 4.150000000000000355 ) ) ;
#3419 = ADVANCED_FACE ( 'NONE', ( #6865 ), #10036, .T. ) ;
#3420 = LINE ( 'NONE', #1118, #10202 ) ;
#3421 = CARTESIAN_POINT ( 'NONE',  ( 7.500000000000000000, 2.650000000000010125, 9.500000000000000000 ) ) ;
#3422 = ORIENTED_EDGE ( 'NONE', *, *, #3990, .T. ) ;
#3423 = LINE ( 'NONE', #9011, #7576 ) ;
#3424 = AXIS2_PLACEMENT_3D ( 'NONE', #9419, #8687, #4880 ) ;
#3425 = ORIENTED_EDGE ( 'NONE', *, *, #4575, .T. ) ;
#3426 = ORIENTED_EDGE ( 'NONE', *, *, #7877, .F. ) ;
#3427 = DIRECTION ( 'NONE',  ( 1.000000000000000000, 0.0000000000000000000, 0.0000000000000000000 ) ) ;
#3428 = DIRECTION ( 'NONE',  ( 0.0000000000000000000, 1.000000000000000000, 0.0000000000000000000 ) ) ;
#3429 = VERTEX_POINT ( 'NONE', #5259 ) ;
#3430 = AXIS2_PLACEMENT_3D ( 'NONE', #5305, #1421, #707 ) ;
#3431 = EDGE_CURVE ( 'NONE', #2530, #8604, #4438, .T. ) ;
#3432 = EDGE_LOOP ( 'NONE', ( #2514, #7627, #1954, #3164 ) ) ;
#3433 = DIRECTION ( 'NONE',  ( 0.0000000000000000000, 1.000000000000000000, 0.0000000000000000000 ) ) ;
#3434 = CARTESIAN_POINT ( 'NONE',  ( -1.041844086465805175, 6.384612859888997960, 5.465433459372714964 ) ) ;
#3435 = DIRECTION ( 'NONE',  ( -1.000000000000000000, -5.580452358381269806E-16, 0.0000000000000000000 ) ) ;
#3436 = DIRECTION ( 'NONE',  ( 0.0000000000000000000, 1.000000000000000000, 0.0000000000000000000 ) ) ;
#3437 = CARTESIAN_POINT ( 'NONE',  ( 6.030138328426668082, 6.381146321179233638, 5.536094731449907158 ) ) ;
#3438 = CARTESIAN_POINT ( 'NONE',  ( 5.912962694865610658, 4.650000000000010125, 8.986637655680240755 ) ) ;
#3439 = EDGE_LOOP ( 'NONE', ( #8078, #9420, #5537, #8895 ) ) ;
#3440 = EDGE_CURVE ( 'NONE', #4159, #691, #3265, .T. ) ;
#3441 = CARTESIAN_POINT ( 'NONE',  ( 1.075900883378422712, 6.782835288287570208, 5.313097438219570812 ) ) ;
#3442 = ADVANCED_FACE ( 'NONE', ( #3022 ), #7596, .F. ) ;
#3443 = CARTESIAN_POINT ( 'NONE',  ( 9.006141391221529346, 6.250000000000030198, 5.699344090454331990 ) ) ;
#3444 = AXIS2_PLACEMENT_3D ( 'NONE', #638, #7571, #6067 ) ;
#3445 = DIRECTION ( 'NONE',  ( 0.0000000000000000000, -0.9848077530122081313, -0.1736481776669300259 ) ) ;
#3446 = DIRECTION ( 'NONE',  ( 0.0000000000000000000, 0.0000000000000000000, 1.000000000000000000 ) ) ;
#3447 = ORIENTED_EDGE ( 'NONE', *, *, #10063, .T. ) ;
#3448 = DIRECTION ( 'NONE',  ( 0.0000000000000000000, 0.0000000000000000000, -1.000000000000000000 ) ) ;
#3449 = FACE_OUTER_BOUND ( 'NONE', #150, .T. ) ;
#3450 = DIRECTION ( 'NONE',  ( 0.0000000000000000000, -0.9284766908852596368, 0.3713906763541028888 ) ) ;
#3451 = AXIS2_PLACEMENT_3D ( 'NONE', #4230, #1799, #2687 ) ;
#3452 = AXIS2_PLACEMENT_3D ( 'NONE', #7137, #80, #8772 ) ;
#3453 =( NAMED_UNIT ( * ) PLANE_ANGLE_UNIT ( ) SI_UNIT ( $, .RADIAN. ) );
#3454 = VECTOR ( 'NONE', #2995, 1000.000000000000000 ) ;
#3455 = ORIENTED_EDGE ( 'NONE', *, *, #1491, .T. ) ;
#3456 = CARTESIAN_POINT ( 'NONE',  ( 0.9255929274512501026, 4.650000000000010125, 9.158054070483650833 ) ) ;
#3457 = PRESENTATION_STYLE_ASSIGNMENT (( #8270 ) ) ;
#3458 = CARTESIAN_POINT ( 'NONE',  ( -2.500000000000000000, 4.250000000000031086, -4.349999999999999645 ) ) ;
#3459 = VERTEX_POINT ( 'NONE', #7216 ) ;
#3460 = CARTESIAN_POINT ( 'NONE',  ( 4.500000000000000888, 6.405650476444289865, 3.372082935692199968 ) ) ;
#3461 = ORIENTED_EDGE ( 'NONE', *, *, #614, .F. ) ;
#3462 = EDGE_CURVE ( 'NONE', #8322, #4846, #8952, .T. ) ;
#3463 = MECHANICAL_DESIGN_GEOMETRIC_PRESENTATION_REPRESENTATION (  '', ( #6804 ), #6633 ) ;
#3464 = VECTOR ( 'NONE', #9200, 1000.000000000000000 ) ;
#3465 = LINE ( 'NONE', #1818, #5951 ) ;
#3466 = DIRECTION ( 'NONE',  ( 0.0000000000000000000, 0.0000000000000000000, -1.000000000000000000 ) ) ;
#3467 = VERTEX_POINT ( 'NONE', #4837 ) ;
#3468 = SURFACE_SIDE_STYLE ('',( #4989 ) ) ;
#3469 = FACE_OUTER_BOUND ( 'NONE', #903, .T. ) ;
#3470 = CARTESIAN_POINT ( 'NONE',  ( 3.958155913534197712, 6.384612859888997960, 5.465433459372714964 ) ) ;
#3471 =( LENGTH_UNIT ( ) NAMED_UNIT ( * ) SI_UNIT ( .MILLI., .METRE. ) );
#3472 = VERTEX_POINT ( 'NONE', #9474 ) ;
#3473 = CARTESIAN_POINT ( 'NONE',  ( 4.549999999999999822, 7.250000000000000000, 0.6499999999999990230 ) ) ;
#3474 = VERTEX_POINT ( 'NONE', #3261 ) ;
#3475 = ORIENTED_EDGE ( 'NONE', *, *, #8487, .T. ) ;
#3476 = CARTESIAN_POINT ( 'NONE',  ( 5.794121699421159732, 6.087585839000359655, 5.702638584486940054 ) ) ;
#3477 = EDGE_CURVE ( 'NONE', #3580, #5410, #344, .T. ) ;
#3478 = FACE_OUTER_BOUND ( 'NONE', #2805, .T. ) ;
#3479 = PRESENTATION_STYLE_ASSIGNMENT (( #2047 ) ) ;
#3480 = ORIENTED_EDGE ( 'NONE', *, *, #7082, .T. ) ;
#3481 = B_SPLINE_CURVE_WITH_KNOTS ( 'NONE', 3,
 ( #88, #7828, #2381, #10165, #8729, #5441 ),
 .UNSPECIFIED., .F., .F.,
 ( 4, 2, 4 ),
 ( 4.719042235047125419E-16, 0.0001520665957078400619, 0.0003041331914152082248 ),
 .UNSPECIFIED. ) ;
#3482 = EDGE_LOOP ( 'NONE', ( #8119, #3392, #8740, #2341 ) ) ;
#3483 = CARTESIAN_POINT ( 'NONE',  ( 0.0000000000000000000, 0.9399999999999999467, 6.200000000000001066 ) ) ;
#3484 = DIRECTION ( 'NONE',  ( -1.000000000000000000, 0.0000000000000000000, 4.231032868236119855E-16 ) ) ;
#3485 = CARTESIAN_POINT ( 'NONE',  ( 0.9961825259182880421, 6.250000000000079936, 5.603246506036859920 ) ) ;
#3486 = DIRECTION ( 'NONE',  ( 0.0000000000000000000, 0.0000000000000000000, 1.000000000000000000 ) ) ;
#3487 = LINE ( 'NONE', #1951, #3076 ) ;
#3488 = DIRECTION ( 'NONE',  ( 0.0000000000000000000, 0.0000000000000000000, 1.000000000000000000 ) ) ;
#3489 = ADVANCED_FACE ( 'NONE', ( #4044 ), #5224, .T. ) ;
#3490 = ORIENTED_EDGE ( 'NONE', *, *, #3477, .F. ) ;
#3491 = CARTESIAN_POINT ( 'NONE',  ( 7.500000000000000000, 4.250000000000009770, 9.314249409997579221 ) ) ;
#3492 = CARTESIAN_POINT ( 'NONE',  ( 5.450000000000009948, 7.250000000000000000, 5.700000000000000178 ) ) ;
#3493 = CARTESIAN_POINT ( 'NONE',  ( 6.450000000000000178, 6.370920840910899940, 3.569044486294639995 ) ) ;
#3494 = ORIENTED_EDGE ( 'NONE', *, *, #835, .T. ) ;
#3495 = AXIS2_PLACEMENT_3D ( 'NONE', #83, #3289, #7039 ) ;
#3496 = CARTESIAN_POINT ( 'NONE',  ( 2.500000000000000000, 4.250000000000009770, 9.500000000000000000 ) ) ;
#3497 = PLANE ( 'NONE',  #2572 ) ;
#3498 = EDGE_CURVE ( 'NONE', #5178, #7444, #1619, .T. ) ;
#3499 = EDGE_CURVE ( 'NONE', #263, #5604, #8693, .T. ) ;
#3500 = UNCERTAINTY_MEASURE_WITH_UNIT (LENGTH_MEASURE( 1.000000000000000082E-05 ), #8880, 'distance_accuracy_value', 'NONE');
#3501 = DIRECTION ( 'NONE',  ( 0.0000000000000000000, -0.9284766908852596368, 0.3713906763541028888 ) ) ;
#3502 = DIRECTION ( 'NONE',  ( -1.000000000000000000, 0.0000000000000000000, 0.0000000000000000000 ) ) ;
#3503 = AXIS2_PLACEMENT_3D ( 'NONE', #334, #5006, #9137 ) ;
#3504 = CARTESIAN_POINT ( 'NONE',  ( 1.092610859955164049, 4.650000000000009237, 9.500000000000031974 ) ) ;
#3505 = CARTESIAN_POINT ( 'NONE',  ( 9.059110900119952348, 3.850000000000010303, 9.365540160509002732 ) ) ;
#3506 = ORIENTED_EDGE ( 'NONE', *, *, #5267, .T. ) ;
#3507 = CARTESIAN_POINT ( 'NONE',  ( -1.041844086465805175, 6.384612859888997960, 5.465433459372714964 ) ) ;
#3508 = CARTESIAN_POINT ( 'NONE',  ( 15.00000000000000000, 7.750000000000000000, 0.0000000000000000000 ) ) ;
#3509 = DIRECTION ( 'NONE',  ( 0.0000000000000000000, 0.0000000000000000000, -1.000000000000000000 ) ) ;
#3510 = ORIENTED_EDGE ( 'NONE', *, *, #5960, .T. ) ;
#3511 = CARTESIAN_POINT ( 'NONE',  ( -5.500000000000000000, 6.370920840910899940, 3.569044486294639995 ) ) ;
#3512 = ORIENTED_EDGE ( 'NONE', *, *, #7256, .F. ) ;
#3513 = VECTOR ( 'NONE', #7814, 1000.000000000000000 ) ;
#3514 = AXIS2_PLACEMENT_3D ( 'NONE', #664, #6830, #1242 ) ;
#3515 = FILL_AREA_STYLE_COLOUR ( '', #658 ) ;
#3516 = CARTESIAN_POINT ( 'NONE',  ( 6.038082531244968187, 6.695996851606556000, 5.479691494729797441 ) ) ;
#3517 = ORIENTED_EDGE ( 'NONE', *, *, #1034, .T. ) ;
#3518 = DIRECTION ( 'NONE',  ( 0.0000000000000000000, 1.000000000000000000, 0.0000000000000000000 ) ) ;
#3519 = CLOSED_SHELL ( 'NONE', ( #4039, #3100, #9429, #1001, #3370, #7659, #9443, #2701, #1319, #2257, #8060, #1618, #2295, #9738, #3255, #1772, #6537, #2808, #3947, #6918, #1606, #8701, #8735, #3978, #3635, #6365, #4328, #4945, #6311, #7714, #2174, #6940, #1290, #9551, #6229, #3969, #3912, #2577, #3298, #9280, #317, #5941, #4623, #10018, #9620, #2996, #1318, #1389, #4758, #10081, #3004, #2863, #6567, #6816, #1058, #7260, #440, #2750, #3620, #8062, #6609, #978, #836, #3397, #375, #2310, #6595, #1300, #2836, #3442, #2016, #141, #5036, #3951, #59, #7517, #2346, #8943, #6972, #6022, #2344, #2001, #68, #5696, #5706, #1751, #232, #3231, #16, #2115, #5413, #9588, #2044, #4830, #9898, #8036, #9358, #6318, #9933, #2030, #5515, #2852, #2680, #3125, #9222, #8366, #6659, #7412, #7682, #9123, #8810, #2224, #4608, #3489, #6883, #7642, #2322, #988, #4654, #7982, #9782, #5488, #3419, #6267, #9444, #7838, #7160, #1542, #4405, #430, #6374, #3887, #483, #9317, #9349, #1025, #1507, #5116, #220, #667, #475, #6399, #9098, #10157, #126, #733, #1369, #8882, #361, #7103, #3276, #3356, #602, #3758, #5354, #5902, #5808, #1357, #4151, #9679, #6337, #6471, #6753, #4857, #2384 ) ) ;
#3520 = CARTESIAN_POINT ( 'NONE',  ( 0.4500000000000000666, 2.200000000000000178, 0.6500000000000010214 ) ) ;
#3521 = CARTESIAN_POINT ( 'NONE',  ( 0.0000000000000000000, 6.436102000195529804, 9.700000000000001066 ) ) ;
#3522 = DIRECTION ( 'NONE',  ( 1.000000000000000000, 0.0000000000000000000, 0.0000000000000000000 ) ) ;
#3523 = ADVANCED_FACE ( 'NONE', ( #2347 ), #9573, .T. ) ;
#3524 = EDGE_LOOP ( 'NONE', ( #1009, #3353, #2476, #3369, #6870, #5092, #8347, #3506 ) ) ;
#3525 = DIRECTION ( 'NONE',  ( -1.717547996016639994E-16, 0.0000000000000000000, -1.000000000000000000 ) ) ;
#3526 = VECTOR ( 'NONE', #3631, 1000.000000000000000 ) ;
#3527 = ORIENTED_EDGE ( 'NONE', *, *, #253, .F. ) ;
#3528 = VERTEX_POINT ( 'NONE', #7111 ) ;
#3529 = DIRECTION ( 'NONE',  ( 0.0000000000000000000, 1.000000000000000000, 0.0000000000000000000 ) ) ;
#3530 = CARTESIAN_POINT ( 'NONE',  ( 7.500000000000000000, 4.250000000000009770, 8.800000000000000711 ) ) ;
#3531 = DIRECTION ( 'NONE',  ( -0.2716300227878299944, -0.06713375248915300075, 0.9600573889080840084 ) ) ;
#3532 = CIRCLE ( 'NONE', #910, 1.649999999999999467 ) ;
#3533 = VERTEX_POINT ( 'NONE', #8843 ) ;
#3534 = ORIENTED_EDGE ( 'NONE', *, *, #9290, .T. ) ;
#3535 = CARTESIAN_POINT ( 'NONE',  ( 2.423020349793489903, -1.462314593354880232, 5.694239332014509714 ) ) ;
#3536 = LINE ( 'NONE', #7648, #2320 ) ;
#3537 = EDGE_CURVE ( 'NONE', #6488, #4209, #10079, .T. ) ;
#3538 = CARTESIAN_POINT ( 'NONE',  ( 3.892263480588888935, 6.816384655952807847, 5.200576600905342239 ) ) ;
#3539 = FACE_OUTER_BOUND ( 'NONE', #6868, .T. ) ;
#3540 = FACE_OUTER_BOUND ( 'NONE', #9983, .T. ) ;
#3541 = PLANE ( 'NONE',  #1895 ) ;
#3542 = AXIS2_PLACEMENT_3D ( 'NONE', #2258, #1337, #4489 ) ;
#3543 = VERTEX_POINT ( 'NONE', #7953 ) ;
#3544 = UNCERTAINTY_MEASURE_WITH_UNIT (LENGTH_MEASURE( 1.000000000000000082E-05 ), #4418, 'distance_accuracy_value', 'NONE');
#3545 = CARTESIAN_POINT ( 'NONE',  ( 5.450000000000009948, 2.200000000000000178, 5.700000000000000178 ) ) ;
#3546 = VECTOR ( 'NONE', #9712, 1000.000000000000000 ) ;
#3547 = LINE ( 'NONE', #2060, #4745 ) ;
#3548 = CYLINDRICAL_SURFACE ( 'NONE', #40, 1.399999999999999911 ) ;
#3549 = ADVANCED_FACE ( 'NONE', ( #4096 ), #6283, .T. ) ;
#3550 = CARTESIAN_POINT ( 'NONE',  ( -2.500000000000000000, 6.250000000000031086, 2.750000000000000000 ) ) ;
#3551 = SURFACE_SIDE_STYLE ('',( #3841 ) ) ;
#3552 = ORIENTED_EDGE ( 'NONE', *, *, #4100, .T. ) ;
#3553 = VECTOR ( 'NONE', #9247, 1000.000000000000000 ) ;
#3554 = DIRECTION ( 'NONE',  ( 0.0000000000000000000, 0.0000000000000000000, -1.000000000000000000 ) ) ;
#3555 = PRESENTATION_LAYER_ASSIGNMENT (  '', '', ( #138 ) ) ;
#3556 = STYLED_ITEM ( 'NONE', ( #5151 ), #1949 ) ;
#3557 = COLOUR_RGB ( '',0.2862745098039215508, 0.6431372549019607199, 0.8666666666666666963 ) ;
#3558 =( NAMED_UNIT ( * ) PLANE_ANGLE_UNIT ( ) SI_UNIT ( $, .RADIAN. ) );
#3559 = CARTESIAN_POINT ( 'NONE',  ( 4.500000000000000888, 6.250000000000031086, 5.499015461808849814 ) ) ;
#3560 = EDGE_CURVE ( 'NONE', #2339, #8451, #3361, .T. ) ;
#3561 = UNCERTAINTY_MEASURE_WITH_UNIT (LENGTH_MEASURE( 1.000000000000000082E-05 ), #860, 'distance_accuracy_value', 'NONE');
#3562 = FILL_AREA_STYLE_COLOUR ( '', #4555 ) ;
#3563 = FACE_OUTER_BOUND ( 'NONE', #8335, .T. ) ;
#3564 = ORIENTED_EDGE ( 'NONE', *, *, #2762, .T. ) ;
#3565 = CARTESIAN_POINT ( 'NONE',  ( 9.074407072548739350, 4.650000000000010125, 9.158054070483670372 ) ) ;
#3566 = LINE ( 'NONE', #9916, #337 ) ;
#3567 = MECHANICAL_DESIGN_GEOMETRIC_PRESENTATION_REPRESENTATION (  '', ( #7393 ), #7230 ) ;
#3568 = PRESENTATION_LAYER_ASSIGNMENT (  '', '', ( #2757 ) ) ;
#3569 = VERTEX_POINT ( 'NONE', #8162 ) ;
#3570 = CARTESIAN_POINT ( 'NONE',  ( 5.993784637127530068, 6.250000000000009770, 5.675366343103210198 ) ) ;
#3571 = ORIENTED_EDGE ( 'NONE', *, *, #7060, .T. ) ;
#3572 = ORIENTED_EDGE ( 'NONE', *, *, #10064, .T. ) ;
#3573 =( GEOMETRIC_REPRESENTATION_CONTEXT ( 3 ) GLOBAL_UNCERTAINTY_ASSIGNED_CONTEXT ( ( #9315 ) ) GLOBAL_UNIT_ASSIGNED_CONTEXT ( ( #1915, #352, #6536 ) ) REPRESENTATION_CONTEXT ( 'NONE', 'WORKASPACE' ) );
#3574 = DIRECTION ( 'NONE',  ( 0.0000000000000000000, -3.675221047034999628E-15, 1.000000000000000000 ) ) ;
#3575 = EDGE_CURVE ( 'NONE', #2556, #6519, #1057, .T. ) ;
#3576 = EDGE_CURVE ( 'NONE', #10163, #8336, #3465, .T. ) ;
#3577 = CARTESIAN_POINT ( 'NONE',  ( 9.750000000000000000, 7.750000000000000000, 9.017126979087359724E-16 ) ) ;
#3578 = DIRECTION ( 'NONE',  ( 0.0000000000000000000, -1.000000000000000000, 0.0000000000000000000 ) ) ;
#3579 = LINE ( 'NONE', #3627, #3641 ) ;
#3580 = VERTEX_POINT ( 'NONE', #5038 ) ;
#3581 = VERTEX_POINT ( 'NONE', #7314 ) ;
#3582 = EDGE_LOOP ( 'NONE', ( #10128, #9579, #4536, #4356 ) ) ;
#3583 = DIRECTION ( 'NONE',  ( -1.000000000000000000, 0.0000000000000000000, 5.152643988049929844E-16 ) ) ;
#3584 =( GEOMETRIC_REPRESENTATION_CONTEXT ( 3 ) GLOBAL_UNCERTAINTY_ASSIGNED_CONTEXT ( ( #8577 ) ) GLOBAL_UNIT_ASSIGNED_CONTEXT ( ( #5177, #2980, #4578 ) ) REPRESENTATION_CONTEXT ( 'NONE', 'WORKASPACE' ) );
#3585 = PLANE ( 'NONE',  #754 ) ;
#3586 = CARTESIAN_POINT ( 'NONE',  ( 2.500000000000000000, 4.250000000000009770, 9.300000000000000711 ) ) ;
#3587 = CARTESIAN_POINT ( 'NONE',  ( -1.013368582924567773, 6.290959454332277545, 5.697427312480218831 ) ) ;
#3588 = ORIENTED_EDGE ( 'NONE', *, *, #4440, .T. ) ;
#3589 = ORIENTED_EDGE ( 'NONE', *, *, #3251, .T. ) ;
#3590 = AXIS2_PLACEMENT_3D ( 'NONE', #8434, #6027, #2235 ) ;
#3591 = DIRECTION ( 'NONE',  ( 1.000000000000000000, 0.0000000000000000000, 0.0000000000000000000 ) ) ;
#3592 = ORIENTED_EDGE ( 'NONE', *, *, #10207, .T. ) ;
#3593 = DIRECTION ( 'NONE',  ( 1.000000000000000000, 0.0000000000000000000, -5.152643988049929844E-16 ) ) ;
#3594 = CARTESIAN_POINT ( 'NONE',  ( 4.062892611435058754, 3.850000000000010303, 9.314249409999350249 ) ) ;
#3595 = PLANE ( 'NONE',  #4226 ) ;
#3596 = EDGE_CURVE ( 'NONE', #5073, #2760, #310, .T. ) ;
#3597 = AXIS2_PLACEMENT_3D ( 'NONE', #7105, #7152, #49 ) ;
#3598 = EDGE_CURVE ( 'NONE', #4258, #5191, #5770, .T. ) ;
#3599 = ORIENTED_EDGE ( 'NONE', *, *, #4873, .T. ) ;
#3600 = DIRECTION ( 'NONE',  ( 0.0000000000000000000, -1.000000000000000000, 0.0000000000000000000 ) ) ;
#3601 = FACE_OUTER_BOUND ( 'NONE', #4883, .T. ) ;
#3602 = CARTESIAN_POINT ( 'NONE',  ( -0.5000000000000000000, 6.250000000000031086, 5.499015461808849814 ) ) ;
#3603 = LINE ( 'NONE', #3702, #726 ) ;
#3604 = DIRECTION ( 'NONE',  ( -1.000000000000000000, 0.0000000000000000000, 0.0000000000000000000 ) ) ;
#3605 = AXIS2_PLACEMENT_3D ( 'NONE', #7777, #689, #3818 ) ;
#3606 = ORIENTED_EDGE ( 'NONE', *, *, #711, .F. ) ;
#3607 = LINE ( 'NONE', #9701, #8153 ) ;
#3608 =( NAMED_UNIT ( * ) PLANE_ANGLE_UNIT ( ) SI_UNIT ( $, .RADIAN. ) );
#3609 = EDGE_CURVE ( 'NONE', #7493, #9203, #7088, .T. ) ;
#3610 =( GEOMETRIC_REPRESENTATION_CONTEXT ( 3 ) GLOBAL_UNCERTAINTY_ASSIGNED_CONTEXT ( ( #8004 ) ) GLOBAL_UNIT_ASSIGNED_CONTEXT ( ( #409, #7533, #2557 ) ) REPRESENTATION_CONTEXT ( 'NONE', 'WORKASPACE' ) );
#3611 = DIRECTION ( 'NONE',  ( 1.000000000000000000, 0.0000000000000000000, 3.641714079092569968E-16 ) ) ;
#3612 = LINE ( 'NONE', #6114, #1661 ) ;
#3613 = LINE ( 'NONE', #4657, #4000 ) ;
#3614 = DIRECTION ( 'NONE',  ( 0.0000000000000000000, 0.0000000000000000000, 1.000000000000000000 ) ) ;
#3615 = ORIENTED_EDGE ( 'NONE', *, *, #350, .T. ) ;
#3616 = DIRECTION ( 'NONE',  ( -0.3713906763541049427, 0.9284766908852587486, 5.238529448733279331E-32 ) ) ;
#3617 = LINE ( 'NONE', #4554, #8428 ) ;
#3618 =( GEOMETRIC_REPRESENTATION_CONTEXT ( 3 ) GLOBAL_UNCERTAINTY_ASSIGNED_CONTEXT ( ( #5235 ) ) GLOBAL_UNIT_ASSIGNED_CONTEXT ( ( #6419, #3238, #7927 ) ) REPRESENTATION_CONTEXT ( 'NONE', 'WORKASPACE' ) );
#3619 = ORIENTED_EDGE ( 'NONE', *, *, #4549, .T. ) ;
#3620 = ADVANCED_FACE ( 'NONE', ( #9003 ), #7479, .T. ) ;
#3621 = DIRECTION ( 'NONE',  ( 4.231032868236119855E-16, 0.0000000000000000000, 1.000000000000000000 ) ) ;
#3622 = VECTOR ( 'NONE', #9593, 1000.000000000000000 ) ;
#3623 = VECTOR ( 'NONE', #3916, 1000.000000000000000 ) ;
#3624 = CYLINDRICAL_SURFACE ( 'NONE', #8967, 0.5000000000000000000 ) ;
#3625 = CARTESIAN_POINT ( 'NONE',  ( 0.0000000000000000000, 1.560000000000000275, 6.200000000000001066 ) ) ;
#3626 = PRESENTATION_STYLE_ASSIGNMENT (( #7681 ) ) ;
#3627 = CARTESIAN_POINT ( 'NONE',  ( 4.500000000000000888, 6.620978138265459556, 5.127902589497660202 ) ) ;
#3628 = ORIENTED_EDGE ( 'NONE', *, *, #1254, .F. ) ;
#3629 = ORIENTED_EDGE ( 'NONE', *, *, #6790, .F. ) ;
#3630 = EDGE_LOOP ( 'NONE', ( #1012, #9714, #6914, #7169, #3831, #3767 ) ) ;
#3631 = DIRECTION ( 'NONE',  ( -5.152643988049929844E-16, 0.0000000000000000000, -1.000000000000000000 ) ) ;
#3632 = MECHANICAL_DESIGN_GEOMETRIC_PRESENTATION_REPRESENTATION (  '', ( #6468 ), #9787 ) ;
#3633 = AXIS2_PLACEMENT_3D ( 'NONE', #313, #9922, #5981 ) ;
#3634 = DIRECTION ( 'NONE',  ( 0.0000000000000000000, -1.000000000000000000, 0.0000000000000000000 ) ) ;
#3635 = ADVANCED_FACE ( 'NONE', ( #8328 ), #4253, .T. ) ;
#3636 =( BOUNDED_CURVE ( )  B_SPLINE_CURVE ( 3, ( #4815, #9452, #6320, #9499 ),
 .UNSPECIFIED., .F., .T. ) 
 B_SPLINE_CURVE_WITH_KNOTS ( ( 4, 4 ),
 ( 1.617317421061991167, 1.640609496874676276 ),
 .UNSPECIFIED. ) 
 CURVE ( )  GEOMETRIC_REPRESENTATION_ITEM ( )  RATIONAL_B_SPLINE_CURVE ( ( 1.000000000000000000, 0.9999547904446798308, 0.9999547904446798308, 1.000000000000000000 ) ) 
 REPRESENTATION_ITEM ( '' )  );
#3637 = EDGE_CURVE ( 'NONE', #9966, #8940, #8379, .T. ) ;
#3638 = LINE ( 'NONE', #6866, #6716 ) ;
#3639 = ORIENTED_EDGE ( 'NONE', *, *, #5284, .F. ) ;
#3640 = ORIENTED_EDGE ( 'NONE', *, *, #8956, .T. ) ;
#3641 = VECTOR ( 'NONE', #6758, 1000.000000000000000 ) ;
#3642 = CIRCLE ( 'NONE', #9152, 0.4000000000000001887 ) ;
#3643 = ORIENTED_EDGE ( 'NONE', *, *, #4746, .F. ) ;
#3644 = CARTESIAN_POINT ( 'NONE',  ( 4.750000000000000000, 7.750000000000000000, 5.900000000000000355 ) ) ;
#3645 = CARTESIAN_POINT ( 'NONE',  ( 8.961427646675767633, 6.340242470872313518, 5.485183436973980697 ) ) ;
#3646 = SURFACE_SIDE_STYLE ('',( #6001 ) ) ;
#3647 = CIRCLE ( 'NONE', #6306, 1.400000000000000133 ) ;
#3648 = EDGE_LOOP ( 'NONE', ( #3378, #1282, #7233, #214 ) ) ;
#3649 = CARTESIAN_POINT ( 'NONE',  ( 15.00000000000000000, 0.1499999999999999944, 0.0000000000000000000 ) ) ;
#3650 = CARTESIAN_POINT ( 'NONE',  ( 9.062892611431221823, 4.650000000000010125, 9.314249409997579221 ) ) ;
#3651 =( BOUNDED_CURVE ( )  B_SPLINE_CURVE ( 3, ( #2785, #6673, #2683, #8137 ),
 .UNSPECIFIED., .F., .T. ) 
 B_SPLINE_CURVE_WITH_KNOTS ( ( 4, 4 ),
 ( 1.640609496874690709, 1.933884111301997777 ),
 .UNSPECIFIED. ) 
 CURVE ( )  GEOMETRIC_REPRESENTATION_ITEM ( )  RATIONAL_B_SPLINE_CURVE ( ( 1.000000000000000000, 0.9928453341064040760, 0.9928453341064040760, 1.000000000000000000 ) ) 
 REPRESENTATION_ITEM ( '' )  );
#3652 = CARTESIAN_POINT ( 'NONE',  ( 9.199999999999999289, 3.850000000000010303, 8.800000000000000711 ) ) ;
#3653 = CARTESIAN_POINT ( 'NONE',  ( 4.549999999999999822, 7.250000000000000000, 5.700000000000000178 ) ) ;
#3654 = ADVANCED_FACE ( 'NONE', ( #5341 ), #6906, .F. ) ;
#3655 = EDGE_LOOP ( 'NONE', ( #7142, #8372 ) ) ;
#3656 = CARTESIAN_POINT ( 'NONE',  ( 6.450000000000000178, 6.700487189948050037, 3.990870176997169949 ) ) ;
#3657 = AXIS2_PLACEMENT_3D ( 'NONE', #7348, #7407, #8258 ) ;
#3658 = DIRECTION ( 'NONE',  ( -1.000000000000000000, 0.0000000000000000000, -3.641714079092569968E-16 ) ) ;
#3659 = LINE ( 'NONE', #6794, #5639 ) ;
#3660 = B_SPLINE_CURVE_WITH_KNOTS ( 'NONE', 3,
 ( #7856, #1812, #4090, #148, #3305, #8053 ),
 .UNSPECIFIED., .F., .F.,
 ( 4, 2, 4 ),
 ( 0.0000000000000000000, 0.5443967235633909718, 1.000000000000000000 ),
 .UNSPECIFIED. ) ;
#3661 = UNCERTAINTY_MEASURE_WITH_UNIT (LENGTH_MEASURE( 1.000000000000000082E-05 ), #3471, 'distance_accuracy_value', 'NONE');
#3662 = CARTESIAN_POINT ( 'NONE',  ( -2.500000000000000000, 2.836223840680269781, 9.500000000000010658 ) ) ;
#3663 = DIRECTION ( 'NONE',  ( 3.641714079092569968E-16, 0.0000000000000000000, -1.000000000000000000 ) ) ;
#3664 = EDGE_CURVE ( 'NONE', #5119, #3019, #9758, .T. ) ;
#3665 = VERTEX_POINT ( 'NONE', #6806 ) ;
#3666 = DIRECTION ( 'NONE',  ( 0.0000000000000000000, 1.000000000000000000, 0.0000000000000000000 ) ) ;
#3667 = DIRECTION ( 'NONE',  ( -1.000000000000000000, 0.0000000000000000000, 3.641714079092569968E-16 ) ) ;
#3668 = ORIENTED_EDGE ( 'NONE', *, *, #7378, .T. ) ;
#3669 = VECTOR ( 'NONE', #4951, 1000.000000000000227 ) ;
#3670 = UNCERTAINTY_MEASURE_WITH_UNIT (LENGTH_MEASURE( 1.000000000000000082E-05 ), #2421, 'distance_accuracy_value', 'NONE');
#3671 = CARTESIAN_POINT ( 'NONE',  ( 9.034447604600114090, 4.650000000000011902, 9.413837825582238139 ) ) ;
#3672 = CARTESIAN_POINT ( 'NONE',  ( -2.500000000000000000, 4.250000000000031086, -3.850000000000000089 ) ) ;
#3673 = CARTESIAN_POINT ( 'NONE',  ( 8.550000000000000711, 6.700487189948059807, 3.990870176997169949 ) ) ;
#3674 = EDGE_CURVE ( 'NONE', #307, #1260, #8575, .T. ) ;
#3675 = EDGE_LOOP ( 'NONE', ( #8380, #7830, #9686, #6181 ) ) ;
#3676 = CARTESIAN_POINT ( 'NONE',  ( 6.038082531347328086, 6.695996852033649915, 5.479691494104393712 ) ) ;
#3677 = ORIENTED_EDGE ( 'NONE', *, *, #768, .F. ) ;
#3678 = AXIS2_PLACEMENT_3D ( 'NONE', #6976, #8941, #1519 ) ;
#3679 = ORIENTED_EDGE ( 'NONE', *, *, #4858, .F. ) ;
#3680 = CARTESIAN_POINT ( 'NONE',  ( 10.00000000000000000, 6.733652732787760442, 9.738256522761860268 ) ) ;
#3681 = CONICAL_SURFACE ( 'NONE', #3029, 1.599999999999999867, 0.07130746470380971980 ) ;
#3682 = CARTESIAN_POINT ( 'NONE',  ( 1.023038840290179996, 6.143414083933709691, 5.701440280542519723 ) ) ;
#3683 = DIRECTION ( 'NONE',  ( -1.000000000000000000, 0.0000000000000000000, 0.0000000000000000000 ) ) ;
#3684 = CARTESIAN_POINT ( 'NONE',  ( -1.022973762927652297, 6.335242407712969204, 5.690954293788240470 ) ) ;
#3685 = VERTEX_POINT ( 'NONE', #9314 ) ;
#3686 = CIRCLE ( 'NONE', #5022, 1.413776159319739989 ) ;
#3687 = ORIENTED_EDGE ( 'NONE', *, *, #5399, .T. ) ;
#3688 = PLANE ( 'NONE',  #767 ) ;
#3689 = EDGE_CURVE ( 'NONE', #8940, #7067, #2081, .T. ) ;
#3690 = ORIENTED_EDGE ( 'NONE', *, *, #1897, .T. ) ;
#3691 = EDGE_CURVE ( 'NONE', #9616, #3665, #9329, .T. ) ;
#3692 = CARTESIAN_POINT ( 'NONE',  ( -3.924099116621577288, 6.560463200155847829, 5.313097438219579693 ) ) ;
#3693 = DIRECTION ( 'NONE',  ( 0.0000000000000000000, -1.000000000000000000, -3.965082230804130614E-15 ) ) ;
#3694 =( NAMED_UNIT ( * ) PLANE_ANGLE_UNIT ( ) SI_UNIT ( $, .RADIAN. ) );
#3695 =( NAMED_UNIT ( * ) SI_UNIT ( $, .STERADIAN. ) SOLID_ANGLE_UNIT ( ) );
#3696 = CARTESIAN_POINT ( 'NONE',  ( 8.549145049325982626, 6.700698492242080029, 3.987848413411089865 ) ) ;
#3697 = ORIENTED_EDGE ( 'NONE', *, *, #5677, .T. ) ;
#3698 = FACE_OUTER_BOUND ( 'NONE', #1457, .T. ) ;
#3699 = ADVANCED_FACE ( 'NONE', ( #6124 ), #7631, .T. ) ;
#3700 = EDGE_CURVE ( 'NONE', #7325, #50, #1798, .T. ) ;
#3701 = AXIS2_PLACEMENT_3D ( 'NONE', #4048, #4099, #4893 ) ;
#3702 = CARTESIAN_POINT ( 'NONE',  ( -3.549999999999999822, 5.950000000000040146, 2.800000000000019806 ) ) ;
#3703 = B_SPLINE_CURVE_WITH_KNOTS ( 'NONE', 3,
 ( #8183, #8861, #330, #1028, #226, #9741 ),
 .UNSPECIFIED., .F., .F.,
 ( 4, 2, 4 ),
 ( 9.055522398700297199E-18, 0.0001520665957082005862, 0.0003041331914163921193 ),
 .UNSPECIFIED. ) ;
#3704 = VERTEX_POINT ( 'NONE', #6853 ) ;
#3705 = DIRECTION ( 'NONE',  ( 0.0000000000000000000, 0.0000000000000000000, -1.000000000000000000 ) ) ;
#3706 = DIRECTION ( 'NONE',  ( 0.0000000000000000000, -1.000000000000000000, 0.0000000000000000000 ) ) ;
#3707 = MECHANICAL_DESIGN_GEOMETRIC_PRESENTATION_REPRESENTATION (  '', ( #10180 ), #9047 ) ;
#3708 =( GEOMETRIC_REPRESENTATION_CONTEXT ( 3 ) GLOBAL_UNCERTAINTY_ASSIGNED_CONTEXT ( ( #8474 ) ) GLOBAL_UNIT_ASSIGNED_CONTEXT ( ( #1503, #7739, #3826 ) ) REPRESENTATION_CONTEXT ( 'NONE', 'WORKASPACE' ) );
#3709 = CYLINDRICAL_SURFACE ( 'NONE', #1321, 0.5999999999999998668 ) ;
#3710 = AXIS2_PLACEMENT_3D ( 'NONE', #1691, #4909, #2362 ) ;
#3711 = CARTESIAN_POINT ( 'NONE',  ( 1.449999999999999956, 6.900812423267500328, 3.990870176997169949 ) ) ;
#3712 = AXIS2_PLACEMENT_3D ( 'NONE', #5051, #8234, #1127 ) ;
#3713 =( NAMED_UNIT ( * ) PLANE_ANGLE_UNIT ( ) SI_UNIT ( $, .RADIAN. ) );
#3714 = EDGE_LOOP ( 'NONE', ( #2240, #9056, #9849, #5153 ) ) ;
#3715 = CARTESIAN_POINT ( 'NONE',  ( 9.198613071924839346, 6.089357680825980168, 5.509810034670159951 ) ) ;
#3716 = FACE_OUTER_BOUND ( 'NONE', #2834, .T. ) ;
#3717 =( GEOMETRIC_REPRESENTATION_CONTEXT ( 3 ) GLOBAL_UNCERTAINTY_ASSIGNED_CONTEXT ( ( #2961 ) ) GLOBAL_UNIT_ASSIGNED_CONTEXT ( ( #9760, #1259, #3351 ) ) REPRESENTATION_CONTEXT ( 'NONE', 'WORKASPACE' ) );
#3718 = ORIENTED_EDGE ( 'NONE', *, *, #1910, .T. ) ;
#3719 = B_SPLINE_CURVE_WITH_KNOTS ( 'NONE', 3,
 ( #8193, #6626, #7343, #9842, #4123, #9648 ),
 .UNSPECIFIED., .F., .F.,
 ( 4, 2, 4 ),
 ( 9.055522398700297199E-18, 0.0001520665957082017788, 0.0003041331914163945046 ),
 .UNSPECIFIED. ) ;
#3720 = COLOUR_RGB ( '',0.2862745098039215508, 0.6431372549019607199, 0.8666666666666666963 ) ;
#3721 = ADVANCED_FACE ( 'NONE', ( #10021 ), #8427, .T. ) ;
#3722 = EDGE_CURVE ( 'NONE', #1944, #1589, #5774, .T. ) ;
#3723 = SURFACE_STYLE_FILL_AREA ( #4610 ) ;
#3724 =( NAMED_UNIT ( * ) PLANE_ANGLE_UNIT ( ) SI_UNIT ( $, .RADIAN. ) );
#3725 = CARTESIAN_POINT ( 'NONE',  ( 4.006141391221530235, 6.250000000000031974, 5.699344090454337319 ) ) ;
#3726 = PRESENTATION_STYLE_ASSIGNMENT (( #8528 ) ) ;
#3727 =( NAMED_UNIT ( * ) PLANE_ANGLE_UNIT ( ) SI_UNIT ( $, .RADIAN. ) );
#3728 = ORIENTED_EDGE ( 'NONE', *, *, #163, .F. ) ;
#3729 = VERTEX_POINT ( 'NONE', #2386 ) ;
#3730 = ORIENTED_EDGE ( 'NONE', *, *, #1256, .F. ) ;
#3731 = FACE_OUTER_BOUND ( 'NONE', #9639, .T. ) ;
#3732 = VECTOR ( 'NONE', #6223, 1000.000000000000000 ) ;
#3733 = EDGE_CURVE ( 'NONE', #618, #9917, #8696, .T. ) ;
#3734 = VECTOR ( 'NONE', #4442, 1000.000000000000000 ) ;
#3735 =( LENGTH_UNIT ( ) NAMED_UNIT ( * ) SI_UNIT ( .MILLI., .METRE. ) );
#3736 = FILL_AREA_STYLE_COLOUR ( '', #4721 ) ;
#3737 = ORIENTED_EDGE ( 'NONE', *, *, #2517, .F. ) ;
#3738 = DIRECTION ( 'NONE',  ( 0.0000000000000000000, -1.000000000000000000, -3.965082230804130614E-15 ) ) ;
#3739 = SURFACE_STYLE_USAGE ( .BOTH. , #564 ) ;
#3740 = EDGE_LOOP ( 'NONE', ( #812, #3325, #4471, #7436 ) ) ;
#3741 = CARTESIAN_POINT ( 'NONE',  ( 8.976897247608212282, 6.379062758812451328, 5.679065084668919461 ) ) ;
#3742 = VECTOR ( 'NONE', #3079, 1000.000000000000000 ) ;
#3743 = CARTESIAN_POINT ( 'NONE',  ( -0.5000000000000000000, 6.370920840910899940, 3.569044486294639995 ) ) ;
#3744 = DIRECTION ( 'NONE',  ( 0.0000000000000000000, 0.0000000000000000000, -1.000000000000000000 ) ) ;
#3745 = ADVANCED_FACE ( 'NONE', ( #4028 ), #7939, .T. ) ;
#3746 = CARTESIAN_POINT ( 'NONE',  ( -2.500000000000000000, 4.250000000000031086, -4.349999999999999645 ) ) ;
#3747 = ORIENTED_EDGE ( 'NONE', *, *, #2518, .F. ) ;
#3748 = CIRCLE ( 'NONE', #4927, 0.5999999999999998668 ) ;
#3749 = CARTESIAN_POINT ( 'NONE',  ( 1.057217321801783516, 6.518892729351663640, 5.379133184779092858 ) ) ;
#3750 = DIRECTION ( 'NONE',  ( -1.000000000000000000, -5.580452358381269806E-16, 0.0000000000000000000 ) ) ;
#3751 = CARTESIAN_POINT ( 'NONE',  ( 5.931349185249990441, 3.850000000000010303, 9.236151811974499637 ) ) ;
#3752 = ORIENTED_EDGE ( 'NONE', *, *, #3161, .T. ) ;
#3753 = FILL_AREA_STYLE_COLOUR ( '', #2198 ) ;
#3754 = CARTESIAN_POINT ( 'NONE',  ( 7.000000000331121797, 4.250000000000031086, -3.850000000000000089 ) ) ;
#3755 = CIRCLE ( 'NONE', #3424, 1.649999999999999467 ) ;
#3756 = LINE ( 'NONE', #10108, #902 ) ;
#3757 = EDGE_CURVE ( 'NONE', #4080, #9196, #9461, .T. ) ;
#3758 = ADVANCED_FACE ( 'NONE', ( #4874, #9559 ), #5599, .T. ) ;
#3759 = SURFACE_SIDE_STYLE ('',( #7724 ) ) ;
#3760 = AXIS2_PLACEMENT_3D ( 'NONE', #1021, #3428, #9017 ) ;
#3761 = LINE ( 'NONE', #2070, #686 ) ;
#3762 = PLANE ( 'NONE',  #9338 ) ;
#3763 = SURFACE_STYLE_FILL_AREA ( #4501 ) ;
#3764 = ORIENTED_EDGE ( 'NONE', *, *, #8532, .F. ) ;
#3765 = CARTESIAN_POINT ( 'NONE',  ( 7.500000000000000000, 4.250000000000031086, -4.349999999999999645 ) ) ;
#3766 = DIRECTION ( 'NONE',  ( -1.000000000000000000, 0.0000000000000000000, 4.231032868236119855E-16 ) ) ;
#3767 = ORIENTED_EDGE ( 'NONE', *, *, #9460, .F. ) ;
#3768 = STYLED_ITEM ( 'NONE', ( #1315 ), #3654 ) ;
#3769 = UNCERTAINTY_MEASURE_WITH_UNIT (LENGTH_MEASURE( 1.000000000000000082E-05 ), #7536, 'distance_accuracy_value', 'NONE');
#3770 = CARTESIAN_POINT ( 'NONE',  ( 0.0000000000000000000, 0.6500000000000001332, 6.388051065821461094 ) ) ;
#3771 = UNCERTAINTY_MEASURE_WITH_UNIT (LENGTH_MEASURE( 1.000000000000000082E-05 ), #591, 'distance_accuracy_value', 'NONE');
#3772 = CARTESIAN_POINT ( 'NONE',  ( 5.937107388568777289, 4.650000000000010125, 9.314249409997573892 ) ) ;
#3773 =( NAMED_UNIT ( * ) SI_UNIT ( $, .STERADIAN. ) SOLID_ANGLE_UNIT ( ) );
#3774 = STYLED_ITEM ( 'NONE', ( #7979 ), #3969 ) ;
#3775 = ORIENTED_EDGE ( 'NONE', *, *, #6469, .F. ) ;
#3776 = CARTESIAN_POINT ( 'NONE',  ( 6.075900883378422712, 6.782835288287570208, 5.313097438219570812 ) ) ;
#3777 = EDGE_CURVE ( 'NONE', #6123, #3242, #8048, .T. ) ;
#3778 = VERTEX_POINT ( 'NONE', #947 ) ;
#3779 = ADVANCED_FACE ( 'NONE', ( #7832 ), #3928, .T. ) ;
#3780 = VERTEX_POINT ( 'NONE', #1854 ) ;
#3781 = PLANE ( 'NONE',  #1548 ) ;
#3782 = CARTESIAN_POINT ( 'NONE',  ( 6.450000000000000178, 6.370920840910899940, 3.569044486294639995 ) ) ;
#3783 = CARTESIAN_POINT ( 'NONE',  ( 7.500000000000000000, 4.250000000000009770, 8.800000000000000711 ) ) ;
#3784 = FILL_AREA_STYLE ('',( #3736 ) ) ;
#3785 = ORIENTED_EDGE ( 'NONE', *, *, #8770, .F. ) ;
#3786 =( NAMED_UNIT ( * ) SI_UNIT ( $, .STERADIAN. ) SOLID_ANGLE_UNIT ( ) );
#3787 = CARTESIAN_POINT ( 'NONE',  ( -1.124350997929270068, 6.820490948317419644, 5.141853884246489592 ) ) ;
#3788 = VERTEX_POINT ( 'NONE', #7465 ) ;
#3789 = COLOUR_RGB ( '',0.2862745098039215508, 0.6431372549019607199, 0.8666666666666666963 ) ;
#3790 = CARTESIAN_POINT ( 'NONE',  ( 0.4500000000000000666, 6.250000000000031086, 0.6500000000000010214 ) ) ;
#3791 = PRESENTATION_LAYER_ASSIGNMENT (  '', '', ( #6299 ) ) ;
#3792 = EDGE_CURVE ( 'NONE', #3704, #167, #3348, .T. ) ;
#3793 = DIRECTION ( 'NONE',  ( 0.0000000000000000000, 0.0000000000000000000, -1.000000000000000000 ) ) ;
#3794 = FACE_OUTER_BOUND ( 'NONE', #7205, .T. ) ;
#3795 = B_SPLINE_CURVE_WITH_KNOTS ( 'NONE', 3,
 ( #5094, #7371, #8281, #7431 ),
 .UNSPECIFIED., .F., .F.,
 ( 4, 4 ),
 ( 0.0000000000000000000, 0.0001440220723645894974 ),
 .UNSPECIFIED. ) ;
#3796 = CARTESIAN_POINT ( 'NONE',  ( 1.449999999999999956, 6.301461569844129862, 3.962967587499530264 ) ) ;
#3797 = AXIS2_PLACEMENT_3D ( 'NONE', #10214, #4503, #9355 ) ;
#3798 = CARTESIAN_POINT ( 'NONE',  ( -2.500000000000000000, 5.950000000000040146, 1.349999999999999867 ) ) ;
#3799 = CIRCLE ( 'NONE', #8804, 1.400000000000000133 ) ;
#3800 = VERTEX_POINT ( 'NONE', #5078 ) ;
#3801 = CIRCLE ( 'NONE', #8139, 0.2999999999999999334 ) ;
#3802 = DIRECTION ( 'NONE',  ( 1.000000000000000000, 0.0000000000000000000, 0.0000000000000000000 ) ) ;
#3803 = DIRECTION ( 'NONE',  ( 0.8660254037845415143, 0.4999999999998216982, 0.0000000000000000000 ) ) ;
#3804 = DIRECTION ( 'NONE',  ( 3.928415396526638614E-16, 0.3713906763541028888, 0.9284766908852596368 ) ) ;
#3805 = CARTESIAN_POINT ( 'NONE',  ( -1.029020557129719959, 6.380815304788059805, 5.542356440406280171 ) ) ;
#3806 = EDGE_CURVE ( 'NONE', #518, #9378, #9759, .T. ) ;
#3807 = ORIENTED_EDGE ( 'NONE', *, *, #8190, .F. ) ;
#3808 = SURFACE_STYLE_USAGE ( .BOTH. , #7718 ) ;
#3809 = VECTOR ( 'NONE', #5437, 1000.000000000000000 ) ;
#3810 = CARTESIAN_POINT ( 'NONE',  ( 5.993858608708461766, 6.250000000000034639, 5.699344090454418144 ) ) ;
#3811 =( LENGTH_UNIT ( ) NAMED_UNIT ( * ) SI_UNIT ( .MILLI., .METRE. ) );
#3812 = CARTESIAN_POINT ( 'NONE',  ( 2.500000000000000000, 4.250000000000009770, 8.000000000000000000 ) ) ;
#3813 = DIRECTION ( 'NONE',  ( 0.0000000000000000000, -1.000000000000000000, 0.0000000000000000000 ) ) ;
#3814 =( NAMED_UNIT ( * ) SI_UNIT ( $, .STERADIAN. ) SOLID_ANGLE_UNIT ( ) );
#3815 = EDGE_CURVE ( 'NONE', #5055, #8377, #2135, .T. ) ;
#3816 = VERTEX_POINT ( 'NONE', #5024 ) ;
#3817 = CARTESIAN_POINT ( 'NONE',  ( 2.500000000000000000, 4.250000000000031086, 0.0000000000000000000 ) ) ;
#3819 = EDGE_CURVE ( 'NONE', #618, #7347, #6608, .T. ) ;
#3818 = DIRECTION ( 'NONE',  ( 0.0000000000000000000, 1.000000000000000000, 0.0000000000000000000 ) ) ;
#3820 = AXIS2_PLACEMENT_3D ( 'NONE', #5855, #1802, #1907 ) ;
#3821 = ORIENTED_EDGE ( 'NONE', *, *, #5172, .F. ) ;
#3822 = CARTESIAN_POINT ( 'NONE',  ( 1.023038840290179996, 6.143414083933709691, 5.701440280542528605 ) ) ;
#3823 = PRESENTATION_STYLE_ASSIGNMENT (( #10125 ) ) ;
#3824 = FACE_OUTER_BOUND ( 'NONE', #2361, .T. ) ;
#3825 = DIRECTION ( 'NONE',  ( -1.000000000000000000, 0.0000000000000000000, 0.0000000000000000000 ) ) ;
#3826 =( NAMED_UNIT ( * ) SI_UNIT ( $, .STERADIAN. ) SOLID_ANGLE_UNIT ( ) );
#3827 = CARTESIAN_POINT ( 'NONE',  ( -4.549999999999999822, 2.200000000000000178, 5.800000000000009592 ) ) ;
#3828 = ORIENTED_EDGE ( 'NONE', *, *, #4451, .T. ) ;
#3829 = SURFACE_STYLE_USAGE ( .BOTH. , #4421 ) ;
#3830 = ORIENTED_EDGE ( 'NONE', *, *, #4182, .T. ) ;
#3831 = ORIENTED_EDGE ( 'NONE', *, *, #4074, .F. ) ;
#3832 = CARTESIAN_POINT ( 'NONE',  ( 7.500000000000000000, 2.836223840680269781, 9.300000000000000711 ) ) ;
#3833 = VECTOR ( 'NONE', #9402, 1000.000000000000000 ) ;
#3834 = CYLINDRICAL_SURFACE ( 'NONE', #8549, 1.399999999999999911 ) ;
#3835 = ORIENTED_EDGE ( 'NONE', *, *, #3374, .F. ) ;
#3836 = ADVANCED_FACE ( 'NONE', ( #5810 ), #6485, .F. ) ;
#3837 = VECTOR ( 'NONE', #2792, 1000.000000000000000 ) ;
#3838 = LINE ( 'NONE', #7013, #4224 ) ;
#3839 = LINE ( 'NONE', #4680, #4971 ) ;
#3840 = VERTEX_POINT ( 'NONE', #5860 ) ;
#3841 = SURFACE_STYLE_FILL_AREA ( #7803 ) ;
#3842 =( GEOMETRIC_REPRESENTATION_CONTEXT ( 3 ) GLOBAL_UNCERTAINTY_ASSIGNED_CONTEXT ( ( #2853 ) ) GLOBAL_UNIT_ASSIGNED_CONTEXT ( ( #10155, #9957, #8413 ) ) REPRESENTATION_CONTEXT ( 'NONE', 'WORKASPACE' ) );
#3843 = CARTESIAN_POINT ( 'NONE',  ( 4.093910474793799992, 3.850000000000010303, 8.893318922984189356 ) ) ;
#3844 = CARTESIAN_POINT ( 'NONE',  ( 6.446052745852149712, 6.900000000000019895, 4.004821471746000228 ) ) ;
#3845 = PRESENTATION_STYLE_ASSIGNMENT (( #624 ) ) ;
#3846 = VECTOR ( 'NONE', #2055, 1000.000000000000000 ) ;
#3847 = ORIENTED_EDGE ( 'NONE', *, *, #781, .F. ) ;
#3848 = ADVANCED_FACE ( 'NONE', ( #9855 ), #3299, .F. ) ;
#3849 = EDGE_CURVE ( 'NONE', #1216, #7493, #4617, .T. ) ;
#3850 = CARTESIAN_POINT ( 'NONE',  ( 1.448683386022369790, 6.900595781960301878, 3.995523657362079817 ) ) ;
#3851 = FACE_OUTER_BOUND ( 'NONE', #9216, .T. ) ;
#3852 = FACE_OUTER_BOUND ( 'NONE', #6480, .T. ) ;
#3853 = DIRECTION ( 'NONE',  ( -1.000000000000000000, 0.0000000000000000000, 4.231032868236119855E-16 ) ) ;
#3854 = ORIENTED_EDGE ( 'NONE', *, *, #921, .T. ) ;
#3855 = CARTESIAN_POINT ( 'NONE',  ( 6.450000000000000178, 6.301461569844129862, 3.962967587499520050 ) ) ;
#3856 =( NAMED_UNIT ( * ) PLANE_ANGLE_UNIT ( ) SI_UNIT ( $, .RADIAN. ) );
#3857 = VECTOR ( 'NONE', #1815, 1000.000000000000000 ) ;
#3858 = CARTESIAN_POINT ( 'NONE',  ( 0.7999999999999990452, 4.650000000000010125, 9.500000000000000000 ) ) ;
#3859 = EDGE_CURVE ( 'NONE', #6504, #5204, #4926, .T. ) ;
#3860 = DIRECTION ( 'NONE',  ( 0.0000000000000000000, -1.000000000000000000, -3.965082230804152702E-15 ) ) ;
#3861 = VECTOR ( 'NONE', #1842, 1000.000000000000000 ) ;
#3862 = SURFACE_STYLE_FILL_AREA ( #7244 ) ;
#3863 = CARTESIAN_POINT ( 'NONE',  ( 3.924099116621577288, 6.560463200155847829, 5.313097438219579693 ) ) ;
#3864 = DIRECTION ( 'NONE',  ( 1.000000000000000000, 0.0000000000000000000, 0.0000000000000000000 ) ) ;
#3865 = DIRECTION ( 'NONE',  ( 0.0000000000000000000, 0.0000000000000000000, 1.000000000000000000 ) ) ;
#3866 = ORIENTED_EDGE ( 'NONE', *, *, #3498, .T. ) ;
#3867 = CARTESIAN_POINT ( 'NONE',  ( 8.976962475704029387, 6.379043491581979808, 5.701173905684820298 ) ) ;
#3868 = CARTESIAN_POINT ( 'NONE',  ( 1.143990033716242083, 3.850000000000008527, 9.500000000000010658 ) ) ;
#3869 = B_SPLINE_CURVE_WITH_KNOTS ( 'NONE', 3,
 ( #7298, #5072, #3339, #5125 ),
 .UNSPECIFIED., .F., .F.,
 ( 4, 4 ),
 ( 0.0000000000000000000, 0.0001342552525292884497 ),
 .UNSPECIFIED. ) ;
#3870 = EDGE_LOOP ( 'NONE', ( #6090, #5011, #7055, #8181 ) ) ;
#3871 = VECTOR ( 'NONE', #412, 1000.000000000000000 ) ;
#3872 = EDGE_CURVE ( 'NONE', #9865, #2339, #1045, .T. ) ;
#3873 = B_SPLINE_CURVE_WITH_KNOTS ( 'NONE', 3,
 ( #1031, #4072, #7240, #5007 ),
 .UNSPECIFIED., .F., .F.,
 ( 4, 4 ),
 ( 0.0000000000000000000, 0.0001342552525292877721 ),
 .UNSPECIFIED. ) ;
#3874 = PRESENTATION_STYLE_ASSIGNMENT (( #42 ) ) ;
#3875 = FILL_AREA_STYLE ('',( #7835 ) ) ;
#3876 = CONICAL_SURFACE ( 'NONE', #4891, 1.599999999999999867, 0.07130746470380971980 ) ;
#3877 = DIRECTION ( 'NONE',  ( 0.0000000000000000000, 0.0000000000000000000, 1.000000000000000000 ) ) ;
#3878 = FILL_AREA_STYLE_COLOUR ( '', #7219 ) ;
#3879 = ORIENTED_EDGE ( 'NONE', *, *, #4707, .T. ) ;
#3880 = SURFACE_STYLE_FILL_AREA ( #2443 ) ;
#3881 = ORIENTED_EDGE ( 'NONE', *, *, #3331, .F. ) ;
#3882 = AXIS2_PLACEMENT_3D ( 'NONE', #6824, #3025, #2878 ) ;
#3883 =( GEOMETRIC_REPRESENTATION_CONTEXT ( 3 ) GLOBAL_UNCERTAINTY_ASSIGNED_CONTEXT ( ( #2693 ) ) GLOBAL_UNIT_ASSIGNED_CONTEXT ( ( #8718, #7873, #2420 ) ) REPRESENTATION_CONTEXT ( 'NONE', 'WORKASPACE' ) );
#3884 = VERTEX_POINT ( 'NONE', #2018 ) ;
#3885 = VERTEX_POINT ( 'NONE', #2120 ) ;
#3886 =( GEOMETRIC_REPRESENTATION_CONTEXT ( 3 ) GLOBAL_UNCERTAINTY_ASSIGNED_CONTEXT ( ( #7831 ) ) GLOBAL_UNIT_ASSIGNED_CONTEXT ( ( #5342, #6175, #9361 ) ) REPRESENTATION_CONTEXT ( 'NONE', 'WORKASPACE' ) );
#3887 = ADVANCED_FACE ( 'NONE', ( #2801 ), #3709, .T. ) ;
#3888 = CARTESIAN_POINT ( 'NONE',  ( -3.976961159709819782, 6.143414083933709691, 5.701440280542528605 ) ) ;
#3889 =( NAMED_UNIT ( * ) PLANE_ANGLE_UNIT ( ) SI_UNIT ( $, .RADIAN. ) );
#3890 = ORIENTED_EDGE ( 'NONE', *, *, #8809, .T. ) ;
#3891 = VECTOR ( 'NONE', #8018, 1000.000000000000000 ) ;
#3892 = CARTESIAN_POINT ( 'NONE',  ( 6.143990033716241861, 4.650000000000010125, 9.500000000000000000 ) ) ;
#3893 = CARTESIAN_POINT ( 'NONE',  ( -4.549999999999999822, 7.250000000000000000, 0.6500000000000040190 ) ) ;
#3894 = ORIENTED_EDGE ( 'NONE', *, *, #4451, .F. ) ;
#3895 = CARTESIAN_POINT ( 'NONE',  ( -4.100781059358210356, 3.850000000000010303, 8.800000000000009592 ) ) ;
#3896 = VERTEX_POINT ( 'NONE', #6793 ) ;
#3897 = DIRECTION ( 'NONE',  ( 0.0000000000000000000, 0.0000000000000000000, -1.000000000000000000 ) ) ;
#3898 = COLOUR_RGB ( '',0.2862745098039215508, 0.6431372549019607199, 0.8666666666666666963 ) ;
#3899 = FACE_OUTER_BOUND ( 'NONE', #7470, .T. ) ;
#3900 = AXIS2_PLACEMENT_3D ( 'NONE', #5631, #4855, #4113 ) ;
#3901 = CARTESIAN_POINT ( 'NONE',  ( 1.143990033716242083, 3.850000000000008527, 9.500000000000000000 ) ) ;
#3902 = ORIENTED_EDGE ( 'NONE', *, *, #6161, .F. ) ;
#3903 = ORIENTED_EDGE ( 'NONE', *, *, #2576, .F. ) ;
#3904 = B_SPLINE_CURVE_WITH_KNOTS ( 'NONE', 3,
 ( #8429, #5821, #3516, #2082, #1316, #1115 ),
 .UNSPECIFIED., .F., .F.,
 ( 4, 2, 4 ),
 ( 8.673617379884035472E-19, 0.0002833620163781360455, 0.0005667240327562712236 ),
 .UNSPECIFIED. ) ;
#3905 = LINE ( 'NONE', #2523, #1414 ) ;
#3906 = MECHANICAL_DESIGN_GEOMETRIC_PRESENTATION_REPRESENTATION (  '', ( #8746 ), #7737 ) ;
#3907 = CARTESIAN_POINT ( 'NONE',  ( 14.55000000000000071, 6.250000000000031086, 0.6500000000000260014 ) ) ;
#3908 = ORIENTED_EDGE ( 'NONE', *, *, #7947, .F. ) ;
#3909 = DIRECTION ( 'NONE',  ( 0.2716300227878299944, -0.06713375248915300075, 0.9600573889080840084 ) ) ;
#3910 = PRESENTATION_STYLE_ASSIGNMENT (( #4700 ) ) ;
#3911 = EDGE_CURVE ( 'NONE', #4098, #8624, #4459, .T. ) ;
#3912 = ADVANCED_FACE ( 'NONE', ( #5233 ), #8512, .T. ) ;
#3913 = B_SPLINE_CURVE_WITH_KNOTS ( 'NONE', 3,
 ( #3810, #3570, #7720, #406, #4301, #2270, #2319, #10061 ),
 .UNSPECIFIED., .F., .F.,
 ( 4, 2, 2, 4 ),
 ( 0.0000000000000000000, 0.3582783410808659808, 0.7198210597566799818, 1.000000000000000000 ),
 .UNSPECIFIED. ) ;
#3914 = VECTOR ( 'NONE', #3017, 1000.000000000000000 ) ;
#3915 = DIRECTION ( 'NONE',  ( 0.0000000000000000000, 0.0000000000000000000, -1.000000000000000000 ) ) ;
#3916 = DIRECTION ( 'NONE',  ( 0.2716300227878299944, -0.06713375248915300075, 0.9600573889080840084 ) ) ;
#3917 = DIRECTION ( 'NONE',  ( 0.0000000000000000000, 0.0000000000000000000, 1.000000000000000000 ) ) ;
#3918 = DIRECTION ( 'NONE',  ( 0.0000000000000000000, 0.0000000000000000000, 1.000000000000000000 ) ) ;
#3919 = FILL_AREA_STYLE_COLOUR ( '', #9724 ) ;
#3920 = CIRCLE ( 'NONE', #4936, 0.4000000000000001887 ) ;
#3921 = ORIENTED_EDGE ( 'NONE', *, *, #8460, .T. ) ;
#3922 = B_SPLINE_CURVE_WITH_KNOTS ( 'NONE', 3,
 ( #9161, #5029, #6589, #8157, #2024, #8211 ),
 .UNSPECIFIED., .F., .F.,
 ( 4, 2, 4 ),
 ( 0.0000000000000000000, 0.4556032744929219835, 1.000000000000000000 ),
 .UNSPECIFIED. ) ;
#3923 = CARTESIAN_POINT ( 'NONE',  ( 6.005392207408168481, 6.250000000000030198, 5.499015461808848038 ) ) ;
#3924 = CARTESIAN_POINT ( 'NONE',  ( 0.9655523953999055609, 3.850000000000007638, 9.413837825582271890 ) ) ;
#3925 = ADVANCED_FACE ( 'NONE', ( #9299 ), #2897, .T. ) ;
#3926 = VERTEX_POINT ( 'NONE', #5182 ) ;
#3927 = AXIS2_PLACEMENT_3D ( 'NONE', #3530, #2622, #6766 ) ;
#3928 = PLANE ( 'NONE',  #5123 ) ;
#3929 = CARTESIAN_POINT ( 'NONE',  ( 1.075900883378422712, 6.560463200155849606, 5.313097438219570812 ) ) ;
#3930 = CARTESIAN_POINT ( 'NONE',  ( 5.937107388568776400, 4.650000000000010125, 9.314249409997570339 ) ) ;
#3931 = CARTESIAN_POINT ( 'NONE',  ( -4.750000000000000000, 7.750000000000000000, 0.4500000000000040079 ) ) ;
#3932 = PRESENTATION_STYLE_ASSIGNMENT (( #8685 ) ) ;
#3933 = EDGE_LOOP ( 'NONE', ( #512, #6510, #8994, #5586 ) ) ;
#3934 = DIRECTION ( 'NONE',  ( -1.000000000000000000, 0.0000000000000000000, 0.0000000000000000000 ) ) ;
#3935 = COLOUR_RGB ( '',0.2862745098039215508, 0.6431372549019607199, 0.8666666666666666963 ) ;
#3936 = ORIENTED_EDGE ( 'NONE', *, *, #6376, .F. ) ;
#3937 = EDGE_CURVE ( 'NONE', #848, #9918, #3944, .T. ) ;
#3938 = EDGE_LOOP ( 'NONE', ( #3360, #4192, #4207, #7474 ) ) ;
#3939 = DIRECTION ( 'NONE',  ( 0.0000000000000000000, 1.000000000000000000, 0.0000000000000000000 ) ) ;
#3940 = ORIENTED_EDGE ( 'NONE', *, *, #2739, .F. ) ;
#3941 = DIRECTION ( 'NONE',  ( -1.000000000000000000, 0.0000000000000000000, 3.641714079092569968E-16 ) ) ;
#3942 = CARTESIAN_POINT ( 'NONE',  ( 7.810606060606080092, 15.40151515151520023, 8.960606060606059131 ) ) ;
#3943 = ORIENTED_EDGE ( 'NONE', *, *, #9188, .F. ) ;
#3944 = CIRCLE ( 'NONE', #515, 0.4000000000000001887 ) ;
#3945 = CARTESIAN_POINT ( 'NONE',  ( -4.087037305134390230, 3.850000000000010303, 8.986637655680240755 ) ) ;
#3946 = ORIENTED_EDGE ( 'NONE', *, *, #5473, .T. ) ;
#3947 = ADVANCED_FACE ( 'NONE', ( #10065 ), #9450, .T. ) ;
#3948 = EDGE_LOOP ( 'NONE', ( #4948, #2813, #9768, #8780 ) ) ;
#3949 = DIRECTION ( 'NONE',  ( 1.000000000000000000, 0.0000000000000000000, 0.0000000000000000000 ) ) ;
#3950 = CARTESIAN_POINT ( 'NONE',  ( 7.500000000000000000, 4.250000000000031086, -4.349999999999999645 ) ) ;
#3951 = ADVANCED_FACE ( 'NONE', ( #2069 ), #1395, .T. ) ;
#3952 = STYLED_ITEM ( 'NONE', ( #9144 ), #4115 ) ;
#3953 = FACE_OUTER_BOUND ( 'NONE', #9181, .T. ) ;
#3954 = CARTESIAN_POINT ( 'NONE',  ( 10.00000000000000000, 0.9499999999999999556, 0.0000000000000000000 ) ) ;
#3955 = ORIENTED_EDGE ( 'NONE', *, *, #3241, .F. ) ;
#3956 = CARTESIAN_POINT ( 'NONE',  ( 2.500000000000000000, 4.250000000000031086, -3.850000000000000089 ) ) ;
#3957 = ORIENTED_EDGE ( 'NONE', *, *, #1034, .F. ) ;
#3958 = STYLED_ITEM ( 'NONE', ( #73 ), #5413 ) ;
#3959 = CARTESIAN_POINT ( 'NONE',  ( 4.750000000000000000, 7.750000000000000000, 5.900000000000000355 ) ) ;
#3960 = AXIS2_PLACEMENT_3D ( 'NONE', #3301, #4030, #9609 ) ;
#3961 = FILL_AREA_STYLE_COLOUR ( '', #3789 ) ;
#3962 =( LENGTH_UNIT ( ) NAMED_UNIT ( * ) SI_UNIT ( .MILLI., .METRE. ) );
#3963 = ORIENTED_EDGE ( 'NONE', *, *, #6050, .T. ) ;
#3964 = CARTESIAN_POINT ( 'NONE',  ( 5.450000000000009948, 2.200000000000000178, 5.700000000000000178 ) ) ;
#3965 = FILL_AREA_STYLE ('',( #7136 ) ) ;
#3966 = AXIS2_PLACEMENT_3D ( 'NONE', #9428, #7909, #4789 ) ;
#3967 = AXIS2_PLACEMENT_3D ( 'NONE', #2205, #4749, #2309 ) ;
#3968 =( BOUNDED_CURVE ( )  B_SPLINE_CURVE ( 3, ( #2955, #7728, #5387, #8570 ),
 .UNSPECIFIED., .F., .T. ) 
 B_SPLINE_CURVE_WITH_KNOTS ( ( 4, 4 ),
 ( 4.758910074651783617, 4.782202150464453183 ),
 .UNSPECIFIED. ) 
 CURVE ( )  GEOMETRIC_REPRESENTATION_ITEM ( )  RATIONAL_B_SPLINE_CURVE ( ( 1.000000000000000000, 0.9999547904446798308, 0.9999547904446798308, 1.000000000000000000 ) ) 
 REPRESENTATION_ITEM ( '' )  );
#3969 = ADVANCED_FACE ( 'NONE', ( #4759 ), #783, .F. ) ;
#3970 = AXIS2_PLACEMENT_3D ( 'NONE', #9500, #7984, #3864 ) ;
#3971 = CARTESIAN_POINT ( 'NONE',  ( 8.856009966283759027, 4.650000000000010125, 9.500000000000000000 ) ) ;
#3972 = EDGE_LOOP ( 'NONE', ( #502, #2675, #8174, #1116 ) ) ;
#3973 = CARTESIAN_POINT ( 'NONE',  ( 3.549999999999999822, 6.370920840910899940, 3.569044486294639995 ) ) ;
#3974 = FILL_AREA_STYLE ('',( #8622 ) ) ;
#3975 = ORIENTED_EDGE ( 'NONE', *, *, #8087, .T. ) ;
#3976 = CARTESIAN_POINT ( 'NONE',  ( 4.062892611431221823, 4.650000000000010125, 9.314249409997589879 ) ) ;
#3977 = LINE ( 'NONE', #5653, #8467 ) ;
#3978 = ADVANCED_FACE ( 'NONE', ( #4655 ), #4704, .T. ) ;
#3979 = DIRECTION ( 'NONE',  ( 0.0000000000000000000, -3.675221047034999628E-15, 1.000000000000000000 ) ) ;
#3980 = CARTESIAN_POINT ( 'NONE',  ( 2.500000000000000000, 4.250000000000009770, 9.500000000000000000 ) ) ;
#3981 = ORIENTED_EDGE ( 'NONE', *, *, #6802, .F. ) ;
#3982 = CARTESIAN_POINT ( 'NONE',  ( 10.50000000000000000, 0.8864914703891380032, 6.200000000000001066 ) ) ;
#3983 = VERTEX_POINT ( 'NONE', #7035 ) ;
#3984 = ORIENTED_EDGE ( 'NONE', *, *, #1460, .F. ) ;
#3985 = DIRECTION ( 'NONE',  ( 0.0000000000000000000, 0.0000000000000000000, 1.000000000000000000 ) ) ;
#3986 = ORIENTED_EDGE ( 'NONE', *, *, #9486, .F. ) ;
#3987 = CARTESIAN_POINT ( 'NONE',  ( 3.977355748483209386, 6.378927027922910220, 5.621778233683969894 ) ) ;
#3988 = CARTESIAN_POINT ( 'NONE',  ( 1.023878904968636983, 6.379292657753646623, 5.607444991929241951 ) ) ;
#3989 = ORIENTED_EDGE ( 'NONE', *, *, #1095, .F. ) ;
#3990 = EDGE_CURVE ( 'NONE', #9002, #714, #129, .T. ) ;
#3991 = CARTESIAN_POINT ( 'NONE',  ( -1.449999999999999956, 3.592004494644689849, 2.875961234938980038 ) ) ;
#3992 =( LENGTH_UNIT ( ) NAMED_UNIT ( * ) SI_UNIT ( .MILLI., .METRE. ) );
#3993 = LINE ( 'NONE', #107, #9958 ) ;
#3994 = ORIENTED_EDGE ( 'NONE', *, *, #1806, .T. ) ;
#3995 = DIRECTION ( 'NONE',  ( 0.4472135950260953119, -5.476786976838883161E-17, 0.8944271912368472188 ) ) ;
#3996 = EDGE_LOOP ( 'NONE', ( #4699, #9633, #6436, #9888 ) ) ;
#3997 = DIRECTION ( 'NONE',  ( 0.0000000000000000000, 0.1736481776669300259, -0.9848077530122081313 ) ) ;
#3998 = CARTESIAN_POINT ( 'NONE',  ( 4.500000000000000888, 6.301461569844129862, 3.962967587499520050 ) ) ;
#3999 = CARTESIAN_POINT ( 'NONE',  ( -4.549999999999999822, 6.250000000000031086, 5.700000000000000178 ) ) ;
#4000 = VECTOR ( 'NONE', #2219, 1000.000000000000000 ) ;
#4001 = CARTESIAN_POINT ( 'NONE',  ( -0.4499999999999990119, 7.750000000000000000, 0.4500000000000020095 ) ) ;
#4002 = ORIENTED_EDGE ( 'NONE', *, *, #8543, .F. ) ;
#4003 = EDGE_CURVE ( 'NONE', #5604, #7070, #7771, .T. ) ;
#4004 = CARTESIAN_POINT ( 'NONE',  ( 6.128298252077120090, 6.620978138265459556, 5.127902589497660202 ) ) ;
#4005 = EDGE_LOOP ( 'NONE', ( #7933, #9979, #321, #5715 ) ) ;
#4006 = VECTOR ( 'NONE', #3436, 1000.000000000000000 ) ;
#4007 = DIRECTION ( 'NONE',  ( 0.0000000000000000000, 0.9848077530122081313, 0.1736481776669300259 ) ) ;
#4008 = CARTESIAN_POINT ( 'NONE',  ( -0.9371073885687785099, 4.650000000000010125, 9.314249409997589879 ) ) ;
#4009 = TOROIDAL_SURFACE ( 'NONE', #9827, 1.413776159319739989, 0.2000000000000000111 ) ;
#4010 = DIRECTION ( 'NONE',  ( 1.000000000000000000, 4.311199699514559827E-15, 0.0000000000000000000 ) ) ;
#4011 = FILL_AREA_STYLE ('',( #4595 ) ) ;
#4012 =( NAMED_UNIT ( * ) PLANE_ANGLE_UNIT ( ) SI_UNIT ( $, .RADIAN. ) );
#4013 = VECTOR ( 'NONE', #4931, 1000.000000000000000 ) ;
#4014 = AXIS2_PLACEMENT_3D ( 'NONE', #4793, #3997, #8807 ) ;
#4015 = ORIENTED_EDGE ( 'NONE', *, *, #781, .T. ) ;
#4016 = EDGE_CURVE ( 'NONE', #6762, #5753, #31, .T. ) ;
#4017 = FILL_AREA_STYLE ('',( #1492 ) ) ;
#4018 = ADVANCED_FACE ( 'NONE', ( #3335 ), #2637, .F. ) ;
#4019 = FILL_AREA_STYLE_COLOUR ( '', #8641 ) ;
#4020 = STYLED_ITEM ( 'NONE', ( #2114 ), #6972 ) ;
#4021 = AXIS2_PLACEMENT_3D ( 'NONE', #6265, #9110, #2215 ) ;
#4022 = CARTESIAN_POINT ( 'NONE',  ( -0.5000000000000000000, 6.250000000000031086, 5.499015461808849814 ) ) ;
#4023 = CYLINDRICAL_SURFACE ( 'NONE', #7570, 0.2999999999999999334 ) ;
#4024 = VERTEX_POINT ( 'NONE', #6473 ) ;
#4025 = CYLINDRICAL_SURFACE ( 'NONE', #9326, 0.5999999999999998668 ) ;
#4026 = CARTESIAN_POINT ( 'NONE',  ( -0.9129626948656109908, 4.650000000000010125, 8.986637655680240755 ) ) ;
#4027 = ORIENTED_EDGE ( 'NONE', *, *, #9726, .F. ) ;
#4028 = FACE_OUTER_BOUND ( 'NONE', #2770, .T. ) ;
#4029 = APPLICATION_PROTOCOL_DEFINITION ( 'draft international standard', 'automotive_design', 1998, #1431 ) ;
#4030 = DIRECTION ( 'NONE',  ( 0.0000000000000000000, -0.9975640502598243087, -0.06975647374412512203 ) ) ;
#4031 = SURFACE_STYLE_FILL_AREA ( #7254 ) ;
#4032 = ORIENTED_EDGE ( 'NONE', *, *, #2595, .F. ) ;
#4033 = CARTESIAN_POINT ( 'NONE',  ( 6.013368696353974308, 6.290959692733931519, 5.697427301323919835 ) ) ;
#4034 = DIRECTION ( 'NONE',  ( 0.0000000000000000000, -3.675221047034999628E-15, 1.000000000000000000 ) ) ;
#4035 = STYLED_ITEM ( 'NONE', ( #6128 ), #9682 ) ;
#4036 = ORIENTED_EDGE ( 'NONE', *, *, #10149, .F. ) ;
#4037 = EDGE_LOOP ( 'NONE', ( #246, #434, #9570, #1429, #6683, #5984, #468, #5866 ) ) ;
#4038 = CYLINDRICAL_SURFACE ( 'NONE', #7519, 1.400000000000000133 ) ;
#4039 = ADVANCED_FACE ( 'NONE', ( #7455 ), #7401, .T. ) ;
#4040 = VERTEX_POINT ( 'NONE', #937 ) ;
#4041 = EDGE_CURVE ( 'NONE', #1622, #3019, #5693, .T. ) ;
#4042 = MECHANICAL_DESIGN_GEOMETRIC_PRESENTATION_REPRESENTATION (  '', ( #7543 ), #2228 ) ;
#4043 = UNCERTAINTY_MEASURE_WITH_UNIT (LENGTH_MEASURE( 1.000000000000000082E-05 ), #4452, 'distance_accuracy_value', 'NONE');
#4044 = FACE_OUTER_BOUND ( 'NONE', #6039, .T. ) ;
#4045 = FILL_AREA_STYLE_COLOUR ( '', #5067 ) ;
#4046 = PRESENTATION_LAYER_ASSIGNMENT (  '', '', ( #3062 ) ) ;
#4047 = ORIENTED_EDGE ( 'NONE', *, *, #7936, .T. ) ;
#4048 = CARTESIAN_POINT ( 'NONE',  ( -2.500000000000000000, 4.250000000000009770, 8.100000000000010303 ) ) ;
#4049 = FACE_OUTER_BOUND ( 'NONE', #8096, .T. ) ;
#4050 = MECHANICAL_DESIGN_GEOMETRIC_PRESENTATION_REPRESENTATION (  '', ( #1905 ), #782 ) ;
#4051 = CARTESIAN_POINT ( 'NONE',  ( -3.549999999999999822, 5.950000000000040146, 3.494824785299559977 ) ) ;
#4052 = MECHANICAL_DESIGN_GEOMETRIC_PRESENTATION_REPRESENTATION (  '', ( #7200 ), #6721 ) ;
#4053 = ORIENTED_EDGE ( 'NONE', *, *, #2155, .T. ) ;
#4054 = CARTESIAN_POINT ( 'NONE',  ( 1.023102752130521154, 6.379062758812666267, 5.679065084668860841 ) ) ;
#4055 = ORIENTED_EDGE ( 'NONE', *, *, #1471, .T. ) ;
#4056 = CARTESIAN_POINT ( 'NONE',  ( -5.000000000000000000, 0.1499999999999999944, 6.700000000000000178 ) ) ;
#4057 = CARTESIAN_POINT ( 'NONE',  ( 0.5500000000000100364, 0.6224573519455459669, -7.728965982074889342E-15 ) ) ;
#4058 = STYLED_ITEM ( 'NONE', ( #3823 ), #5406 ) ;
#4059 = DIRECTION ( 'NONE',  ( 0.9284766908852588596, 0.3713906763541049982, -4.784109839334419496E-16 ) ) ;
#4060 = EDGE_CURVE ( 'NONE', #9733, #4321, #7182, .T. ) ;
#4061 = AXIS2_PLACEMENT_3D ( 'NONE', #823, #72, #4007 ) ;
#4062 = VECTOR ( 'NONE', #4380, 1000.000000000000000 ) ;
#4063 = PLANE ( 'NONE',  #7990 ) ;
#4064 = ORIENTED_EDGE ( 'NONE', *, *, #8849, .F. ) ;
#4065 = ORIENTED_EDGE ( 'NONE', *, *, #4820, .T. ) ;
#4066 = CARTESIAN_POINT ( 'NONE',  ( 2.250000000000000444, 4.250000000000031086, -4.349999999999999645 ) ) ;
#4067 = CARTESIAN_POINT ( 'NONE',  ( -5.500000000000000000, 6.900000000000019895, 4.004821471746000228 ) ) ;
#4068 = LINE ( 'NONE', #3178, #4691 ) ;
#4069 = AXIS2_PLACEMENT_3D ( 'NONE', #2286, #1554, #5397 ) ;
#4070 = AXIS2_PLACEMENT_3D ( 'NONE', #2256, #5418, #8601 ) ;
#4071 = LINE ( 'NONE', #1693, #1534 ) ;
#4072 = CARTESIAN_POINT ( 'NONE',  ( 3.986631417075431560, 6.290959454332278433, 5.697427312480218831 ) ) ;
#4073 = DIRECTION ( 'NONE',  ( 0.0000000000000000000, -0.9975640502598243087, -0.06975647374412512203 ) ) ;
#4074 = EDGE_CURVE ( 'NONE', #1142, #1801, #3719, .T. ) ;
#4075 = ORIENTED_EDGE ( 'NONE', *, *, #2535, .T. ) ;
#4076 = CARTESIAN_POINT ( 'NONE',  ( 1.038082531322295221, 6.695996851929206350, 5.479691494257330930 ) ) ;
#4077 = LINE ( 'NONE', #7138, #5978 ) ;
#4078 =( NAMED_UNIT ( * ) SI_UNIT ( $, .STERADIAN. ) SOLID_ANGLE_UNIT ( ) );
#4079 = CARTESIAN_POINT ( 'NONE',  ( 0.4500000000000040079, 6.250000000000031086, 5.700000000000000178 ) ) ;
#4080 = VERTEX_POINT ( 'NONE', #5641 ) ;
#4081 = CARTESIAN_POINT ( 'NONE',  ( 8.550000000000000711, -1.462314593354880232, 2.800000000000010036 ) ) ;
#4082 = CARTESIAN_POINT ( 'NONE',  ( -1.143990033716241639, 4.650000000000010125, 9.500000000000010658 ) ) ;
#4083 = EDGE_CURVE ( 'NONE', #1829, #10130, #1087, .T. ) ;
#4084 = FILL_AREA_STYLE_COLOUR ( '', #6032 ) ;
#4085 = EDGE_CURVE ( 'NONE', #3528, #9733, #1982, .T. ) ;
#4086 = DIRECTION ( 'NONE',  ( 0.0000000000000000000, 0.0000000000000000000, -1.000000000000000000 ) ) ;
#4087 = FILL_AREA_STYLE_COLOUR ( '', #2400 ) ;
#4088 = CARTESIAN_POINT ( 'NONE',  ( 1.449999999999999956, -1.462314593354880232, 2.800000000000019806 ) ) ;
#4089 = EDGE_LOOP ( 'NONE', ( #898, #6410, #4352, #2153 ) ) ;
#4090 = CARTESIAN_POINT ( 'NONE',  ( 0.9129626948656101026, 4.650000000000010125, 8.986637655680240755 ) ) ;
#4091 = CARTESIAN_POINT ( 'NONE',  ( 9.550000000000000711, 7.750000000000000000, 0.4500000000000020095 ) ) ;
#4092 = VERTEX_POINT ( 'NONE', #1901 ) ;
#4093 = DIRECTION ( 'NONE',  ( 0.0000000000000000000, 1.000000000000000000, 0.0000000000000000000 ) ) ;
#4094 = VECTOR ( 'NONE', #3009, 1000.000000000000114 ) ;
#4095 = ORIENTED_EDGE ( 'NONE', *, *, #7082, .F. ) ;
#4096 = FACE_OUTER_BOUND ( 'NONE', #3115, .T. ) ;
#4097 = CARTESIAN_POINT ( 'NONE',  ( 1.030138328475300735, 6.381146321193634563, 5.536094731139330705 ) ) ;
#4098 = VERTEX_POINT ( 'NONE', #1797 ) ;
#4099 = DIRECTION ( 'NONE',  ( 0.0000000000000000000, 0.0000000000000000000, 1.000000000000000000 ) ) ;
#4100 = EDGE_CURVE ( 'NONE', #9900, #6082, #2245, .T. ) ;
#4101 = STYLED_ITEM ( 'NONE', ( #6035 ), #3397 ) ;
#4102 = CARTESIAN_POINT ( 'NONE',  ( -1.449999999999999956, 6.700487189948059807, 3.990870176997180607 ) ) ;
#4103 = EDGE_CURVE ( 'NONE', #8915, #2779, #1143, .T. ) ;
#4104 = ORIENTED_EDGE ( 'NONE', *, *, #5793, .F. ) ;
#4105 = LINE ( 'NONE', #3268, #4917 ) ;
#4106 = ORIENTED_EDGE ( 'NONE', *, *, #5863, .T. ) ;
#4107 = CARTESIAN_POINT ( 'NONE',  ( 6.023038840290179330, 6.143414083933709691, 5.701440280542519723 ) ) ;
#4108 =( NAMED_UNIT ( * ) SI_UNIT ( $, .STERADIAN. ) SOLID_ANGLE_UNIT ( ) );
#4109 = VECTOR ( 'NONE', #6327, 1000.000000000000000 ) ;
#4110 = LINE ( 'NONE', #4001, #562 ) ;
#4111 = ORIENTED_EDGE ( 'NONE', *, *, #6742, .F. ) ;
#4112 = ORIENTED_EDGE ( 'NONE', *, *, #8118, .F. ) ;
#4113 = DIRECTION ( 'NONE',  ( 0.0000000000000000000, -1.000000000000000000, -3.965082230804130614E-15 ) ) ;
#4114 = LINE ( 'NONE', #1740, #4804 ) ;
#4115 = ADVANCED_FACE ( 'NONE', ( #4964 ), #2887, .F. ) ;
#4116 = AXIS2_PLACEMENT_3D ( 'NONE', #8990, #4928, #5759 ) ;
#4117 = DIRECTION ( 'NONE',  ( 0.0000000000000000000, 0.0000000000000000000, 1.000000000000000000 ) ) ;
#4118 = AXIS2_PLACEMENT_3D ( 'NONE', #8886, #1761, #9046 ) ;
#4119 = DIRECTION ( 'NONE',  ( 0.0000000000000000000, 0.0000000000000000000, 1.000000000000000000 ) ) ;
#4120 = CARTESIAN_POINT ( 'NONE',  ( 2.999999999668877759, 4.250000000000031086, -3.850000000000000089 ) ) ;
#4121 = ORIENTED_EDGE ( 'NONE', *, *, #3251, .F. ) ;
#4122 = AXIS2_PLACEMENT_3D ( 'NONE', #9750, #6676, #3287 ) ;
#4123 = CARTESIAN_POINT ( 'NONE',  ( 6.092610859955164493, 4.650000000000010125, 9.500000000000033751 ) ) ;
#4124 = PLANE ( 'NONE',  #9610 ) ;
#4125 = EDGE_CURVE ( 'NONE', #3896, #7376, #485, .T. ) ;
#4126 = LINE ( 'NONE', #3492, #7328 ) ;
#4127 = LINE ( 'NONE', #7459, #9250 ) ;
#4128 = ORIENTED_EDGE ( 'NONE', *, *, #2438, .T. ) ;
#4129 = DIRECTION ( 'NONE',  ( 0.0000000000000000000, 1.000000000000000000, 0.0000000000000000000 ) ) ;
#4130 = CARTESIAN_POINT ( 'NONE',  ( 1.043633278484559668, 6.148436649458580483, 5.454695900211610216 ) ) ;
#4131 = AXIS2_PLACEMENT_3D ( 'NONE', #8919, #1134, #1789 ) ;
#4132 = VECTOR ( 'NONE', #8660, 1000.000000000000000 ) ;
#4133 = CARTESIAN_POINT ( 'NONE',  ( 1.038569758003609733, 6.340207273974519886, 5.485199103683307875 ) ) ;
#4134 = DIRECTION ( 'NONE',  ( 3.928415396526638614E-16, 0.3713906763541028888, 0.9284766908852596368 ) ) ;
#4135 = VECTOR ( 'NONE', #8905, 1000.000000000000000 ) ;
#4136 = VECTOR ( 'NONE', #2546, 1000.000000000000227 ) ;
#4137 = LINE ( 'NONE', #3559, #10115 ) ;
#4138 = EDGE_CURVE ( 'NONE', #6359, #7484, #7102, .T. ) ;
#4139 = EDGE_CURVE ( 'NONE', #5575, #67, #9240, .T. ) ;
#4140 = FACE_OUTER_BOUND ( 'NONE', #8688, .T. ) ;
#4141 = PLANE ( 'NONE',  #5407 ) ;
#4142 = ORIENTED_EDGE ( 'NONE', *, *, #874, .T. ) ;
#4143 = CARTESIAN_POINT ( 'NONE',  ( 10.00000000000000000, 0.1499999999999999944, 6.388051065821461094 ) ) ;
#4144 = CARTESIAN_POINT ( 'NONE',  ( 3.961949539590981395, 6.695801930970543658, 5.479919482987351209 ) ) ;
#4145 = ORIENTED_EDGE ( 'NONE', *, *, #5076, .F. ) ;
#4146 = DIRECTION ( 'NONE',  ( -0.2722442098535290400, 0.0000000000000000000, -0.9622281902964742173 ) ) ;
#4147 = EDGE_LOOP ( 'NONE', ( #5428, #5682, #2442, #4413, #338, #2926 ) ) ;
#4148 = DIRECTION ( 'NONE',  ( 0.0000000000000000000, -3.675221047034999628E-15, 1.000000000000000000 ) ) ;
#4149 = DIRECTION ( 'NONE',  ( 6.323770134184271214E-17, -0.9848077530122081313, -0.1736481776669300259 ) ) ;
#4150 = ORIENTED_EDGE ( 'NONE', *, *, #3733, .T. ) ;
#4151 = ADVANCED_FACE ( 'NONE', ( #8306 ), #7609, .T. ) ;
#4152 =( BOUNDED_CURVE ( )  B_SPLINE_CURVE ( 3, ( #2180, #10078, #8530, #605 ),
 .UNSPECIFIED., .F., .T. ) 
 B_SPLINE_CURVE_WITH_KNOTS ( ( 4, 4 ),
 ( 2.977423445241600852, 3.130753691978260367 ),
 .UNSPECIFIED. ) 
 CURVE ( )  GEOMETRIC_REPRESENTATION_ITEM ( )  RATIONAL_B_SPLINE_CURVE ( ( 1.000000000000000000, 0.9980417790285975865, 0.9980417790285975865, 1.000000000000000000 ) ) 
 REPRESENTATION_ITEM ( '' )  );
#4153 = FACE_OUTER_BOUND ( 'NONE', #9488, .T. ) ;
#4154 = SURFACE_STYLE_USAGE ( .BOTH. , #7268 ) ;
#4155 = DIRECTION ( 'NONE',  ( -5.580452358381269806E-16, 1.000000000000000000, 0.0000000000000000000 ) ) ;
#4156 = ORIENTED_EDGE ( 'NONE', *, *, #1795, .T. ) ;
#4157 = PLANE ( 'NONE',  #7069 ) ;
#4158 = ORIENTED_EDGE ( 'NONE', *, *, #10006, .F. ) ;
#4159 = VERTEX_POINT ( 'NONE', #2789 ) ;
#4160 = CARTESIAN_POINT ( 'NONE',  ( 6.042075563605189714, 6.384681409738329982, 5.464040510342130119 ) ) ;
#4161 = DIRECTION ( 'NONE',  ( 0.0000000000000000000, 0.0000000000000000000, -1.000000000000000000 ) ) ;
#4162 = EDGE_CURVE ( 'NONE', #5476, #8858, #6882, .T. ) ;
#4163 = DIRECTION ( 'NONE',  ( 3.641714079092569968E-16, 0.0000000000000000000, -1.000000000000000000 ) ) ;
#4164 = ORIENTED_EDGE ( 'NONE', *, *, #3815, .F. ) ;
#4165 = VERTEX_POINT ( 'NONE', #10053 ) ;
#4166 = CARTESIAN_POINT ( 'NONE',  ( 9.550000000000000711, 2.200000000000000178, 0.6500000000000020206 ) ) ;
#4167 = DIRECTION ( 'NONE',  ( 1.000000000000000000, 0.0000000000000000000, 0.0000000000000000000 ) ) ;
#4168 = CIRCLE ( 'NONE', #8346, 0.4999999999999995559 ) ;
#4169 = PLANE ( 'NONE',  #6688 ) ;
#4170 = CARTESIAN_POINT ( 'NONE',  ( 4.059110900119953236, 3.850000000000010303, 9.365540160509002732 ) ) ;
#4171 = CARTESIAN_POINT ( 'NONE',  ( 3.871701747922879910, 6.620978138265459556, 5.127902589497670860 ) ) ;
#4172 = DIRECTION ( 'NONE',  ( 1.000000000000000000, 0.0000000000000000000, -3.641714079092569968E-16 ) ) ;
#4173 = ADVANCED_FACE ( 'NONE', ( #1197, #1385 ), #5220, .T. ) ;
#4174 = EDGE_CURVE ( 'NONE', #4900, #5647, #8195, .T. ) ;
#4175 = VERTEX_POINT ( 'NONE', #9948 ) ;
#4176 = CARTESIAN_POINT ( 'NONE',  ( 7.500000000000000000, 5.999999999999990230, 10.00000000000000711 ) ) ;
#4177 = LINE ( 'NONE', #6737, #9984 ) ;
#4178 = ORIENTED_EDGE ( 'NONE', *, *, #2921, .T. ) ;
#4179 = CARTESIAN_POINT ( 'NONE',  ( 7.500000000000000000, 9.550000000000029132, 4.150000000000000355 ) ) ;
#4180 = FILL_AREA_STYLE_COLOUR ( '', #7366 ) ;
#4181 = CARTESIAN_POINT ( 'NONE',  ( 15.00000000000000000, 7.750000000000000000, 0.4500000000000000666 ) ) ;
#4182 = EDGE_CURVE ( 'NONE', #5319, #9183, #2843, .T. ) ;
#4183 = VECTOR ( 'NONE', #9538, 1000.000000000000114 ) ;
#4184 = CARTESIAN_POINT ( 'NONE',  ( 9.550000000000000711, 6.250000000000031086, 0.6500000000000289990 ) ) ;
#4185 = VECTOR ( 'NONE', #7122, 999.9999999999998863 ) ;
#4186 = DIRECTION ( 'NONE',  ( 0.0000000000000000000, 1.000000000000000000, 0.0000000000000000000 ) ) ;
#4187 = CARTESIAN_POINT ( 'NONE',  ( -3.908529899565567955, 6.803742317568937104, 5.258069125366946039 ) ) ;
#4188 = DIRECTION ( 'NONE',  ( -1.000000000000000000, 0.0000000000000000000, 3.641714079092569968E-16 ) ) ;
#4189 = ORIENTED_EDGE ( 'NONE', *, *, #5809, .T. ) ;
#4190 = CARTESIAN_POINT ( 'NONE',  ( 0.9060895252061991201, 4.650000000000010125, 8.893318922984189356 ) ) ;
#4191 = DIRECTION ( 'NONE',  ( 0.0000000000000000000, 0.0000000000000000000, 1.000000000000000000 ) ) ;
#4192 = ORIENTED_EDGE ( 'NONE', *, *, #4528, .F. ) ;
#4193 = LINE ( 'NONE', #250, #1393 ) ;
#4194 = AXIS2_PLACEMENT_3D ( 'NONE', #752, #4835, #801 ) ;
#4195 = ORIENTED_EDGE ( 'NONE', *, *, #5970, .T. ) ;
#4196 = EDGE_CURVE ( 'NONE', #5713, #8386, #8406, .T. ) ;
#4197 = AXIS2_PLACEMENT_3D ( 'NONE', #2645, #7251, #4871 ) ;
#4198 = DIRECTION ( 'NONE',  ( 0.0000000000000000000, 0.0000000000000000000, -1.000000000000000000 ) ) ;
#4199 = CARTESIAN_POINT ( 'NONE',  ( 1.041844086465574026, 6.384612859889100989, 5.465433459372669667 ) ) ;
#4200 = ORIENTED_EDGE ( 'NONE', *, *, #1555, .T. ) ;
#4201 = CARTESIAN_POINT ( 'NONE',  ( 6.450000000000000178, -1.462314593354880232, 3.990870176997169949 ) ) ;
#4202 =( GEOMETRIC_REPRESENTATION_CONTEXT ( 3 ) GLOBAL_UNCERTAINTY_ASSIGNED_CONTEXT ( ( #3670 ) ) GLOBAL_UNIT_ASSIGNED_CONTEXT ( ( #2421, #4012, #9645 ) ) REPRESENTATION_CONTEXT ( 'NONE', 'WORKASPACE' ) );
#4203 = DIRECTION ( 'NONE',  ( 0.0000000000000000000, -1.000000000000000000, 0.0000000000000000000 ) ) ;
#4204 = DIRECTION ( 'NONE',  ( 0.0000000000000000000, 0.0000000000000000000, 1.000000000000000000 ) ) ;
#4205 = ORIENTED_EDGE ( 'NONE', *, *, #9278, .F. ) ;
#4206 = CARTESIAN_POINT ( 'NONE',  ( -5.000000000000000000, 1.990236984239069917, 9.999999999999989342 ) ) ;
#4207 = ORIENTED_EDGE ( 'NONE', *, *, #8235, .F. ) ;
#4208 = AXIS2_PLACEMENT_3D ( 'NONE', #1019, #9931, #1073 ) ;
#4209 = VERTEX_POINT ( 'NONE', #435 ) ;
#4210 = CARTESIAN_POINT ( 'NONE',  ( 15.00000000000000000, 7.750000000000000000, 0.0000000000000000000 ) ) ;
#4211 = FILL_AREA_STYLE_COLOUR ( '', #9693 ) ;
#4212 = EDGE_CURVE ( 'NONE', #5073, #3474, #7309, .T. ) ;
#4213 = EDGE_CURVE ( 'NONE', #8791, #9073, #2412, .T. ) ;
#4214 = CARTESIAN_POINT ( 'NONE',  ( 6.450000000000000178, 6.900812423267500328, 3.990870176997169949 ) ) ;
#4215 = ORIENTED_EDGE ( 'NONE', *, *, #4681, .F. ) ;
#4216 = CIRCLE ( 'NONE', #2900, 0.4000000000000001887 ) ;
#4217 = ORIENTED_EDGE ( 'NONE', *, *, #3499, .T. ) ;
#4218 = CYLINDRICAL_SURFACE ( 'NONE', #4895, 1.400000000000000133 ) ;
#4219 = CARTESIAN_POINT ( 'NONE',  ( -0.4499999999999990119, 2.200000000000000178, 5.700000000000000178 ) ) ;
#4220 = CONICAL_SURFACE ( 'NONE', #765, 0.2500000000000002220, 0.4636476084710116075 ) ;
#4221 = CARTESIAN_POINT ( 'NONE',  ( 7.500000000000000000, 6.250000000000031086, 0.7499999999999960032 ) ) ;
#4222 = PLANE ( 'NONE',  #3503 ) ;
#4223 = DIRECTION ( 'NONE',  ( 0.0000000000000000000, 0.0000000000000000000, 1.000000000000000000 ) ) ;
#4224 = VECTOR ( 'NONE', #8, 1000.000000000000000 ) ;
#4225 = CARTESIAN_POINT ( 'NONE',  ( -2.500000000000000000, 4.250000000000009770, 8.800000000000009592 ) ) ;
#4226 = AXIS2_PLACEMENT_3D ( 'NONE', #9993, #4437, #2883 ) ;
#4227 =( GEOMETRIC_REPRESENTATION_CONTEXT ( 3 ) GLOBAL_UNCERTAINTY_ASSIGNED_CONTEXT ( ( #5340 ) ) GLOBAL_UNIT_ASSIGNED_CONTEXT ( ( #4611, #3724, #3108 ) ) REPRESENTATION_CONTEXT ( 'NONE', 'WORKASPACE' ) );
#4228 = ORIENTED_EDGE ( 'NONE', *, *, #5076, .T. ) ;
#4229 = CARTESIAN_POINT ( 'NONE',  ( 3.907431421379209624, 4.650000000000011902, 9.500000000000000000 ) ) ;
#4230 = CARTESIAN_POINT ( 'NONE',  ( 3.549999999999999822, -1.462314593354880232, 3.990870176997180607 ) ) ;
#4231 =( GEOMETRIC_REPRESENTATION_CONTEXT ( 3 ) GLOBAL_UNCERTAINTY_ASSIGNED_CONTEXT ( ( #7507 ) ) GLOBAL_UNIT_ASSIGNED_CONTEXT ( ( #4530, #665, #4582 ) ) REPRESENTATION_CONTEXT ( 'NONE', 'WORKASPACE' ) );
#4232 = DIRECTION ( 'NONE',  ( -1.000000000000000000, 0.0000000000000000000, 0.0000000000000000000 ) ) ;
#4233 = ADVANCED_FACE ( 'NONE', ( #7810 ), #6358, .F. ) ;
#4234 = ADVANCED_FACE ( 'NONE', ( #1583 ), #7970, .T. ) ;
#4235 = ORIENTED_EDGE ( 'NONE', *, *, #3404, .F. ) ;
#4236 = CARTESIAN_POINT ( 'NONE',  ( 1.022645188653849901, 6.378927305446330465, 5.621766569588300122 ) ) ;
#4237 = COLOUR_RGB ( '',0.2862745098039215508, 0.6431372549019607199, 0.8666666666666666963 ) ;
#4238 = UNCERTAINTY_MEASURE_WITH_UNIT (LENGTH_MEASURE( 1.000000000000000082E-05 ), #9852, 'distance_accuracy_value', 'NONE');
#4239 = CIRCLE ( 'NONE', #9219, 0.5000000000000004441 ) ;
#4240 = CARTESIAN_POINT ( 'NONE',  ( 30.00000000000000000, 7.750000000000000000, 0.4499999999999880207 ) ) ;
#4241 = DIRECTION ( 'NONE',  ( -1.000000000000000000, 0.0000000000000000000, 0.0000000000000000000 ) ) ;
#4242 = SURFACE_STYLE_USAGE ( .BOTH. , #4293 ) ;
#4243 = AXIS2_PLACEMENT_3D ( 'NONE', #5415, #4633, #8310 ) ;
#4244 = EDGE_CURVE ( 'NONE', #8858, #1506, #1006, .T. ) ;
#4245 = ORIENTED_EDGE ( 'NONE', *, *, #9179, .T. ) ;
#4246 = CARTESIAN_POINT ( 'NONE',  ( 0.2500000000000000000, 7.750000000000000000, 0.4500000000000040079 ) ) ;
#4247 = FACE_BOUND ( 'NONE', #3179, .T. ) ;
#4248 = CARTESIAN_POINT ( 'NONE',  ( -3.553947254147849844, 6.900000000000019895, 4.004821471746000228 ) ) ;
#4249 = ORIENTED_EDGE ( 'NONE', *, *, #8781, .T. ) ;
#4250 = DIRECTION ( 'NONE',  ( 1.000000000000000000, 0.0000000000000000000, 0.0000000000000000000 ) ) ;
#4251 = VERTEX_POINT ( 'NONE', #821 ) ;
#4252 = B_SPLINE_CURVE_WITH_KNOTS ( 'NONE', 3,
 ( #4751, #925, #2313, #175, #9592, #8662 ),
 .UNSPECIFIED., .F., .F.,
 ( 4, 2, 4 ),
 ( 1.734723475976807094E-18, 0.0001521198112224539693, 0.0003042396224449062038 ),
 .UNSPECIFIED. ) ;
#4253 = PLANE ( 'NONE',  #2294 ) ;
#4254 = ORIENTED_EDGE ( 'NONE', *, *, #6006, .T. ) ;
#4255 = CARTESIAN_POINT ( 'NONE',  ( 8.552632424847471881, 6.900324961960823344, 4.000174299198465455 ) ) ;
#4256 = CARTESIAN_POINT ( 'NONE',  ( -5.000000000000000000, 1.560000000000000275, 6.200000000000001066 ) ) ;
#4257 = EDGE_CURVE ( 'NONE', #760, #206, #9485, .T. ) ;
#4258 = VERTEX_POINT ( 'NONE', #10099 ) ;
#4259 = DIRECTION ( 'NONE',  ( 0.0000000000000000000, -1.000000000000000000, 0.0000000000000000000 ) ) ;
#4260 = VERTEX_POINT ( 'NONE', #5371 ) ;
#4261 = VERTEX_POINT ( 'NONE', #8552 ) ;
#4262 = CARTESIAN_POINT ( 'NONE',  ( 3.958155913534195935, 6.384612859889001513, 5.465433459372714076 ) ) ;
#4263 = DIRECTION ( 'NONE',  ( -0.2716300227878299944, 0.06713375248915300075, -0.9600573889080840084 ) ) ;
#4264 = CARTESIAN_POINT ( 'NONE',  ( 10.00000000000000000, 0.6500000000000001332, 6.388051065821461094 ) ) ;
#4265 = FACE_OUTER_BOUND ( 'NONE', #7218, .T. ) ;
#4266 = ORIENTED_EDGE ( 'NONE', *, *, #2405, .T. ) ;
#4267 = AXIS2_PLACEMENT_3D ( 'NONE', #5507, #3941, #5664 ) ;
#4268 = ORIENTED_EDGE ( 'NONE', *, *, #2333, .T. ) ;
#4269 = LINE ( 'NONE', #3483, #5391 ) ;
#4270 = DIRECTION ( 'NONE',  ( 0.0000000000000000000, 0.06975647374412512203, -0.9975640502598243087 ) ) ;
#4271 = EDGE_CURVE ( 'NONE', #7959, #786, #6798, .T. ) ;
#4272 = ADVANCED_FACE ( 'NONE', ( #1438 ), #4588, .F. ) ;
#4273 = DIRECTION ( 'NONE',  ( -0.2722442098535290400, 0.0000000000000000000, -0.9622281902964742173 ) ) ;
#4274 = CARTESIAN_POINT ( 'NONE',  ( 3.994607792362468768, 6.250000000000364153, 5.499015461809754868 ) ) ;
#4275 = CARTESIAN_POINT ( 'NONE',  ( 0.9371073885686268534, 3.850000000000009415, 9.314249409997653828 ) ) ;
#4276 = PRESENTATION_LAYER_ASSIGNMENT (  '', '', ( #6778 ) ) ;
#4277 = DIRECTION ( 'NONE',  ( 0.0000000000000000000, 0.0000000000000000000, -1.000000000000000000 ) ) ;
#4278 = ORIENTED_EDGE ( 'NONE', *, *, #9955, .T. ) ;
#4279 = CARTESIAN_POINT ( 'NONE',  ( 1.051396625977389032, 6.749929893934170977, 5.399706028595997687 ) ) ;
#4280 = PRESENTATION_STYLE_ASSIGNMENT (( #5122 ) ) ;
#4281 = CARTESIAN_POINT ( 'NONE',  ( 10.00000000000000000, 0.9499999999999999556, 6.200000000000001066 ) ) ;
#4282 = CARTESIAN_POINT ( 'NONE',  ( -1.446052745852149934, 6.900000000000019895, 4.004821471746000228 ) ) ;
#4283 = CARTESIAN_POINT ( 'NONE',  ( 7.500000000000000000, 4.250000000000000000, 10.00000000000000000 ) ) ;
#4284 = VERTEX_POINT ( 'NONE', #2262 ) ;
#4285 = SURFACE_STYLE_FILL_AREA ( #5856 ) ;
#4286 = FACE_BOUND ( 'NONE', #3175, .T. ) ;
#4287 = EDGE_CURVE ( 'NONE', #3926, #2860, #7676, .T. ) ;
#4288 =( LENGTH_UNIT ( ) NAMED_UNIT ( * ) SI_UNIT ( .MILLI., .METRE. ) );
#4289 = AXIS2_PLACEMENT_3D ( 'NONE', #5494, #8676, #4823 ) ;
#4290 = PLANE ( 'NONE',  #2832 ) ;
#4291 = CIRCLE ( 'NONE', #2649, 0.2500000000000002220 ) ;
#4292 = CARTESIAN_POINT ( 'NONE',  ( -0.2500000000000000000, 7.750000000000000000, -8.158352981079100370E-16 ) ) ;
#4293 = SURFACE_SIDE_STYLE ('',( #9761 ) ) ;
#4294 = AXIS2_PLACEMENT_3D ( 'NONE', #3956, #2993, #6153 ) ;
#4295 = ORIENTED_EDGE ( 'NONE', *, *, #9803, .T. ) ;
#4296 = CARTESIAN_POINT ( 'NONE',  ( 0.8992189406417899766, 4.650000000000010125, 8.800000000000000711 ) ) ;
#4297 = B_SPLINE_CURVE_WITH_KNOTS ( 'NONE', 3,
 ( #8320, #9859, #300, #5760, #3504, #2650 ),
 .UNSPECIFIED., .F., .F.,
 ( 4, 2, 4 ),
 ( 1.067815302520814628E-17, 0.0001520665957082023480, 0.0003041331914163942877 ),
 .UNSPECIFIED. ) ;
#4298 = CIRCLE ( 'NONE', #8562, 1.613267899285889984 ) ;
#4299 = CARTESIAN_POINT ( 'NONE',  ( 15.00000000000000000, 7.750000000000000000, 6.200000000000001066 ) ) ;
#4300 = ORIENTED_EDGE ( 'NONE', *, *, #3462, .T. ) ;
#4301 = CARTESIAN_POINT ( 'NONE',  ( 5.997691185957250148, 6.250000000000079936, 5.579085650507749961 ) ) ;
#4302 = EDGE_LOOP ( 'NONE', ( #9320, #3946, #5251, #7600, #2969, #7264, #9786, #1881, #9172, #7613, #6402, #2332 ) ) ;
#4303 = COLOUR_RGB ( '',0.2862745098039215508, 0.6431372549019607199, 0.8666666666666666963 ) ;
#4304 = AXIS2_PLACEMENT_3D ( 'NONE', #3186, #7981, #3239 ) ;
#4305 = EDGE_CURVE ( 'NONE', #10130, #7581, #8606, .T. ) ;
#4306 =( NAMED_UNIT ( * ) SI_UNIT ( $, .STERADIAN. ) SOLID_ANGLE_UNIT ( ) );
#4307 = EDGE_LOOP ( 'NONE', ( #7996, #2522, #10121, #7687 ) ) ;
#4308 = PLANE ( 'NONE',  #5294 ) ;
#4309 =( NAMED_UNIT ( * ) PLANE_ANGLE_UNIT ( ) SI_UNIT ( $, .RADIAN. ) );
#4310 = CARTESIAN_POINT ( 'NONE',  ( 7.999999999668878203, 4.250000000000031086, -3.850000000000000089 ) ) ;
#4311 = SURFACE_STYLE_FILL_AREA ( #10025 ) ;
#4312 = ORIENTED_EDGE ( 'NONE', *, *, #6097, .F. ) ;
#4313 = DIRECTION ( 'NONE',  ( -1.000000000000000000, 0.0000000000000000000, 0.0000000000000000000 ) ) ;
#4314 = VECTOR ( 'NONE', #3273, 1000.000000000000000 ) ;
#4315 = VERTEX_POINT ( 'NONE', #1525 ) ;
#4316 = EDGE_LOOP ( 'NONE', ( #6555, #5214, #8587, #158 ) ) ;
#4317 = EDGE_CURVE ( 'NONE', #2788, #4774, #1341, .T. ) ;
#4318 = LINE ( 'NONE', #5053, #7252 ) ;
#4319 = FILL_AREA_STYLE ('',( #2098 ) ) ;
#4320 = EDGE_LOOP ( 'NONE', ( #2170, #6541, #2204, #6651, #2330, #1002, #1717, #10043 ) ) ;
#4321 = VERTEX_POINT ( 'NONE', #2661 ) ;
#4322 = LINE ( 'NONE', #6565, #6057 ) ;
#4323 = CARTESIAN_POINT ( 'NONE',  ( 4.006141391221530235, 6.250000000000031974, 5.699344090454337319 ) ) ;
#4324 = CARTESIAN_POINT ( 'NONE',  ( 0.9938586087084645415, 6.250000000000043521, 5.699344090454423473 ) ) ;
#4325 = PLANE ( 'NONE',  #2871 ) ;
#4326 = CARTESIAN_POINT ( 'NONE',  ( 15.00000000000000000, 6.436102000195529804, 10.00000000000000000 ) ) ;
#4327 = CARTESIAN_POINT ( 'NONE',  ( 5.925592927451249992, 4.650000000000010125, 9.158054070483650833 ) ) ;
#4328 = ADVANCED_FACE ( 'NONE', ( #1871 ), #5042, .T. ) ;
#4329 = EDGE_LOOP ( 'NONE', ( #2817, #1573, #4422, #1364, #5462, #1652 ) ) ;
#4330 = CARTESIAN_POINT ( 'NONE',  ( 2.500000000000000000, 4.250000000000000000, 9.999999999999989342 ) ) ;
#4331 = PRODUCT ( 'TB002-500-02P_Blue - S', 'TB002-500-02P_Blue - S', '', ( #4772 ) ) ;
#4332 = FACE_BOUND ( 'NONE', #1296, .T. ) ;
#4333 = DIRECTION ( 'NONE',  ( 0.0000000000000000000, 1.000000000000000000, 0.0000000000000000000 ) ) ;
#4334 = CARTESIAN_POINT ( 'NONE',  ( 4.500000000000000888, 6.250000000000031086, 5.699344090454330214 ) ) ;
#4335 = ORIENTED_EDGE ( 'NONE', *, *, #4103, .T. ) ;
#4336 = CIRCLE ( 'NONE', #10146, 1.613267899285889984 ) ;
#4337 =( LENGTH_UNIT ( ) NAMED_UNIT ( * ) SI_UNIT ( .MILLI., .METRE. ) );
#4338 = DIRECTION ( 'NONE',  ( 0.0000000000000000000, 0.0000000000000000000, 1.000000000000000000 ) ) ;
#4339 = EDGE_CURVE ( 'NONE', #8900, #377, #7481, .T. ) ;
#4340 = EDGE_CURVE ( 'NONE', #3256, #964, #7276, .T. ) ;
#4341 = PRESENTATION_STYLE_ASSIGNMENT (( #1966 ) ) ;
#4342 = DIRECTION ( 'NONE',  ( 0.0000000000000000000, 0.0000000000000000000, 1.000000000000000000 ) ) ;
#4343 = VECTOR ( 'NONE', #1591, 1000.000000000000000 ) ;
#4344 = DIRECTION ( 'NONE',  ( 0.0000000000000000000, 0.0000000000000000000, -1.000000000000000000 ) ) ;
#4345 = DIRECTION ( 'NONE',  ( 0.0000000000000000000, 1.000000000000000000, 0.0000000000000000000 ) ) ;
#4346 = VERTEX_POINT ( 'NONE', #6548 ) ;
#4347 = FILL_AREA_STYLE_COLOUR ( '', #9021 ) ;
#4348 = DIRECTION ( 'NONE',  ( 0.0000000000000000000, 0.0000000000000000000, -1.000000000000000000 ) ) ;
#4349 = ORIENTED_EDGE ( 'NONE', *, *, #2463, .F. ) ;
#4350 = DIRECTION ( 'NONE',  ( 2.232180943352509796E-16, -1.000000000000000000, 0.0000000000000000000 ) ) ;
#4351 = B_SPLINE_CURVE_WITH_KNOTS ( 'NONE', 3,
 ( #8635, #2340, #849, #7054, #1557, #5552 ),
 .UNSPECIFIED., .F., .F.,
 ( 4, 2, 4 ),
 ( 8.673617379884035472E-19, 0.0002833620155390333866, 0.0005667240310780659058 ),
 .UNSPECIFIED. ) ;
#4352 = ORIENTED_EDGE ( 'NONE', *, *, #7247, .T. ) ;
#4353 = VECTOR ( 'NONE', #5840, 1000.000000000000000 ) ;
#4354 = VECTOR ( 'NONE', #3949, 1000.000000000000000 ) ;
#4355 =( NAMED_UNIT ( * ) PLANE_ANGLE_UNIT ( ) SI_UNIT ( $, .RADIAN. ) );
#4356 = ORIENTED_EDGE ( 'NONE', *, *, #8236, .F. ) ;
#4357 = DIRECTION ( 'NONE',  ( 0.0000000000000000000, -0.1275217425395260284, 0.9918357753074259486 ) ) ;
#4358 = CARTESIAN_POINT ( 'NONE',  ( 8.550000000000000711, 6.301461569844129862, 3.962967587499520050 ) ) ;
#4359 = LINE ( 'NONE', #551, #7297 ) ;
#4360 = VERTEX_POINT ( 'NONE', #9167 ) ;
#4361 = LINE ( 'NONE', #8229, #5755 ) ;
#4362 = CIRCLE ( 'NONE', #4194, 1.413776159319739989 ) ;
#4363 = ADVANCED_FACE ( 'NONE', ( #5875 ), #6598, .F. ) ;
#4364 = ORIENTED_EDGE ( 'NONE', *, *, #79, .F. ) ;
#4365 = EDGE_CURVE ( 'NONE', #7540, #606, #8165, .T. ) ;
#4366 = VERTEX_POINT ( 'NONE', #7429 ) ;
#4367 = CARTESIAN_POINT ( 'NONE',  ( 5.450000000000000178, 2.200000000000000178, 0.6500000000000040190 ) ) ;
#4368 = DIRECTION ( 'NONE',  ( 1.000000000000000000, 0.0000000000000000000, 0.0000000000000000000 ) ) ;
#4369 = CARTESIAN_POINT ( 'NONE',  ( 2.500000000000000000, 4.250000000000031086, -7.780492421955380190E-15 ) ) ;
#4370 = CARTESIAN_POINT ( 'NONE',  ( -4.644999999999999574, 0.7350406544375860385, 6.200000000000001066 ) ) ;
#4371 = STYLED_ITEM ( 'NONE', ( #6467 ), #9358 ) ;
#4372 = EDGE_LOOP ( 'NONE', ( #1775, #9582 ) ) ;
#4373 = ORIENTED_EDGE ( 'NONE', *, *, #7361, .F. ) ;
#4374 = CARTESIAN_POINT ( 'NONE',  ( 3.856009966283758583, 3.850000000000010303, 9.500000000000010658 ) ) ;
#4375 = FILL_AREA_STYLE ('',( #2780 ) ) ;
#4376 = VERTEX_POINT ( 'NONE', #411 ) ;
#4377 = CARTESIAN_POINT ( 'NONE',  ( -3.907431421379202519, 3.850000000000008527, 9.500000000000007105 ) ) ;
#4378 = ADVANCED_FACE ( 'NONE', ( #5093 ), #4308, .T. ) ;
#4379 = LINE ( 'NONE', #7754, #6518 ) ;
#4380 = DIRECTION ( 'NONE',  ( -3.641714079092569968E-16, 0.0000000000000000000, -1.000000000000000000 ) ) ;
#4381 = AXIS2_PLACEMENT_3D ( 'NONE', #2547, #3979, #3302 ) ;
#4382 = B_SPLINE_CURVE_WITH_KNOTS ( 'NONE', 3,
 ( #6241, #10133, #1419, #4425, #10179, #4571 ),
 .UNSPECIFIED., .F., .F.,
 ( 4, 2, 4 ),
 ( 1.517883041479706208E-18, 0.0001521198112224719941, 0.0003042396224449427414 ),
 .UNSPECIFIED. ) ;
#4383 = MECHANICAL_DESIGN_GEOMETRIC_PRESENTATION_REPRESENTATION (  '', ( #3057 ), #7355 ) ;
#4384 = ORIENTED_EDGE ( 'NONE', *, *, #5445, .F. ) ;
#4385 = UNCERTAINTY_MEASURE_WITH_UNIT (LENGTH_MEASURE( 1.000000000000000082E-05 ), #9843, 'distance_accuracy_value', 'NONE');
#4386 = CARTESIAN_POINT ( 'NONE',  ( 1.041844086465574026, 6.384612859889100989, 5.465433459372669667 ) ) ;
#4387 = CIRCLE ( 'NONE', #7034, 1.613267899285889984 ) ;
#4388 = CARTESIAN_POINT ( 'NONE',  ( 8.994607792362469212, 6.250000000000363265, 5.499015461809753091 ) ) ;
#4389 =( BOUNDED_CURVE ( )  B_SPLINE_CURVE ( 3, ( #4199, #4097, #3988, #5615 ),
 .UNSPECIFIED., .F., .T. ) 
 B_SPLINE_CURVE_WITH_KNOTS ( ( 4, 4 ),
 ( 2.977423445241607514, 3.130753691978169773 ),
 .UNSPECIFIED. ) 
 CURVE ( )  GEOMETRIC_REPRESENTATION_ITEM ( )  RATIONAL_B_SPLINE_CURVE ( ( 1.000000000000000000, 0.9980417790286001400, 0.9980417790286001400, 1.000000000000000000 ) ) 
 REPRESENTATION_ITEM ( '' )  );
#4390 = CARTESIAN_POINT ( 'NONE',  ( -4.006141391291535570, 6.250000000000041744, 5.699344090454425249 ) ) ;
#4391 = CARTESIAN_POINT ( 'NONE',  ( 3.958155913534195935, 6.384612859889001513, 5.465433459372714076 ) ) ;
#4392 = FACE_OUTER_BOUND ( 'NONE', #5198, .T. ) ;
#4393 = CONICAL_SURFACE ( 'NONE', #10039, 1.599999999999999867, 0.07130746470380971980 ) ;
#4394 = EDGE_CURVE ( 'NONE', #649, #7645, #5930, .T. ) ;
#4395 = ORIENTED_EDGE ( 'NONE', *, *, #1490, .T. ) ;
#4396 = STYLED_ITEM ( 'NONE', ( #4398 ), #628 ) ;
#4397 = DIRECTION ( 'NONE',  ( 0.0000000000000000000, -1.000000000000000000, 0.0000000000000000000 ) ) ;
#4398 = PRESENTATION_STYLE_ASSIGNMENT (( #1253 ) ) ;
#4399 = VECTOR ( 'NONE', #57, 1000.000000000000000 ) ;
#4400 = AXIS2_PLACEMENT_3D ( 'NONE', #9876, #9817, #4203 ) ;
#4401 = AXIS2_PLACEMENT_3D ( 'NONE', #7923, #8667, #728 ) ;
#4402 = DIRECTION ( 'NONE',  ( 7.228014483236697541E-16, 0.0000000000000000000, -1.000000000000000000 ) ) ;
#4403 = DIRECTION ( 'NONE',  ( -8.725247161685363089E-18, 0.07124704990663610626, -0.9974586998365402302 ) ) ;
#4404 = UNCERTAINTY_MEASURE_WITH_UNIT (LENGTH_MEASURE( 1.000000000000000082E-05 ), #9725, 'distance_accuracy_value', 'NONE');
#4405 = ADVANCED_FACE ( 'NONE', ( #6755 ), #8381, .T. ) ;
#4406 = EDGE_LOOP ( 'NONE', ( #10031, #1236, #3224, #4055 ) ) ;
#4407 = PLANE ( 'NONE',  #5853 ) ;
#4409 = EDGE_CURVE ( 'NONE', #7950, #6144, #7177, .T. ) ;
#4408 = PLANE ( 'NONE',  #1459 ) ;
#4410 = PRESENTATION_LAYER_ASSIGNMENT (  '', '', ( #8066 ) ) ;
#4411 = PRESENTATION_LAYER_ASSIGNMENT (  '', '', ( #6066 ) ) ;
#4412 = ORIENTED_EDGE ( 'NONE', *, *, #746, .T. ) ;
#4413 = ORIENTED_EDGE ( 'NONE', *, *, #6583, .F. ) ;
#4414 = ORIENTED_EDGE ( 'NONE', *, *, #8142, .T. ) ;
#4415 = AXIS2_PLACEMENT_3D ( 'NONE', #9431, #391, #3028 ) ;
#4416 = CARTESIAN_POINT ( 'NONE',  ( 8.958155913534195491, 6.384612859888997960, 5.465433459372715852 ) ) ;
#4417 = CARTESIAN_POINT ( 'NONE',  ( 6.023102587141516473, 6.379062759268807170, 5.679065083714005091 ) ) ;
#4418 =( LENGTH_UNIT ( ) NAMED_UNIT ( * ) SI_UNIT ( .MILLI., .METRE. ) );
#4419 = CARTESIAN_POINT ( 'NONE',  ( 9.006141391221529346, 6.250000000000031974, 5.699344090454331102 ) ) ;
#4420 = ORIENTED_EDGE ( 'NONE', *, *, #5240, .F. ) ;
#4421 = SURFACE_SIDE_STYLE ('',( #702 ) ) ;
#4422 = ORIENTED_EDGE ( 'NONE', *, *, #1555, .F. ) ;
#4423 = ORIENTED_EDGE ( 'NONE', *, *, #4162, .F. ) ;
#4424 = DIRECTION ( 'NONE',  ( -5.152643988049929844E-16, 0.0000000000000000000, -1.000000000000000000 ) ) ;
#4425 = CARTESIAN_POINT ( 'NONE',  ( -0.9655523953998882414, 4.650000000000011013, 9.413837825582248797 ) ) ;
#4426 = FILL_AREA_STYLE ('',( #8536 ) ) ;
#4427 = PLANE ( 'NONE',  #8045 ) ;
#4428 = ORIENTED_EDGE ( 'NONE', *, *, #9999, .T. ) ;
#4429 = EDGE_CURVE ( 'NONE', #5045, #4985, #8459, .T. ) ;
#4430 = VERTEX_POINT ( 'NONE', #3725 ) ;
#4431 = SURFACE_STYLE_USAGE ( .BOTH. , #2248 ) ;
#4432 = AXIS2_PLACEMENT_3D ( 'NONE', #1654, #6373, #7988 ) ;
#4433 = CYLINDRICAL_SURFACE ( 'NONE', #7621, 0.4999999999999995559 ) ;
#4434 = ORIENTED_EDGE ( 'NONE', *, *, #723, .F. ) ;
#4435 = CARTESIAN_POINT ( 'NONE',  ( -0.9938586087784709866, 6.250000000000030198, 5.699344090454337319 ) ) ;
#4436 = DIRECTION ( 'NONE',  ( 6.323770134184271214E-17, 0.9848077530122081313, 0.1736481776669300259 ) ) ;
#4437 = DIRECTION ( 'NONE',  ( -0.5000000000002000622, -0.8660254037843231334, 0.0000000000000000000 ) ) ;
#4438 = CIRCLE ( 'NONE', #9268, 0.1000000000000002554 ) ;
#4439 = ORIENTED_EDGE ( 'NONE', *, *, #70, .F. ) ;
#4440 = EDGE_CURVE ( 'NONE', #2860, #5376, #698, .T. ) ;
#4441 = CARTESIAN_POINT ( 'NONE',  ( 8.994607792362456777, 6.250000000000374811, 5.499015461809751315 ) ) ;
#4442 = DIRECTION ( 'NONE',  ( 0.0000000000000000000, -1.000000000000000000, 0.0000000000000000000 ) ) ;
#4443 = CARTESIAN_POINT ( 'NONE',  ( 10.00000000000000000, 0.1499999999999999944, 0.0000000000000000000 ) ) ;
#4444 = B_SPLINE_CURVE_WITH_KNOTS ( 'NONE', 3,
 ( #9331, #9380, #2194, #5360, #8539, #7750 ),
 .UNSPECIFIED., .F., .F.,
 ( 4, 2, 4 ),
 ( 1.517883041479706208E-18, 0.0001521198112224531561, 0.0003042396224449047944 ),
 .UNSPECIFIED. ) ;
#4445 = CARTESIAN_POINT ( 'NONE',  ( 2.500000000000000000, 4.250000000000009770, 9.314249409997589879 ) ) ;
#4446 = VECTOR ( 'NONE', #7367, 1000.000000000000000 ) ;
#4447 = ORIENTED_EDGE ( 'NONE', *, *, #571, .T. ) ;
#4448 = PRESENTATION_STYLE_ASSIGNMENT (( #6937 ) ) ;
#4449 = DIRECTION ( 'NONE',  ( 0.0000000000000000000, 0.1275217425395260284, -0.9918357753074259486 ) ) ;
#4450 = VECTOR ( 'NONE', #646, 999.9999999999998863 ) ;
#4451 = EDGE_CURVE ( 'NONE', #9019, #8013, #507, .T. ) ;
#4452 =( LENGTH_UNIT ( ) NAMED_UNIT ( * ) SI_UNIT ( .MILLI., .METRE. ) );
#4453 = DIRECTION ( 'NONE',  ( 0.0000000000000000000, -1.000000000000000000, 0.0000000000000000000 ) ) ;
#4454 = FILL_AREA_STYLE ('',( #1309 ) ) ;
#4455 = DIRECTION ( 'NONE',  ( -1.000000000000000000, 0.0000000000000000000, 0.0000000000000000000 ) ) ;
#4456 = EDGE_LOOP ( 'NONE', ( #135, #3127, #7775, #5616 ) ) ;
#4457 = FACE_OUTER_BOUND ( 'NONE', #9121, .T. ) ;
#4458 = CYLINDRICAL_SURFACE ( 'NONE', #1141, 0.4000000000000001887 ) ;
#4459 = CIRCLE ( 'NONE', #9934, 0.5999999999999998668 ) ;
#4460 = ORIENTED_EDGE ( 'NONE', *, *, #5983, .T. ) ;
#4461 = EDGE_CURVE ( 'NONE', #4261, #8215, #10167, .T. ) ;
#4462 = EDGE_CURVE ( 'NONE', #167, #9811, #4635, .T. ) ;
#4463 = DIRECTION ( 'NONE',  ( 0.0000000000000000000, -1.000000000000000000, 0.0000000000000000000 ) ) ;
#4464 = AXIS2_PLACEMENT_3D ( 'NONE', #9193, #6105, #9289 ) ;
#4465 = LINE ( 'NONE', #10075, #8305 ) ;
#4466 = CARTESIAN_POINT ( 'NONE',  ( -4.750000000000000000, 7.750000000000000000, 5.900000000000000355 ) ) ;
#4467 = DIRECTION ( 'NONE',  ( -1.000000000000000000, 0.0000000000000000000, -3.641714079092569968E-16 ) ) ;
#4468 = DIRECTION ( 'NONE',  ( 6.323770134184271214E-17, 0.9848077530122081313, 0.1736481776669300259 ) ) ;
#4469 = ORIENTED_EDGE ( 'NONE', *, *, #6140, .T. ) ;
#4470 = DIRECTION ( 'NONE',  ( 1.000000000000000000, 0.0000000000000000000, 0.0000000000000000000 ) ) ;
#4471 = ORIENTED_EDGE ( 'NONE', *, *, #8971, .T. ) ;
#4472 = ORIENTED_EDGE ( 'NONE', *, *, #7518, .F. ) ;
#4473 = CARTESIAN_POINT ( 'NONE',  ( 1.449999999999999956, 6.370920840910899940, 3.569044486294639995 ) ) ;
#4474 = AXIS2_PLACEMENT_3D ( 'NONE', #1331, #3591, #6872 ) ;
#4475 = AXIS2_PLACEMENT_3D ( 'NONE', #8831, #948, #4717 ) ;
#4476 = CARTESIAN_POINT ( 'NONE',  ( 1.446052745852149934, 6.900000000000019895, 4.004821471746000228 ) ) ;
#4477 = ADVANCED_FACE ( 'NONE', ( #3824 ), #647, .T. ) ;
#4478 =( NAMED_UNIT ( * ) SI_UNIT ( $, .STERADIAN. ) SOLID_ANGLE_UNIT ( ) );
#4479 = FACE_OUTER_BOUND ( 'NONE', #1787, .T. ) ;
#4480 = ORIENTED_EDGE ( 'NONE', *, *, #6983, .T. ) ;
#4481 = AXIS2_PLACEMENT_3D ( 'NONE', #3765, #10013, #4660 ) ;
#4482 = VERTEX_POINT ( 'NONE', #6079 ) ;
#4483 = COLOUR_RGB ( '',0.2862745098039215508, 0.6431372549019607199, 0.8666666666666666963 ) ;
#4484 = CARTESIAN_POINT ( 'NONE',  ( -3.942782678198215152, 6.518892729351657422, 5.379133184779098187 ) ) ;
#4485 = VECTOR ( 'NONE', #2950, 1000.000000000000000 ) ;
#4486 = DIRECTION ( 'NONE',  ( 8.725247161685363089E-18, -0.07124704990663610626, -0.9974586998365402302 ) ) ;
#4487 = ORIENTED_EDGE ( 'NONE', *, *, #3137, .T. ) ;
#4488 = LINE ( 'NONE', #2054, #425 ) ;
#4489 = DIRECTION ( 'NONE',  ( 0.0000000000000000000, 0.0000000000000000000, 1.000000000000000000 ) ) ;
#4490 = ORIENTED_EDGE ( 'NONE', *, *, #7643, .T. ) ;
#4491 = DIRECTION ( 'NONE',  ( 0.0000000000000000000, 0.0000000000000000000, -1.000000000000000000 ) ) ;
#4492 = CARTESIAN_POINT ( 'NONE',  ( 2.500000000000000000, 4.250000000000000000, 10.00000000000000000 ) ) ;
#4493 = CARTESIAN_POINT ( 'NONE',  ( 6.124350997929269624, 6.820490948317419644, 5.141853884246489592 ) ) ;
#4494 = ORIENTED_EDGE ( 'NONE', *, *, #7092, .T. ) ;
#4495 = CARTESIAN_POINT ( 'NONE',  ( -0.5000000000000000000, 6.301461569844129862, 3.962967587499520050 ) ) ;
#4496 = DIRECTION ( 'NONE',  ( 4.311199699514559827E-15, -1.000000000000000000, 0.0000000000000000000 ) ) ;
#4497 = EDGE_CURVE ( 'NONE', #4260, #2974, #7782, .T. ) ;
#4498 = EDGE_CURVE ( 'NONE', #1240, #6604, #1462, .T. ) ;
#4499 = DIRECTION ( 'NONE',  ( 0.0000000000000000000, 0.0000000000000000000, 1.000000000000000000 ) ) ;
#4500 = UNCERTAINTY_MEASURE_WITH_UNIT (LENGTH_MEASURE( 1.000000000000000082E-05 ), #5435, 'distance_accuracy_value', 'NONE');
#4501 = FILL_AREA_STYLE ('',( #2124 ) ) ;
#4502 = ORIENTED_EDGE ( 'NONE', *, *, #5876, .F. ) ;
#4503 = DIRECTION ( 'NONE',  ( 1.000000000000000000, 0.0000000000000000000, 0.0000000000000000000 ) ) ;
#4504 = EDGE_CURVE ( 'NONE', #8756, #9130, #8563, .T. ) ;
#4505 = ORIENTED_EDGE ( 'NONE', *, *, #1095, .T. ) ;
#4506 = AXIS2_PLACEMENT_3D ( 'NONE', #2275, #9352, #2901 ) ;
#4507 = UNCERTAINTY_MEASURE_WITH_UNIT (LENGTH_MEASURE( 1.000000000000000082E-05 ), #1763, 'distance_accuracy_value', 'NONE');
#4508 = CIRCLE ( 'NONE', #5845, 1.413776159319739989 ) ;
#4509 = DIRECTION ( 'NONE',  ( 1.000000000000000000, 2.232180943352509796E-16, 0.0000000000000000000 ) ) ;
#4510 = FACE_OUTER_BOUND ( 'NONE', #2610, .T. ) ;
#4511 = FILL_AREA_STYLE_COLOUR ( '', #6735 ) ;
#4512 = EDGE_LOOP ( 'NONE', ( #1223, #5171, #75, #8557 ) ) ;
#4513 = CYLINDRICAL_SURFACE ( 'NONE', #8918, 1.749999999999990230 ) ;
#4514 = VERTEX_POINT ( 'NONE', #2083 ) ;
#4515 = EDGE_CURVE ( 'NONE', #8200, #5178, #6909, .T. ) ;
#4516 = ORIENTED_EDGE ( 'NONE', *, *, #3035, .F. ) ;
#4517 = CARTESIAN_POINT ( 'NONE',  ( 4.074407072548740238, 4.650000000000010125, 9.158054070483681031 ) ) ;
#4518 = CIRCLE ( 'NONE', #92, 0.2999999999999999334 ) ;
#4519 = LINE ( 'NONE', #9325, #7875 ) ;
#4520 = DIRECTION ( 'NONE',  ( 0.0000000000000000000, 0.0000000000000000000, 1.000000000000000000 ) ) ;
#4521 = ORIENTED_EDGE ( 'NONE', *, *, #10116, .T. ) ;
#4522 = AXIS2_PLACEMENT_3D ( 'NONE', #1892, #278, #3385 ) ;
#4523 = ORIENTED_EDGE ( 'NONE', *, *, #3152, .F. ) ;
#4524 = CIRCLE ( 'NONE', #6194, 0.5000000000000004441 ) ;
#4525 = SURFACE_STYLE_FILL_AREA ( #4375 ) ;
#4526 = ORIENTED_EDGE ( 'NONE', *, *, #6568, .T. ) ;
#4527 = CARTESIAN_POINT ( 'NONE',  ( 10.00000000000000000, 0.6500000000000001332, 6.388051065821461094 ) ) ;
#4528 = EDGE_CURVE ( 'NONE', #1988, #3314, #4972, .T. ) ;
#4529 = CARTESIAN_POINT ( 'NONE',  ( 8.942559080254872228, 1.718879291340180027, 9.827925769509480602 ) ) ;
#4530 =( LENGTH_UNIT ( ) NAMED_UNIT ( * ) SI_UNIT ( .MILLI., .METRE. ) );
#4531 = EDGE_CURVE ( 'NONE', #3176, #8540, #3200, .T. ) ;
#4532 = CARTESIAN_POINT ( 'NONE',  ( 6.041844085658512498, 6.384612859941942276, 5.465433459296741958 ) ) ;
#4533 =( NAMED_UNIT ( * ) SI_UNIT ( $, .STERADIAN. ) SOLID_ANGLE_UNIT ( ) );
#4534 = ORIENTED_EDGE ( 'NONE', *, *, #8034, .F. ) ;
#4535 = DIRECTION ( 'NONE',  ( 1.000000000000000000, 0.0000000000000000000, 0.0000000000000000000 ) ) ;
#4536 = ORIENTED_EDGE ( 'NONE', *, *, #6831, .T. ) ;
#4537 = B_SPLINE_CURVE_WITH_KNOTS ( 'NONE', 3,
 ( #7318, #2612, #1623, #60, #2508, #259 ),
 .UNSPECIFIED., .F., .F.,
 ( 4, 2, 4 ),
 ( 0.0000000000000000000, 0.5443967235633909718, 1.000000000000000000 ),
 .UNSPECIFIED. ) ;
#4538 = LINE ( 'NONE', #3602, #7951 ) ;
#4539 =( GEOMETRIC_REPRESENTATION_CONTEXT ( 3 ) GLOBAL_UNCERTAINTY_ASSIGNED_CONTEXT ( ( #3769 ) ) GLOBAL_UNIT_ASSIGNED_CONTEXT ( ( #7536, #8224, #9065 ) ) REPRESENTATION_CONTEXT ( 'NONE', 'WORKASPACE' ) );
#4540 = DIRECTION ( 'NONE',  ( 1.000000000000000000, 0.0000000000000000000, 0.0000000000000000000 ) ) ;
#4541 = ORIENTED_EDGE ( 'NONE', *, *, #1910, .F. ) ;
#4542 = DIRECTION ( 'NONE',  ( 0.0000000000000000000, 1.000000000000000000, 0.0000000000000000000 ) ) ;
#4543 = CARTESIAN_POINT ( 'NONE',  ( -2.500000000000000000, 2.500000000000000444, 9.999999999999982236 ) ) ;
#4544 = DIRECTION ( 'NONE',  ( 0.0000000000000000000, -1.000000000000000000, 0.0000000000000000000 ) ) ;
#4545 = FILL_AREA_STYLE_COLOUR ( '', #9284 ) ;
#4546 = EDGE_CURVE ( 'NONE', #6300, #1556, #4465, .T. ) ;
#4547 = VECTOR ( 'NONE', #7283, 1000.000000000000000 ) ;
#4548 = PLANE ( 'NONE',  #7630 ) ;
#4549 = EDGE_CURVE ( 'NONE', #8311, #7602, #6024, .T. ) ;
#4550 = VECTOR ( 'NONE', #8589, 1000.000000000000000 ) ;
#4551 = CARTESIAN_POINT ( 'NONE',  ( 2.999999999668877759, 4.250000000000031086, -3.850000000000000089 ) ) ;
#4552 = VERTEX_POINT ( 'NONE', #10171 ) ;
#4553 = LINE ( 'NONE', #1498, #9467 ) ;
#4554 = CARTESIAN_POINT ( 'NONE',  ( 5.450000000000000178, 7.250000000000000000, 0.6500000000000040190 ) ) ;
#4555 = COLOUR_RGB ( '',0.2862745098039215508, 0.6431372549019607199, 0.8666666666666666963 ) ;
#4556 = EDGE_LOOP ( 'NONE', ( #1936, #2406, #803, #4934 ) ) ;
#4557 =( GEOMETRIC_REPRESENTATION_CONTEXT ( 3 ) GLOBAL_UNCERTAINTY_ASSIGNED_CONTEXT ( ( #5077 ) ) GLOBAL_UNIT_ASSIGNED_CONTEXT ( ( #677, #3856, #8613 ) ) REPRESENTATION_CONTEXT ( 'NONE', 'WORKASPACE' ) );
#4558 = DIRECTION ( 'NONE',  ( 0.0000000000000000000, -1.000000000000000000, -3.965082230804152702E-15 ) ) ;
#4559 = CARTESIAN_POINT ( 'NONE',  ( 0.0000000000000000000, 0.0000000000000000000, 0.0000000000000000000 ) ) ;
#4560 =( GEOMETRIC_REPRESENTATION_CONTEXT ( 3 ) GLOBAL_UNCERTAINTY_ASSIGNED_CONTEXT ( ( #4609 ) ) GLOBAL_UNIT_ASSIGNED_CONTEXT ( ( #5091, #2763, #4306 ) ) REPRESENTATION_CONTEXT ( 'NONE', 'WORKASPACE' ) );
#4561 = CARTESIAN_POINT ( 'NONE',  ( 1.449999999999999956, -1.462314593354880232, 3.990870176997180607 ) ) ;
#4562 = ADVANCED_FACE ( 'NONE', ( #548 ), #1656, .T. ) ;
#4563 = DIRECTION ( 'NONE',  ( 4.231032868236119855E-16, 0.0000000000000000000, 1.000000000000000000 ) ) ;
#4564 = DIRECTION ( 'NONE',  ( 3.928415396526638614E-16, 0.3713906763541028888, 0.9284766908852596368 ) ) ;
#4565 = VECTOR ( 'NONE', #1776, 1000.000000000000000 ) ;
#4566 = ORIENTED_EDGE ( 'NONE', *, *, #2671, .F. ) ;
#4567 = DIRECTION ( 'NONE',  ( 0.0000000000000000000, -1.000000000000000000, -3.965082230804152702E-15 ) ) ;
#4568 = EDGE_LOOP ( 'NONE', ( #4036, #6992, #6058, #251 ) ) ;
#4569 = ORIENTED_EDGE ( 'NONE', *, *, #9034, .F. ) ;
#4570 = DIRECTION ( 'NONE',  ( 0.0000000000000000000, 0.0000000000000000000, 1.000000000000000000 ) ) ;
#4571 = CARTESIAN_POINT ( 'NONE',  ( -0.9371073885687785099, 4.650000000000010125, 9.314249409997589879 ) ) ;
#4572 = AXIS2_PLACEMENT_3D ( 'NONE', #7943, #7785, #2441 ) ;
#4573 =( LENGTH_UNIT ( ) NAMED_UNIT ( * ) SI_UNIT ( .MILLI., .METRE. ) );
#4574 = ORIENTED_EDGE ( 'NONE', *, *, #3598, .T. ) ;
#4575 = EDGE_CURVE ( 'NONE', #3257, #9455, #234, .T. ) ;
#4576 = PRESENTATION_STYLE_ASSIGNMENT (( #7066 ) ) ;
#4577 = ORIENTED_EDGE ( 'NONE', *, *, #9155, .T. ) ;
#4578 =( NAMED_UNIT ( * ) SI_UNIT ( $, .STERADIAN. ) SOLID_ANGLE_UNIT ( ) );
#4579 = DIRECTION ( 'NONE',  ( 0.0000000000000000000, 0.0000000000000000000, -1.000000000000000000 ) ) ;
#4580 = AXIS2_PLACEMENT_3D ( 'NONE', #8094, #941, #987 ) ;
#4581 = LINE ( 'NONE', #2255, #2707 ) ;
#4582 =( NAMED_UNIT ( * ) SI_UNIT ( $, .STERADIAN. ) SOLID_ANGLE_UNIT ( ) );
#4583 = LINE ( 'NONE', #9436, #4886 ) ;
#4584 = LINE ( 'NONE', #3696, #4816 ) ;
#4585 = ORIENTED_EDGE ( 'NONE', *, *, #3055, .T. ) ;
#4586 = MECHANICAL_DESIGN_GEOMETRIC_PRESENTATION_REPRESENTATION (  '', ( #2938 ), #8088 ) ;
#4587 = ADVANCED_FACE ( 'NONE', ( #7587 ), #3624, .T. ) ;
#4588 = CYLINDRICAL_SURFACE ( 'NONE', #9462, 0.4000000000000001887 ) ;
#4589 = EDGE_CURVE ( 'NONE', #749, #9811, #893, .T. ) ;
#4590 = DIRECTION ( 'NONE',  ( 0.0000000000000000000, -3.675221047034999628E-15, 1.000000000000000000 ) ) ;
#4591 = LINE ( 'NONE', #7763, #8124 ) ;
#4592 = FACE_OUTER_BOUND ( 'NONE', #5201, .T. ) ;
#4593 = EDGE_LOOP ( 'NONE', ( #2173, #2401, #3304, #1511 ) ) ;
#4594 = FILL_AREA_STYLE_COLOUR ( '', #5683 ) ;
#4595 = FILL_AREA_STYLE_COLOUR ( '', #3557 ) ;
#4596 = AXIS2_PLACEMENT_3D ( 'NONE', #9162, #543, #594 ) ;
#4597 = CARTESIAN_POINT ( 'NONE',  ( 9.087037305134389342, 4.650000000000010125, 8.986637655680240755 ) ) ;
#4598 = SURFACE_STYLE_USAGE ( .BOTH. , #1596 ) ;
#4599 = TOROIDAL_SURFACE ( 'NONE', #3114, 1.600000000000000089, 0.1000000000000000056 ) ;
#4600 = CARTESIAN_POINT ( 'NONE',  ( 6.030138328475302067, 6.381146321193633675, 5.536094731139329816 ) ) ;
#4601 = DIRECTION ( 'NONE',  ( 0.0000000000000000000, -1.000000000000000000, 0.0000000000000000000 ) ) ;
#4602 = CARTESIAN_POINT ( 'NONE',  ( -0.4499999999999990119, 7.250000000000000000, 5.700000000000000178 ) ) ;
#4603 = ORIENTED_EDGE ( 'NONE', *, *, #4858, .T. ) ;
#4604 = DIRECTION ( 'NONE',  ( -1.000000000000000000, 0.0000000000000000000, 0.0000000000000000000 ) ) ;
#4605 = DIRECTION ( 'NONE',  ( -1.000000000000000000, 0.0000000000000000000, 0.0000000000000000000 ) ) ;
#4606 = ORIENTED_EDGE ( 'NONE', *, *, #6583, .T. ) ;
#4607 = VECTOR ( 'NONE', #9970, 1000.000000000000000 ) ;
#4608 = ADVANCED_FACE ( 'NONE', ( #793 ), #2492, .T. ) ;
#4609 = UNCERTAINTY_MEASURE_WITH_UNIT (LENGTH_MEASURE( 1.000000000000000082E-05 ), #5091, 'distance_accuracy_value', 'NONE');
#4610 = FILL_AREA_STYLE ('',( #8525 ) ) ;
#4611 =( LENGTH_UNIT ( ) NAMED_UNIT ( * ) SI_UNIT ( .MILLI., .METRE. ) );
#4612 = UNCERTAINTY_MEASURE_WITH_UNIT (LENGTH_MEASURE( 1.000000000000000082E-05 ), #4967, 'distance_accuracy_value', 'NONE');
#4613 = DIRECTION ( 'NONE',  ( -5.152643988049929844E-16, 0.0000000000000000000, -1.000000000000000000 ) ) ;
#4614 = DIRECTION ( 'NONE',  ( 5.152643988049929844E-16, 0.0000000000000000000, 1.000000000000000000 ) ) ;
#4615 = SURFACE_STYLE_FILL_AREA ( #5297 ) ;
#4616 = PRESENTATION_STYLE_ASSIGNMENT (( #8582 ) ) ;
#4617 = CIRCLE ( 'NONE', #4118, 1.599999999999999867 ) ;
#4618 = ORIENTED_EDGE ( 'NONE', *, *, #6790, .T. ) ;
#4619 = FILL_AREA_STYLE ('',( #8584 ) ) ;
#4620 = VERTEX_POINT ( 'NONE', #7892 ) ;
#4621 = ORIENTED_EDGE ( 'NONE', *, *, #6254, .F. ) ;
#4622 = CARTESIAN_POINT ( 'NONE',  ( 6.450000000000000178, 5.950000000000040146, 3.494824785299559977 ) ) ;
#4623 = ADVANCED_FACE ( 'NONE', ( #5548 ), #681, .T. ) ;
#4624 =( NAMED_UNIT ( * ) PLANE_ANGLE_UNIT ( ) SI_UNIT ( $, .RADIAN. ) );
#4625 = EDGE_CURVE ( 'NONE', #5647, #4040, #6103, .T. ) ;
#4626 = COLOUR_RGB ( '',0.2862745098039215508, 0.6431372549019607199, 0.8666666666666666963 ) ;
#4627 =( LENGTH_UNIT ( ) NAMED_UNIT ( * ) SI_UNIT ( .MILLI., .METRE. ) );
#4628 = CARTESIAN_POINT ( 'NONE',  ( 1.075900883378422934, 6.782835288287566655, 5.313097438219579693 ) ) ;
#4629 = ORIENTED_EDGE ( 'NONE', *, *, #2274, .T. ) ;
#4630 = CARTESIAN_POINT ( 'NONE',  ( 0.4500000000000000666, 2.200000000000000178, 5.800000000000009592 ) ) ;
#4631 = CARTESIAN_POINT ( 'NONE',  ( 0.5500000000000000444, 1.652376043070270084, -7.728965982074889342E-15 ) ) ;
#4632 = ORIENTED_EDGE ( 'NONE', *, *, #4546, .T. ) ;
#4633 = DIRECTION ( 'NONE',  ( 0.0000000000000000000, 0.0000000000000000000, -1.000000000000000000 ) ) ;
#4634 = CARTESIAN_POINT ( 'NONE',  ( -2.500000000000000000, 2.650000000000010125, 8.000000000000010658 ) ) ;
#4635 = CIRCLE ( 'NONE', #208, 0.5000000000000000000 ) ;
#4636 = FACE_OUTER_BOUND ( 'NONE', #8531, .T. ) ;
#4637 = CARTESIAN_POINT ( 'NONE',  ( 7.500000000000000000, 5.850000000000009415, 9.500000000000000000 ) ) ;
#4638 = FILL_AREA_STYLE ('',( #394 ) ) ;
#4639 = EDGE_CURVE ( 'NONE', #7798, #956, #3977, .T. ) ;
#4640 = CARTESIAN_POINT ( 'NONE',  ( 9.100781059358210356, 3.850000000000010303, 8.800000000000000711 ) ) ;
#4641 = PRESENTATION_LAYER_ASSIGNMENT (  '', '', ( #6804 ) ) ;
#4642 = EDGE_LOOP ( 'NONE', ( #9989, #8965, #7299, #233 ) ) ;
#4643 = AXIS2_PLACEMENT_3D ( 'NONE', #2121, #587, #9350 ) ;
#4644 =( BOUNDED_CURVE ( )  B_SPLINE_CURVE ( 3, ( #6101, #3037, #770, #2306 ),
 .UNSPECIFIED., .F., .T. ) 
 B_SPLINE_CURVE_WITH_KNOTS ( ( 4, 4 ),
 ( 1.008957096879900650, 1.500983156715127498 ),
 .UNSPECIFIED. ) 
 CURVE ( )  GEOMETRIC_REPRESENTATION_ITEM ( )  RATIONAL_B_SPLINE_CURVE ( ( 1.000000000000000000, 0.9799274069394409148, 0.9799274069394409148, 1.000000000000000000 ) ) 
 REPRESENTATION_ITEM ( '' )  );
#4645 = DIRECTION ( 'NONE',  ( 0.0000000000000000000, 1.000000000000000000, 0.0000000000000000000 ) ) ;
#4646 = CARTESIAN_POINT ( 'NONE',  ( 9.034447604600114090, 4.650000000000011902, 9.413837825582238139 ) ) ;
#4647 = DIRECTION ( 'NONE',  ( 0.0000000000000000000, -0.9284766908852596368, 0.3713906763541028888 ) ) ;
#4648 = CARTESIAN_POINT ( 'NONE',  ( 4.100781059358210356, 3.850000000000010303, 8.800000000000009592 ) ) ;
#4649 = ORIENTED_EDGE ( 'NONE', *, *, #10050, .F. ) ;
#4650 = LINE ( 'NONE', #2065, #4685 ) ;
#4651 = DIRECTION ( 'NONE',  ( -1.000000000000000000, 0.0000000000000000000, 0.0000000000000000000 ) ) ;
#4652 = AXIS2_PLACEMENT_3D ( 'NONE', #6654, #2816, #5096 ) ;
#4653 = CARTESIAN_POINT ( 'NONE',  ( 9.093910474793799992, 4.650000000000010125, 8.893318922984189356 ) ) ;
#4654 = ADVANCED_FACE ( 'NONE', ( #7099 ), #45, .T. ) ;
#4655 = FACE_OUTER_BOUND ( 'NONE', #880, .T. ) ;
#4656 = LINE ( 'NONE', #8822, #4795 ) ;
#4657 = CARTESIAN_POINT ( 'NONE',  ( 10.00000000000000000, 1.550000000000000266, 6.200000000000001066 ) ) ;
#4658 = DIRECTION ( 'NONE',  ( 0.0000000000000000000, 0.0000000000000000000, 1.000000000000000000 ) ) ;
#4659 = ORIENTED_EDGE ( 'NONE', *, *, #5719, .F. ) ;
#4660 = DIRECTION ( 'NONE',  ( 1.000000000000000000, 0.0000000000000000000, 0.0000000000000000000 ) ) ;
#4661 = EDGE_CURVE ( 'NONE', #580, #8978, #8049, .T. ) ;
#4662 = ORIENTED_EDGE ( 'NONE', *, *, #8326, .F. ) ;
#4663 = EDGE_CURVE ( 'NONE', #6962, #4996, #8245, .T. ) ;
#4664 = SURFACE_STYLE_FILL_AREA ( #1501 ) ;
#4665 = DIRECTION ( 'NONE',  ( 1.000000000000000000, 0.0000000000000000000, 0.0000000000000000000 ) ) ;
#4666 = DIRECTION ( 'NONE',  ( 0.0000000000000000000, -1.000000000000000000, 0.0000000000000000000 ) ) ;
#4667 = PLANE ( 'NONE',  #6047 ) ;
#4668 = SURFACE_SIDE_STYLE ('',( #47 ) ) ;
#4669 = ORIENTED_EDGE ( 'NONE', *, *, #2143, .T. ) ;
#4670 = FACE_OUTER_BOUND ( 'NONE', #6389, .T. ) ;
#4671 = VERTEX_POINT ( 'NONE', #6278 ) ;
#4672 = ORIENTED_EDGE ( 'NONE', *, *, #1566, .F. ) ;
#4673 = AXIS2_PLACEMENT_3D ( 'NONE', #8567, #3813, #8516 ) ;
#4674 = EDGE_LOOP ( 'NONE', ( #1865, #6193, #5493, #3981 ) ) ;
#4675 = CARTESIAN_POINT ( 'NONE',  ( 3.956366702911530808, 6.148436653995700496, 5.454695792914000307 ) ) ;
#4676 = FACE_OUTER_BOUND ( 'NONE', #869, .T. ) ;
#4677 = ORIENTED_EDGE ( 'NONE', *, *, #9803, .F. ) ;
#4679 = EDGE_CURVE ( 'NONE', #2918, #3185, #9560, .T. ) ;
#4678 = CARTESIAN_POINT ( 'NONE',  ( 15.00000000000000000, 0.1499999999999999944, 6.388051065821461094 ) ) ;
#4680 = CARTESIAN_POINT ( 'NONE',  ( 4.500000000000000888, 6.820490948317419644, 5.141853884246489592 ) ) ;
#4681 = EDGE_CURVE ( 'NONE', #1508, #7176, #8734, .T. ) ;
#4682 = STYLED_ITEM ( 'NONE', ( #8995 ), #7517 ) ;
#4683 = ORIENTED_EDGE ( 'NONE', *, *, #8677, .F. ) ;
#4684 = CARTESIAN_POINT ( 'NONE',  ( -2.500000000000000000, 5.999999999999990230, 9.999999999999996447 ) ) ;
#4685 = VECTOR ( 'NONE', #3705, 1000.000000000000000 ) ;
#4686 = LINE ( 'NONE', #5468, #8180 ) ;
#4687 = ORIENTED_EDGE ( 'NONE', *, *, #8849, .T. ) ;
#4688 = SURFACE_STYLE_USAGE ( .BOTH. , #112 ) ;
#4689 = CARTESIAN_POINT ( 'NONE',  ( 7.500000000000000000, 4.250000000000031086, -4.349999999999999645 ) ) ;
#4690 = FACE_OUTER_BOUND ( 'NONE', #1120, .T. ) ;
#4691 = VECTOR ( 'NONE', #775, 1000.000000000000000 ) ;
#4692 = CARTESIAN_POINT ( 'NONE',  ( -5.500000000000000000, 6.370920840910899940, 3.569044486294639995 ) ) ;
#4693 = STYLED_ITEM ( 'NONE', ( #2673 ), #8735 ) ;
#4694 = ORIENTED_EDGE ( 'NONE', *, *, #2798, .F. ) ;
#4695 = SURFACE_STYLE_FILL_AREA ( #2360 ) ;
#4696 = CARTESIAN_POINT ( 'NONE',  ( 8.956366702911532585, 6.148436653995700496, 5.454695792913989649 ) ) ;
#4697 = CARTESIAN_POINT ( 'NONE',  ( 1.449999999999999956, 6.301461569844129862, 3.962967587499530264 ) ) ;
#4698 = EDGE_CURVE ( 'NONE', #1092, #7452, #3196, .T. ) ;
#4699 = ORIENTED_EDGE ( 'NONE', *, *, #9655, .F. ) ;
#4700 = SURFACE_STYLE_USAGE ( .BOTH. , #8560 ) ;
#4701 = VECTOR ( 'NONE', #1003, 1000.000000000000000 ) ;
#4702 =( NAMED_UNIT ( * ) PLANE_ANGLE_UNIT ( ) SI_UNIT ( $, .RADIAN. ) );
#4703 =( BOUNDED_CURVE ( )  B_SPLINE_CURVE ( 3, ( #7753, #3538, #478, #2881 ),
 .UNSPECIFIED., .F., .T. ) 
 B_SPLINE_CURVE_WITH_KNOTS ( ( 4, 4 ),
 ( 4.782202150464466506, 5.075476764891790005 ),
 .UNSPECIFIED. ) 
 CURVE ( )  GEOMETRIC_REPRESENTATION_ITEM ( )  RATIONAL_B_SPLINE_CURVE ( ( 1.000000000000000000, 0.9928453341064031878, 0.9928453341064031878, 1.000000000000000000 ) ) 
 REPRESENTATION_ITEM ( '' )  );
#4704 = PLANE ( 'NONE',  #3452 ) ;
#4705 = COLOUR_RGB ( '',0.2862745098039215508, 0.6431372549019607199, 0.8666666666666666963 ) ;
#4706 = FACE_OUTER_BOUND ( 'NONE', #2445, .T. ) ;
#4707 = EDGE_CURVE ( 'NONE', #7577, #4165, #7941, .T. ) ;
#4708 = CARTESIAN_POINT ( 'NONE',  ( 6.450000000000000178, 5.950000000000040146, 2.800000000000010036 ) ) ;
#4709 = ORIENTED_EDGE ( 'NONE', *, *, #7805, .F. ) ;
#4710 = PRESENTATION_LAYER_ASSIGNMENT (  '', '', ( #10180 ) ) ;
#4711 = DIRECTION ( 'NONE',  ( 6.323770134184271214E-17, 0.9848077530122081313, 0.1736481776669300259 ) ) ;
#4712 = LINE ( 'NONE', #4767, #7583 ) ;
#4713 = ORIENTED_EDGE ( 'NONE', *, *, #3777, .T. ) ;
#4714 = VECTOR ( 'NONE', #3803, 1000.000000000000114 ) ;
#4715 = AXIS2_PLACEMENT_3D ( 'NONE', #2117, #2894, #4449 ) ;
#4716 = CARTESIAN_POINT ( 'NONE',  ( 1.029021513128699938, 6.380815587897259888, 5.542350741529159741 ) ) ;
#4717 = DIRECTION ( 'NONE',  ( 0.0000000000000000000, -1.000000000000000000, 0.0000000000000000000 ) ) ;
#4718 = PLANE ( 'NONE',  #5544 ) ;
#4719 = ADVANCED_FACE ( 'NONE', ( #7148 ), #5705, .F. ) ;
#4720 = EDGE_CURVE ( 'NONE', #1769, #4851, #743, .T. ) ;
#4721 = COLOUR_RGB ( '',0.2862745098039215508, 0.6431372549019607199, 0.8666666666666666963 ) ;
#4722 = SURFACE_STYLE_USAGE ( .BOTH. , #3198 ) ;
#4723 = DIRECTION ( 'NONE',  ( -1.000000000000000000, 0.0000000000000000000, 0.0000000000000000000 ) ) ;
#4724 = ORIENTED_EDGE ( 'NONE', *, *, #645, .F. ) ;
#4725 = CARTESIAN_POINT ( 'NONE',  ( -2.500000000000000000, 4.250000000000000000, 9.999999999999989342 ) ) ;
#4726 = ORIENTED_EDGE ( 'NONE', *, *, #7210, .T. ) ;
#4727 = VECTOR ( 'NONE', #9330, 1000.000000000000000 ) ;
#4728 = VECTOR ( 'NONE', #9644, 1000.000000000000000 ) ;
#4729 = ORIENTED_EDGE ( 'NONE', *, *, #5230, .F. ) ;
#4730 =( NAMED_UNIT ( * ) PLANE_ANGLE_UNIT ( ) SI_UNIT ( $, .RADIAN. ) );
#4731 = ORIENTED_EDGE ( 'NONE', *, *, #1529, .T. ) ;
#4732 = AXIS2_PLACEMENT_3D ( 'NONE', #1359, #6125, #7735 ) ;
#4733 = CARTESIAN_POINT ( 'NONE',  ( 10.30499999999999972, 1.726091832102840007, 6.200000000000001066 ) ) ;
#4734 = DIRECTION ( 'NONE',  ( 0.0000000000000000000, 0.0000000000000000000, -1.000000000000000000 ) ) ;
#4735 = EDGE_LOOP ( 'NONE', ( #1173, #2764, #8620, #4629 ) ) ;
#4736 = B_SPLINE_CURVE_WITH_KNOTS ( 'NONE', 3,
 ( #5708, #3505, #8266, #2494, #5655, #950 ),
 .UNSPECIFIED., .F., .F.,
 ( 4, 2, 4 ),
 ( 4.720615760976057157E-16, 0.0001520665957078345596, 0.0003041331914151970575 ),
 .UNSPECIFIED. ) ;
#4737 = CARTESIAN_POINT ( 'NONE',  ( -4.074407072548740238, 3.850000000000010303, 9.158054070483700571 ) ) ;
#4738 = LINE ( 'NONE', #809, #8226 ) ;
#4739 = DIRECTION ( 'NONE',  ( 0.0000000000000000000, 0.0000000000000000000, -1.000000000000000000 ) ) ;
#4740 = VERTEX_POINT ( 'NONE', #2336 ) ;
#4741 = DIRECTION ( 'NONE',  ( 0.0000000000000000000, 0.0000000000000000000, -1.000000000000000000 ) ) ;
#4742 = ORIENTED_EDGE ( 'NONE', *, *, #4769, .T. ) ;
#4743 = DIRECTION ( 'NONE',  ( 0.0000000000000000000, 1.000000000000000000, 0.0000000000000000000 ) ) ;
#4744 = AXIS2_PLACEMENT_3D ( 'NONE', #6945, #8776, #8674 ) ;
#4745 = VECTOR ( 'NONE', #8307, 1000.000000000000000 ) ;
#4746 = EDGE_CURVE ( 'NONE', #7544, #7660, #5498, .T. ) ;
#4747 = PLANE ( 'NONE',  #8143 ) ;
#4748 = ORIENTED_EDGE ( 'NONE', *, *, #5133, .T. ) ;
#4749 = DIRECTION ( 'NONE',  ( 1.000000000000000000, 0.0000000000000000000, 3.641714079092569968E-16 ) ) ;
#4750 = ORIENTED_EDGE ( 'NONE', *, *, #10104, .T. ) ;
#4751 = CARTESIAN_POINT ( 'NONE',  ( 6.143990033716241861, 3.850000000000008527, 9.500000000000000000 ) ) ;
#4752 = CARTESIAN_POINT ( 'NONE',  ( 4.500000000000000888, 6.620978138265459556, 5.127902589497660202 ) ) ;
#4753 = FACE_OUTER_BOUND ( 'NONE', #3582, .T. ) ;
#4754 = ORIENTED_EDGE ( 'NONE', *, *, #1443, .F. ) ;
#4755 = CARTESIAN_POINT ( 'NONE',  ( 2.500000000000000000, 4.250000000000009770, 9.500000000000010658 ) ) ;
#4756 = FACE_OUTER_BOUND ( 'NONE', #2728, .T. ) ;
#4757 = LINE ( 'NONE', #1746, #6531 ) ;
#4758 = ADVANCED_FACE ( 'NONE', ( #1550 ), #8784, .T. ) ;
#4759 = FACE_OUTER_BOUND ( 'NONE', #6183, .T. ) ;
#4760 = DIRECTION ( 'NONE',  ( 1.000000000000000000, 0.0000000000000000000, 0.0000000000000000000 ) ) ;
#4761 = CARTESIAN_POINT ( 'NONE',  ( 10.00000000000000000, 1.800000000000000266, 10.00000000000000000 ) ) ;
#4762 = DIRECTION ( 'NONE',  ( 1.000000000000000000, 0.0000000000000000000, 0.0000000000000000000 ) ) ;
#4763 = CARTESIAN_POINT ( 'NONE',  ( 3.908529899565564403, 6.803742317568941544, 5.258069125366933605 ) ) ;
#4764 = VECTOR ( 'NONE', #2806, 1000.000000000000000 ) ;
#4765 = ORIENTED_EDGE ( 'NONE', *, *, #8581, .F. ) ;
#4766 = CARTESIAN_POINT ( 'NONE',  ( 2.500000000000000000, 4.250000000000009770, 8.800000000000009592 ) ) ;
#4767 = CARTESIAN_POINT ( 'NONE',  ( 8.550000000000000711, 3.592004494644689849, 2.875961234938969824 ) ) ;
#4768 = ORIENTED_EDGE ( 'NONE', *, *, #9965, .T. ) ;
#4769 = EDGE_CURVE ( 'NONE', #3467, #5193, #2752, .T. ) ;
#4770 = AXIS2_PLACEMENT_3D ( 'NONE', #1370, #4520, #10135 ) ;
#4771 = SURFACE_STYLE_FILL_AREA ( #7991 ) ;
#4772 = PRODUCT_CONTEXT ( 'NONE', #1431, 'mechanical' ) ;
#4773 = DIRECTION ( 'NONE',  ( -1.000000000000000000, 0.0000000000000000000, 0.0000000000000000000 ) ) ;
#4774 = VERTEX_POINT ( 'NONE', #9856 ) ;
#4775 = DIRECTION ( 'NONE',  ( 0.0000000000000000000, 0.0000000000000000000, 1.000000000000000000 ) ) ;
#4776 = PRESENTATION_LAYER_ASSIGNMENT (  '', '', ( #17 ) ) ;
#4777 = EDGE_LOOP ( 'NONE', ( #2718, #641, #1814, #2559 ) ) ;
#4778 = ORIENTED_EDGE ( 'NONE', *, *, #5250, .T. ) ;
#4779 = CARTESIAN_POINT ( 'NONE',  ( -1.449999999999999956, 5.950000000000040146, 2.800000000000019806 ) ) ;
#4780 = ORIENTED_EDGE ( 'NONE', *, *, #8151, .T. ) ;
#4781 = EDGE_CURVE ( 'NONE', #5032, #5734, #4137, .T. ) ;
#4782 = EDGE_CURVE ( 'NONE', #6604, #3307, #7794, .T. ) ;
#4783 = CARTESIAN_POINT ( 'NONE',  ( 3.994607792362468768, 6.250000000000364153, 5.499015461809754868 ) ) ;
#4784 = CARTESIAN_POINT ( 'NONE',  ( 3.871701747922879910, 6.620978138265459556, 5.127902589497670860 ) ) ;
#4785 = ORIENTED_EDGE ( 'NONE', *, *, #3722, .F. ) ;
#4786 = PRESENTATION_LAYER_ASSIGNMENT (  '', '', ( #2807 ) ) ;
#4787 = CARTESIAN_POINT ( 'NONE',  ( 9.074407072548709152, 3.850000000000010303, 9.158054070484201503 ) ) ;
#4788 = DIRECTION ( 'NONE',  ( -1.000000000000000000, 0.0000000000000000000, 0.0000000000000000000 ) ) ;
#4789 = DIRECTION ( 'NONE',  ( -0.3713906763541020561, 0.9284766908852600809, -7.857794173099921186E-32 ) ) ;
#4790 = ORIENTED_EDGE ( 'NONE', *, *, #7889, .T. ) ;
#4791 = CARTESIAN_POINT ( 'NONE',  ( 2.500000000000000000, 4.250000000000009770, 9.500000000000000000 ) ) ;
#4792 = VERTEX_POINT ( 'NONE', #6744 ) ;
#4793 = CARTESIAN_POINT ( 'NONE',  ( 4.500000000000000888, 3.592004494644689849, 2.875961234938969824 ) ) ;
#4794 = CARTESIAN_POINT ( 'NONE',  ( -2.500000000000000000, 2.836223840680269781, 9.300000000000009592 ) ) ;
#4795 = VECTOR ( 'NONE', #8670, 1000.000000000000000 ) ;
#4796 = VECTOR ( 'NONE', #3096, 1000.000000000000000 ) ;
#4797 = CARTESIAN_POINT ( 'NONE',  ( 4.500000000000000888, 6.301461569844129862, 3.962967587499520050 ) ) ;
#4798 = EDGE_CURVE ( 'NONE', #4985, #8675, #2329, .T. ) ;
#4799 = EDGE_CURVE ( 'NONE', #8859, #6817, #3801, .T. ) ;
#4800 = CARTESIAN_POINT ( 'NONE',  ( 9.750000000000010658, 7.750000000000000000, 5.700000000000000178 ) ) ;
#4801 = ORIENTED_EDGE ( 'NONE', *, *, #6189, .T. ) ;
#4802 = CARTESIAN_POINT ( 'NONE',  ( 15.00000000000000000, 0.1499999999999999944, 6.700000000000000178 ) ) ;
#4803 = EDGE_LOOP ( 'NONE', ( #1016, #5874, #5779, #4015 ) ) ;
#4804 = VECTOR ( 'NONE', #5004, 1000.000000000000000 ) ;
#4805 = CARTESIAN_POINT ( 'NONE',  ( -1.449999999999999956, -1.462314593354880232, 3.990870176997180607 ) ) ;
#4806 = AXIS2_PLACEMENT_3D ( 'NONE', #4802, #6206, #7866 ) ;
#4807 = CARTESIAN_POINT ( 'NONE',  ( 5.250000000000000000, 7.750000000000000000, 5.900000000000000355 ) ) ;
#4808 = DIRECTION ( 'NONE',  ( -1.000000000000000000, 0.0000000000000000000, 0.0000000000000000000 ) ) ;
#4809 = CARTESIAN_POINT ( 'NONE',  ( 3.000000000000000000, 4.250000000000031086, 0.7499999999999990008 ) ) ;
#4810 = CARTESIAN_POINT ( 'NONE',  ( 6.450000000000000178, -1.462314593354880232, 2.800000000000010036 ) ) ;
#4811 = LINE ( 'NONE', #7398, #3861 ) ;
#4812 = VECTOR ( 'NONE', #2563, 1000.000000000000000 ) ;
#4813 = VECTOR ( 'NONE', #6432, 1000.000000000000000 ) ;
#4814 = ORIENTED_EDGE ( 'NONE', *, *, #8151, .F. ) ;
#4815 = CARTESIAN_POINT ( 'NONE',  ( 6.450000000000000178, 6.900812423267500328, 3.990870176997169949 ) ) ;
#4816 = VECTOR ( 'NONE', #6979, 1000.000000000000000 ) ;
#4817 = DIRECTION ( 'NONE',  ( -1.000000000000000000, 0.0000000000000000000, 5.152643988049929844E-16 ) ) ;
#4818 = DIRECTION ( 'NONE',  ( 0.0000000000000000000, 0.0000000000000000000, 1.000000000000000000 ) ) ;
#4819 = CARTESIAN_POINT ( 'NONE',  ( 8.958155914341494608, 6.384612859941898755, 5.465433459296769492 ) ) ;
#4820 = EDGE_CURVE ( 'NONE', #1731, #9841, #3642, .T. ) ;
#4821 = ADVANCED_FACE ( 'NONE', ( #5079 ), #5026, .T. ) ;
#4822 = ORIENTED_EDGE ( 'NONE', *, *, #7713, .F. ) ;
#4823 = DIRECTION ( 'NONE',  ( 0.0000000000000000000, 0.0000000000000000000, 1.000000000000000000 ) ) ;
#4824 = PRESENTATION_STYLE_ASSIGNMENT (( #3244 ) ) ;
#4825 = ORIENTED_EDGE ( 'NONE', *, *, #645, .T. ) ;
#4826 = CARTESIAN_POINT ( 'NONE',  ( -3.697532609506500201, 6.864512672020650186, 4.512313905521390112 ) ) ;
#4827 = CARTESIAN_POINT ( 'NONE',  ( 1.109592952281649669, 6.616355096402059210, 5.194015168276943761 ) ) ;
#4828 = CARTESIAN_POINT ( 'NONE',  ( -3.875649002070729932, 6.820490948317419644, 5.141853884246501138 ) ) ;
#4829 = CARTESIAN_POINT ( 'NONE',  ( 5.450000000000009948, 7.750000000000000000, 5.900000000000000355 ) ) ;
#4830 = ADVANCED_FACE ( 'NONE', ( #6640 ), #4290, .F. ) ;
#4831 = ORIENTED_EDGE ( 'NONE', *, *, #7188, .F. ) ;
#4832 =( BOUNDED_CURVE ( )  B_SPLINE_CURVE ( 3, ( #1169, #7482, #6707, #3470 ),
 .UNSPECIFIED., .F., .T. ) 
 B_SPLINE_CURVE_WITH_KNOTS ( ( 4, 4 ),
 ( 3.152431615203299398, 3.305761861937969837 ),
 .UNSPECIFIED. ) 
 CURVE ( )  GEOMETRIC_REPRESENTATION_ITEM ( )  RATIONAL_B_SPLINE_CURVE ( ( 1.000000000000000000, 0.9980417790286484347, 0.9980417790286484347, 1.000000000000000000 ) ) 
 REPRESENTATION_ITEM ( '' )  );
#4833 = ORIENTED_EDGE ( 'NONE', *, *, #4589, .T. ) ;
#4834 = EDGE_LOOP ( 'NONE', ( #8686, #9493, #3730, #1203 ) ) ;
#4835 = DIRECTION ( 'NONE',  ( 0.0000000000000000000, 0.0000000000000000000, 1.000000000000000000 ) ) ;
#4836 = VERTEX_POINT ( 'NONE', #9709 ) ;
#4837 = CARTESIAN_POINT ( 'NONE',  ( 10.50000000000000000, 0.6613248654051859798, 0.0000000000000000000 ) ) ;
#4838 = CARTESIAN_POINT ( 'NONE',  ( 7.423020349793491235, -1.462314593354880232, 5.694239332014509714 ) ) ;
#4839 = ORIENTED_EDGE ( 'NONE', *, *, #2003, .T. ) ;
#4840 = CARTESIAN_POINT ( 'NONE',  ( 4.068650814749700473, 4.650000000000010125, 9.236151811974439241 ) ) ;
#4841 = CARTESIAN_POINT ( 'NONE',  ( 7.500000000000000000, 4.250000000000000000, 10.00000000000000000 ) ) ;
#4842 = EDGE_CURVE ( 'NONE', #5242, #1164, #398, .T. ) ;
#4843 = ORIENTED_EDGE ( 'NONE', *, *, #4968, .F. ) ;
#4844 = VECTOR ( 'NONE', #7124, 1000.000000000000000 ) ;
#4845 = DIRECTION ( 'NONE',  ( 0.0000000000000000000, -1.000000000000000000, -3.965082230804152702E-15 ) ) ;
#4846 = VERTEX_POINT ( 'NONE', #2597 ) ;
#4847 = DIRECTION ( 'NONE',  ( -1.000000000000000000, 0.0000000000000000000, 0.0000000000000000000 ) ) ;
#4848 = CARTESIAN_POINT ( 'NONE',  ( -4.644999999999999574, 0.7350406544375860385, 6.200000000000001066 ) ) ;
#4849 = CYLINDRICAL_SURFACE ( 'NONE', #118, 0.2999999999999999334 ) ;
#4850 = CARTESIAN_POINT ( 'NONE',  ( 4.205878195200130065, 6.087585864700089999, 5.702659885757020319 ) ) ;
#4851 = VERTEX_POINT ( 'NONE', #1807 ) ;
#4852 = AXIS2_PLACEMENT_3D ( 'NONE', #6696, #2857, #4604 ) ;
#4853 = ORIENTED_EDGE ( 'NONE', *, *, #4661, .T. ) ;
#4854 = VECTOR ( 'NONE', #8972, 1000.000000000000000 ) ;
#4855 = DIRECTION ( 'NONE',  ( 0.0000000000000000000, -3.675221047034999628E-15, 1.000000000000000000 ) ) ;
#4856 = CARTESIAN_POINT ( 'NONE',  ( -1.057217949465481421, 6.518894125888139435, 5.379130966345498699 ) ) ;
#4857 = ADVANCED_FACE ( 'NONE', ( #1762 ), #9959, .T. ) ;
#4858 = EDGE_CURVE ( 'NONE', #884, #7043, #8937, .T. ) ;
#4859 = CARTESIAN_POINT ( 'NONE',  ( 5.450000000000009948, 2.200000000000000178, 5.799999999999999822 ) ) ;
#4860 = CARTESIAN_POINT ( 'NONE',  ( 6.029529175872699653, 6.144996945065150484, 5.536040986461070013 ) ) ;
#4861 = DIRECTION ( 'NONE',  ( 0.0000000000000000000, -0.06975647374412512203, 0.9975640502598243087 ) ) ;
#4862 = AXIS2_PLACEMENT_3D ( 'NONE', #8864, #9026, #5740 ) ;
#4863 = AXIS2_PLACEMENT_3D ( 'NONE', #2201, #9992, #2882 ) ;
#4864 = ORIENTED_EDGE ( 'NONE', *, *, #9975, .T. ) ;
#4865 = B_SPLINE_CURVE_WITH_KNOTS ( 'NONE', 3,
 ( #7656, #3040, #7610, #4646, #6055, #3650 ),
 .UNSPECIFIED., .F., .F.,
 ( 4, 2, 4 ),
 ( 1.734723475976807094E-18, 0.0001521198112224725362, 0.0003042396224449433377 ),
 .UNSPECIFIED. ) ;
#4866 = AXIS2_PLACEMENT_3D ( 'NONE', #2870, #5158, #6030 ) ;
#4867 = SURFACE_STYLE_FILL_AREA ( #6369 ) ;
#4868 = DIRECTION ( 'NONE',  ( 0.0000000000000000000, 0.9284766908852596368, 0.3713906763541028888 ) ) ;
#4869 = ORIENTED_EDGE ( 'NONE', *, *, #2155, .F. ) ;
#4870 = DIRECTION ( 'NONE',  ( 1.000000000000000000, 0.0000000000000000000, 0.0000000000000000000 ) ) ;
#4871 = DIRECTION ( 'NONE',  ( 0.0000000000000000000, 0.0000000000000000000, -1.000000000000000000 ) ) ;
#4872 = VECTOR ( 'NONE', #8720, 1000.000000000000000 ) ;
#4873 = EDGE_CURVE ( 'NONE', #6282, #9841, #3659, .T. ) ;
#4874 = FACE_BOUND ( 'NONE', #6052, .T. ) ;
#4875 = DIRECTION ( 'NONE',  ( 0.0000000000000000000, 1.000000000000000000, 0.0000000000000000000 ) ) ;
#4876 = CARTESIAN_POINT ( 'NONE',  ( 2.500000000000000000, 4.250000000000009770, 8.800000000000000711 ) ) ;
#4877 = CARTESIAN_POINT ( 'NONE',  ( 8.550000000000000711, 5.950000000000040146, 2.800000000000010036 ) ) ;
#4878 = ORIENTED_EDGE ( 'NONE', *, *, #2886, .F. ) ;
#4879 = DIRECTION ( 'NONE',  ( 0.3481553119113961481, 0.8703882797784894265, -0.3481553119113950934 ) ) ;
#4880 = DIRECTION ( 'NONE',  ( 0.0000000000000000000, 1.000000000000000000, 0.0000000000000000000 ) ) ;
#4881 = STYLED_ITEM ( 'NONE', ( #3726 ), #9697 ) ;
#4882 = ORIENTED_EDGE ( 'NONE', *, *, #8770, .T. ) ;
#4883 = EDGE_LOOP ( 'NONE', ( #9260, #762, #8333, #3955, #4128, #989, #2130, #6442 ) ) ;
#4884 = CARTESIAN_POINT ( 'NONE',  ( 1.449999999999999956, 6.700487189948050037, 3.990870176997169949 ) ) ;
#4885 = ORIENTED_EDGE ( 'NONE', *, *, #4679, .T. ) ;
#4886 = VECTOR ( 'NONE', #7756, 1000.000000000000000 ) ;
#4887 = UNCERTAINTY_MEASURE_WITH_UNIT (LENGTH_MEASURE( 1.000000000000000082E-05 ), #2433, 'distance_accuracy_value', 'NONE');
#4888 = EDGE_CURVE ( 'NONE', #8013, #426, #5432, .T. ) ;
#4889 = CARTESIAN_POINT ( 'NONE',  ( -3.957924436394809842, 6.384681409738329982, 5.464040510342130119 ) ) ;
#4890 = FACE_OUTER_BOUND ( 'NONE', #5300, .T. ) ;
#4891 = AXIS2_PLACEMENT_3D ( 'NONE', #7848, #4734, #6137 ) ;
#4892 = VERTEX_POINT ( 'NONE', #6943 ) ;
#4893 = DIRECTION ( 'NONE',  ( 0.0000000000000000000, -1.000000000000000000, 0.0000000000000000000 ) ) ;
#4894 = DIRECTION ( 'NONE',  ( 0.0000000000000000000, 0.0000000000000000000, -1.000000000000000000 ) ) ;
#4895 = AXIS2_PLACEMENT_3D ( 'NONE', #3535, #7445, #1132 ) ;
#4896 = LINE ( 'NONE', #1875, #6965 ) ;
#4897 = AXIS2_PLACEMENT_3D ( 'NONE', #7615, #3554, #534 ) ;
#4898 = VERTEX_POINT ( 'NONE', #8417 ) ;
#4899 =( NAMED_UNIT ( * ) SI_UNIT ( $, .STERADIAN. ) SOLID_ANGLE_UNIT ( ) );
#4900 = VERTEX_POINT ( 'NONE', #9962 ) ;
#4901 = CARTESIAN_POINT ( 'NONE',  ( 6.029529175872699653, 6.144996945065150484, 5.536040986461070013 ) ) ;
#4902 = MECHANICAL_DESIGN_GEOMETRIC_PRESENTATION_REPRESENTATION (  '', ( #138 ), #4560 ) ;
#4903 = COLOUR_RGB ( '',0.2862745098039215508, 0.6431372549019607199, 0.8666666666666666963 ) ;
#4904 = EDGE_CURVE ( 'NONE', #8426, #5119, #3761, .T. ) ;
#4905 = PRESENTATION_LAYER_ASSIGNMENT (  '', '', ( #2582 ) ) ;
#4906 = CARTESIAN_POINT ( 'NONE',  ( 4.006141391221530235, 6.250000000000031974, 5.699344090454337319 ) ) ;
#4907 = ORIENTED_EDGE ( 'NONE', *, *, #7829, .F. ) ;
#4908 = EDGE_LOOP ( 'NONE', ( #8435, #545 ) ) ;
#4909 = DIRECTION ( 'NONE',  ( 1.000000000000000000, 0.0000000000000000000, 0.0000000000000000000 ) ) ;
#4910 = CARTESIAN_POINT ( 'NONE',  ( -3.924099116621577288, 6.560463200155847829, 5.313097438219579693 ) ) ;
#4911 = CARTESIAN_POINT ( 'NONE',  ( 7.500000000000000000, 5.850000000000009415, 8.000000000000000000 ) ) ;
#4912 = MECHANICAL_DESIGN_GEOMETRIC_PRESENTATION_REPRESENTATION (  '', ( #2757 ), #9564 ) ;
#4913 = CARTESIAN_POINT ( 'NONE',  ( 6.091769397758586280, 6.595770259307300876, 5.257011279829166384 ) ) ;
#4914 = EDGE_CURVE ( 'NONE', #3543, #5528, #3003, .T. ) ;
#4915 = EDGE_CURVE ( 'NONE', #3185, #9969, #1306, .T. ) ;
#4916 = ORIENTED_EDGE ( 'NONE', *, *, #7339, .T. ) ;
#4917 = VECTOR ( 'NONE', #7167, 1000.000000000000000 ) ;
#4918 = CARTESIAN_POINT ( 'NONE',  ( 0.4500000000000020095, 2.200000000000000178, 0.6500000000000040190 ) ) ;
#4919 = CARTESIAN_POINT ( 'NONE',  ( 10.50000000000000000, 1.838675134594820015, 0.0000000000000000000 ) ) ;
#4920 = CARTESIAN_POINT ( 'NONE',  ( 3.976897247608214503, 6.379062758811953060, 5.679065084669054464 ) ) ;
#4921 = CARTESIAN_POINT ( 'NONE',  ( 10.00000000000000000, 6.436102000195529804, 9.700000000000001066 ) ) ;
#4922 = ORIENTED_EDGE ( 'NONE', *, *, #4212, .F. ) ;
#4923 = DIRECTION ( 'NONE',  ( 0.0000000000000000000, 0.0000000000000000000, -1.000000000000000000 ) ) ;
#4924 = PRESENTATION_STYLE_ASSIGNMENT (( #7462 ) ) ;
#4925 = FACE_OUTER_BOUND ( 'NONE', #9122, .T. ) ;
#4926 = LINE ( 'NONE', #993, #193 ) ;
#4927 = AXIS2_PLACEMENT_3D ( 'NONE', #9267, #7787, #6182 ) ;
#4928 = DIRECTION ( 'NONE',  ( 0.0000000000000000000, 0.0000000000000000000, 1.000000000000000000 ) ) ;
#4929 = B_SPLINE_CURVE_WITH_KNOTS ( 'NONE', 3,
 ( #716, #3843, #663, #2252, #5416, #8599 ),
 .UNSPECIFIED., .F., .F.,
 ( 4, 2, 4 ),
 ( 0.0000000000000000000, 0.5443967235616410383, 1.000000000000000000 ),
 .UNSPECIFIED. ) ;
#4930 = ORIENTED_EDGE ( 'NONE', *, *, #4461, .T. ) ;
#4931 = DIRECTION ( 'NONE',  ( -0.2716300227878299944, 0.06713375248915300075, -0.9600573889080840084 ) ) ;
#4932 = DIRECTION ( 'NONE',  ( 0.0000000000000000000, 0.0000000000000000000, -1.000000000000000000 ) ) ;
#4933 = EDGE_CURVE ( 'NONE', #6704, #9203, #2154, .T. ) ;
#4934 = ORIENTED_EDGE ( 'NONE', *, *, #4138, .F. ) ;
#4935 = CARTESIAN_POINT ( 'NONE',  ( 9.550000000000000711, 7.250000000000000000, 0.6500000000000020206 ) ) ;
#4936 = AXIS2_PLACEMENT_3D ( 'NONE', #6120, #3667, #452 ) ;
#4937 = ORIENTED_EDGE ( 'NONE', *, *, #4681, .T. ) ;
#4938 = CARTESIAN_POINT ( 'NONE',  ( 0.4500000000000020095, 7.250000000000000000, 0.6500000000000040190 ) ) ;
#4939 = EDGE_LOOP ( 'NONE', ( #5785, #5291, #7921, #4189 ) ) ;
#4940 = FACE_OUTER_BOUND ( 'NONE', #854, .T. ) ;
#4941 = MECHANICAL_DESIGN_GEOMETRIC_PRESENTATION_REPRESENTATION (  '', ( #4101 ), #503 ) ;
#4942 = DIRECTION ( 'NONE',  ( 0.0000000000000000000, -1.000000000000000000, 0.0000000000000000000 ) ) ;
#4943 = ORIENTED_EDGE ( 'NONE', *, *, #1368, .F. ) ;
#4944 = LINE ( 'NONE', #6603, #5422 ) ;
#4945 = ADVANCED_FACE ( 'NONE', ( #6068 ), #1348, .T. ) ;
#4946 = ORIENTED_EDGE ( 'NONE', *, *, #6829, .F. ) ;
#4947 = EDGE_CURVE ( 'NONE', #5279, #1944, #7666, .T. ) ;
#4948 = ORIENTED_EDGE ( 'NONE', *, *, #5940, .T. ) ;
#4949 = PLANE ( 'NONE',  #5538 ) ;
#4950 =( GEOMETRIC_REPRESENTATION_CONTEXT ( 3 ) GLOBAL_UNCERTAINTY_ASSIGNED_CONTEXT ( ( #3208 ) ) GLOBAL_UNIT_ASSIGNED_CONTEXT ( ( #5243, #3011, #6078 ) ) REPRESENTATION_CONTEXT ( 'NONE', 'WORKASPACE' ) );
#4951 = DIRECTION ( 'NONE',  ( -8.725247161685363089E-18, 0.07124704990663610626, -0.9974586998365402302 ) ) ;
#4952 = ORIENTED_EDGE ( 'NONE', *, *, #8984, .T. ) ;
#4953 = ORIENTED_EDGE ( 'NONE', *, *, #4461, .F. ) ;
#4954 = FACE_OUTER_BOUND ( 'NONE', #2448, .T. ) ;
#4955 = CARTESIAN_POINT ( 'NONE',  ( 6.075900883378422712, 6.782835288287570208, 5.313097438219570812 ) ) ;
#4956 = FACE_OUTER_BOUND ( 'NONE', #5512, .T. ) ;
#4957 = ADVANCED_FACE ( 'NONE', ( #8565 ), #4548, .T. ) ;
#4958 = CARTESIAN_POINT ( 'NONE',  ( -5.500000000000000000, 3.592004494644689849, 2.875961234938980038 ) ) ;
#4959 = CARTESIAN_POINT ( 'NONE',  ( 4.500000000000000888, 6.700487189948059807, 3.990870176997169949 ) ) ;
#4960 = CARTESIAN_POINT ( 'NONE',  ( 1.449999999999999956, 6.301461569844129862, 3.962967587499520050 ) ) ;
#4961 = MECHANICAL_DESIGN_GEOMETRIC_PRESENTATION_REPRESENTATION (  '', ( #3958 ), #2981 ) ;
#4962 = ORIENTED_EDGE ( 'NONE', *, *, #5023, .T. ) ;
#4963 = MECHANICAL_DESIGN_GEOMETRIC_PRESENTATION_REPRESENTATION (  '', ( #3952 ), #5796 ) ;
#4964 = FACE_OUTER_BOUND ( 'NONE', #2179, .T. ) ;
#4965 =( NAMED_UNIT ( * ) SI_UNIT ( $, .STERADIAN. ) SOLID_ANGLE_UNIT ( ) );
#4966 = CARTESIAN_POINT ( 'NONE',  ( 8.976121095080056733, 6.379292657739227934, 5.607444992499980962 ) ) ;
#4967 =( LENGTH_UNIT ( ) NAMED_UNIT ( * ) SI_UNIT ( .MILLI., .METRE. ) );
#4968 = EDGE_CURVE ( 'NONE', #2466, #4346, #3612, .T. ) ;
#4969 = EDGE_LOOP ( 'NONE', ( #827, #6238, #10098, #6472 ) ) ;
#4970 = CARTESIAN_POINT ( 'NONE',  ( 1.042075563605189936, 6.384681409738329982, 5.464040510342130119 ) ) ;
#4971 = VECTOR ( 'NONE', #2249, 1000.000000000000000 ) ;
#4972 = CIRCLE ( 'NONE', #7120, 0.2999999999999999334 ) ;
#4973 = SURFACE_STYLE_FILL_AREA ( #1852 ) ;
#4974 = VECTOR ( 'NONE', #940, 1000.000000000000000 ) ;
#4975 = AXIS2_PLACEMENT_3D ( 'NONE', #7572, #4499, #8462 ) ;
#4976 = CARTESIAN_POINT ( 'NONE',  ( 9.750000000000010658, 7.750000000000000000, 5.700000000000000178 ) ) ;
#4977 = CARTESIAN_POINT ( 'NONE',  ( 10.00000000000000000, 1.550000000000000266, 0.0000000000000000000 ) ) ;
#4978 = EDGE_CURVE ( 'NONE', #8742, #7638, #9632, .T. ) ;
#4979 = ORIENTED_EDGE ( 'NONE', *, *, #8657, .F. ) ;
#4980 = FACE_OUTER_BOUND ( 'NONE', #4320, .T. ) ;
#4982 = EDGE_CURVE ( 'NONE', #6985, #8529, #2600, .T. ) ;
#4981 = LINE ( 'NONE', #2602, #2447 ) ;
#4983 = ORIENTED_EDGE ( 'NONE', *, *, #9087, .F. ) ;
#4984 = DIRECTION ( 'NONE',  ( 1.000000000000000000, 0.0000000000000000000, 0.0000000000000000000 ) ) ;
#4985 = VERTEX_POINT ( 'NONE', #10066 ) ;
#4986 = CARTESIAN_POINT ( 'NONE',  ( 4.500000000000000888, 6.250000000000031086, 5.499015461808849814 ) ) ;
#4987 = DIRECTION ( 'NONE',  ( 0.0000000000000000000, 0.0000000000000000000, 1.000000000000000000 ) ) ;
#4988 = ORIENTED_EDGE ( 'NONE', *, *, #3498, .F. ) ;
#4989 = SURFACE_STYLE_FILL_AREA ( #1166 ) ;
#4990 = SURFACE_STYLE_FILL_AREA ( #8846 ) ;
#4991 =( LENGTH_UNIT ( ) NAMED_UNIT ( * ) SI_UNIT ( .MILLI., .METRE. ) );
#4992 = DIRECTION ( 'NONE',  ( 0.0000000000000000000, 0.0000000000000000000, -1.000000000000000000 ) ) ;
#4993 = ORIENTED_EDGE ( 'NONE', *, *, #8401, .T. ) ;
#4994 = DIRECTION ( 'NONE',  ( 0.0000000000000000000, -0.9975640502598243087, -0.06975647374412512203 ) ) ;
#4995 = ORIENTED_EDGE ( 'NONE', *, *, #387, .F. ) ;
#4996 = VERTEX_POINT ( 'NONE', #6842 ) ;
#4997 = FACE_OUTER_BOUND ( 'NONE', #1332, .T. ) ;
#4998 =( REPRESENTATION_RELATIONSHIP ('NONE','NONE', #7147, #10094 ) REPRESENTATION_RELATIONSHIP_WITH_TRANSFORMATION ( #7891 )SHAPE_REPRESENTATION_RELATIONSHIP( ) );
#4999 = FACE_OUTER_BOUND ( 'NONE', #1989, .T. ) ;
#5000 = ORIENTED_EDGE ( 'NONE', *, *, #9932, .F. ) ;
#5001 = ADVANCED_FACE ( 'NONE', ( #10009 ), #2899, .F. ) ;
#5002 = ORIENTED_EDGE ( 'NONE', *, *, #1856, .T. ) ;
#5003 = SURFACE_SIDE_STYLE ('',( #7496 ) ) ;
#5004 = DIRECTION ( 'NONE',  ( 0.0000000000000000000, -3.675221047034999628E-15, 1.000000000000000000 ) ) ;
#5005 = LINE ( 'NONE', #227, #1537 ) ;
#5006 = DIRECTION ( 'NONE',  ( 0.0000000000000000000, 1.000000000000000000, 0.0000000000000000000 ) ) ;
#5007 = CARTESIAN_POINT ( 'NONE',  ( 3.976897247608213615, 6.379062758812451328, 5.679065084668919461 ) ) ;
#5008 = DIRECTION ( 'NONE',  ( 0.0000000000000000000, 0.0000000000000000000, -1.000000000000000000 ) ) ;
#5009 = VECTOR ( 'NONE', #5679, 1000.000000000000000 ) ;
#5010 = AXIS2_PLACEMENT_3D ( 'NONE', #1080, #383, #3486 ) ;
#5011 = ORIENTED_EDGE ( 'NONE', *, *, #768, .T. ) ;
#5012 = EDGE_CURVE ( 'NONE', #8377, #5055, #216, .T. ) ;
#5013 =( NAMED_UNIT ( * ) PLANE_ANGLE_UNIT ( ) SI_UNIT ( $, .RADIAN. ) );
#5014 = CARTESIAN_POINT ( 'NONE',  ( 8.875649002070730376, 6.820490948317419644, 5.141853884246479822 ) ) ;
#5015 = DIRECTION ( 'NONE',  ( 0.0000000000000000000, 0.0000000000000000000, -1.000000000000000000 ) ) ;
#5016 = CARTESIAN_POINT ( 'NONE',  ( 7.500000000000000000, 4.250000000000009770, 8.800000000000000711 ) ) ;
#5017 = SURFACE_SIDE_STYLE ('',( #8199 ) ) ;
#5018 = VERTEX_POINT ( 'NONE', #5965 ) ;
#5019 = SURFACE_STYLE_USAGE ( .BOTH. , #2013 ) ;
#5020 = CARTESIAN_POINT ( 'NONE',  ( 3.958155913534197712, 6.384612859888997960, 5.465433459372714964 ) ) ;
#5021 = VECTOR ( 'NONE', #3793, 1000.000000000000000 ) ;
#5022 = AXIS2_PLACEMENT_3D ( 'NONE', #977, #9742, #2629 ) ;
#5023 = EDGE_CURVE ( 'NONE', #2221, #3569, #9156, .T. ) ;
#5024 = CARTESIAN_POINT ( 'NONE',  ( 4.100781059358210356, 3.850000000000010303, 8.800000000000000711 ) ) ;
#5025 = PRESENTATION_LAYER_ASSIGNMENT (  '', '', ( #6187 ) ) ;
#5026 = CYLINDRICAL_SURFACE ( 'NONE', #9306, 1.400000000000000133 ) ;
#5027 = CARTESIAN_POINT ( 'NONE',  ( -4.549999999999999822, 6.250000000000031086, 0.6500000000000040190 ) ) ;
#5028 = VERTEX_POINT ( 'NONE', #2273 ) ;
#5029 = CARTESIAN_POINT ( 'NONE',  ( 0.9313491852499899970, 3.850000000000010303, 9.236151811974499637 ) ) ;
#5030 = CARTESIAN_POINT ( 'NONE',  ( 3.975706270360217509, 6.556592746007511074, 5.606841195523822208 ) ) ;
#5031 = CARTESIAN_POINT ( 'NONE',  ( 9.062892611435067636, 3.850000000000010303, 9.314249409999250773 ) ) ;
#5032 = VERTEX_POINT ( 'NONE', #5588 ) ;
#5033 = DIRECTION ( 'NONE',  ( -1.000000000000000000, -5.580452358381269806E-16, 0.0000000000000000000 ) ) ;
#5034 = CIRCLE ( 'NONE', #4021, 1.413776159319739989 ) ;
#5035 = ORIENTED_EDGE ( 'NONE', *, *, #5023, .F. ) ;
#5036 = ADVANCED_FACE ( 'NONE', ( #4706 ), #881, .T. ) ;
#5037 = AXIS2_PLACEMENT_3D ( 'NONE', #5650, #1759, #8934 ) ;
#5038 = CARTESIAN_POINT ( 'NONE',  ( 7.500000000000000000, 6.000000000000000000, 8.000000000000000000 ) ) ;
#5039 = EDGE_CURVE ( 'NONE', #10077, #119, #4077, .T. ) ;
#5040 = DIRECTION ( 'NONE',  ( 1.000000000000000000, 0.0000000000000000000, 0.0000000000000000000 ) ) ;
#5041 = ORIENTED_EDGE ( 'NONE', *, *, #4842, .F. ) ;
#5042 = PLANE ( 'NONE',  #5632 ) ;
#5043 = AXIS2_PLACEMENT_3D ( 'NONE', #8819, #7925, #1644 ) ;
#5044 = CARTESIAN_POINT ( 'NONE',  ( 3.975706270041610590, 6.556592752526435142, 5.606841190858707691 ) ) ;
#5045 = VERTEX_POINT ( 'NONE', #7191 ) ;
#5046 = CARTESIAN_POINT ( 'NONE',  ( 9.550000000000000711, 2.200000000000000178, 0.6500000000000020206 ) ) ;
#5047 = ORIENTED_EDGE ( 'NONE', *, *, #396, .F. ) ;
#5048 = VECTOR ( 'NONE', #8498, 1000.000000000000000 ) ;
#5049 = ORIENTED_EDGE ( 'NONE', *, *, #6856, .F. ) ;
#5050 = CARTESIAN_POINT ( 'NONE',  ( -0.8992189406417899766, 4.650000000000010125, 8.800000000000009592 ) ) ;
#5051 = CARTESIAN_POINT ( 'NONE',  ( -0.5000000000000000000, 3.592004494644689849, 2.875961234938980038 ) ) ;
#5052 = PRESENTATION_LAYER_ASSIGNMENT (  '', '', ( #8213 ) ) ;
#5053 = CARTESIAN_POINT ( 'NONE',  ( 6.450000000000000178, 3.592004494644689849, 2.875961234938969824 ) ) ;
#5054 = DIRECTION ( 'NONE',  ( 0.8660254037843231334, -0.5000000000002000622, 0.0000000000000000000 ) ) ;
#5055 = VERTEX_POINT ( 'NONE', #2373 ) ;
#5056 = STYLED_ITEM ( 'NONE', ( #5206 ), #375 ) ;
#5057 = VERTEX_POINT ( 'NONE', #3048 ) ;
#5058 = CARTESIAN_POINT ( 'NONE',  ( 7.500000000000000000, 5.950000000000040146, 4.150000000000000355 ) ) ;
#5059 = FACE_OUTER_BOUND ( 'NONE', #7195, .T. ) ;
#5060 =( GEOMETRIC_REPRESENTATION_CONTEXT ( 3 ) GLOBAL_UNCERTAINTY_ASSIGNED_CONTEXT ( ( #8574 ) ) GLOBAL_UNIT_ASSIGNED_CONTEXT ( ( #4573, #3889, #7747 ) ) REPRESENTATION_CONTEXT ( 'NONE', 'WORKASPACE' ) );
#5061 = CARTESIAN_POINT ( 'NONE',  ( 10.50000000000000000, 1.838675134594820015, 6.200000000000001066 ) ) ;
#5062 = CARTESIAN_POINT ( 'NONE',  ( 7.249999999999999112, 4.250000000000031086, -4.349999999999999645 ) ) ;
#5063 = LINE ( 'NONE', #280, #10040 ) ;
#5064 = CARTESIAN_POINT ( 'NONE',  ( 7.500000000000000000, 4.250000000000009770, 9.314249409997579221 ) ) ;
#5065 = EDGE_CURVE ( 'NONE', #749, #1559, #9789, .T. ) ;
#5066 = MECHANICAL_DESIGN_GEOMETRIC_PRESENTATION_REPRESENTATION (  '', ( #7375 ), #9069 ) ;
#5067 = COLOUR_RGB ( '',0.2862745098039215508, 0.6431372549019607199, 0.8666666666666666963 ) ;
#5068 = EDGE_LOOP ( 'NONE', ( #8790, #2710, #6591, #2655 ) ) ;
#5069 = CARTESIAN_POINT ( 'NONE',  ( 4.062892611431221823, 4.650000000000010125, 9.314249409997579221 ) ) ;
#5070 = CIRCLE ( 'NONE', #9716, 0.2500000000000002220 ) ;
#5071 = CARTESIAN_POINT ( 'NONE',  ( 10.00000000000000000, 7.150000000000000355, 6.500000000000000888 ) ) ;
#5072 = CARTESIAN_POINT ( 'NONE',  ( 8.986631417075429340, 6.290959454332277545, 5.697427312480219719 ) ) ;
#5073 = VERTEX_POINT ( 'NONE', #131 ) ;
#5074 = DIRECTION ( 'NONE',  ( 0.0000000000000000000, 1.000000000000000000, 0.0000000000000000000 ) ) ;
#5075 = CARTESIAN_POINT ( 'NONE',  ( 0.7936453975103899827, 6.087469678630560210, 5.606236746784570180 ) ) ;
#5076 = EDGE_CURVE ( 'NONE', #9378, #4376, #3636, .T. ) ;
#5077 = UNCERTAINTY_MEASURE_WITH_UNIT (LENGTH_MEASURE( 1.000000000000000082E-05 ), #677, 'distance_accuracy_value', 'NONE');
#5078 = CARTESIAN_POINT ( 'NONE',  ( 0.4500000000000000666, 7.250000000000000000, 0.6500000000000010214 ) ) ;
#5079 = FACE_OUTER_BOUND ( 'NONE', #1384, .T. ) ;
#5080 = DIRECTION ( 'NONE',  ( -0.9284766908852591927, 0.3713906763541040545, 1.594703279778140325E-16 ) ) ;
#5081 = ORIENTED_EDGE ( 'NONE', *, *, #5502, .T. ) ;
#5082 = FACE_OUTER_BOUND ( 'NONE', #652, .T. ) ;
#5083 = FACE_OUTER_BOUND ( 'NONE', #2875, .T. ) ;
#5085 = EDGE_CURVE ( 'NONE', #6409, #4098, #2477, .T. ) ;
#5084 = CARTESIAN_POINT ( 'NONE',  ( 1.038569758003610399, 6.340207273974521662, 5.485199103683306987 ) ) ;
#5086 = ORIENTED_EDGE ( 'NONE', *, *, #33, .T. ) ;
#5087 = DIRECTION ( 'NONE',  ( 0.0000000000000000000, 0.0000000000000000000, -1.000000000000000000 ) ) ;
#5088 = VERTEX_POINT ( 'NONE', #5642 ) ;
#5089 = MECHANICAL_DESIGN_GEOMETRIC_PRESENTATION_REPRESENTATION (  '', ( #1133 ), #5585 ) ;
#5090 = SURFACE_STYLE_USAGE ( .BOTH. , #7426 ) ;
#5091 =( LENGTH_UNIT ( ) NAMED_UNIT ( * ) SI_UNIT ( .MILLI., .METRE. ) );
#5092 = ORIENTED_EDGE ( 'NONE', *, *, #9794, .T. ) ;
#5093 = FACE_OUTER_BOUND ( 'NONE', #9832, .T. ) ;
#5094 = CARTESIAN_POINT ( 'NONE',  ( 6.005392207408168481, 6.250000000000030198, 5.499015461808848038 ) ) ;
#5095 = DIRECTION ( 'NONE',  ( -5.152643988049929844E-16, 0.0000000000000000000, -1.000000000000000000 ) ) ;
#5096 = DIRECTION ( 'NONE',  ( 0.0000000000000000000, 0.0000000000000000000, 1.000000000000000000 ) ) ;
#5097 = EDGE_LOOP ( 'NONE', ( #6763, #2411, #8695, #5709 ) ) ;
#5098 = CYLINDRICAL_SURFACE ( 'NONE', #9908, 0.5000000000000004441 ) ;
#5099 = AXIS2_PLACEMENT_3D ( 'NONE', #8158, #3355, #1973 ) ;
#5100 = ORIENTED_EDGE ( 'NONE', *, *, #3792, .T. ) ;
#5101 = EDGE_CURVE ( 'NONE', #9865, #5713, #4656, .T. ) ;
#5102 = VERTEX_POINT ( 'NONE', #7820 ) ;
#5103 = FILL_AREA_STYLE ('',( #2720 ) ) ;
#5104 = DIRECTION ( 'NONE',  ( 0.0000000000000000000, 1.000000000000000000, 0.0000000000000000000 ) ) ;
#5105 =( BOUNDED_SURFACE ( )  B_SPLINE_SURFACE ( 3, 2, ( 
 ( #10054, #7712, #2940 ),
 ( #6104, #5321, #1386 ),
 ( #225, #5480, #3326 ),
 ( #6462, #4696, #7919 ) ),
 .UNSPECIFIED., .F., .F., .F. ) 
 B_SPLINE_SURFACE_WITH_KNOTS ( ( 4, 4 ),
 ( 3, 3 ),
 ( 0.0000000000000000000, 1.000000000000000000 ),
 ( 0.0000000000000000000, 1.000000000000000000 ),
 .UNSPECIFIED. ) 
 GEOMETRIC_REPRESENTATION_ITEM ( )  RATIONAL_B_SPLINE_SURFACE ( (
 ( 1.000000000000000000, 0.7864262290810449807, 1.000000000000000000),
 ( 1.000000000000000000, 0.7864475206358839676, 1.000000000000000000),
 ( 1.000000000000000000, 0.7861047044588309607, 1.000000000000000000),
 ( 1.000000000000000000, 0.7854013101412880005, 1.000000000000000000) ) ) 
 REPRESENTATION_ITEM ( '' )  SURFACE ( )  );
#5106 = FACE_OUTER_BOUND ( 'NONE', #11, .T. ) ;
#5107 = SURFACE_STYLE_USAGE ( .BOTH. , #7597 ) ;
#5108 = EDGE_LOOP ( 'NONE', ( #4494, #2027, #7963, #2148 ) ) ;
#5109 = AXIS2_PLACEMENT_3D ( 'NONE', #6341, #1563, #5461 ) ;
#5110 = ORIENTED_EDGE ( 'NONE', *, *, #9999, .F. ) ;
#5111 = DIRECTION ( 'NONE',  ( 0.0000000000000000000, 0.0000000000000000000, -1.000000000000000000 ) ) ;
#5112 = FACE_BOUND ( 'NONE', #5557, .T. ) ;
#5113 = ADVANCED_FACE ( 'NONE', ( #1536 ), #1699, .T. ) ;
#5114 = DIRECTION ( 'NONE',  ( 0.0000000000000000000, -3.675221047034999628E-15, 1.000000000000000000 ) ) ;
#5115 = LINE ( 'NONE', #7501, #1425 ) ;
#5116 = ADVANCED_FACE ( 'NONE', ( #985 ), #4124, .T. ) ;
#5117 = VECTOR ( 'NONE', #9059, 1000.000000000000000 ) ;
#5118 = DIRECTION ( 'NONE',  ( -0.9622281902964742173, 0.0000000000000000000, -0.2722442098535290400 ) ) ;
#5119 = VERTEX_POINT ( 'NONE', #7296 ) ;
#5120 = UNCERTAINTY_MEASURE_WITH_UNIT (LENGTH_MEASURE( 1.000000000000000082E-05 ), #8594, 'distance_accuracy_value', 'NONE');
#5121 = SURFACE_STYLE_FILL_AREA ( #7561 ) ;
#5122 = SURFACE_STYLE_USAGE ( .BOTH. , #9145 ) ;
#5123 = AXIS2_PLACEMENT_3D ( 'NONE', #4240, #4134, #3501 ) ;
#5124 = LINE ( 'NONE', #5071, #9133 ) ;
#5125 = CARTESIAN_POINT ( 'NONE',  ( 8.976897247608212282, 6.379062758812451328, 5.679065084668919461 ) ) ;
#5126 = FACE_OUTER_BOUND ( 'NONE', #6371, .T. ) ;
#5127 = ORIENTED_EDGE ( 'NONE', *, *, #1338, .T. ) ;
#5128 = CARTESIAN_POINT ( 'NONE',  ( 2.500000000000000000, 6.250000000000031086, 4.150000000000000355 ) ) ;
#5129 = PLANE ( 'NONE',  #8885 ) ;
#5130 = VECTOR ( 'NONE', #6476, 1000.000000000000000 ) ;
#5131 = AXIS2_PLACEMENT_3D ( 'NONE', #4330, #2111, #6053 ) ;
#5132 = PLANE ( 'NONE',  #9961 ) ;
#5133 = EDGE_CURVE ( 'NONE', #5713, #9779, #1145, .T. ) ;
#5134 = PRESENTATION_STYLE_ASSIGNMENT (( #351 ) ) ;
#5135 = EDGE_CURVE ( 'NONE', #3580, #10028, #7457, .T. ) ;
#5136 = UNCERTAINTY_MEASURE_WITH_UNIT (LENGTH_MEASURE( 1.000000000000000082E-05 ), #6879, 'distance_accuracy_value', 'NONE');
#5137 = CIRCLE ( 'NONE', #2483, 0.5999999999999998668 ) ;
#5138 = DIRECTION ( 'NONE',  ( -1.000000000000000000, 0.0000000000000000000, 0.0000000000000000000 ) ) ;
#5139 = DIRECTION ( 'NONE',  ( 0.0000000000000000000, -1.000000000000000000, 0.0000000000000000000 ) ) ;
#5140 = ORIENTED_EDGE ( 'NONE', *, *, #2253, .F. ) ;
#5141 = CARTESIAN_POINT ( 'NONE',  ( 0.9313491852498201329, 4.650000000000010125, 9.236151811974419701 ) ) ;
#5142 = LINE ( 'NONE', #5817, #3101 ) ;
#5143 = ORIENTED_EDGE ( 'NONE', *, *, #5876, .T. ) ;
#5144 = LINE ( 'NONE', #7475, #9692 ) ;
#5145 = ORIENTED_EDGE ( 'NONE', *, *, #5012, .F. ) ;
#5146 = STYLED_ITEM ( 'NONE', ( #5134 ), #4830 ) ;
#5147 = ORIENTED_EDGE ( 'NONE', *, *, #4340, .F. ) ;
#5148 = CARTESIAN_POINT ( 'NONE',  ( 6.446052745852149712, 6.900000000000019895, 4.004821471746000228 ) ) ;
#5149 = EDGE_CURVE ( 'NONE', #4366, #3185, #237, .T. ) ;
#5150 = DIRECTION ( 'NONE',  ( 1.000000000000000000, 0.0000000000000000000, -4.231032868236119855E-16 ) ) ;
#5151 = PRESENTATION_STYLE_ASSIGNMENT (( #4154 ) ) ;
#5152 = CARTESIAN_POINT ( 'NONE',  ( 2.500000000000000000, 4.250000000000009770, 9.300000000000009592 ) ) ;
#5153 = ORIENTED_EDGE ( 'NONE', *, *, #2058, .F. ) ;
#5154 = DIRECTION ( 'NONE',  ( 0.4472135950260953119, 0.0000000000000000000, 0.8944271912368472188 ) ) ;
#5155 = AXIS2_PLACEMENT_3D ( 'NONE', #9818, #5200, #1985 ) ;
#5156 = ORIENTED_EDGE ( 'NONE', *, *, #196, .T. ) ;
#5157 = ORIENTED_EDGE ( 'NONE', *, *, #9290, .F. ) ;
#5158 = DIRECTION ( 'NONE',  ( -0.9622281902964742173, 0.0000000000000000000, 0.2722442098535290400 ) ) ;
#5159 = LINE ( 'NONE', #1230, #10020 ) ;
#5160 = CARTESIAN_POINT ( 'NONE',  ( 2.500000000000000000, 4.250000000000009770, 8.100000000000010303 ) ) ;
#5161 = SURFACE_STYLE_FILL_AREA ( #4319 ) ;
#5162 = ORIENTED_EDGE ( 'NONE', *, *, #9301, .T. ) ;
#5163 = EDGE_CURVE ( 'NONE', #9966, #490, #8092, .T. ) ;
#5164 = EDGE_LOOP ( 'NONE', ( #2684, #8061, #8985, #6538 ) ) ;
#5165 = DIRECTION ( 'NONE',  ( 0.0000000000000000000, 0.0000000000000000000, 1.000000000000000000 ) ) ;
#5166 = ORIENTED_EDGE ( 'NONE', *, *, #805, .F. ) ;
#5167 = DIRECTION ( 'NONE',  ( 1.000000000000000000, 0.0000000000000000000, -5.152643988049929844E-16 ) ) ;
#5168 = PRESENTATION_LAYER_ASSIGNMENT (  '', '', ( #7977 ) ) ;
#5169 = DIRECTION ( 'NONE',  ( 0.0000000000000000000, 0.0000000000000000000, -1.000000000000000000 ) ) ;
#5170 = LINE ( 'NONE', #9138, #4062 ) ;
#5171 = ORIENTED_EDGE ( 'NONE', *, *, #7994, .F. ) ;
#5172 = EDGE_CURVE ( 'NONE', #1580, #5356, #2859, .T. ) ;
#5173 =( NAMED_UNIT ( * ) SI_UNIT ( $, .STERADIAN. ) SOLID_ANGLE_UNIT ( ) );
#5174 = EDGE_CURVE ( 'NONE', #2991, #6076, #2140, .T. ) ;
#5175 = DIRECTION ( 'NONE',  ( 0.0000000000000000000, -1.000000000000000000, 0.0000000000000000000 ) ) ;
#5176 = LINE ( 'NONE', #6836, #5690 ) ;
#5177 =( LENGTH_UNIT ( ) NAMED_UNIT ( * ) SI_UNIT ( .MILLI., .METRE. ) );
#5178 = VERTEX_POINT ( 'NONE', #5751 ) ;
#5179 = AXIS2_PLACEMENT_3D ( 'NONE', #3550, #1800, #7511 ) ;
#5180 = CARTESIAN_POINT ( 'NONE',  ( -3.969861671524697488, 6.381146321193634563, 5.536094731139331593 ) ) ;
#5181 = CARTESIAN_POINT ( 'NONE',  ( -2.500000000000000000, 4.250000000000009770, 9.500000000000010658 ) ) ;
#5182 = CARTESIAN_POINT ( 'NONE',  ( 1.449999999999999956, 6.900812423267500328, 3.990870176997180607 ) ) ;
#5183 = DIRECTION ( 'NONE',  ( 0.0000000000000000000, 0.0000000000000000000, -1.000000000000000000 ) ) ;
#5184 = PRESENTATION_LAYER_ASSIGNMENT (  '', '', ( #4682 ) ) ;
#5185 = VECTOR ( 'NONE', #9246, 1000.000000000000000 ) ;
#5186 = FACE_OUTER_BOUND ( 'NONE', #6316, .T. ) ;
#5187 =( NAMED_UNIT ( * ) SI_UNIT ( $, .STERADIAN. ) SOLID_ANGLE_UNIT ( ) );
#5188 = VERTEX_POINT ( 'NONE', #9844 ) ;
#5189 = CARTESIAN_POINT ( 'NONE',  ( 0.8992189406417899766, 3.850000000000010303, 8.800000000000000711 ) ) ;
#5190 = FACE_OUTER_BOUND ( 'NONE', #6899, .T. ) ;
#5191 = VERTEX_POINT ( 'NONE', #1089 ) ;
#5192 = ADVANCED_FACE ( 'NONE', ( #8981 ), #8929, .F. ) ;
#5193 = VERTEX_POINT ( 'NONE', #4919 ) ;
#5194 = EDGE_CURVE ( 'NONE', #10082, #8422, #1957, .T. ) ;
#5195 = VECTOR ( 'NONE', #1135, 1000.000000000000000 ) ;
#5196 = TOROIDAL_SURFACE ( 'NONE', #1710, 1.600000000000000089, 0.1000000000000000056 ) ;
#5197 = CARTESIAN_POINT ( 'NONE',  ( 10.00000000000000000, 4.900000000000000355, 3.275000000000000355 ) ) ;
#5198 = EDGE_LOOP ( 'NONE', ( #9173, #8761, #6888, #9276 ) ) ;
#5199 = CARTESIAN_POINT ( 'NONE',  ( 6.450000000000000178, 6.900812423267500328, 3.990870176997169949 ) ) ;
#5200 = DIRECTION ( 'NONE',  ( 0.0000000000000000000, 0.0000000000000000000, -1.000000000000000000 ) ) ;
#5201 = EDGE_LOOP ( 'NONE', ( #7791, #3728, #9142, #7480 ) ) ;
#5202 = VECTOR ( 'NONE', #6186, 1000.000000000000000 ) ;
#5203 = ORIENTED_EDGE ( 'NONE', *, *, #81, .F. ) ;
#5204 = VERTEX_POINT ( 'NONE', #288 ) ;
#5205 = FACE_OUTER_BOUND ( 'NONE', #4456, .T. ) ;
#5206 = PRESENTATION_STYLE_ASSIGNMENT (( #559 ) ) ;
#5207 = EDGE_CURVE ( 'NONE', #4376, #4284, #5907, .T. ) ;
#5208 = CARTESIAN_POINT ( 'NONE',  ( 3.549999999999999822, 5.950000000000040146, 2.800000000000010036 ) ) ;
#5209 = CARTESIAN_POINT ( 'NONE',  ( -5.000000000000000000, 7.750000000000000000, 6.200000000000001066 ) ) ;
#5210 = VECTOR ( 'NONE', #1726, 1000.000000000000000 ) ;
#5211 = ORIENTED_EDGE ( 'NONE', *, *, #3637, .F. ) ;
#5212 = ORIENTED_EDGE ( 'NONE', *, *, #9034, .T. ) ;
#5213 = CARTESIAN_POINT ( 'NONE',  ( 8.924099116621576400, 6.782835288287570208, 5.313097438219570812 ) ) ;
#5214 = ORIENTED_EDGE ( 'NONE', *, *, #7589, .F. ) ;
#5215 = DIRECTION ( 'NONE',  ( 0.0000000000000000000, 0.0000000000000000000, 1.000000000000000000 ) ) ;
#5216 = LINE ( 'NONE', #8402, #1069 ) ;
#5217 =( NAMED_UNIT ( * ) SI_UNIT ( $, .STERADIAN. ) SOLID_ANGLE_UNIT ( ) );
#5218 = ADVANCED_FACE ( 'NONE', ( #6627 ), #341, .T. ) ;
#5219 = VERTEX_POINT ( 'NONE', #1903 ) ;
#5220 = PLANE ( 'NONE',  #673 ) ;
#5221 = AXIS2_PLACEMENT_3D ( 'NONE', #795, #9507, #7149 ) ;
#5222 = LINE ( 'NONE', #8407, #3734 ) ;
#5223 = SURFACE_SIDE_STYLE ('',( #7564 ) ) ;
#5224 =( BOUNDED_SURFACE ( )  B_SPLINE_SURFACE ( 3, 2, ( 
 ( #3312, #3888, #8747 ),
 ( #7062, #156, #806 ),
 ( #6, #6495, #6444 ),
 ( #4889, #9621, #2505 ) ),
 .UNSPECIFIED., .F., .F., .F. ) 
 B_SPLINE_SURFACE_WITH_KNOTS ( ( 4, 4 ),
 ( 3, 3 ),
 ( 0.0000000000000000000, 1.000000000000000000 ),
 ( 0.0000000000000000000, 1.000000000000000000 ),
 .UNSPECIFIED. ) 
 GEOMETRIC_REPRESENTATION_ITEM ( )  RATIONAL_B_SPLINE_SURFACE ( (
 ( 1.000000000000000000, 0.7864262337499590139, 1.000000000000000000),
 ( 1.000000000000000000, 0.7864474701795289846, 1.000000000000000000),
 ( 1.000000000000000000, 0.7861046529251329851, 1.000000000000000000),
 ( 1.000000000000000000, 0.7854013110680500009, 1.000000000000000000) ) ) 
 REPRESENTATION_ITEM ( '' )  SURFACE ( )  );
#5225 = ORIENTED_EDGE ( 'NONE', *, *, #5996, .T. ) ;
#5226 = AXIS2_PLACEMENT_3D ( 'NONE', #4810, #2269, #1642 ) ;
#5227 = CARTESIAN_POINT ( 'NONE',  ( 4.500000000000000888, 6.620978138265459556, 5.127902589497660202 ) ) ;
#5228 = SURFACE_STYLE_FILL_AREA ( #8363 ) ;
#5229 = B_SPLINE_CURVE_WITH_KNOTS ( 'NONE', 3,
 ( #8891, #3080, #4033, #10142 ),
 .UNSPECIFIED., .F., .F.,
 ( 4, 4 ),
 ( 4.846770490012344213E-11, 0.0001342749659830651937 ),
 .UNSPECIFIED. ) ;
#5230 = EDGE_CURVE ( 'NONE', #8791, #649, #5124, .T. ) ;
#5231 = ADVANCED_FACE ( 'NONE', ( #4332, #186, #8873 ), #9342, .F. ) ;
#5232 = AXIS2_PLACEMENT_3D ( 'NONE', #550, #7634, #462 ) ;
#5233 = FACE_OUTER_BOUND ( 'NONE', #1023, .T. ) ;
#5234 = CARTESIAN_POINT ( 'NONE',  ( 1.446052745852149934, 6.900000000000019895, 4.004821471746000228 ) ) ;
#5235 = UNCERTAINTY_MEASURE_WITH_UNIT (LENGTH_MEASURE( 1.000000000000000082E-05 ), #6419, 'distance_accuracy_value', 'NONE');
#5236 = CARTESIAN_POINT ( 'NONE',  ( 2.500000000000000000, 4.250000000000009770, 9.300000000000000711 ) ) ;
#5237 = ORIENTED_EDGE ( 'NONE', *, *, #4982, .T. ) ;
#5238 = CARTESIAN_POINT ( 'NONE',  ( 9.182760555148929527, 6.093223787951091097, 5.414712066094880427 ) ) ;
#5239 = DIRECTION ( 'NONE',  ( 1.000000000000000000, 0.0000000000000000000, 0.0000000000000000000 ) ) ;
#5240 = EDGE_CURVE ( 'NONE', #7444, #3800, #1343, .T. ) ;
#5241 = MECHANICAL_DESIGN_GEOMETRIC_PRESENTATION_REPRESENTATION (  '', ( #291 ), #1595 ) ;
#5242 = VERTEX_POINT ( 'NONE', #4443 ) ;
#5243 =( LENGTH_UNIT ( ) NAMED_UNIT ( * ) SI_UNIT ( .MILLI., .METRE. ) );
#5244 = SURFACE_STYLE_FILL_AREA ( #3416 ) ;
#5245 = CIRCLE ( 'NONE', #789, 1.400000000000000133 ) ;
#5246 = DIRECTION ( 'NONE',  ( -1.000000000000000000, 0.0000000000000000000, 0.0000000000000000000 ) ) ;
#5247 = DIRECTION ( 'NONE',  ( -1.000000000000000000, 0.0000000000000000000, 0.0000000000000000000 ) ) ;
#5248 = PLANE ( 'NONE',  #1919 ) ;
#5249 = DIRECTION ( 'NONE',  ( 0.0000000000000000000, -1.000000000000000000, 0.0000000000000000000 ) ) ;
#5250 = EDGE_CURVE ( 'NONE', #7825, #1325, #5322, .T. ) ;
#5251 = ORIENTED_EDGE ( 'NONE', *, *, #7769, .F. ) ;
#5252 = SURFACE_SIDE_STYLE ('',( #7637 ) ) ;
#5253 = EDGE_LOOP ( 'NONE', ( #6861, #1314, #3168, #10080, #1113, #4724, #6754, #10026, #5262, #3218, #527, #4885 ) ) ;
#5254 = ORIENTED_EDGE ( 'NONE', *, *, #3575, .T. ) ;
#5255 = DIRECTION ( 'NONE',  ( 0.0000000000000000000, -1.000000000000000000, 0.0000000000000000000 ) ) ;
#5256 = AXIS2_PLACEMENT_3D ( 'NONE', #4725, #4034, #7945 ) ;
#5257 = LINE ( 'NONE', #7595, #3214 ) ;
#5258 = PRODUCT_DEFINITION_SHAPE ( 'NONE', 'NONE',  #10223 ) ;
#5259 = CARTESIAN_POINT ( 'NONE',  ( -3.549999999999999822, 6.900812423267500328, 3.990870176997180607 ) ) ;
#5260 = PLANE ( 'NONE',  #6546 ) ;
#5261 = ORIENTED_EDGE ( 'NONE', *, *, #1962, .T. ) ;
#5262 = ORIENTED_EDGE ( 'NONE', *, *, #6568, .F. ) ;
#5264 = ADVANCED_FACE ( 'NONE', ( #8502 ), #8961, .T. ) ;
#5263 = CARTESIAN_POINT ( 'NONE',  ( 2.500000000000000000, 4.250000000000000000, 9.999999999999989342 ) ) ;
#5265 = VECTOR ( 'NONE', #10215, 1000.000000000000000 ) ;
#5266 = DIRECTION ( 'NONE',  ( 0.0000000000000000000, 1.000000000000000000, 0.0000000000000000000 ) ) ;
#5267 = EDGE_CURVE ( 'NONE', #4620, #1580, #5571, .T. ) ;
#5268 = EDGE_LOOP ( 'NONE', ( #5666, #1017, #6995, #6118 ) ) ;
#5269 = CARTESIAN_POINT ( 'NONE',  ( 5.940892779350024355, 3.850000000000008527, 9.365590064580624485 ) ) ;
#5270 = CARTESIAN_POINT ( 'NONE',  ( 2.500000000000000000, 2.500000000000000444, 9.999999999999982236 ) ) ;
#5271 = PRESENTATION_STYLE_ASSIGNMENT (( #6777 ) ) ;
#5272 = CARTESIAN_POINT ( 'NONE',  ( -5.000000000000000000, 0.1499999999999999944, 0.0000000000000000000 ) ) ;
#5273 = ORIENTED_EDGE ( 'NONE', *, *, #8024, .F. ) ;
#5274 = DIRECTION ( 'NONE',  ( -1.000000000000000000, 0.0000000000000000000, 0.0000000000000000000 ) ) ;
#5275 = LINE ( 'NONE', #8608, #3403 ) ;
#5276 = CARTESIAN_POINT ( 'NONE',  ( -3.986631300136335820, 6.290959700102205510, 5.697427300979111209 ) ) ;
#5277 = ADVANCED_FACE ( 'NONE', ( #10102 ), #1387, .T. ) ;
#5278 = DIRECTION ( 'NONE',  ( 0.0000000000000000000, 0.0000000000000000000, -1.000000000000000000 ) ) ;
#5279 = VERTEX_POINT ( 'NONE', #487 ) ;
#5280 = CARTESIAN_POINT ( 'NONE',  ( 5.450000000000009948, 7.250000000000000000, 5.700000000000000178 ) ) ;
#5281 = B_SPLINE_CURVE_WITH_KNOTS ( 'NONE', 3,
 ( #2450, #1059, #8799, #8114, #3163, #210, #6496, #1819 ),
 .UNSPECIFIED., .F., .F.,
 ( 4, 2, 2, 4 ),
 ( 0.0000000000000000000, 0.3582783410808529911, 0.7198210597566360169, 1.000000000000000000 ),
 .UNSPECIFIED. ) ;
#5282 = MECHANICAL_DESIGN_GEOMETRIC_PRESENTATION_REPRESENTATION (  '', ( #30 ), #2966 ) ;
#5283 = DIRECTION ( 'NONE',  ( 0.0000000000000000000, 0.0000000000000000000, 1.000000000000000000 ) ) ;
#5284 = EDGE_CURVE ( 'NONE', #7362, #555, #4538, .T. ) ;
#5285 = DIRECTION ( 'NONE',  ( 1.000000000000000000, 0.0000000000000000000, 0.0000000000000000000 ) ) ;
#5286 = B_SPLINE_CURVE_WITH_KNOTS ( 'NONE', 3,
 ( #8437, #6818, #4517, #1326, #9980, #2094 ),
 .UNSPECIFIED., .F., .F.,
 ( 4, 2, 4 ),
 ( 0.0000000000000000000, 0.4556032744928619760, 1.000000000000000000 ),
 .UNSPECIFIED. ) ;
#5287 = ORIENTED_EDGE ( 'NONE', *, *, #1581, .T. ) ;
#5288 = CARTESIAN_POINT ( 'NONE',  ( 0.0000000000000000000, 6.733652732787760442, 9.738256522761849610 ) ) ;
#5289 = CARTESIAN_POINT ( 'NONE',  ( 139.0450000000000159, 0.8789603367746769980, 8.000000000000000000 ) ) ;
#5290 =( GEOMETRIC_REPRESENTATION_CONTEXT ( 3 ) GLOBAL_UNCERTAINTY_ASSIGNED_CONTEXT ( ( #6896 ) ) GLOBAL_UNIT_ASSIGNED_CONTEXT ( ( #5489, #7929, #4965 ) ) REPRESENTATION_CONTEXT ( 'NONE', 'WORKASPACE' ) );
#5291 = ORIENTED_EDGE ( 'NONE', *, *, #6484, .F. ) ;
#5292 = CARTESIAN_POINT ( 'NONE',  ( 1.023037437513500070, 6.379043465882250352, 5.701156363462399845 ) ) ;
#5293 = FILL_AREA_STYLE ('',( #696 ) ) ;
#5294 = AXIS2_PLACEMENT_3D ( 'NONE', #4201, #1220, #2766 ) ;
#5295 = CARTESIAN_POINT ( 'NONE',  ( 5.965707655754262539, 4.650000000000010125, 9.413932751394360920 ) ) ;
#5296 = EDGE_CURVE ( 'NONE', #10028, #7727, #1176, .T. ) ;
#5297 = FILL_AREA_STYLE ('',( #7003 ) ) ;
#5298 =( LENGTH_UNIT ( ) NAMED_UNIT ( * ) SI_UNIT ( .MILLI., .METRE. ) );
#5299 = ORIENTED_EDGE ( 'NONE', *, *, #9179, .F. ) ;
#5300 = EDGE_LOOP ( 'NONE', ( #3902, #4750, #2379, #9730 ) ) ;
#5301 = ORIENTED_EDGE ( 'NONE', *, *, #7606, .T. ) ;
#5302 = DIRECTION ( 'NONE',  ( 1.000000000000000000, 0.0000000000000000000, -4.231032868236119855E-16 ) ) ;
#5303 = VECTOR ( 'NONE', #5601, 1000.000000000000000 ) ;
#5304 = CARTESIAN_POINT ( 'NONE',  ( 4.549999999999999822, 7.750000000000000000, 0.4500000000000020095 ) ) ;
#5305 = CARTESIAN_POINT ( 'NONE',  ( -0.5000000000000000000, 6.301461569844129862, 3.962967587499520050 ) ) ;
#5306 = EDGE_LOOP ( 'NONE', ( #7716, #2498, #3138, #9307, #5975 ) ) ;
#5307 = AXIS2_PLACEMENT_3D ( 'NONE', #9309, #2171, #4129 ) ;
#5308 = ORIENTED_EDGE ( 'NONE', *, *, #7091, .T. ) ;
#5309 = CARTESIAN_POINT ( 'NONE',  ( -3.952762853094045514, 6.457750997099130252, 5.432878492312100072 ) ) ;
#5310 = CARTESIAN_POINT ( 'NONE',  ( 4.001925068377739869, 6.250000000000079936, 5.573699898803360142 ) ) ;
#5311 = ORIENTED_EDGE ( 'NONE', *, *, #6720, .T. ) ;
#5312 = CARTESIAN_POINT ( 'NONE',  ( 3.952762705856756931, 6.457752998363945451, 5.432877601087723107 ) ) ;
#5313 = DIRECTION ( 'NONE',  ( -0.9622281902964742173, 0.0000000000000000000, 0.2722442098535290400 ) ) ;
#5314 = SURFACE_STYLE_USAGE ( .BOTH. , #9336 ) ;
#5315 = EDGE_CURVE ( 'NONE', #9807, #4366, #2890, .T. ) ;
#5316 = FACE_OUTER_BOUND ( 'NONE', #3269, .T. ) ;
#5317 = EDGE_LOOP ( 'NONE', ( #9230, #8964, #8522, #3599 ) ) ;
#5318 = DIRECTION ( 'NONE',  ( 0.0000000000000000000, 1.000000000000000000, 0.0000000000000000000 ) ) ;
#5319 = VERTEX_POINT ( 'NONE', #2113 ) ;
#5320 = MECHANICAL_DESIGN_GEOMETRIC_PRESENTATION_REPRESENTATION (  '', ( #7977 ), #2015 ) ;
#5321 = CARTESIAN_POINT ( 'NONE',  ( 8.977386614090290706, 6.143310324244612097, 5.618805837179489338 ) ) ;
#5322 = LINE ( 'NONE', #10055, #10109 ) ;
#5323 = DIRECTION ( 'NONE',  ( 0.0000000000000000000, 0.0000000000000000000, -1.000000000000000000 ) ) ;
#5324 = ORIENTED_EDGE ( 'NONE', *, *, #1244, .T. ) ;
#5325 = DIRECTION ( 'NONE',  ( 0.9284766908852600809, 0.3713906763541020561, -4.784109839334421468E-16 ) ) ;
#5326 = DIRECTION ( 'NONE',  ( 0.0000000000000000000, 0.0000000000000000000, 1.000000000000000000 ) ) ;
#5327 = DIRECTION ( 'NONE',  ( 0.0000000000000000000, 0.0000000000000000000, -1.000000000000000000 ) ) ;
#5328 = EDGE_CURVE ( 'NONE', #2571, #2556, #6180, .T. ) ;
#5329 = APPLICATION_CONTEXT ( 'automotive_design' ) ;
#5330 = DIRECTION ( 'NONE',  ( 0.0000000000000000000, -1.000000000000000000, 0.0000000000000000000 ) ) ;
#5331 = UNCERTAINTY_MEASURE_WITH_UNIT (LENGTH_MEASURE( 1.000000000000000082E-05 ), #8398, 'distance_accuracy_value', 'NONE');
#5332 = FACE_OUTER_BOUND ( 'NONE', #6826, .T. ) ;
#5333 = PRESENTATION_STYLE_ASSIGNMENT (( #9913 ) ) ;
#5334 = ORIENTED_EDGE ( 'NONE', *, *, #8898, .T. ) ;
#5335 = CARTESIAN_POINT ( 'NONE',  ( -2.500000000000000000, 4.250000000000009770, 9.314249409997589879 ) ) ;
#5336 = CARTESIAN_POINT ( 'NONE',  ( 5.992424242424229774, 10.85606060606060019, 7.142424242424230130 ) ) ;
#5337 = EDGE_LOOP ( 'NONE', ( #3589, #9754, #9245, #8932 ) ) ;
#5338 = ADVANCED_FACE ( 'NONE', ( #632 ), #3548, .F. ) ;
#5339 =( GEOMETRIC_REPRESENTATION_CONTEXT ( 3 ) GLOBAL_UNCERTAINTY_ASSIGNED_CONTEXT ( ( #589 ) ) GLOBAL_UNIT_ASSIGNED_CONTEXT ( ( #7669, #6368, #4078 ) ) REPRESENTATION_CONTEXT ( 'NONE', 'WORKASPACE' ) );
#5340 = UNCERTAINTY_MEASURE_WITH_UNIT (LENGTH_MEASURE( 1.000000000000000082E-05 ), #4611, 'distance_accuracy_value', 'NONE');
#5341 = FACE_OUTER_BOUND ( 'NONE', #5568, .T. ) ;
#5342 =( LENGTH_UNIT ( ) NAMED_UNIT ( * ) SI_UNIT ( .MILLI., .METRE. ) );
#5343 = VECTOR ( 'NONE', #5583, 1000.000000000000000 ) ;
#5344 = UNCERTAINTY_MEASURE_WITH_UNIT (LENGTH_MEASURE( 1.000000000000000082E-05 ), #1363, 'distance_accuracy_value', 'NONE');
#5345 = CARTESIAN_POINT ( 'NONE',  ( 1.075900883378423156, 6.560463200155847829, 5.313097438219579693 ) ) ;
#5346 = CARTESIAN_POINT ( 'NONE',  ( 1.075900883378422712, 6.782835288287570208, 5.313097438219570812 ) ) ;
#5347 = ORIENTED_EDGE ( 'NONE', *, *, #8101, .F. ) ;
#5348 = CARTESIAN_POINT ( 'NONE',  ( 9.550000000000000711, 6.250000000000031086, 5.700000000000000178 ) ) ;
#5349 = ORIENTED_EDGE ( 'NONE', *, *, #2786, .T. ) ;
#5350 = AXIS2_PLACEMENT_3D ( 'NONE', #999, #5710, #7258 ) ;
#5351 = VERTEX_POINT ( 'NONE', #4008 ) ;
#5352 = CARTESIAN_POINT ( 'NONE',  ( 2.500000000000000000, 5.950000000000040146, 2.750000000000000000 ) ) ;
#5353 = EDGE_CURVE ( 'NONE', #1240, #2012, #6209, .T. ) ;
#5354 = ADVANCED_FACE ( 'NONE', ( #3852 ), #5582, .F. ) ;
#5355 = CARTESIAN_POINT ( 'NONE',  ( 2.500000000000000000, 5.850000000000009415, 8.099999999999999645 ) ) ;
#5356 = VERTEX_POINT ( 'NONE', #9442 ) ;
#5357 = VECTOR ( 'NONE', #3435, 1000.000000000000000 ) ;
#5358 = AXIS2_PLACEMENT_3D ( 'NONE', #729, #7032, #2946 ) ;
#5359 = FILL_AREA_STYLE ('',( #9379 ) ) ;
#5360 = CARTESIAN_POINT ( 'NONE',  ( 0.9655523953999035625, 3.850000000000007638, 9.413837825582261232 ) ) ;
#5361 = EDGE_LOOP ( 'NONE', ( #6880, #1843 ) ) ;
#5362 = CARTESIAN_POINT ( 'NONE',  ( -4.074407072548750008, 4.650000000000010125, 9.158054070483659714 ) ) ;
#5363 = CARTESIAN_POINT ( 'NONE',  ( -3.908230602241417717, 6.595770259307299099, 5.257011279829173489 ) ) ;
#5364 = CARTESIAN_POINT ( 'NONE',  ( 2.500000000000000000, 4.250000000000009770, 8.100000000000010303 ) ) ;
#5365 = CARTESIAN_POINT ( 'NONE',  ( 9.750000000000000000, 7.750000000000000000, 0.4500000000000020095 ) ) ;
#5366 = CARTESIAN_POINT ( 'NONE',  ( 6.005392207408168481, 6.250000000000030198, 5.499015461808848038 ) ) ;
#5367 =( GEOMETRIC_REPRESENTATION_CONTEXT ( 3 ) GLOBAL_UNCERTAINTY_ASSIGNED_CONTEXT ( ( #10017 ) ) GLOBAL_UNIT_ASSIGNED_CONTEXT ( ( #5636, #4702, #7086 ) ) REPRESENTATION_CONTEXT ( 'NONE', 'WORKASPACE' ) );
#5368 = PLANE ( 'NONE',  #3001 ) ;
#5369 = ORIENTED_EDGE ( 'NONE', *, *, #7280, .T. ) ;
#5370 =( BOUNDED_CURVE ( )  B_SPLINE_CURVE ( 3, ( #5962, #5180, #8362, #7569 ),
 .UNSPECIFIED., .F., .T. ) 
 B_SPLINE_CURVE_WITH_KNOTS ( ( 4, 4 ),
 ( 2.977423445241600852, 3.130753691978162223 ),
 .UNSPECIFIED. ) 
 CURVE ( )  GEOMETRIC_REPRESENTATION_ITEM ( )  RATIONAL_B_SPLINE_CURVE ( ( 1.000000000000000000, 0.9980417790286001400, 0.9980417790286001400, 1.000000000000000000 ) ) 
 REPRESENTATION_ITEM ( '' )  );
#5371 = CARTESIAN_POINT ( 'NONE',  ( 1.449999999999999956, 6.370920840910899940, 3.569044486294639995 ) ) ;
#5372 = DIRECTION ( 'NONE',  ( 0.0000000000000000000, 1.000000000000000000, 0.0000000000000000000 ) ) ;
#5373 = MECHANICAL_DESIGN_GEOMETRIC_PRESENTATION_REPRESENTATION (  '', ( #8382 ), #4539 ) ;
#5374 = CARTESIAN_POINT ( 'NONE',  ( -1.022613385909710182, 6.143310324244612097, 5.618805837179500884 ) ) ;
#5375 = EDGE_CURVE ( 'NONE', #5219, #7937, #4291, .T. ) ;
#5376 = VERTEX_POINT ( 'NONE', #9393 ) ;
#5377 = DIRECTION ( 'NONE',  ( 0.0000000000000000000, 0.0000000000000000000, 1.000000000000000000 ) ) ;
#5378 = DIRECTION ( 'NONE',  ( 1.000000000000000000, 2.232180943352509796E-16, 0.0000000000000000000 ) ) ;
#5379 = STYLED_ITEM ( 'NONE', ( #2987 ), #68 ) ;
#5380 = FILL_AREA_STYLE ('',( #4545 ) ) ;
#5381 =( GEOMETRIC_REPRESENTATION_CONTEXT ( 3 ) GLOBAL_UNCERTAINTY_ASSIGNED_CONTEXT ( ( #9901 ) ) GLOBAL_UNIT_ASSIGNED_CONTEXT ( ( #3992, #106, #7957 ) ) REPRESENTATION_CONTEXT ( 'NONE', 'WORKASPACE' ) );
#5382 = DIRECTION ( 'NONE',  ( 1.000000000000000000, 0.0000000000000000000, 0.0000000000000000000 ) ) ;
#5383 = FACE_OUTER_BOUND ( 'NONE', #5854, .T. ) ;
#5384 = SURFACE_SIDE_STYLE ('',( #2328 ) ) ;
#5385 = ADVANCED_FACE ( 'NONE', ( #7180 ), #824, .T. ) ;
#5386 = ORIENTED_EDGE ( 'NONE', *, *, #1, .T. ) ;
#5387 = CARTESIAN_POINT ( 'NONE',  ( -1.447367575152528341, 6.900324961960824233, 4.000174299198468120 ) ) ;
#5388 = CARTESIAN_POINT ( 'NONE',  ( 2.500000000000000000, 4.250000000000031086, -4.349999999999999645 ) ) ;
#5389 = AXIS2_PLACEMENT_3D ( 'NONE', #6545, #9623, #1774 ) ;
#5390 = EDGE_LOOP ( 'NONE', ( #9447, #3121 ) ) ;
#5391 = VECTOR ( 'NONE', #2729, 1000.000000000000000 ) ;
#5392 = DIRECTION ( 'NONE',  ( 0.0000000000000000000, -1.000000000000000000, 0.0000000000000000000 ) ) ;
#5393 = DIRECTION ( 'NONE',  ( 0.0000000000000000000, 0.0000000000000000000, 1.000000000000000000 ) ) ;
#5394 = CARTESIAN_POINT ( 'NONE',  ( 0.4500000000000000666, 6.250000000000031086, 5.700000000000000178 ) ) ;
#5395 = CARTESIAN_POINT ( 'NONE',  ( 8.550000000000000711, -1.462314593354880232, 3.990870176997169949 ) ) ;
#5396 = CARTESIAN_POINT ( 'NONE',  ( 5.450000000000000178, 2.200000000000000178, 0.6500000000000040190 ) ) ;
#5397 = DIRECTION ( 'NONE',  ( 0.0000000000000000000, -1.000000000000000000, 0.0000000000000000000 ) ) ;
#5398 =( GEOMETRIC_REPRESENTATION_CONTEXT ( 3 ) GLOBAL_UNCERTAINTY_ASSIGNED_CONTEXT ( ( #484 ) ) GLOBAL_UNIT_ASSIGNED_CONTEXT ( ( #5298, #1409, #9973 ) ) REPRESENTATION_CONTEXT ( 'NONE', 'WORKASPACE' ) );
#5399 = EDGE_CURVE ( 'NONE', #9918, #751, #873, .T. ) ;
#5400 = EDGE_LOOP ( 'NONE', ( #7918, #5225, #8272, #7324, #5147, #5347, #1778 ) ) ;
#5401 = CARTESIAN_POINT ( 'NONE',  ( 10.00000000000000000, 7.750000000000000000, 6.500000000000000888 ) ) ;
#5402 = ORIENTED_EDGE ( 'NONE', *, *, #5541, .T. ) ;
#5403 = ORIENTED_EDGE ( 'NONE', *, *, #5553, .F. ) ;
#5404 = DIRECTION ( 'NONE',  ( 0.0000000000000000000, -3.675221047034999628E-15, 1.000000000000000000 ) ) ;
#5405 = CARTESIAN_POINT ( 'NONE',  ( 6.999999999999999112, 4.250000000000031086, 0.7499999999999960032 ) ) ;
#5406 = ADVANCED_BREP_SHAPE_REPRESENTATION ( '', ( #2119, #619 ), #6228 ) ;
#5407 = AXIS2_PLACEMENT_3D ( 'NONE', #448, #1969, #2902 ) ;
#5408 = PRESENTATION_STYLE_ASSIGNMENT (( #2242 ) ) ;
#5409 = PLANE ( 'NONE',  #5886 ) ;
#5410 = VERTEX_POINT ( 'NONE', #8663 ) ;
#5411 = PRESENTATION_STYLE_ASSIGNMENT (( #4431 ) ) ;
#5412 = LINE ( 'NONE', #4631, #5638 ) ;
#5413 = ADVANCED_FACE ( 'NONE', ( #6314 ), #1528, .T. ) ;
#5414 = ORIENTED_EDGE ( 'NONE', *, *, #4515, .F. ) ;
#5415 = CARTESIAN_POINT ( 'NONE',  ( 7.500000000000000000, 4.250000000000009770, 9.500000000000000000 ) ) ;
#5416 = CARTESIAN_POINT ( 'NONE',  ( 4.068650814757519996, 3.850000000000010303, 9.236151811976069936 ) ) ;
#5417 = CARTESIAN_POINT ( 'NONE',  ( 6.023037437513499626, 6.379043465882250352, 5.701156363462390075 ) ) ;
#5418 = DIRECTION ( 'NONE',  ( 1.000000000000000000, 0.0000000000000000000, 0.0000000000000000000 ) ) ;
#5419 = FILL_AREA_STYLE_COLOUR ( '', #2568 ) ;
#5420 = FILL_AREA_STYLE_COLOUR ( '', #5811 ) ;
#5421 = ORIENTED_EDGE ( 'NONE', *, *, #6527, .F. ) ;
#5422 = VECTOR ( 'NONE', #2666, 1000.000000000000000 ) ;
#5423 = ORIENTED_EDGE ( 'NONE', *, *, #537, .T. ) ;
#5424 =( NAMED_UNIT ( * ) SI_UNIT ( $, .STERADIAN. ) SOLID_ANGLE_UNIT ( ) );
#5425 = EDGE_CURVE ( 'NONE', #7444, #6504, #5481, .T. ) ;
#5426 = ADVANCED_FACE ( 'NONE', ( #7813 ), #3136, .T. ) ;
#5427 = DIRECTION ( 'NONE',  ( 0.0000000000000000000, 0.0000000000000000000, 1.000000000000000000 ) ) ;
#5428 = ORIENTED_EDGE ( 'NONE', *, *, #7301, .F. ) ;
#5429 = FACE_OUTER_BOUND ( 'NONE', #8110, .T. ) ;
#5430 = CARTESIAN_POINT ( 'NONE',  ( 10.00000000000000000, 7.750000000000000000, 6.500000000000000888 ) ) ;
#5431 = CARTESIAN_POINT ( 'NONE',  ( 9.074407072548739350, 4.650000000000010125, 9.158054070483670372 ) ) ;
#5432 =( BOUNDED_CURVE ( )  B_SPLINE_CURVE ( 3, ( #3711, #1257, #8513, #5234 ),
 .UNSPECIFIED., .F., .T. ) 
 B_SPLINE_CURVE_WITH_KNOTS ( ( 4, 4 ),
 ( 1.617317421061990945, 1.640609496874676276 ),
 .UNSPECIFIED. ) 
 CURVE ( )  GEOMETRIC_REPRESENTATION_ITEM ( )  RATIONAL_B_SPLINE_CURVE ( ( 1.000000000000000000, 0.9999547904446798308, 0.9999547904446798308, 1.000000000000000000 ) ) 
 REPRESENTATION_ITEM ( '' )  );
#5433 = B_SPLINE_CURVE_WITH_KNOTS ( 'NONE', 3,
 ( #6481, #8878, #7143, #9653 ),
 .UNSPECIFIED., .F., .F.,
 ( 4, 4 ),
 ( 8.469785172630072355E-14, 0.0002372982933281810708 ),
 .UNSPECIFIED. ) ;
#5434 = AXIS2_PLACEMENT_3D ( 'NONE', #7009, #7746, #3683 ) ;
#5435 =( LENGTH_UNIT ( ) NAMED_UNIT ( * ) SI_UNIT ( .MILLI., .METRE. ) );
#5436 = DIRECTION ( 'NONE',  ( 0.0000000000000000000, 0.0000000000000000000, -1.000000000000000000 ) ) ;
#5437 = DIRECTION ( 'NONE',  ( 0.0000000000000000000, 1.000000000000000000, 0.0000000000000000000 ) ) ;
#5438 = CYLINDRICAL_SURFACE ( 'NONE', #3245, 0.2999999999999999334 ) ;
#5439 = ORIENTED_EDGE ( 'NONE', *, *, #4639, .F. ) ;
#5440 = CARTESIAN_POINT ( 'NONE',  ( 9.205878195200131842, 6.087585864700089999, 5.702659885757020319 ) ) ;
#5441 = CARTESIAN_POINT ( 'NONE',  ( -1.143990033716241639, 3.850000000000010303, 9.500000000000010658 ) ) ;
#5442 = EDGE_LOOP ( 'NONE', ( #1723, #954 ) ) ;
#5443 = AXIS2_PLACEMENT_3D ( 'NONE', #5873, #255, #9868 ) ;
#5444 = UNCERTAINTY_MEASURE_WITH_UNIT (LENGTH_MEASURE( 1.000000000000000082E-05 ), #7956, 'distance_accuracy_value', 'NONE');
#5445 = EDGE_CURVE ( 'NONE', #5279, #3926, #5137, .T. ) ;
#5446 = DIRECTION ( 'NONE',  ( 0.9284766908852588596, 0.3713906763541049982, -4.784109839334419496E-16 ) ) ;
#5447 = SURFACE_STYLE_FILL_AREA ( #5293 ) ;
#5448 = CARTESIAN_POINT ( 'NONE',  ( 8.976897247608212282, 6.379062758812451328, 5.679065084668919461 ) ) ;
#5449 = LINE ( 'NONE', #5395, #9401 ) ;
#5450 =( GEOMETRIC_REPRESENTATION_CONTEXT ( 3 ) GLOBAL_UNCERTAINTY_ASSIGNED_CONTEXT ( ( #4500 ) ) GLOBAL_UNIT_ASSIGNED_CONTEXT ( ( #5435, #32, #3145 ) ) REPRESENTATION_CONTEXT ( 'NONE', 'WORKASPACE' ) );
#5451 = CARTESIAN_POINT ( 'NONE',  ( 5.799999999999999822, 4.650000000000010125, 9.500000000000000000 ) ) ;
#5452 =( NAMED_UNIT ( * ) SI_UNIT ( $, .STERADIAN. ) SOLID_ANGLE_UNIT ( ) );
#5453 =( BOUNDED_SURFACE ( )  B_SPLINE_SURFACE ( 3, 2, ( 
 ( #5417, #4107, #3476 ),
 ( #8123, #1018, #7273 ),
 ( #9014, #4901, #8232 ),
 ( #4160, #8175, #7326 ) ),
 .UNSPECIFIED., .F., .F., .F. ) 
 B_SPLINE_SURFACE_WITH_KNOTS ( ( 4, 4 ),
 ( 3, 3 ),
 ( 0.0000000000000000000, 1.000000000000000000 ),
 ( 0.0000000000000000000, 1.000000000000000000 ),
 .UNSPECIFIED. ) 
 GEOMETRIC_REPRESENTATION_ITEM ( )  RATIONAL_B_SPLINE_SURFACE ( (
 ( 1.000000000000000000, 0.7864262337499590139, 1.000000000000000000),
 ( 1.000000000000000000, 0.7864474701795289846, 1.000000000000000000),
 ( 1.000000000000000000, 0.7861046529251329851, 1.000000000000000000),
 ( 1.000000000000000000, 0.7854013110680500009, 1.000000000000000000) ) ) 
 REPRESENTATION_ITEM ( '' )  SURFACE ( )  );
#5454 = VERTEX_POINT ( 'NONE', #4807 ) ;
#5455 =( NAMED_UNIT ( * ) PLANE_ANGLE_UNIT ( ) SI_UNIT ( $, .RADIAN. ) );
#5456 = ORIENTED_EDGE ( 'NONE', *, *, #10120, .F. ) ;
#5457 = ORIENTED_EDGE ( 'NONE', *, *, #1471, .F. ) ;
#5458 = DIRECTION ( 'NONE',  ( -1.000000000000000000, 0.0000000000000000000, 0.0000000000000000000 ) ) ;
#5459 = ORIENTED_EDGE ( 'NONE', *, *, #955, .T. ) ;
#5460 = EDGE_CURVE ( 'NONE', #6288, #935, #7973, .T. ) ;
#5461 = DIRECTION ( 'NONE',  ( 0.0000000000000000000, -1.000000000000000000, 0.0000000000000000000 ) ) ;
#5462 = ORIENTED_EDGE ( 'NONE', *, *, #5660, .T. ) ;
#5463 = DIRECTION ( 'NONE',  ( -0.8660254037844391517, -0.4999999999999990563, 0.0000000000000000000 ) ) ;
#5464 = DIRECTION ( 'NONE',  ( -1.000000000000000000, 0.0000000000000000000, 0.0000000000000000000 ) ) ;
#5465 = ORIENTED_EDGE ( 'NONE', *, *, #6434, .F. ) ;
#5466 = CARTESIAN_POINT ( 'NONE',  ( 9.059110900119890175, 3.850000000000010303, 9.365540160509151946 ) ) ;
#5467 = CIRCLE ( 'NONE', #1005, 1.400000000000000133 ) ;
#5468 = CARTESIAN_POINT ( 'NONE',  ( 10.50000000000000000, 0.8864914703891380032, 0.0000000000000000000 ) ) ;
#5469 =( GEOMETRIC_REPRESENTATION_CONTEXT ( 3 ) GLOBAL_UNCERTAINTY_ASSIGNED_CONTEXT ( ( #1209 ) ) GLOBAL_UNIT_ASSIGNED_CONTEXT ( ( #1635, #69, #7917 ) ) REPRESENTATION_CONTEXT ( 'NONE', 'WORKASPACE' ) );
#5470 = ORIENTED_EDGE ( 'NONE', *, *, #8365, .F. ) ;
#5471 = CARTESIAN_POINT ( 'NONE',  ( 5.899218940641789644, 3.850000000000010303, 8.800000000000000711 ) ) ;
#5472 = AXIS2_PLACEMENT_3D ( 'NONE', #3817, #7673, #6119 ) ;
#5473 = EDGE_CURVE ( 'NONE', #1164, #2032, #4591, .T. ) ;
#5474 = FILL_AREA_STYLE ('',( #5420 ) ) ;
#5475 = VECTOR ( 'NONE', #6246, 1000.000000000000000 ) ;
#5476 = VERTEX_POINT ( 'NONE', #6668 ) ;
#5477 = AXIS2_PLACEMENT_3D ( 'NONE', #3812, #6987, #10158 ) ;
#5478 = CARTESIAN_POINT ( 'NONE',  ( 4.500000000000000888, 6.301461569844129862, 3.962967587499520050 ) ) ;
#5479 = VERTEX_POINT ( 'NONE', #4955 ) ;
#5480 = CARTESIAN_POINT ( 'NONE',  ( 8.970471856080228790, 6.144996693392779541, 5.536046900691029116 ) ) ;
#5481 = LINE ( 'NONE', #3907, #3622 ) ;
#5482 = DIRECTION ( 'NONE',  ( 1.000000000000000000, 0.0000000000000000000, -5.152643988049929844E-16 ) ) ;
#5483 = ORIENTED_EDGE ( 'NONE', *, *, #4915, .F. ) ;
#5484 = DIRECTION ( 'NONE',  ( 0.0000000000000000000, 0.0000000000000000000, 1.000000000000000000 ) ) ;
#5485 = DIRECTION ( 'NONE',  ( 0.0000000000000000000, 0.0000000000000000000, 1.000000000000000000 ) ) ;
#5486 = PLANE ( 'NONE',  #6690 ) ;
#5487 = EDGE_CURVE ( 'NONE', #1467, #3176, #2624, .T. ) ;
#5488 = ADVANCED_FACE ( 'NONE', ( #5059 ), #926, .T. ) ;
#5489 =( LENGTH_UNIT ( ) NAMED_UNIT ( * ) SI_UNIT ( .MILLI., .METRE. ) );
#5490 = CARTESIAN_POINT ( 'NONE',  ( 7.500000000000000000, 4.250000000000031086, -3.850000000000000089 ) ) ;
#5491 = LINE ( 'NONE', #5645, #3309 ) ;
#5492 = FILL_AREA_STYLE_COLOUR ( '', #8415 ) ;
#5493 = ORIENTED_EDGE ( 'NONE', *, *, #9278, .T. ) ;
#5494 = CARTESIAN_POINT ( 'NONE',  ( 2.500000000000000000, 6.250000000000031086, 2.750000000000000000 ) ) ;
#5495 = CARTESIAN_POINT ( 'NONE',  ( 0.9371073885686268534, 3.850000000000009415, 9.314249409997653828 ) ) ;
#5496 = LINE ( 'NONE', #8678, #3197 ) ;
#5497 = DIRECTION ( 'NONE',  ( 1.000000000000000000, 0.0000000000000000000, 0.0000000000000000000 ) ) ;
#5498 = LINE ( 'NONE', #8683, #5303 ) ;
#5499 = DIRECTION ( 'NONE',  ( 0.0000000000000000000, -0.9975640502598243087, -0.06975647374412512203 ) ) ;
#5500 = ORIENTED_EDGE ( 'NONE', *, *, #5576, .F. ) ;
#5501 = ORIENTED_EDGE ( 'NONE', *, *, #3859, .T. ) ;
#5502 = EDGE_CURVE ( 'NONE', #3019, #5119, #1655, .T. ) ;
#5503 = ORIENTED_EDGE ( 'NONE', *, *, #967, .F. ) ;
#5504 = CARTESIAN_POINT ( 'NONE',  ( -2.500000000000000000, 5.850000000000009415, 9.500000000000010658 ) ) ;
#5505 = AXIS2_PLACEMENT_3D ( 'NONE', #5016, #5752, #4333 ) ;
#5506 = ORIENTED_EDGE ( 'NONE', *, *, #4287, .F. ) ;
#5507 = CARTESIAN_POINT ( 'NONE',  ( 6.450000000000000178, -1.462314593354880232, 2.800000000000010036 ) ) ;
#5508 = FACE_OUTER_BOUND ( 'NONE', #701, .T. ) ;
#5509 = EDGE_LOOP ( 'NONE', ( #4487, #8495, #6026, #8716 ) ) ;
#5510 = DIRECTION ( 'NONE',  ( 0.0000000000000000000, 1.000000000000000000, 0.0000000000000000000 ) ) ;
#5511 = DIRECTION ( 'NONE',  ( -1.000000000000000000, 0.0000000000000000000, 0.0000000000000000000 ) ) ;
#5512 = EDGE_LOOP ( 'NONE', ( #7278, #2943, #2567, #4228, #6109, #5725 ) ) ;
#5513 = LINE ( 'NONE', #7225, #7400 ) ;
#5514 = CIRCLE ( 'NONE', #9186, 0.5000000000000004441 ) ;
#5515 = ADVANCED_FACE ( 'NONE', ( #7285 ), #8132, .T. ) ;
#5516 = EDGE_LOOP ( 'NONE', ( #8228, #3081, #3341, #5166 ) ) ;
#5517 = DIRECTION ( 'NONE',  ( 0.0000000000000000000, -3.675221047034999628E-15, 1.000000000000000000 ) ) ;
#5518 = CARTESIAN_POINT ( 'NONE',  ( -3.924099116621579952, -1.462314593354880232, 5.313097438219579693 ) ) ;
#5519 = CARTESIAN_POINT ( 'NONE',  ( -0.9937542074888159327, 6.250000000000031086, 5.665502260967819836 ) ) ;
#5520 =( GEOMETRIC_REPRESENTATION_CONTEXT ( 3 ) GLOBAL_UNCERTAINTY_ASSIGNED_CONTEXT ( ( #2020 ) ) GLOBAL_UNIT_ASSIGNED_CONTEXT ( ( #7181, #3229, #2364 ) ) REPRESENTATION_CONTEXT ( 'NONE', 'WORKASPACE' ) );
#5521 = CARTESIAN_POINT ( 'NONE',  ( 4.206355740440960389, 6.087469401107320266, 5.606250910350270011 ) ) ;
#5522 = VECTOR ( 'NONE', #2985, 1000.000000000000000 ) ;
#5523 = VERTEX_POINT ( 'NONE', #7334 ) ;
#5524 = ORIENTED_EDGE ( 'NONE', *, *, #6637, .T. ) ;
#5525 = CARTESIAN_POINT ( 'NONE',  ( -1.075900883378423156, 6.560463200155847829, 5.313097438219579693 ) ) ;
#5526 = DIRECTION ( 'NONE',  ( 6.323770134184271214E-17, -0.9848077530122081313, -0.1736481776669300259 ) ) ;
#5527 = EDGE_CURVE ( 'NONE', #9841, #3543, #9025, .T. ) ;
#5528 = VERTEX_POINT ( 'NONE', #5894 ) ;
#5529 = CARTESIAN_POINT ( 'NONE',  ( -1.091470100434433377, 6.803742317568937992, 5.258069125366942487 ) ) ;
#5530 = DIRECTION ( 'NONE',  ( 0.0000000000000000000, -1.000000000000000000, 0.0000000000000000000 ) ) ;
#5531 = PRESENTATION_LAYER_ASSIGNMENT (  '', '', ( #7677 ) ) ;
#5532 = CARTESIAN_POINT ( 'NONE',  ( -2.500000000000000000, 4.250000000000000000, 9.999999999999989342 ) ) ;
#5533 = AXIS2_PLACEMENT_3D ( 'NONE', #931, #4073, #4861 ) ;
#5534 = SURFACE_SIDE_STYLE ('',( #4867 ) ) ;
#5535 = PRESENTATION_STYLE_ASSIGNMENT (( #1651 ) ) ;
#5536 = EDGE_CURVE ( 'NONE', #3983, #8500, #4114, .T. ) ;
#5537 = ORIENTED_EDGE ( 'NONE', *, *, #1712, .T. ) ;
#5538 = AXIS2_PLACEMENT_3D ( 'NONE', #8125, #4161, #2674 ) ;
#5539 = PLANE ( 'NONE',  #6475 ) ;
#5541 = EDGE_CURVE ( 'NONE', #9421, #1260, #176, .T. ) ;
#5540 = CARTESIAN_POINT ( 'NONE',  ( 1.042213446764645779, 3.850000000000008971, 9.481490714224472427 ) ) ;
#5542 = ORIENTED_EDGE ( 'NONE', *, *, #3112, .T. ) ;
#5543 = CIRCLE ( 'NONE', #6877, 1.649999999999999467 ) ;
#5544 = AXIS2_PLACEMENT_3D ( 'NONE', #6784, #2844, #5799 ) ;
#5545 = CIRCLE ( 'NONE', #458, 1.413776159319739989 ) ;
#5546 = CARTESIAN_POINT ( 'NONE',  ( 0.8172394239610690780, 6.093223782856449944, 5.414712191412349718 ) ) ;
#5547 = PRODUCT_CONTEXT ( 'NONE', #584, 'mechanical' ) ;
#5548 = FACE_OUTER_BOUND ( 'NONE', #1780, .T. ) ;
#5549 = CARTESIAN_POINT ( 'NONE',  ( 3.000000000000000000, 4.250000000000031086, -7.780492421955380190E-15 ) ) ;
#5550 = EDGE_CURVE ( 'NONE', #10163, #7306, #9619, .T. ) ;
#5551 = VERTEX_POINT ( 'NONE', #4910 ) ;
#5553 = EDGE_CURVE ( 'NONE', #2530, #6296, #6126, .T. ) ;
#5552 = CARTESIAN_POINT ( 'NONE',  ( -3.976897247869476626, 6.379062758813164535, 5.679065084668725838 ) ) ;
#5554 = ORIENTED_EDGE ( 'NONE', *, *, #3757, .F. ) ;
#5555 = MECHANICAL_DESIGN_GEOMETRIC_PRESENTATION_REPRESENTATION (  '', ( #1577 ), #297 ) ;
#5556 = VECTOR ( 'NONE', #6672, 1000.000000000000000 ) ;
#5557 = EDGE_LOOP ( 'NONE', ( #5674, #6440 ) ) ;
#5558 = FILL_AREA_STYLE ('',( #9515 ) ) ;
#5559 = EDGE_LOOP ( 'NONE', ( #3879, #3210, #5933, #14 ) ) ;
#5560 = VECTOR ( 'NONE', #7954, 1000.000000000000000 ) ;
#5561 = CARTESIAN_POINT ( 'NONE',  ( 7.500000000000000000, 4.250000000000009770, 8.000000000000000000 ) ) ;
#5562 = DIRECTION ( 'NONE',  ( -1.000000000000000000, 0.0000000000000000000, 0.0000000000000000000 ) ) ;
#5563 = EDGE_LOOP ( 'NONE', ( #9882, #8492, #2039, #7910, #7369, #1227, #3158, #9054, #5822, #6230, #6799, #311, #9106, #9795, #5889 ) ) ;
#5564 = AXIS2_PLACEMENT_3D ( 'NONE', #8431, #4564, #3015 ) ;
#5565 = AXIS2_PLACEMENT_3D ( 'NONE', #7018, #8757, #3032 ) ;
#5566 = FACE_BOUND ( 'NONE', #5980, .T. ) ;
#5567 = ORIENTED_EDGE ( 'NONE', *, *, #8487, .F. ) ;
#5568 = EDGE_LOOP ( 'NONE', ( #7234, #5883, #8122, #6556 ) ) ;
#5569 = CARTESIAN_POINT ( 'NONE',  ( 5.925592927451260650, 3.850000000000010303, 9.158054070483689912 ) ) ;
#5570 = DIRECTION ( 'NONE',  ( 1.000000000000000000, 0.0000000000000000000, 3.641714079092569968E-16 ) ) ;
#5571 = B_SPLINE_CURVE_WITH_KNOTS ( 'NONE', 3,
 ( #2159, #1249, #5276, #4390 ),
 .UNSPECIFIED., .F., .F.,
 ( 4, 4 ),
 ( 2.431333925335526575E-11, 0.0001342749659835598610 ),
 .UNSPECIFIED. ) ;
#5572 =( GEOMETRIC_REPRESENTATION_CONTEXT ( 3 ) GLOBAL_UNCERTAINTY_ASSIGNED_CONTEXT ( ( #7736 ) ) GLOBAL_UNIT_ASSIGNED_CONTEXT ( ( #3111, #2338, #2548 ) ) REPRESENTATION_CONTEXT ( 'NONE', 'WORKASPACE' ) );
#5573 = CARTESIAN_POINT ( 'NONE',  ( -1.003376035341470018, 6.250000000000089706, 5.516661212398780378 ) ) ;
#5574 = CARTESIAN_POINT ( 'NONE',  ( 8.550000000000000711, -1.462314593354880232, 2.800000000000010036 ) ) ;
#5575 = VERTEX_POINT ( 'NONE', #2678 ) ;
#5576 = EDGE_CURVE ( 'NONE', #6425, #37, #3703, .T. ) ;
#5577 = EDGE_CURVE ( 'NONE', #6008, #6850, #8082, .T. ) ;
#5578 = SURFACE_STYLE_USAGE ( .BOTH. , #6981 ) ;
#5579 = ORIENTED_EDGE ( 'NONE', *, *, #4978, .F. ) ;
#5580 = DIRECTION ( 'NONE',  ( 0.0000000000000000000, 0.0000000000000000000, -1.000000000000000000 ) ) ;
#5581 = STYLED_ITEM ( 'NONE', ( #2480 ), #2346 ) ;
#5582 = CYLINDRICAL_SURFACE ( 'NONE', #5630, 1.399999999999999911 ) ;
#5583 = DIRECTION ( 'NONE',  ( 0.0000000000000000000, 1.000000000000000000, 0.0000000000000000000 ) ) ;
#5584 = CARTESIAN_POINT ( 'NONE',  ( 0.0000000000000000000, 7.150000000000000355, 6.500000000000009770 ) ) ;
#5585 =( GEOMETRIC_REPRESENTATION_CONTEXT ( 3 ) GLOBAL_UNCERTAINTY_ASSIGNED_CONTEXT ( ( #3058 ) ) GLOBAL_UNIT_ASSIGNED_CONTEXT ( ( #1518, #7118, #4899 ) ) REPRESENTATION_CONTEXT ( 'NONE', 'WORKASPACE' ) );
#5586 = ORIENTED_EDGE ( 'NONE', *, *, #4933, .F. ) ;
#5587 = EDGE_CURVE ( 'NONE', #1565, #5713, #6513, .T. ) ;
#5588 = CARTESIAN_POINT ( 'NONE',  ( 8.994607792362469212, 6.250000000000363265, 5.499015461809753091 ) ) ;
#5589 = FILL_AREA_STYLE ('',( #8874 ) ) ;
#5590 = PRESENTATION_STYLE_ASSIGNMENT (( #3240 ) ) ;
#5591 = FILL_AREA_STYLE ('',( #3919 ) ) ;
#5592 = AXIS2_PLACEMENT_3D ( 'NONE', #3508, #9862, #5711 ) ;
#5593 = ORIENTED_EDGE ( 'NONE', *, *, #4698, .T. ) ;
#5594 = FACE_OUTER_BOUND ( 'NONE', #3714, .T. ) ;
#5595 = SURFACE_SIDE_STYLE ('',( #9554 ) ) ;
#5596 = ORIENTED_EDGE ( 'NONE', *, *, #1939, .F. ) ;
#5597 = VECTOR ( 'NONE', #8276, 1000.000000000000000 ) ;
#5598 = EDGE_CURVE ( 'NONE', #5242, #490, #9834, .T. ) ;
#5599 = PLANE ( 'NONE',  #25 ) ;
#5600 = CONTEXT_DEPENDENT_SHAPE_REPRESENTATION ( #4998, #5258 ) ;
#5601 = DIRECTION ( 'NONE',  ( 1.000000000000000000, 0.0000000000000000000, 0.0000000000000000000 ) ) ;
#5602 = DIRECTION ( 'NONE',  ( 0.0000000000000000000, -0.06975647374412512203, 0.9975640502598243087 ) ) ;
#5603 = PLANE ( 'NONE',  #6902 ) ;
#5604 = VERTEX_POINT ( 'NONE', #2628 ) ;
#5605 = SURFACE_SIDE_STYLE ('',( #3880 ) ) ;
#5606 =( GEOMETRIC_REPRESENTATION_CONTEXT ( 3 ) GLOBAL_UNCERTAINTY_ASSIGNED_CONTEXT ( ( #6443 ) ) GLOBAL_UNIT_ASSIGNED_CONTEXT ( ( #3107, #8318, #9707 ) ) REPRESENTATION_CONTEXT ( 'NONE', 'WORKASPACE' ) );
#5607 = ORIENTED_EDGE ( 'NONE', *, *, #5614, .F. ) ;
#5608 = ORIENTED_EDGE ( 'NONE', *, *, #1925, .T. ) ;
#5609 = B_SPLINE_CURVE_WITH_KNOTS ( 'NONE', 3,
 ( #6116, #8517, #9105, #1352, #5969, #6071 ),
 .UNSPECIFIED., .F., .F.,
 ( 4, 2, 4 ),
 ( 5.339076512604073141E-18, 0.0001520665957081947044, 0.0003041331914163840420 ),
 .UNSPECIFIED. ) ;
#5610 = ORIENTED_EDGE ( 'NONE', *, *, #2786, .F. ) ;
#5611 = UNCERTAINTY_MEASURE_WITH_UNIT (LENGTH_MEASURE( 1.000000000000000082E-05 ), #8113, 'distance_accuracy_value', 'NONE');
#5612 = EDGE_CURVE ( 'NONE', #6008, #1445, #8627, .T. ) ;
#5613 = CARTESIAN_POINT ( 'NONE',  ( 4.005306635626549649, 6.250000000000079936, 5.631641418841220492 ) ) ;
#5614 = EDGE_CURVE ( 'NONE', #119, #3533, #2730, .T. ) ;
#5615 = CARTESIAN_POINT ( 'NONE',  ( 1.023102752130522486, 6.379062758813164535, 5.679065084668725838 ) ) ;
#5616 = ORIENTED_EDGE ( 'NONE', *, *, #1986, .F. ) ;
#5617 = MECHANICAL_DESIGN_GEOMETRIC_PRESENTATION_REPRESENTATION (  '', ( #3774 ), #3618 ) ;
#5618 = FILL_AREA_STYLE_COLOUR ( '', #1725 ) ;
#5619 = CARTESIAN_POINT ( 'NONE',  ( 2.500000000000000000, 4.250000000000009770, 9.500000000000000000 ) ) ;
#5620 = FACE_OUTER_BOUND ( 'NONE', #8179, .T. ) ;
#5621 = VERTEX_POINT ( 'NONE', #1890 ) ;
#5622 = DIRECTION ( 'NONE',  ( 0.8660254037844391517, 0.4999999999999990563, 0.0000000000000000000 ) ) ;
#5623 = ORIENTED_EDGE ( 'NONE', *, *, #3046, .T. ) ;
#5624 = DIRECTION ( 'NONE',  ( 0.5000000000000009992, 0.8660254037844380415, 0.0000000000000000000 ) ) ;
#5625 = CARTESIAN_POINT ( 'NONE',  ( 1.027326048814293902, 6.293418682409068765, 5.495963488081318182 ) ) ;
#5626 = DIRECTION ( 'NONE',  ( -0.3713906763541049427, 0.9284766908852587486, 5.238529448733279331E-32 ) ) ;
#5627 = CARTESIAN_POINT ( 'NONE',  ( 3.970979442870279819, 6.380815304788059805, 5.542356440406270401 ) ) ;
#5628 = ORIENTED_EDGE ( 'NONE', *, *, #4873, .F. ) ;
#5629 = ORIENTED_EDGE ( 'NONE', *, *, #5839, .F. ) ;
#5630 = AXIS2_PLACEMENT_3D ( 'NONE', #10152, #10200, #3089 ) ;
#5631 = CARTESIAN_POINT ( 'NONE',  ( 7.500000000000000000, 4.250000000000000000, 10.00000000000000000 ) ) ;
#5632 = AXIS2_PLACEMENT_3D ( 'NONE', #7370, #365, #3364 ) ;
#5633 = DIRECTION ( 'NONE',  ( -1.000000000000000000, -5.580452358381269806E-16, 0.0000000000000000000 ) ) ;
#5634 = DIRECTION ( 'NONE',  ( 1.000000000000000000, 0.0000000000000000000, 0.0000000000000000000 ) ) ;
#5635 = CARTESIAN_POINT ( 'NONE',  ( 2.500000000000000000, 4.250000000000009770, 9.500000000000010658 ) ) ;
#5636 =( LENGTH_UNIT ( ) NAMED_UNIT ( * ) SI_UNIT ( .MILLI., .METRE. ) );
#5637 = EDGE_CURVE ( 'NONE', #8451, #5028, #8968, .T. ) ;
#5638 = VECTOR ( 'NONE', #7801, 1000.000000000000000 ) ;
#5639 = VECTOR ( 'NONE', #5382, 1000.000000000000000 ) ;
#5640 = ORIENTED_EDGE ( 'NONE', *, *, #5460, .F. ) ;
#5641 = CARTESIAN_POINT ( 'NONE',  ( 6.999999999999999112, 4.250000000000031086, 0.0000000000000000000 ) ) ;
#5642 = CARTESIAN_POINT ( 'NONE',  ( 3.924099116621577288, 6.782835288287568432, 5.313097438219579693 ) ) ;
#5643 = VECTOR ( 'NONE', #668, 1000.000000000000000 ) ;
#5644 = CYLINDRICAL_SURFACE ( 'NONE', #3495, 0.5999999999999998668 ) ;
#5645 = CARTESIAN_POINT ( 'NONE',  ( 9.550000000000000711, 6.250000000000031086, 0.6500000000000289990 ) ) ;
#5646 = FILL_AREA_STYLE ('',( #8875 ) ) ;
#5647 = VERTEX_POINT ( 'NONE', #7601 ) ;
#5648 = CARTESIAN_POINT ( 'NONE',  ( -0.5000000000000000000, 6.221952518161529611, 5.100000000000011191 ) ) ;
#5649 = EDGE_CURVE ( 'NONE', #2877, #2250, #5467, .T. ) ;
#5650 = CARTESIAN_POINT ( 'NONE',  ( 15.00000000000000000, 0.0000000000000000000, 0.0000000000000000000 ) ) ;
#5651 = CIRCLE ( 'NONE', #4289, 1.400000000000000133 ) ;
#5652 =( NAMED_UNIT ( * ) SI_UNIT ( $, .STERADIAN. ) SOLID_ANGLE_UNIT ( ) );
#5653 = CARTESIAN_POINT ( 'NONE',  ( 5.799999999999999822, 4.650000000000010125, 8.800000000000000711 ) ) ;
#5654 = CARTESIAN_POINT ( 'NONE',  ( 2.500000000000000000, 4.250000000000031086, -4.349999999999999645 ) ) ;
#5655 = CARTESIAN_POINT ( 'NONE',  ( 8.907389140044557507, 3.850000000000010303, 9.500000000000031974 ) ) ;
#5656 = ORIENTED_EDGE ( 'NONE', *, *, #161, .F. ) ;
#5657 = CARTESIAN_POINT ( 'NONE',  ( 4.549999999999999822, 7.250000000000000000, 0.6500000000000020206 ) ) ;
#5658 = DIRECTION ( 'NONE',  ( 0.0000000000000000000, 1.000000000000000000, 0.0000000000000000000 ) ) ;
#5659 = ORIENTED_EDGE ( 'NONE', *, *, #7769, .T. ) ;
#5660 = EDGE_CURVE ( 'NONE', #6985, #1771, #6772, .T. ) ;
#5661 = ORIENTED_EDGE ( 'NONE', *, *, #8452, .T. ) ;
#5662 = PLANE ( 'NONE',  #9685 ) ;
#5663 = ORIENTED_EDGE ( 'NONE', *, *, #568, .T. ) ;
#5664 = DIRECTION ( 'NONE',  ( -3.641714079092569968E-16, 0.0000000000000000000, -1.000000000000000000 ) ) ;
#5665 = CARTESIAN_POINT ( 'NONE',  ( -4.549999999999999822, 6.250000000000031086, 5.700000000000000178 ) ) ;
#5666 = ORIENTED_EDGE ( 'NONE', *, *, #2439, .F. ) ;
#5667 = DIRECTION ( 'NONE',  ( -1.000000000000000000, 0.0000000000000000000, 1.717547996016639994E-16 ) ) ;
#5668 = CARTESIAN_POINT ( 'NONE',  ( 10.30499999999999972, 1.726091832102840007, 0.0000000000000000000 ) ) ;
#5669 = FACE_BOUND ( 'NONE', #4834, .T. ) ;
#5670 = VERTEX_POINT ( 'NONE', #1239 ) ;
#5671 = VECTOR ( 'NONE', #7881, 1000.000000000000000 ) ;
#5672 = CARTESIAN_POINT ( 'NONE',  ( 0.9371073885687779548, 4.650000000000010125, 9.314249409997584550 ) ) ;
#5673 = EDGE_CURVE ( 'NONE', #3324, #3381, #3536, .T. ) ;
#5674 = ORIENTED_EDGE ( 'NONE', *, *, #5901, .F. ) ;
#5675 = FACE_BOUND ( 'NONE', #8702, .T. ) ;
#5676 = DIRECTION ( 'NONE',  ( 1.000000000000000000, 0.0000000000000000000, 0.0000000000000000000 ) ) ;
#5677 = EDGE_CURVE ( 'NONE', #37, #467, #7497, .T. ) ;
#5678 = LINE ( 'NONE', #3999, #8869 ) ;
#5679 = DIRECTION ( 'NONE',  ( 1.717547996016639994E-16, 0.0000000000000000000, 1.000000000000000000 ) ) ;
#5680 = ORIENTED_EDGE ( 'NONE', *, *, #2439, .T. ) ;
#5681 =( GEOMETRIC_REPRESENTATION_CONTEXT ( 3 ) GLOBAL_UNCERTAINTY_ASSIGNED_CONTEXT ( ( #8370 ) ) GLOBAL_UNIT_ASSIGNED_CONTEXT ( ( #1212, #354, #8373 ) ) REPRESENTATION_CONTEXT ( 'NONE', 'WORKASPACE' ) );
#5682 = ORIENTED_EDGE ( 'NONE', *, *, #8997, .F. ) ;
#5683 = COLOUR_RGB ( '',0.2862745098039215508, 0.6431372549019607199, 0.8666666666666666963 ) ;
#5684 = PLANE ( 'NONE',  #4061 ) ;
#5685 = DIRECTION ( 'NONE',  ( 0.0000000000000000000, -1.000000000000000000, 0.0000000000000000000 ) ) ;
#5686 = DIRECTION ( 'NONE',  ( 1.000000000000000000, 2.232180943352509796E-16, 0.0000000000000000000 ) ) ;
#5687 = DIRECTION ( 'NONE',  ( -1.000000000000000000, 0.0000000000000000000, 0.0000000000000000000 ) ) ;
#5688 = CARTESIAN_POINT ( 'NONE',  ( 3.908230602241417717, 6.595770259307299099, 5.257011279829173489 ) ) ;
#5689 = CARTESIAN_POINT ( 'NONE',  ( 3.549999999999999822, -1.462314593354880232, 3.990870176997180607 ) ) ;
#5690 = VECTOR ( 'NONE', #2892, 1000.000000000000000 ) ;
#5691 = COLOUR_RGB ( '',0.2862745098039215508, 0.6431372549019607199, 0.8666666666666666963 ) ;
#5692 = VERTEX_POINT ( 'NONE', #9891 ) ;
#5693 = LINE ( 'NONE', #2585, #996 ) ;
#5694 = PLANE ( 'NONE',  #625 ) ;
#5695 = DIRECTION ( 'NONE',  ( 0.0000000000000000000, -3.675221047034999628E-15, 1.000000000000000000 ) ) ;
#5696 = ADVANCED_FACE ( 'NONE', ( #9987 ), #1186, .T. ) ;
#5697 = VECTOR ( 'NONE', #7949, 1000.000000000000227 ) ;
#5698 = DIRECTION ( 'NONE',  ( 0.0000000000000000000, 0.0000000000000000000, -1.000000000000000000 ) ) ;
#5699 = ORIENTED_EDGE ( 'NONE', *, *, #8956, .F. ) ;
#5700 = FACE_OUTER_BOUND ( 'NONE', #6739, .T. ) ;
#5701 = CARTESIAN_POINT ( 'NONE',  ( 3.994607792362468768, 6.250000000000364153, 5.499015461809754868 ) ) ;
#5702 = AXIS2_PLACEMENT_3D ( 'NONE', #1140, #5952, #9140 ) ;
#5703 = DIRECTION ( 'NONE',  ( 0.0000000000000000000, 0.0000000000000000000, 1.000000000000000000 ) ) ;
#5704 = EDGE_CURVE ( 'NONE', #7362, #4430, #9784, .T. ) ;
#5705 = CYLINDRICAL_SURFACE ( 'NONE', #1185, 0.3999999999999993006 ) ;
#5706 = ADVANCED_FACE ( 'NONE', ( #6923 ), #4433, .T. ) ;
#5707 =( NAMED_UNIT ( * ) SI_UNIT ( $, .STERADIAN. ) SOLID_ANGLE_UNIT ( ) );
#5708 = CARTESIAN_POINT ( 'NONE',  ( 9.062892611435067636, 3.850000000000010303, 9.314249409999250773 ) ) ;
#5709 = ORIENTED_EDGE ( 'NONE', *, *, #101, .F. ) ;
#5710 = DIRECTION ( 'NONE',  ( 0.0000000000000000000, 0.0000000000000000000, 1.000000000000000000 ) ) ;
#5711 = DIRECTION ( 'NONE',  ( 0.0000000000000000000, 0.0000000000000000000, -1.000000000000000000 ) ) ;
#5712 = AXIS2_PLACEMENT_3D ( 'NONE', #7050, #10221, #10076 ) ;
#5713 = VERTEX_POINT ( 'NONE', #3893 ) ;
#5714 = CARTESIAN_POINT ( 'NONE',  ( 7.500000000000000000, 6.250000000000031086, 0.7499999999999960032 ) ) ;
#5715 = ORIENTED_EDGE ( 'NONE', *, *, #8605, .T. ) ;
#5716 = CYLINDRICAL_SURFACE ( 'NONE', #2912, 1.400000000000000133 ) ;
#5717 = AXIS2_PLACEMENT_3D ( 'NONE', #8490, #7691, #7063 ) ;
#5718 = EDGE_LOOP ( 'NONE', ( #4632, #7422, #7839, #6501 ) ) ;
#5719 = EDGE_CURVE ( 'NONE', #3018, #9423, #8649, .T. ) ;
#5720 = SURFACE_STYLE_FILL_AREA ( #3315 ) ;
#5721 = CARTESIAN_POINT ( 'NONE',  ( 10.00000000000000000, 1.550000000000000266, 6.200000000000001066 ) ) ;
#5722 = TOROIDAL_SURFACE ( 'NONE', #9067, 1.413776159319739989, 0.2000000000000000111 ) ;
#5723 = CARTESIAN_POINT ( 'NONE',  ( 7.500000000000000000, 6.250000000000031086, 2.750000000000000000 ) ) ;
#5724 = PRESENTATION_LAYER_ASSIGNMENT (  '', '', ( #4396 ) ) ;
#5725 = ORIENTED_EDGE ( 'NONE', *, *, #1898, .F. ) ;
#5726 = DIRECTION ( 'NONE',  ( -4.311199699514559827E-15, 1.000000000000000000, 0.0000000000000000000 ) ) ;
#5727 = ORIENTED_EDGE ( 'NONE', *, *, #3700, .F. ) ;
#5728 = ORIENTED_EDGE ( 'NONE', *, *, #8795, .F. ) ;
#5729 = COLOUR_RGB ( '',0.7921568627450980005, 0.8196078431372548767, 0.9333333333333333481 ) ;
#5730 = DIRECTION ( 'NONE',  ( 1.000000000000000000, 0.0000000000000000000, 0.0000000000000000000 ) ) ;
#5731 = VECTOR ( 'NONE', #260, 1000.000000000000000 ) ;
#5732 = AXIS2_PLACEMENT_3D ( 'NONE', #5635, #4223, #1841 ) ;
#5733 = CARTESIAN_POINT ( 'NONE',  ( 3.956366702911530808, 6.148436653995700496, 5.454695792913989649 ) ) ;
#5734 = VERTEX_POINT ( 'NONE', #6295 ) ;
#5735 = EDGE_CURVE ( 'NONE', #4846, #2142, #2297, .T. ) ;
#5736 = ORIENTED_EDGE ( 'NONE', *, *, #9237, .T. ) ;
#5737 = VECTOR ( 'NONE', #1964, 1000.000000000000000 ) ;
#5738 = CARTESIAN_POINT ( 'NONE',  ( 3.907389140044506881, 3.850000000000010303, 9.500000000000042633 ) ) ;
#5739 = CARTESIAN_POINT ( 'NONE',  ( 8.550000000000000711, 6.370920840910899940, 3.569044486294639995 ) ) ;
#5740 = DIRECTION ( 'NONE',  ( 0.0000000000000000000, 0.0000000000000000000, -1.000000000000000000 ) ) ;
#5741 = MECHANICAL_DESIGN_GEOMETRIC_PRESENTATION_REPRESENTATION (  '', ( #9562 ), #9242 ) ;
#5742 = VECTOR ( 'NONE', #3082, 1000.000000000000000 ) ;
#5743 = DIRECTION ( 'NONE',  ( 0.0000000000000000000, 0.0000000000000000000, -1.000000000000000000 ) ) ;
#5744 = CARTESIAN_POINT ( 'NONE',  ( 6.023878904919866883, 6.379292657739203065, 5.607444992500847825 ) ) ;
#5745 = CARTESIAN_POINT ( 'NONE',  ( -0.2500000000000000000, 7.750000000000000000, 5.900000000000000355 ) ) ;
#5746 = ORIENTED_EDGE ( 'NONE', *, *, #231, .T. ) ;
#5747 = EDGE_CURVE ( 'NONE', #2280, #1264, #1569, .T. ) ;
#5748 = CARTESIAN_POINT ( 'NONE',  ( 1.107736519411111509, 6.816384655952808735, 5.200576600905339575 ) ) ;
#5749 = PRODUCT_DEFINITION_SHAPE ( 'NONE', 'NONE',  #10224 ) ;
#5750 =( NAMED_UNIT ( * ) PLANE_ANGLE_UNIT ( ) SI_UNIT ( $, .RADIAN. ) );
#5751 = CARTESIAN_POINT ( 'NONE',  ( 0.4500000000000000666, 6.250000000000031086, 5.700000000000000178 ) ) ;
#5752 = DIRECTION ( 'NONE',  ( 0.0000000000000000000, 0.0000000000000000000, 1.000000000000000000 ) ) ;
#5753 = VERTEX_POINT ( 'NONE', #3787 ) ;
#5754 = PRESENTATION_STYLE_ASSIGNMENT (( #5019 ) ) ;
#5755 = VECTOR ( 'NONE', #4313, 1000.000000000000000 ) ;
#5756 = PLANE ( 'NONE',  #1085 ) ;
#5757 = CARTESIAN_POINT ( 'NONE',  ( 2.500000000000000000, 4.250000000000009770, 9.500000000000010658 ) ) ;
#5758 = VECTOR ( 'NONE', #1612, 1000.000000000000000 ) ;
#5759 = DIRECTION ( 'NONE',  ( 1.000000000000000000, 0.0000000000000000000, 0.0000000000000000000 ) ) ;
#5760 = CARTESIAN_POINT ( 'NONE',  ( 1.041868568309954224, 4.650000000000009237, 9.481228347016088520 ) ) ;
#5761 = PRESENTATION_STYLE_ASSIGNMENT (( #2599 ) ) ;
#5762 = ORIENTED_EDGE ( 'NONE', *, *, #9857, .T. ) ;
#5763 = DIRECTION ( 'NONE',  ( -1.000000000000000000, 0.0000000000000000000, 3.641714079092569968E-16 ) ) ;
#5764 = CARTESIAN_POINT ( 'NONE',  ( 6.450000000000000178, 6.301461569844129862, 3.962967587499520050 ) ) ;
#5765 = ORIENTED_EDGE ( 'NONE', *, *, #656, .T. ) ;
#5766 = LINE ( 'NONE', #8945, #272 ) ;
#5767 = AXIS2_PLACEMENT_3D ( 'NONE', #3586, #7386, #6610 ) ;
#5768 = EDGE_LOOP ( 'NONE', ( #519, #90, #9070, #6491 ) ) ;
#5769 = ADVANCED_FACE ( 'NONE', ( #8596 ), #10, .T. ) ;
#5770 = LINE ( 'NONE', #9721, #5117 ) ;
#5771 = CARTESIAN_POINT ( 'NONE',  ( 7.500000000000000000, 2.500000000000019540, 8.000000000000000000 ) ) ;
#5772 = ORIENTED_EDGE ( 'NONE', *, *, #966, .T. ) ;
#5773 = CARTESIAN_POINT ( 'NONE',  ( 9.087037305134389342, 3.850000000000010303, 8.986637655680240755 ) ) ;
#5774 = CIRCLE ( 'NONE', #1632, 0.5999999999999998668 ) ;
#5775 = DIRECTION ( 'NONE',  ( 0.0000000000000000000, 0.0000000000000000000, 1.000000000000000000 ) ) ;
#5776 = ORIENTED_EDGE ( 'NONE', *, *, #8101, .T. ) ;
#5777 = LINE ( 'NONE', #3473, #1297 ) ;
#5778 = ORIENTED_EDGE ( 'NONE', *, *, #4271, .F. ) ;
#5779 = ORIENTED_EDGE ( 'NONE', *, *, #8669, .T. ) ;
#5780 =( NAMED_UNIT ( * ) SI_UNIT ( $, .STERADIAN. ) SOLID_ANGLE_UNIT ( ) );
#5781 = EDGE_CURVE ( 'NONE', #7683, #5670, #3993, .T. ) ;
#5782 = COLOUR_RGB ( '',0.2862745098039215508, 0.6431372549019607199, 0.8666666666666666963 ) ;
#5783 = CARTESIAN_POINT ( 'NONE',  ( 2.500000000000000000, 4.250000000000009770, 8.099999999999999645 ) ) ;
#5784 = ORIENTED_EDGE ( 'NONE', *, *, #7805, .T. ) ;
#5785 = ORIENTED_EDGE ( 'NONE', *, *, #1795, .F. ) ;
#5786 = CARTESIAN_POINT ( 'NONE',  ( -2.500000000000000000, 4.250000000000009770, 9.300000000000009592 ) ) ;
#5787 = DIRECTION ( 'NONE',  ( 1.000000000000000000, 0.0000000000000000000, 0.0000000000000000000 ) ) ;
#5788 = LINE ( 'NONE', #1241, #6354 ) ;
#5789 = AXIS2_PLACEMENT_3D ( 'NONE', #5532, #8722, #3860 ) ;
#5790 = CARTESIAN_POINT ( 'NONE',  ( 3.549999999999999822, -1.462314593354880232, 3.990870176997169949 ) ) ;
#5791 = CARTESIAN_POINT ( 'NONE',  ( 4.549999999999999822, 7.250000000000000000, 5.700000000000000178 ) ) ;
#5792 = CYLINDRICAL_SURFACE ( 'NONE', #8205, 1.399999999999999911 ) ;
#5793 = EDGE_CURVE ( 'NONE', #6460, #7208, #4444, .T. ) ;
#5794 = VECTOR ( 'NONE', #1375, 1000.000000000000000 ) ;
#5795 = ORIENTED_EDGE ( 'NONE', *, *, #1783, .T. ) ;
#5796 =( GEOMETRIC_REPRESENTATION_CONTEXT ( 3 ) GLOBAL_UNCERTAINTY_ASSIGNED_CONTEXT ( ( #7521 ) ) GLOBAL_UNIT_ASSIGNED_CONTEXT ( ( #2939, #9089, #5173 ) ) REPRESENTATION_CONTEXT ( 'NONE', 'WORKASPACE' ) );
#5797 = FILL_AREA_STYLE ('',( #7294 ) ) ;
#5798 = B_SPLINE_CURVE_WITH_KNOTS ( 'NONE', 3,
 ( #5968, #7356, #8154, #399 ),
 .UNSPECIFIED., .F., .F.,
 ( 4, 4 ),
 ( 2.431334100318663339E-11, 0.0001342749659835592918 ),
 .UNSPECIFIED. ) ;
#5799 = DIRECTION ( 'NONE',  ( 1.717547996016639994E-16, 0.0000000000000000000, 1.000000000000000000 ) ) ;
#5800 = CARTESIAN_POINT ( 'NONE',  ( -3.994607792591831519, 6.250000000000031086, 5.499015461808847149 ) ) ;
#5801 = DIRECTION ( 'NONE',  ( 0.0000000000000000000, 1.000000000000000000, 0.0000000000000000000 ) ) ;
#5802 = SURFACE_SIDE_STYLE ('',( #1038 ) ) ;
#5803 = ORIENTED_EDGE ( 'NONE', *, *, #4663, .F. ) ;
#5804 = CARTESIAN_POINT ( 'NONE',  ( 7.500000000000000000, 4.250000000000009770, 9.314249409997579221 ) ) ;
#5805 = CARTESIAN_POINT ( 'NONE',  ( 10.00000000000000000, 0.9499999999999999556, 0.0000000000000000000 ) ) ;
#5806 = COLOUR_RGB ( '',0.2862745098039215508, 0.6431372549019607199, 0.8666666666666666963 ) ;
#5807 = AXIS2_PLACEMENT_3D ( 'NONE', #601, #7738, #6957 ) ;
#5808 = ADVANCED_FACE ( 'NONE', ( #660 ), #10139, .T. ) ;
#5809 = EDGE_CURVE ( 'NONE', #4284, #1371, #3839, .T. ) ;
#5810 = FACE_OUTER_BOUND ( 'NONE', #3996, .T. ) ;
#5811 = COLOUR_RGB ( '',0.2862745098039215508, 0.6431372549019607199, 0.8666666666666666963 ) ;
#5812 = PRESENTATION_LAYER_ASSIGNMENT (  '', '', ( #5146 ) ) ;
#5813 = DIRECTION ( 'NONE',  ( 1.717547996016639994E-16, 0.0000000000000000000, 1.000000000000000000 ) ) ;
#5814 = CARTESIAN_POINT ( 'NONE',  ( 8.550000000000000711, 6.370920840910899940, 3.569044486294639995 ) ) ;
#5815 = DIRECTION ( 'NONE',  ( 0.0000000000000000000, 0.0000000000000000000, -1.000000000000000000 ) ) ;
#5816 = ORIENTED_EDGE ( 'NONE', *, *, #544, .T. ) ;
#5817 = CARTESIAN_POINT ( 'NONE',  ( 10.00000000000000000, 0.1977371785018499917, 6.601260681670590102 ) ) ;
#5818 = ORIENTED_EDGE ( 'NONE', *, *, #6791, .T. ) ;
#5819 = FACE_OUTER_BOUND ( 'NONE', #1279, .T. ) ;
#5820 = ORIENTED_EDGE ( 'NONE', *, *, #6293, .T. ) ;
#5821 = CARTESIAN_POINT ( 'NONE',  ( 6.051396625904825299, 6.749929893836729811, 5.399706028852467199 ) ) ;
#5822 = ORIENTED_EDGE ( 'NONE', *, *, #7315, .T. ) ;
#5823 = FACE_OUTER_BOUND ( 'NONE', #972, .T. ) ;
#5825 = DIRECTION ( 'NONE',  ( -1.000000000000000000, 0.0000000000000000000, 0.0000000000000000000 ) ) ;
#5824 = PRODUCT_DEFINITION ( 'UNKNOWN', '', #9909, #6996 ) ;
#5826 = CARTESIAN_POINT ( 'NONE',  ( -2.500000000000000000, 6.250000000000031086, 0.7500000000000009992 ) ) ;
#5827 = EDGE_CURVE ( 'NONE', #5523, #998, #5412, .T. ) ;
#5828 = ORIENTED_EDGE ( 'NONE', *, *, #7877, .T. ) ;
#5829 = LINE ( 'NONE', #1878, #2277 ) ;
#5830 = ORIENTED_EDGE ( 'NONE', *, *, #8884, .T. ) ;
#5831 = EDGE_LOOP ( 'NONE', ( #8388, #8650, #5836, #2819 ) ) ;
#5832 =( LENGTH_UNIT ( ) NAMED_UNIT ( * ) SI_UNIT ( .MILLI., .METRE. ) );
#5833 = FACE_OUTER_BOUND ( 'NONE', #2074, .T. ) ;
#5834 = DIRECTION ( 'NONE',  ( 0.0000000000000000000, -1.000000000000000000, 0.0000000000000000000 ) ) ;
#5835 = ORIENTED_EDGE ( 'NONE', *, *, #6869, .F. ) ;
#5836 = ORIENTED_EDGE ( 'NONE', *, *, #8958, .T. ) ;
#5837 = LINE ( 'NONE', #1027, #3389 ) ;
#5838 = CARTESIAN_POINT ( 'NONE',  ( 15.00000000000000000, 1.990236984239069917, 10.00000000000000000 ) ) ;
#5839 = EDGE_CURVE ( 'NONE', #1270, #4514, #712, .T. ) ;
#5840 = DIRECTION ( 'NONE',  ( 1.717547996016639994E-16, 0.0000000000000000000, 1.000000000000000000 ) ) ;
#5841 = CARTESIAN_POINT ( 'NONE',  ( 6.041844086465573582, 6.384612859889100989, 5.465433459372670555 ) ) ;
#5842 = DIRECTION ( 'NONE',  ( 1.000000000000000000, 0.0000000000000000000, 0.0000000000000000000 ) ) ;
#5843 = CYLINDRICAL_SURFACE ( 'NONE', #2560, 0.5000000000000000000 ) ;
#5844 = COLOUR_RGB ( '',0.2862745098039215508, 0.6431372549019607199, 0.8666666666666666963 ) ;
#5845 = AXIS2_PLACEMENT_3D ( 'NONE', #4755, #6361, #779 ) ;
#5846 = ORIENTED_EDGE ( 'NONE', *, *, #9406, .T. ) ;
#5847 = CARTESIAN_POINT ( 'NONE',  ( 1.091470100434434709, 6.803742317568939768, 5.258069125366936269 ) ) ;
#5848 = CARTESIAN_POINT ( 'NONE',  ( 10.50000000000000000, 1.838675134594820015, 0.0000000000000000000 ) ) ;
#5849 = DIRECTION ( 'NONE',  ( 0.0000000000000000000, 0.0000000000000000000, -1.000000000000000000 ) ) ;
#5850 = EDGE_CURVE ( 'NONE', #6296, #2530, #3142, .T. ) ;
#5851 = CARTESIAN_POINT ( 'NONE',  ( 2.500000000000000000, 4.250000000000031086, -3.850000000000000089 ) ) ;
#5852 = FACE_OUTER_BOUND ( 'NONE', #8468, .T. ) ;
#5853 = AXIS2_PLACEMENT_3D ( 'NONE', #2700, #7526, #3616 ) ;
#5854 = EDGE_LOOP ( 'NONE', ( #9531, #2573, #8241, #3414 ) ) ;
#5855 = CARTESIAN_POINT ( 'NONE',  ( 15.00000000000000000, 7.750000000000000000, 5.900000000000000355 ) ) ;
#5856 = FILL_AREA_STYLE ('',( #4180 ) ) ;
#5857 = VECTOR ( 'NONE', #1522, 1000.000000000000000 ) ;
#5858 = FILL_AREA_STYLE ('',( #4084 ) ) ;
#5859 = PRESENTATION_LAYER_ASSIGNMENT (  '', '', ( #9195 ) ) ;
#5860 = CARTESIAN_POINT ( 'NONE',  ( 5.937107388568626298, 3.850000000000009415, 9.314249409997639617 ) ) ;
#5861 = AXIS2_PLACEMENT_3D ( 'NONE', #1112, #6542, #8273 ) ;
#5862 = DIRECTION ( 'NONE',  ( 1.000000000000000000, 0.0000000000000000000, -5.152643988049929844E-16 ) ) ;
#5863 = EDGE_CURVE ( 'NONE', #3051, #2918, #8953, .T. ) ;
#5864 = LINE ( 'NONE', #7522, #121 ) ;
#5865 = CARTESIAN_POINT ( 'NONE',  ( 2.500000000000000000, 4.250000000000031086, -3.850000000000000089 ) ) ;
#5866 = ORIENTED_EDGE ( 'NONE', *, *, #9835, .T. ) ;
#5867 = FACE_BOUND ( 'NONE', #1482, .T. ) ;
#5868 = DIRECTION ( 'NONE',  ( 0.0000000000000000000, 0.0000000000000000000, -1.000000000000000000 ) ) ;
#5869 = EDGE_LOOP ( 'NONE', ( #6333, #7693, #8634, #7151 ) ) ;
#5870 = CARTESIAN_POINT ( 'NONE',  ( 15.00000000000000000, 7.750000000000000000, 0.0000000000000000000 ) ) ;
#5871 = AXIS2_PLACEMENT_3D ( 'NONE', #7186, #3180, #1593 ) ;
#5872 = ORIENTED_EDGE ( 'NONE', *, *, #7788, .F. ) ;
#5873 = CARTESIAN_POINT ( 'NONE',  ( -2.500000000000000000, 2.650000000000010125, 8.100000000000010303 ) ) ;
#5874 = ORIENTED_EDGE ( 'NONE', *, *, #5012, .T. ) ;
#5875 = FACE_OUTER_BOUND ( 'NONE', #3439, .T. ) ;
#5876 = EDGE_CURVE ( 'NONE', #1769, #3926, #7320, .T. ) ;
#5877 = EDGE_CURVE ( 'NONE', #2967, #9667, #282, .T. ) ;
#5878 = COLOUR_RGB ( '',0.2862745098039215508, 0.6431372549019607199, 0.8666666666666666963 ) ;
#5879 = CARTESIAN_POINT ( 'NONE',  ( 8.000000000000000000, 4.250000000000031086, 0.7499999999999960032 ) ) ;
#5880 = DIRECTION ( 'NONE',  ( -0.3481553119113940387, 0.8703882797784900927, 0.3481553119113949823 ) ) ;
#5881 = ORIENTED_EDGE ( 'NONE', *, *, #5637, .T. ) ;
#5882 = DIRECTION ( 'NONE',  ( 0.0000000000000000000, -0.06975647374412512203, 0.9975640502598243087 ) ) ;
#5883 = ORIENTED_EDGE ( 'NONE', *, *, #139, .T. ) ;
#5884 = ORIENTED_EDGE ( 'NONE', *, *, #3664, .F. ) ;
#5885 = FACE_OUTER_BOUND ( 'NONE', #3870, .T. ) ;
#5886 = AXIS2_PLACEMENT_3D ( 'NONE', #7010, #2348, #8591 ) ;
#5887 = LINE ( 'NONE', #8178, #6100 ) ;
#5888 = DIRECTION ( 'NONE',  ( 0.0000000000000000000, 0.0000000000000000000, 1.000000000000000000 ) ) ;
#5889 = ORIENTED_EDGE ( 'NONE', *, *, #5598, .T. ) ;
#5890 = AXIS2_PLACEMENT_3D ( 'NONE', #7235, #1739, #7129 ) ;
#5891 = AXIS2_PLACEMENT_3D ( 'NONE', #944, #8259, #2540 ) ;
#5892 = EDGE_LOOP ( 'NONE', ( #6197, #2705, #2064, #6207 ) ) ;
#5893 = DIRECTION ( 'NONE',  ( 0.0000000000000000000, -1.000000000000000000, 0.0000000000000000000 ) ) ;
#5894 = CARTESIAN_POINT ( 'NONE',  ( 6.450000000000000178, 5.950000000000040146, 3.494824785299559977 ) ) ;
#5895 = AXIS2_PLACEMENT_3D ( 'NONE', #7368, #8948, #8844 ) ;
#5896 = CARTESIAN_POINT ( 'NONE',  ( 3.549999999999999822, -1.462314593354880232, 3.990870176997169949 ) ) ;
#5897 = CARTESIAN_POINT ( 'NONE',  ( 2.500000000000000000, 4.250000000000000000, 10.00000000000000000 ) ) ;
#5898 = VECTOR ( 'NONE', #710, 1000.000000000000000 ) ;
#5899 = CARTESIAN_POINT ( 'NONE',  ( 5.250000000000000000, 7.750000000000000000, 0.4500000000000040079 ) ) ;
#5900 = AXIS2_PLACEMENT_3D ( 'NONE', #2005, #481, #1380 ) ;
#5901 = EDGE_CURVE ( 'NONE', #4774, #2788, #6298, .T. ) ;
#5902 = ADVANCED_FACE ( 'NONE', ( #5620, #5669, #6550 ), #6400, .T. ) ;
#5903 = VERTEX_POINT ( 'NONE', #4051 ) ;
#5904 = CARTESIAN_POINT ( 'NONE',  ( 8.996623964658530426, 6.250000000000079936, 5.516661212398769720 ) ) ;
#5905 = CARTESIAN_POINT ( 'NONE',  ( 4.059107220649992520, 4.650000000000011013, 9.365590064580585405 ) ) ;
#5906 =( GEOMETRIC_REPRESENTATION_CONTEXT ( 3 ) GLOBAL_UNCERTAINTY_ASSIGNED_CONTEXT ( ( #5954 ) ) GLOBAL_UNIT_ASSIGNED_CONTEXT ( ( #145, #10174, #5452 ) ) REPRESENTATION_CONTEXT ( 'NONE', 'WORKASPACE' ) );
#5907 = LINE ( 'NONE', #1847, #9942 ) ;
#5908 = CIRCLE ( 'NONE', #2259, 0.2000000000000005107 ) ;
#5909 = LINE ( 'NONE', #8309, #3837 ) ;
#5910 = CARTESIAN_POINT ( 'NONE',  ( -4.062892611431222711, 4.650000000000010125, 9.314249409997580997 ) ) ;
#5911 = ORIENTED_EDGE ( 'NONE', *, *, #5719, .T. ) ;
#5912 = CARTESIAN_POINT ( 'NONE',  ( 2.000000000331122241, 4.250000000000031086, -3.850000000000000089 ) ) ;
#5913 = CARTESIAN_POINT ( 'NONE',  ( 3.942782050534520799, 6.518894125888145652, 5.379130966345494258 ) ) ;
#5914 = MECHANICAL_DESIGN_GEOMETRIC_PRESENTATION_REPRESENTATION (  '', ( #8066 ), #2096 ) ;
#5915 = UNCERTAINTY_MEASURE_WITH_UNIT (LENGTH_MEASURE( 1.000000000000000082E-05 ), #3246, 'distance_accuracy_value', 'NONE');
#5916 = EDGE_CURVE ( 'NONE', #2626, #5621, #8801, .T. ) ;
#5917 = DIRECTION ( 'NONE',  ( -1.000000000000000000, 0.0000000000000000000, 3.641714079092569968E-16 ) ) ;
#5918 = CARTESIAN_POINT ( 'NONE',  ( 10.00000000000000000, 1.550000000000000266, 6.200000000000001066 ) ) ;
#5919 = VECTOR ( 'NONE', #2299, 1000.000000000000227 ) ;
#5920 = EDGE_LOOP ( 'NONE', ( #7040, #1122 ) ) ;
#5921 = CARTESIAN_POINT ( 'NONE',  ( 9.087037305134389342, 4.650000000000010125, 8.986637655680240755 ) ) ;
#5922 = DIRECTION ( 'NONE',  ( -1.000000000000000000, 0.0000000000000000000, 3.641714079092569968E-16 ) ) ;
#5923 = CARTESIAN_POINT ( 'NONE',  ( -3.552632424847470549, 6.900324961960824233, 4.000174299198468120 ) ) ;
#5924 = ORIENTED_EDGE ( 'NONE', *, *, #7132, .T. ) ;
#5925 = CARTESIAN_POINT ( 'NONE',  ( 6.013368699863664624, 6.290959700102205510, 5.697427300979107656 ) ) ;
#5926 = ORIENTED_EDGE ( 'NONE', *, *, #6621, .F. ) ;
#5927 = EDGE_CURVE ( 'NONE', #9019, #848, #6500, .T. ) ;
#5928 = SURFACE_SIDE_STYLE ('',( #9869 ) ) ;
#5929 = ORIENTED_EDGE ( 'NONE', *, *, #6214, .F. ) ;
#5930 = LINE ( 'NONE', #9116, #6625 ) ;
#5931 = SURFACE_SIDE_STYLE ('',( #9816 ) ) ;
#5932 = DIRECTION ( 'NONE',  ( 0.0000000000000000000, 0.0000000000000000000, -1.000000000000000000 ) ) ;
#5933 = ORIENTED_EDGE ( 'NONE', *, *, #3598, .F. ) ;
#5934 = PLANE ( 'NONE',  #3095 ) ;
#5935 = TOROIDAL_SURFACE ( 'NONE', #802, 1.413776159319739989, 0.2000000000000000111 ) ;
#5936 = EDGE_LOOP ( 'NONE', ( #3687, #1888, #7898, #6837, #4662, #2267 ) ) ;
#5937 = ORIENTED_EDGE ( 'NONE', *, *, #2635, .T. ) ;
#5938 = CARTESIAN_POINT ( 'NONE',  ( 3.875649002070729932, 6.820490948317419644, 5.141853884246479822 ) ) ;
#5939 = CARTESIAN_POINT ( 'NONE',  ( 15.00000000000000000, 0.1499999999999999944, 6.700000000000000178 ) ) ;
#5940 = EDGE_CURVE ( 'NONE', #3474, #1526, #8117, .T. ) ;
#5941 = ADVANCED_FACE ( 'NONE', ( #8227 ), #9775, .T. ) ;
#5942 = FACE_OUTER_BOUND ( 'NONE', #62, .T. ) ;
#5943 = EDGE_LOOP ( 'NONE', ( #4266, #5784, #2565, #5953 ) ) ;
#5944 = CIRCLE ( 'NONE', #5434, 0.2499999999999997780 ) ;
#5945 = ORIENTED_EDGE ( 'NONE', *, *, #1838, .T. ) ;
#5946 =( LENGTH_UNIT ( ) NAMED_UNIT ( * ) SI_UNIT ( .MILLI., .METRE. ) );
#5947 = EDGE_LOOP ( 'NONE', ( #9368, #8753, #1252, #5610 ) ) ;
#5948 = DIRECTION ( 'NONE',  ( -1.000000000000000000, 0.0000000000000000000, 0.0000000000000000000 ) ) ;
#5949 = CARTESIAN_POINT ( 'NONE',  ( 3.856009966283758583, 3.850000000000010303, 9.500000000000000000 ) ) ;
#5950 = DIRECTION ( 'NONE',  ( 0.0000000000000000000, -1.000000000000000000, 0.0000000000000000000 ) ) ;
#5951 = VECTOR ( 'NONE', #4148, 1000.000000000000000 ) ;
#5952 = DIRECTION ( 'NONE',  ( 0.0000000000000000000, 0.0000000000000000000, -1.000000000000000000 ) ) ;
#5953 = ORIENTED_EDGE ( 'NONE', *, *, #1198, .T. ) ;
#5954 = UNCERTAINTY_MEASURE_WITH_UNIT (LENGTH_MEASURE( 1.000000000000000082E-05 ), #145, 'distance_accuracy_value', 'NONE');
#5955 = DIRECTION ( 'NONE',  ( -6.323770134184271214E-17, 0.9848077530122081313, 0.1736481776669300259 ) ) ;
#5956 = DIRECTION ( 'NONE',  ( -1.000000000000000000, 0.0000000000000000000, 0.0000000000000000000 ) ) ;
#5957 = COLOUR_RGB ( '',0.2862745098039215508, 0.6431372549019607199, 0.8666666666666666963 ) ;
#5958 = DIRECTION ( 'NONE',  ( -1.000000000000000000, 0.0000000000000000000, 0.0000000000000000000 ) ) ;
#5959 = CARTESIAN_POINT ( 'NONE',  ( 8.907389140044507769, 3.850000000000010303, 9.500000000000033751 ) ) ;
#5960 = EDGE_CURVE ( 'NONE', #6144, #302, #8639, .T. ) ;
#5961 = ORIENTED_EDGE ( 'NONE', *, *, #4394, .T. ) ;
#5962 = CARTESIAN_POINT ( 'NONE',  ( -3.958155913534425530, 6.384612859889100100, 5.465433459372670555 ) ) ;
#5963 = PLANE ( 'NONE',  #4401 ) ;
#5964 = DIRECTION ( 'NONE',  ( -0.3713906763541040545, -0.9284766908852591927, 0.0000000000000000000 ) ) ;
#5965 = CARTESIAN_POINT ( 'NONE',  ( 6.041844085658512498, 6.384612859941942276, 5.465433459296741958 ) ) ;
#5966 = UNCERTAINTY_MEASURE_WITH_UNIT (LENGTH_MEASURE( 1.000000000000000082E-05 ), #3962, 'distance_accuracy_value', 'NONE');
#5967 = VECTOR ( 'NONE', #5633, 1000.000000000000000 ) ;
#5968 = CARTESIAN_POINT ( 'NONE',  ( 1.023102752130522486, 6.379062758813164535, 5.679065084668725838 ) ) ;
#5969 = CARTESIAN_POINT ( 'NONE',  ( 1.092610859955165381, 4.650000000000010125, 9.500000000000042633 ) ) ;
#5970 = EDGE_CURVE ( 'NONE', #8215, #2617, #8969, .T. ) ;
#5971 = ORIENTED_EDGE ( 'NONE', *, *, #1277, .F. ) ;
#5972 = DIRECTION ( 'NONE',  ( 0.3481553119113969808, -0.8703882797784889824, 0.3481553119113949823 ) ) ;
#5973 = DIRECTION ( 'NONE',  ( -0.8660254037844391517, -0.4999999999999990563, 0.0000000000000000000 ) ) ;
#5974 = ORIENTED_EDGE ( 'NONE', *, *, #6636, .T. ) ;
#5975 = ORIENTED_EDGE ( 'NONE', *, *, #2876, .F. ) ;
#5976 = CIRCLE ( 'NONE', #2988, 0.1000000000000002554 ) ;
#5977 = AXIS2_PLACEMENT_3D ( 'NONE', #3026, #6196, #5464 ) ;
#5978 = VECTOR ( 'NONE', #7880, 1000.000000000000000 ) ;
#5979 = CARTESIAN_POINT ( 'NONE',  ( 0.7936453975103899827, 6.087469678630560210, 5.606236746784579950 ) ) ;
#5980 = EDGE_LOOP ( 'NONE', ( #9439, #1161 ) ) ;
#5981 = DIRECTION ( 'NONE',  ( 0.0000000000000000000, 0.0000000000000000000, 1.000000000000000000 ) ) ;
#5982 = CARTESIAN_POINT ( 'NONE',  ( 7.500000000000000000, 5.950000000000040146, 2.750000000000000000 ) ) ;
#5983 = EDGE_CURVE ( 'NONE', #1935, #4985, #162, .T. ) ;
#5984 = ORIENTED_EDGE ( 'NONE', *, *, #4085, .T. ) ;
#5985 = AXIS2_PLACEMENT_3D ( 'NONE', #7808, #7861, #10147 ) ;
#5986 = ORIENTED_EDGE ( 'NONE', *, *, #5399, .F. ) ;
#5987 = ORIENTED_EDGE ( 'NONE', *, *, #4339, .T. ) ;
#5988 = CARTESIAN_POINT ( 'NONE',  ( 4.500000000000000888, 6.900000000000019895, 4.004821471746000228 ) ) ;
#5989 = B_SPLINE_CURVE_WITH_KNOTS ( 'NONE', 3,
 ( #498, #6897, #6797, #9963, #6115, #2854 ),
 .UNSPECIFIED., .F., .F.,
 ( 4, 2, 4 ),
 ( 0.0000000000000000000, 0.5443967235616410383, 1.000000000000000000 ),
 .UNSPECIFIED. ) ;
#5990 = DIRECTION ( 'NONE',  ( -5.152643988049919983E-16, 0.0000000000000000000, -1.000000000000000000 ) ) ;
#5991 = LINE ( 'NONE', #5208, #7085 ) ;
#5992 = FILL_AREA_STYLE ('',( #2925 ) ) ;
#5993 = ORIENTED_EDGE ( 'NONE', *, *, #2935, .F. ) ;
#5994 = ORIENTED_EDGE ( 'NONE', *, *, #1804, .T. ) ;
#5995 = SURFACE_SIDE_STYLE ('',( #9083 ) ) ;
#5996 = EDGE_CURVE ( 'NONE', #760, #5479, #4896, .T. ) ;
#5997 = EDGE_LOOP ( 'NONE', ( #5334, #8586 ) ) ;
#5998 = EDGE_CURVE ( 'NONE', #7727, #10028, #2325, .T. ) ;
#5999 = CARTESIAN_POINT ( 'NONE',  ( -3.890407047718352551, 6.616355096402057434, 5.194015168276952643 ) ) ;
#6000 = DIRECTION ( 'NONE',  ( 5.152643988049929844E-16, 0.0000000000000000000, 1.000000000000000000 ) ) ;
#6001 = SURFACE_STYLE_FILL_AREA ( #6876 ) ;
#6002 = VERTEX_POINT ( 'NONE', #4102 ) ;
#6003 = AXIS2_PLACEMENT_3D ( 'NONE', #10045, #5215, #5948 ) ;
#6004 = FILL_AREA_STYLE_COLOUR ( '', #1165 ) ;
#6005 = CARTESIAN_POINT ( 'NONE',  ( 3.856009966283758583, 4.650000000000010125, 9.500000000000000000 ) ) ;
#6006 = EDGE_CURVE ( 'NONE', #1340, #7950, #3799, .T. ) ;
#6007 = CARTESIAN_POINT ( 'NONE',  ( -0.7941218047998710450, 6.087585864700089999, 5.702659885757030089 ) ) ;
#6008 = VERTEX_POINT ( 'NONE', #213 ) ;
#6009 = VECTOR ( 'NONE', #5285, 1000.000000000000000 ) ;
#6010 = EDGE_CURVE ( 'NONE', #9081, #3685, #1119, .T. ) ;
#6011 =( NAMED_UNIT ( * ) SI_UNIT ( $, .STERADIAN. ) SOLID_ANGLE_UNIT ( ) );
#6012 = DIRECTION ( 'NONE',  ( 5.152643988049929844E-16, 0.0000000000000000000, 1.000000000000000000 ) ) ;
#6013 = AXIS2_PLACEMENT_3D ( 'NONE', #676, #5377, #7662 ) ;
#6014 = DIRECTION ( 'NONE',  ( 0.0000000000000000000, 0.0000000000000000000, -1.000000000000000000 ) ) ;
#6015 = DIRECTION ( 'NONE',  ( 0.0000000000000000000, -1.000000000000000000, -3.965082230804152702E-15 ) ) ;
#6016 = ORIENTED_EDGE ( 'NONE', *, *, #8475, .F. ) ;
#6017 = CARTESIAN_POINT ( 'NONE',  ( -0.2500000000000000000, 7.750000000000000000, 0.4500000000000020095 ) ) ;
#6018 = ORIENTED_EDGE ( 'NONE', *, *, #2549, .F. ) ;
#6019 = VECTOR ( 'NONE', #10090, 1000.000000000000000 ) ;
#6020 = CIRCLE ( 'NONE', #4863, 1.613267899285889984 ) ;
#6021 = EDGE_CURVE ( 'NONE', #206, #7552, #3579, .T. ) ;
#6022 = ADVANCED_FACE ( 'NONE', ( #8284 ), #9925, .T. ) ;
#6023 = CARTESIAN_POINT ( 'NONE',  ( 7.500000000000000000, 4.250000000000009770, 9.500000000000000000 ) ) ;
#6024 = LINE ( 'NONE', #7632, #1489 ) ;
#6025 = CARTESIAN_POINT ( 'NONE',  ( 10.00000000000000000, 1.550000000000000266, 6.200000000000001066 ) ) ;
#6026 = ORIENTED_EDGE ( 'NONE', *, *, #6974, .F. ) ;
#6027 = DIRECTION ( 'NONE',  ( -1.000000000000000000, 0.0000000000000000000, -3.641714079092569968E-16 ) ) ;
#6028 = ORIENTED_EDGE ( 'NONE', *, *, #6843, .T. ) ;
#6029 = ORIENTED_EDGE ( 'NONE', *, *, #5039, .T. ) ;
#6030 = DIRECTION ( 'NONE',  ( -0.2722442098535290400, 0.0000000000000000000, -0.9622281902964742173 ) ) ;
#6031 = FACE_OUTER_BOUND ( 'NONE', #7989, .T. ) ;
#6032 = COLOUR_RGB ( '',0.2862745098039215508, 0.6431372549019607199, 0.8666666666666666963 ) ;
#6033 = B_SPLINE_CURVE_WITH_KNOTS ( 'NONE', 3,
 ( #2141, #6342, #856, #960 ),
 .UNSPECIFIED., .F., .F.,
 ( 4, 4 ),
 ( 0.0000000000000000000, 0.0001440220723645887655 ),
 .UNSPECIFIED. ) ;
#6034 = EDGE_CURVE ( 'NONE', #2261, #5279, #9215, .T. ) ;
#6035 = PRESENTATION_STYLE_ASSIGNMENT (( #7796 ) ) ;
#6036 = DIRECTION ( 'NONE',  ( 0.0000000000000000000, -1.000000000000000000, 0.0000000000000000000 ) ) ;
#6037 = STYLED_ITEM ( 'NONE', ( #3141 ), #9396 ) ;
#6038 = ORIENTED_EDGE ( 'NONE', *, *, #8566, .F. ) ;
#6039 = EDGE_LOOP ( 'NONE', ( #3821, #7646, #2353, #3159 ) ) ;
#6040 = CARTESIAN_POINT ( 'NONE',  ( -3.924099116621577288, 6.560463200155847829, 5.313097438219579693 ) ) ;
#6041 = DIRECTION ( 'NONE',  ( -1.000000000000000000, -5.580452358381269806E-16, 0.0000000000000000000 ) ) ;
#6042 = VECTOR ( 'NONE', #4263, 1000.000000000000000 ) ;
#6043 = EDGE_LOOP ( 'NONE', ( #1505, #7854 ) ) ;
#6044 = CARTESIAN_POINT ( 'NONE',  ( 5.937107388568627186, 3.850000000000009415, 9.314249409997643170 ) ) ;
#6045 = DIRECTION ( 'NONE',  ( -1.000000000000000000, 0.0000000000000000000, 0.0000000000000000000 ) ) ;
#6046 = SURFACE_STYLE_FILL_AREA ( #9185 ) ;
#6047 = AXIS2_PLACEMENT_3D ( 'NONE', #5396, #4563, #700 ) ;
#6048 = FILL_AREA_STYLE ('',( #5419 ) ) ;
#6049 = COLOUR_RGB ( '',0.2862745098039215508, 0.6431372549019607199, 0.8666666666666666963 ) ;
#6050 = EDGE_CURVE ( 'NONE', #6300, #7452, #1170, .T. ) ;
#6051 = AXIS2_PLACEMENT_3D ( 'NONE', #9041, #9654, #294 ) ;
#6052 = EDGE_LOOP ( 'NONE', ( #3113, #7292, #5680, #3016 ) ) ;
#6053 = DIRECTION ( 'NONE',  ( 0.0000000000000000000, -1.000000000000000000, -3.965082230804152702E-15 ) ) ;
#6054 = PRESENTATION_LAYER_ASSIGNMENT (  '', '', ( #1263 ) ) ;
#6055 = CARTESIAN_POINT ( 'NONE',  ( 9.059107220649993408, 4.650000000000011013, 9.365590064580585405 ) ) ;
#6056 = FILL_AREA_STYLE_COLOUR ( '', #3036 ) ;
#6057 = VECTOR ( 'NONE', #6613, 1000.000000000000000 ) ;
#6058 = ORIENTED_EDGE ( 'NONE', *, *, #7889, .F. ) ;
#6059 = AXIS2_PLACEMENT_3D ( 'NONE', #8973, #6619, #8248 ) ;
#6060 = FACE_OUTER_BOUND ( 'NONE', #2059, .T. ) ;
#6061 = DIRECTION ( 'NONE',  ( -1.000000000000000000, 0.0000000000000000000, 3.641714079092569968E-16 ) ) ;
#6062 = TOROIDAL_SURFACE ( 'NONE', #5895, 1.413776159319739989, 0.2000000000000000111 ) ;
#6063 = EDGE_CURVE ( 'NONE', #6418, #3780, #2840, .T. ) ;
#6064 = EDGE_CURVE ( 'NONE', #2499, #263, #4359, .T. ) ;
#6065 = PRESENTATION_LAYER_ASSIGNMENT (  '', '', ( #7722 ) ) ;
#6066 = STYLED_ITEM ( 'NONE', ( #7000 ), #1136 ) ;
#6067 = DIRECTION ( 'NONE',  ( 0.0000000000000000000, -1.000000000000000000, 0.0000000000000000000 ) ) ;
#6068 = FACE_OUTER_BOUND ( 'NONE', #3126, .T. ) ;
#6069 = UNCERTAINTY_MEASURE_WITH_UNIT (LENGTH_MEASURE( 1.000000000000000082E-05 ), #5832, 'distance_accuracy_value', 'NONE');
#6070 = CARTESIAN_POINT ( 'NONE',  ( 9.199999999999999289, 3.850000000000010303, 8.800000000000000711 ) ) ;
#6071 = CARTESIAN_POINT ( 'NONE',  ( 1.143990033716241861, 4.650000000000010125, 9.500000000000010658 ) ) ;
#6072 = ORIENTED_EDGE ( 'NONE', *, *, #8832, .T. ) ;
#6073 = CARTESIAN_POINT ( 'NONE',  ( 6.023102752130522042, 6.379062758813174305, 5.679065084668720509 ) ) ;
#6074 = DIRECTION ( 'NONE',  ( 0.0000000000000000000, 0.0000000000000000000, 1.000000000000000000 ) ) ;
#6075 = AXIS2_PLACEMENT_3D ( 'NONE', #6898, #8466, #2953 ) ;
#6076 = VERTEX_POINT ( 'NONE', #6222 ) ;
#6077 = UNCERTAINTY_MEASURE_WITH_UNIT (LENGTH_MEASURE( 1.000000000000000082E-05 ), #9920, 'distance_accuracy_value', 'NONE');
#6078 =( NAMED_UNIT ( * ) SI_UNIT ( $, .STERADIAN. ) SOLID_ANGLE_UNIT ( ) );
#6079 = CARTESIAN_POINT ( 'NONE',  ( 9.550000000000000711, 7.250000000000000000, 5.700000000000000178 ) ) ;
#6080 = CARTESIAN_POINT ( 'NONE',  ( 15.00000000000000000, 0.6500000000000001332, 6.388051065821461094 ) ) ;
#6081 = FILL_AREA_STYLE ('',( #2865 ) ) ;
#6082 = VERTEX_POINT ( 'NONE', #9403 ) ;
#6083 = ORIENTED_EDGE ( 'NONE', *, *, #8387, .F. ) ;
#6084 = EDGE_CURVE ( 'NONE', #6123, #6762, #8618, .T. ) ;
#6085 = ORIENTED_EDGE ( 'NONE', *, *, #5296, .T. ) ;
#6086 = DIRECTION ( 'NONE',  ( 0.0000000000000000000, 0.0000000000000000000, -1.000000000000000000 ) ) ;
#6087 = DIRECTION ( 'NONE',  ( -1.000000000000000000, -5.580452358381269806E-16, 0.0000000000000000000 ) ) ;
#6088 = PRODUCT_DEFINITION_FORMATION_WITH_SPECIFIED_SOURCE ( 'ANY', '', #4331, .NOT_KNOWN. ) ;
#6089 = DIRECTION ( 'NONE',  ( -5.152643988049929844E-16, 0.0000000000000000000, -1.000000000000000000 ) ) ;
#6090 = ORIENTED_EDGE ( 'NONE', *, *, #7790, .F. ) ;
#6091 = EDGE_LOOP ( 'NONE', ( #1353, #6847, #7811, #6789 ) ) ;
#6092 = CARTESIAN_POINT ( 'NONE',  ( 8.875649002070730376, 6.820490948317419644, 5.141853884246479822 ) ) ;
#6093 = PRESENTATION_LAYER_ASSIGNMENT (  '', '', ( #2118 ) ) ;
#6094 =( NAMED_UNIT ( * ) PLANE_ANGLE_UNIT ( ) SI_UNIT ( $, .RADIAN. ) );
#6095 = ORIENTED_EDGE ( 'NONE', *, *, #9498, .F. ) ;
#6096 = CARTESIAN_POINT ( 'NONE',  ( 6.143990033716241861, 3.850000000000008527, 9.500000000000000000 ) ) ;
#6097 = EDGE_CURVE ( 'NONE', #3474, #1499, #9656, .T. ) ;
#6098 = CARTESIAN_POINT ( 'NONE',  ( 0.0000000000000000000, 7.750000000000000000, 6.500000000000009770 ) ) ;
#6099 = CARTESIAN_POINT ( 'NONE',  ( -5.000000000000000000, 0.0000000000000000000, 0.0000000000000000000 ) ) ;
#6100 = VECTOR ( 'NONE', #1179, 1000.000000000000000 ) ;
#6101 = CARTESIAN_POINT ( 'NONE',  ( 8.924099116621576400, 6.560463200155850494, 5.313097438219570812 ) ) ;
#6102 = ORIENTED_EDGE ( 'NONE', *, *, #5877, .F. ) ;
#6103 =( BOUNDED_CURVE ( )  B_SPLINE_CURVE ( 3, ( #3929, #2387, #4827, #7253 ),
 .UNSPECIFIED., .F., .T. ) 
 B_SPLINE_CURVE_WITH_KNOTS ( ( 4, 4 ),
 ( 4.150549750469691546, 4.642575810304920836 ),
 .UNSPECIFIED. ) 
 CURVE ( )  GEOMETRIC_REPRESENTATION_ITEM ( )  RATIONAL_B_SPLINE_CURVE ( ( 1.000000000000000000, 0.9799274069394408038, 0.9799274069394408038, 1.000000000000000000 ) ) 
 REPRESENTATION_ITEM ( '' )  );
#6104 = CARTESIAN_POINT ( 'NONE',  ( 9.206355740440962165, 6.087469401107320266, 5.606250910350270011 ) ) ;
#6105 = DIRECTION ( 'NONE',  ( 0.0000000000000000000, 0.0000000000000000000, 1.000000000000000000 ) ) ;
#6106 = CARTESIAN_POINT ( 'NONE',  ( 0.9371073885687776217, 4.650000000000010125, 9.314249409997570339 ) ) ;
#6107 = AXIS2_PLACEMENT_3D ( 'NONE', #1267, #505, #4558 ) ;
#6108 = ADVANCED_FACE ( 'NONE', ( #9068 ), #6639, .T. ) ;
#6109 = ORIENTED_EDGE ( 'NONE', *, *, #6484, .T. ) ;
#6110 = DIRECTION ( 'NONE',  ( 1.000000000000000000, -1.224646799147353207E-16, 0.0000000000000000000 ) ) ;
#6111 = CARTESIAN_POINT ( 'NONE',  ( 6.450000000000000178, 5.950000000000040146, 3.291739462922410375 ) ) ;
#6112 = VECTOR ( 'NONE', #6584, 1000.000000000000000 ) ;
#6113 = SURFACE_STYLE_USAGE ( .BOTH. , #6162 ) ;
#6114 = CARTESIAN_POINT ( 'NONE',  ( 4.500000000000000888, 6.370920840910899940, 3.569044486294639995 ) ) ;
#6115 = CARTESIAN_POINT ( 'NONE',  ( -0.9313491852424810036, 3.850000000000010303, 9.236151811976082371 ) ) ;
#6116 = CARTESIAN_POINT ( 'NONE',  ( 0.9371073885687779548, 4.650000000000010125, 9.314249409997584550 ) ) ;
#6117 = EDGE_CURVE ( 'NONE', #1142, #1697, #1670, .T. ) ;
#6118 = ORIENTED_EDGE ( 'NONE', *, *, #9539, .F. ) ;
#6119 = DIRECTION ( 'NONE',  ( -1.000000000000000000, 0.0000000000000000000, 0.0000000000000000000 ) ) ;
#6121 = EDGE_CURVE ( 'NONE', #5454, #7376, #2714, .T. ) ;
#6120 = CARTESIAN_POINT ( 'NONE',  ( 1.449999999999999956, 6.301461569844129862, 3.962967587499520050 ) ) ;
#6122 = VECTOR ( 'NONE', #7344, 1000.000000000000000 ) ;
#6123 = VERTEX_POINT ( 'NONE', #6708 ) ;
#6124 = FACE_OUTER_BOUND ( 'NONE', #521, .T. ) ;
#6125 = DIRECTION ( 'NONE',  ( 0.0000000000000000000, 0.0000000000000000000, 1.000000000000000000 ) ) ;
#6126 = CIRCLE ( 'NONE', #7282, 1.599999999999999867 ) ;
#6127 = CARTESIAN_POINT ( 'NONE',  ( 5.940889099879663959, 4.650000000000010125, 9.365540160508118106 ) ) ;
#6128 = PRESENTATION_STYLE_ASSIGNMENT (( #7633 ) ) ;
#6129 = ORIENTED_EDGE ( 'NONE', *, *, #8862, .T. ) ;
#6130 = EDGE_LOOP ( 'NONE', ( #8128, #4434, #5816, #8908 ) ) ;
#6131 = AXIS2_PLACEMENT_3D ( 'NONE', #5335, #7776, #688 ) ;
#6132 = ORIENTED_EDGE ( 'NONE', *, *, #4679, .F. ) ;
#6133 = DIRECTION ( 'NONE',  ( 0.0000000000000000000, 0.0000000000000000000, -1.000000000000000000 ) ) ;
#6134 = PRESENTATION_LAYER_ASSIGNMENT (  '', '', ( #2312 ) ) ;
#6135 = DIRECTION ( 'NONE',  ( 1.000000000000000000, 0.0000000000000000000, -5.152643988049919983E-16 ) ) ;
#6136 = SURFACE_SIDE_STYLE ('',( #8439 ) ) ;
#6137 = DIRECTION ( 'NONE',  ( 0.0000000000000000000, 1.000000000000000000, 0.0000000000000000000 ) ) ;
#6138 = ORIENTED_EDGE ( 'NONE', *, *, #7313, .F. ) ;
#6139 = PRODUCT_DEFINITION ( 'UNKNOWN', '', #6088, #9412 ) ;
#6140 = EDGE_CURVE ( 'NONE', #2012, #6002, #9878, .T. ) ;
#6141 = AXIS2_PLACEMENT_3D ( 'NONE', #2260, #6150, #2152 ) ;
#6142 = LINE ( 'NONE', #1287, #5898 ) ;
#6143 = DIRECTION ( 'NONE',  ( 1.000000000000000000, 0.0000000000000000000, 0.0000000000000000000 ) ) ;
#6144 = VERTEX_POINT ( 'NONE', #7538 ) ;
#6145 = CARTESIAN_POINT ( 'NONE',  ( 2.500000000000000000, 5.850000000000009415, 9.500000000000000000 ) ) ;
#6146 = CARTESIAN_POINT ( 'NONE',  ( 6.042213446764645113, 3.850000000000008971, 9.481490714224461769 ) ) ;
#6147 = DIRECTION ( 'NONE',  ( 0.0000000000000000000, 0.0000000000000000000, -1.000000000000000000 ) ) ;
#6148 = SURFACE_STYLE_FILL_AREA ( #6978 ) ;
#6149 = CARTESIAN_POINT ( 'NONE',  ( 10.00000000000000000, 7.750000000000000000, 6.500000000000000888 ) ) ;
#6150 = DIRECTION ( 'NONE',  ( 2.232180943352509796E-16, -1.000000000000000000, 0.0000000000000000000 ) ) ;
#6151 = ORIENTED_EDGE ( 'NONE', *, *, #8724, .T. ) ;
#6152 = ADVANCED_FACE ( 'NONE', ( #464 ), #8040, .F. ) ;
#6153 = DIRECTION ( 'NONE',  ( -1.000000000000000000, 0.0000000000000000000, 0.0000000000000000000 ) ) ;
#6154 = AXIS2_PLACEMENT_3D ( 'NONE', #3149, #6324, #9503 ) ;
#6155 =( NAMED_UNIT ( * ) PLANE_ANGLE_UNIT ( ) SI_UNIT ( $, .RADIAN. ) );
#6156 = DIRECTION ( 'NONE',  ( 1.000000000000000000, 0.0000000000000000000, 0.0000000000000000000 ) ) ;
#6157 = ORIENTED_EDGE ( 'NONE', *, *, #2189, .F. ) ;
#6158 = FILL_AREA_STYLE ('',( #4594 ) ) ;
#6159 = SURFACE_STYLE_USAGE ( .BOTH. , #3000 ) ;
#6160 = DIRECTION ( 'NONE',  ( 0.0000000000000000000, 0.0000000000000000000, -1.000000000000000000 ) ) ;
#6161 = EDGE_CURVE ( 'NONE', #9785, #9391, #6477, .T. ) ;
#6162 = SURFACE_SIDE_STYLE ('',( #6743 ) ) ;
#6163 = CARTESIAN_POINT ( 'NONE',  ( 4.074407072548710040, 3.850000000000010303, 9.158054070484210385 ) ) ;
#6164 = STYLED_ITEM ( 'NONE', ( #6478 ), #6609 ) ;
#6165 = CARTESIAN_POINT ( 'NONE',  ( 4.500000000000000888, 6.900000000000019895, 4.004821471746000228 ) ) ;
#6166 = CARTESIAN_POINT ( 'NONE',  ( -0.5000000000000000000, 6.900000000000019895, 4.004821471746000228 ) ) ;
#6167 = ORIENTED_EDGE ( 'NONE', *, *, #7002, .F. ) ;
#6168 = CYLINDRICAL_SURFACE ( 'NONE', #3797, 0.5999999999999998668 ) ;
#6169 = DIRECTION ( 'NONE',  ( 0.0000000000000000000, 0.0000000000000000000, 1.000000000000000000 ) ) ;
#6170 = VERTEX_POINT ( 'NONE', #6423 ) ;
#6171 = UNCERTAINTY_MEASURE_WITH_UNIT (LENGTH_MEASURE( 1.000000000000000082E-05 ), #423, 'distance_accuracy_value', 'NONE');
#6172 = VECTOR ( 'NONE', #6489, 1000.000000000000000 ) ;
#6173 = EDGE_CURVE ( 'NONE', #7937, #9196, #7882, .T. ) ;
#6174 = DIRECTION ( 'NONE',  ( 0.0000000000000000000, 0.0000000000000000000, 1.000000000000000000 ) ) ;
#6175 =( NAMED_UNIT ( * ) PLANE_ANGLE_UNIT ( ) SI_UNIT ( $, .RADIAN. ) );
#6176 = UNCERTAINTY_MEASURE_WITH_UNIT (LENGTH_MEASURE( 1.000000000000000082E-05 ), #7323, 'distance_accuracy_value', 'NONE');
#6177 = LINE ( 'NONE', #8580, #7385 ) ;
#6178 = LINE ( 'NONE', #5451, #10185 ) ;
#6179 = LINE ( 'NONE', #9365, #3395 ) ;
#6180 =( BOUNDED_CURVE ( )  B_SPLINE_CURVE ( 3, ( #1441, #6934, #7510, #437 ),
 .UNSPECIFIED., .F., .T. ) 
 B_SPLINE_CURVE_WITH_KNOTS ( ( 4, 4 ),
 ( 4.758910074651783617, 4.782202150464470058 ),
 .UNSPECIFIED. ) 
 CURVE ( )  GEOMETRIC_REPRESENTATION_ITEM ( )  RATIONAL_B_SPLINE_CURVE ( ( 1.000000000000000000, 0.9999547904446798308, 0.9999547904446798308, 1.000000000000000000 ) ) 
 REPRESENTATION_ITEM ( '' )  );
#6181 = ORIENTED_EDGE ( 'NONE', *, *, #8640, .F. ) ;
#6182 = DIRECTION ( 'NONE',  ( 0.0000000000000000000, 0.0000000000000000000, -1.000000000000000000 ) ) ;
#6183 = EDGE_LOOP ( 'NONE', ( #2521, #6713, #8341, #3118 ) ) ;
#6184 = TOROIDAL_SURFACE ( 'NONE', #2543, 1.600000000000000089, 0.1000000000000000056 ) ;
#6185 = VERTEX_POINT ( 'NONE', #35 ) ;
#6186 = DIRECTION ( 'NONE',  ( 0.0000000000000000000, 1.000000000000000000, 0.0000000000000000000 ) ) ;
#6187 = STYLED_ITEM ( 'NONE', ( #6557 ), #8701 ) ;
#6188 = DIRECTION ( 'NONE',  ( -6.323770134184271214E-17, -0.9848077530122081313, -0.1736481776669300259 ) ) ;
#6189 = EDGE_CURVE ( 'NONE', #9203, #6704, #7799, .T. ) ;
#6190 = FILL_AREA_STYLE_COLOUR ( '', #6769 ) ;
#6191 = EDGE_CURVE ( 'NONE', #6185, #7849, #5491, .T. ) ;
#6192 = LINE ( 'NONE', #2243, #6893 ) ;
#6193 = ORIENTED_EDGE ( 'NONE', *, *, #2274, .F. ) ;
#6194 = AXIS2_PLACEMENT_3D ( 'NONE', #6492, #1866, #6441 ) ;
#6195 = CARTESIAN_POINT ( 'NONE',  ( 8.942559080254872228, 1.718879291340180027, 9.827925769509480602 ) ) ;
#6196 = DIRECTION ( 'NONE',  ( 0.0000000000000000000, 0.0000000000000000000, -1.000000000000000000 ) ) ;
#6197 = ORIENTED_EDGE ( 'NONE', *, *, #7733, .F. ) ;
#6198 = CARTESIAN_POINT ( 'NONE',  ( 0.4500000000000000666, 7.250000000000000000, 5.700000000000000178 ) ) ;
#6199 = CARTESIAN_POINT ( 'NONE',  ( 8.550000000000000711, 6.301461569844129862, 3.962967587499520050 ) ) ;
#6200 = LINE ( 'NONE', #3743, #3846 ) ;
#6201 = CYLINDRICAL_SURFACE ( 'NONE', #4070, 0.3999999999999993006 ) ;
#6202 =( NAMED_UNIT ( * ) PLANE_ANGLE_UNIT ( ) SI_UNIT ( $, .RADIAN. ) );
#6203 = AXIS2_PLACEMENT_3D ( 'NONE', #8950, #5667, #9576 ) ;
#6204 = CARTESIAN_POINT ( 'NONE',  ( 6.450000000000000178, 6.370920840910899940, 3.569044486294639995 ) ) ;
#6205 = EDGE_LOOP ( 'NONE', ( #3866, #2495, #273, #8071 ) ) ;
#6206 = DIRECTION ( 'NONE',  ( 0.0000000000000000000, 1.000000000000000000, 0.0000000000000000000 ) ) ;
#6207 = ORIENTED_EDGE ( 'NONE', *, *, #493, .F. ) ;
#6208 = PRESENTATION_STYLE_ASSIGNMENT (( #2112 ) ) ;
#6209 = LINE ( 'NONE', #2415, #8458 ) ;
#6210 = COLOUR_RGB ( '',0.2862745098039215508, 0.6431372549019607199, 0.8666666666666666963 ) ;
#6211 = SURFACE_STYLE_USAGE ( .BOTH. , #8359 ) ;
#6212 = ORIENTED_EDGE ( 'NONE', *, *, #3990, .F. ) ;
#6213 = LINE ( 'NONE', #2944, #9826 ) ;
#6214 = EDGE_CURVE ( 'NONE', #9811, #167, #8647, .T. ) ;
#6215 = LINE ( 'NONE', #1447, #586 ) ;
#6216 = EDGE_CURVE ( 'NONE', #8322, #2289, #735, .T. ) ;
#6217 = VECTOR ( 'NONE', #5990, 1000.000000000000000 ) ;
#6218 = PRESENTATION_LAYER_ASSIGNMENT (  '', '', ( #1098 ) ) ;
#6219 = CARTESIAN_POINT ( 'NONE',  ( -0.5000000000000000000, 6.405650476444289865, 3.372082935692199968 ) ) ;
#6220 = CIRCLE ( 'NONE', #4897, 0.2499999999999997780 ) ;
#6221 = DIRECTION ( 'NONE',  ( -0.8660254037843231334, 0.5000000000002000622, 0.0000000000000000000 ) ) ;
#6222 = CARTESIAN_POINT ( 'NONE',  ( 2.500000000000000000, 5.950000000000040146, 4.150000000000000355 ) ) ;
#6223 = DIRECTION ( 'NONE',  ( 1.000000000000000000, 0.0000000000000000000, 0.0000000000000000000 ) ) ;
#6224 = B_SPLINE_CURVE_WITH_KNOTS ( 'NONE', 3,
 ( #6679, #9092, #9847, #2744 ),
 .UNSPECIFIED., .F., .F.,
 ( 4, 4 ),
 ( 0.0000000000000000000, 0.0002372961508671606826 ),
 .UNSPECIFIED. ) ;
#6225 = ORIENTED_EDGE ( 'NONE', *, *, #4549, .F. ) ;
#6226 = CARTESIAN_POINT ( 'NONE',  ( 1.449999999999999956, 5.950000000000040146, 3.291739462922410375 ) ) ;
#6227 = FACE_BOUND ( 'NONE', #9397, .T. ) ;
#6228 =( GEOMETRIC_REPRESENTATION_CONTEXT ( 3 ) GLOBAL_UNCERTAINTY_ASSIGNED_CONTEXT ( ( #694 ) ) GLOBAL_UNIT_ASSIGNED_CONTEXT ( ( #742, #1405, #6907 ) ) REPRESENTATION_CONTEXT ( 'NONE', 'WORKASPACE' ) );
#6229 = ADVANCED_FACE ( 'NONE', ( #3147, #8673 ), #6321, .T. ) ;
#6230 = ORIENTED_EDGE ( 'NONE', *, *, #1546, .T. ) ;
#6231 = CARTESIAN_POINT ( 'NONE',  ( 3.856009966283758583, 4.650000000000010125, 9.500000000000010658 ) ) ;
#6232 = CARTESIAN_POINT ( 'NONE',  ( 1.449999999999999956, -1.462314593354880232, 3.990870176997169949 ) ) ;
#6233 = CARTESIAN_POINT ( 'NONE',  ( -3.549999999999999822, 6.405650476444289865, 3.372082935692199968 ) ) ;
#6234 = PRESENTATION_LAYER_ASSIGNMENT (  '', '', ( #1117 ) ) ;
#6235 = TOROIDAL_SURFACE ( 'NONE', #5565, 1.413776159319739989, 0.2000000000000000111 ) ;
#6236 = VERTEX_POINT ( 'NONE', #1540 ) ;
#6237 = DIRECTION ( 'NONE',  ( 1.000000000000000000, 0.0000000000000000000, -4.231032868236119855E-16 ) ) ;
#6238 = ORIENTED_EDGE ( 'NONE', *, *, #2092, .F. ) ;
#6239 = EDGE_CURVE ( 'NONE', #3242, #5753, #2377, .T. ) ;
#6240 = VERTEX_POINT ( 'NONE', #3971 ) ;
#6241 = CARTESIAN_POINT ( 'NONE',  ( -1.143990033716241639, 4.650000000000010125, 9.500000000000010658 ) ) ;
#6242 = PRESENTATION_LAYER_ASSIGNMENT (  '', '', ( #8746 ) ) ;
#6243 = SURFACE_STYLE_FILL_AREA ( #3784 ) ;
#6244 = ORIENTED_EDGE ( 'NONE', *, *, #8236, .T. ) ;
#6245 = CARTESIAN_POINT ( 'NONE',  ( 4.062892611431221823, 4.650000000000010125, 9.314249409997579221 ) ) ;
#6246 = DIRECTION ( 'NONE',  ( 1.000000000000000000, 2.232180943352509796E-16, 0.0000000000000000000 ) ) ;
#6247 = ORIENTED_EDGE ( 'NONE', *, *, #6657, .T. ) ;
#6248 = CARTESIAN_POINT ( 'NONE',  ( -4.093910474793799992, 4.650000000000010125, 8.893318922984189356 ) ) ;
#6249 = DIRECTION ( 'NONE',  ( 1.000000000000000000, 0.0000000000000000000, 3.641714079092569968E-16 ) ) ;
#6250 = COLOUR_RGB ( '',0.2862745098039215508, 0.6431372549019607199, 0.8666666666666666963 ) ;
#6251 = ADVANCED_FACE ( 'NONE', ( #7193 ), #1382, .F. ) ;
#6252 = ORIENTED_EDGE ( 'NONE', *, *, #7091, .F. ) ;
#6253 = DIRECTION ( 'NONE',  ( -1.000000000000000000, 0.0000000000000000000, 0.0000000000000000000 ) ) ;
#6254 = EDGE_CURVE ( 'NONE', #4792, #7577, #386, .T. ) ;
#6255 = FACE_OUTER_BOUND ( 'NONE', #2660, .T. ) ;
#6256 = ORIENTED_EDGE ( 'NONE', *, *, #4174, .F. ) ;
#6257 = CARTESIAN_POINT ( 'NONE',  ( 6.109592952281651002, 6.616355096402059210, 5.194015168276943761 ) ) ;
#6258 = CARTESIAN_POINT ( 'NONE',  ( 7.500000000000000000, 4.250000000000031086, -4.349999999999999645 ) ) ;
#6259 = DIRECTION ( 'NONE',  ( -1.000000000000000000, -5.580452358381269806E-16, 0.0000000000000000000 ) ) ;
#6260 = CARTESIAN_POINT ( 'NONE',  ( 0.4500000000000000666, 7.750000000000000000, 5.900000000000000355 ) ) ;
#6261 = ORIENTED_EDGE ( 'NONE', *, *, #6353, .T. ) ;
#6262 = CARTESIAN_POINT ( 'NONE',  ( -4.450000000000000178, 1.652376043070270084, 6.200000000000001066 ) ) ;
#6263 = DIRECTION ( 'NONE',  ( 0.0000000000000000000, 0.0000000000000000000, -1.000000000000000000 ) ) ;
#6264 = VECTOR ( 'NONE', #8571, 1000.000000000000000 ) ;
#6265 = CARTESIAN_POINT ( 'NONE',  ( 7.500000000000000000, 4.250000000000009770, 9.500000000000000000 ) ) ;
#6266 = FILL_AREA_STYLE ('',( #8616 ) ) ;
#6267 = ADVANCED_FACE ( 'NONE', ( #6255 ), #5368, .T. ) ;
#6268 = AXIS2_PLACEMENT_3D ( 'NONE', #3783, #2188, #10182 ) ;
#6269 = EDGE_CURVE ( 'NONE', #7389, #7552, #4644, .T. ) ;
#6270 = LINE ( 'NONE', #3189, #6502 ) ;
#6271 = CARTESIAN_POINT ( 'NONE',  ( 2.500000000000000000, 4.250000000000031086, -7.780492421955380190E-15 ) ) ;
#6272 = ORIENTED_EDGE ( 'NONE', *, *, #7454, .F. ) ;
#6273 = CARTESIAN_POINT ( 'NONE',  ( 8.970471856080228790, 6.144996693392779541, 5.536046900691029116 ) ) ;
#6274 = CARTESIAN_POINT ( 'NONE',  ( -1.449999999999999956, 5.950000000000040146, 3.291739462922410375 ) ) ;
#6275 = VERTEX_POINT ( 'NONE', #3798 ) ;
#6276 = MECHANICAL_DESIGN_GEOMETRIC_PRESENTATION_REPRESENTATION (  '', ( #6778 ), #5606 ) ;
#6277 = CARTESIAN_POINT ( 'NONE',  ( 1.043633278484559668, 6.148436649458580483, 5.454695900211619985 ) ) ;
#6278 = CARTESIAN_POINT ( 'NONE',  ( 3.958155913534195935, 6.384612859889001513, 5.465433459372714076 ) ) ;
#6280 = EDGE_CURVE ( 'NONE', #7552, #1976, #4584, .T. ) ;
#6279 = CARTESIAN_POINT ( 'NONE',  ( 0.4200000000000000400, 1.652376043070270084, 6.200000000000001066 ) ) ;
#6281 = AXIS2_PLACEMENT_3D ( 'NONE', #9658, #6638, #8206 ) ;
#6282 = VERTEX_POINT ( 'NONE', #6204 ) ;
#6283 =( BOUNDED_SURFACE ( )  B_SPLINE_SURFACE ( 3, 2, ( 
 ( #8063, #2398, #959 ),
 ( #9670, #7265, #3987 ),
 ( #8644, #209, #1512 ),
 ( #7161, #4675, #2708 ) ),
 .UNSPECIFIED., .F., .F., .F. ) 
 B_SPLINE_SURFACE_WITH_KNOTS ( ( 4, 4 ),
 ( 3, 3 ),
 ( 0.0000000000000000000, 1.000000000000000000 ),
 ( 0.0000000000000000000, 1.000000000000000000 ),
 .UNSPECIFIED. ) 
 GEOMETRIC_REPRESENTATION_ITEM ( )  RATIONAL_B_SPLINE_SURFACE ( (
 ( 1.000000000000000000, 0.7864262290810449807, 1.000000000000000000),
 ( 1.000000000000000000, 0.7864475206358839676, 1.000000000000000000),
 ( 1.000000000000000000, 0.7861047044588309607, 1.000000000000000000),
 ( 1.000000000000000000, 0.7854013101412880005, 1.000000000000000000) ) ) 
 REPRESENTATION_ITEM ( '' )  SURFACE ( )  );
#6284 = CYLINDRICAL_SURFACE ( 'NONE', #3597, 0.3999999999999993006 ) ;
#6285 = ORIENTED_EDGE ( 'NONE', *, *, #7618, .F. ) ;
#6286 = ORIENTED_EDGE ( 'NONE', *, *, #7415, .F. ) ;
#6287 = DIRECTION ( 'NONE',  ( -0.3713906763541040545, -0.9284766908852591927, 0.0000000000000000000 ) ) ;
#6288 = VERTEX_POINT ( 'NONE', #4640 ) ;
#6289 = AXIS2_PLACEMENT_3D ( 'NONE', #6463, #9790, #7391 ) ;
#6290 = DIRECTION ( 'NONE',  ( 0.8660254037844391517, 0.4999999999999990563, 0.0000000000000000000 ) ) ;
#6291 = PLANE ( 'NONE',  #6558 ) ;
#6292 = EDGE_LOOP ( 'NONE', ( #2481, #9985, #1928, #7590, #151, #6611, #3592, #2103 ) ) ;
#6293 = EDGE_CURVE ( 'NONE', #6970, #7846, #8473, .T. ) ;
#6294 = CARTESIAN_POINT ( 'NONE',  ( 0.4500000000000020095, 6.250000000000031086, 0.6500000000000040190 ) ) ;
#6295 = CARTESIAN_POINT ( 'NONE',  ( 6.005392207408168481, 6.250000000000030198, 5.499015461808848038 ) ) ;
#6296 = VERTEX_POINT ( 'NONE', #8315 ) ;
#6297 = SURFACE_STYLE_USAGE ( .BOTH. , #9676 ) ;
#6298 = CIRCLE ( 'NONE', #1014, 1.400000000000000133 ) ;
#6299 = STYLED_ITEM ( 'NONE', ( #6652 ), #4363 ) ;
#6300 = VERTEX_POINT ( 'NONE', #10097 ) ;
#6301 = CARTESIAN_POINT ( 'NONE',  ( 2.500000000000000000, 2.650000000000010125, 8.100000000000010303 ) ) ;
#6302 = LINE ( 'NONE', #5518, #8732 ) ;
#6303 = B_SPLINE_CURVE_WITH_KNOTS ( 'NONE', 3,
 ( #1030, #4170, #2783, #7336, #2733, #5949 ),
 .UNSPECIFIED., .F., .F.,
 ( 4, 2, 4 ),
 ( 4.718519602784598213E-16, 0.0001520665957078357251, 0.0003041331914151996054 ),
 .UNSPECIFIED. ) ;
#6304 = CARTESIAN_POINT ( 'NONE',  ( 0.2500000000000000000, 7.750000000000000000, 7.600149882373641713E-15 ) ) ;
#6305 = CARTESIAN_POINT ( 'NONE',  ( 8.856009966283759027, 3.850000000000010303, 9.500000000000000000 ) ) ;
#6306 = AXIS2_PLACEMENT_3D ( 'NONE', #2410, #922, #1633 ) ;
#6307 = EDGE_LOOP ( 'NONE', ( #5772, #6602, #3065, #204 ) ) ;
#6308 = MECHANICAL_DESIGN_GEOMETRIC_PRESENTATION_REPRESENTATION (  '', ( #5146 ), #9471 ) ;
#6309 = EDGE_CURVE ( 'NONE', #3307, #6660, #9390, .T. ) ;
#6310 = DIRECTION ( 'NONE',  ( 0.0000000000000000000, -0.1275217425395260284, 0.9918357753074259486 ) ) ;
#6312 = ORIENTED_EDGE ( 'NONE', *, *, #2634, .F. ) ;
#6311 = ADVANCED_FACE ( 'NONE', ( #9438 ), #9100, .T. ) ;
#6313 = CARTESIAN_POINT ( 'NONE',  ( 15.00000000000000000, 6.436102000195529804, 10.00000000000000000 ) ) ;
#6314 = FACE_OUTER_BOUND ( 'NONE', #3675, .T. ) ;
#6315 = CARTESIAN_POINT ( 'NONE',  ( 6.450000000000000178, 6.405650476444289865, 3.372082935692199968 ) ) ;
#6316 = EDGE_LOOP ( 'NONE', ( #6699, #1830, #8491, #4659 ) ) ;
#6317 = LINE ( 'NONE', #3093, #8182 ) ;
#6318 = ADVANCED_FACE ( 'NONE', ( #5316 ), #5132, .F. ) ;
#6319 =( NAMED_UNIT ( * ) SI_UNIT ( $, .STERADIAN. ) SOLID_ANGLE_UNIT ( ) );
#6320 = CARTESIAN_POINT ( 'NONE',  ( 6.447367575152527230, 6.900324961960823344, 4.000174299198464567 ) ) ;
#6321 = PLANE ( 'NONE',  #3970 ) ;
#6322 = FACE_OUTER_BOUND ( 'NONE', #2903, .T. ) ;
#6323 = EDGE_LOOP ( 'NONE', ( #4104, #923, #871, #8890, #1666, #9220 ) ) ;
#6324 = DIRECTION ( 'NONE',  ( 0.0000000000000000000, 0.0000000000000000000, -1.000000000000000000 ) ) ;
#6325 = CARTESIAN_POINT ( 'NONE',  ( 15.00000000000000000, 6.650000000000000355, 10.00000000000000000 ) ) ;
#6326 = VERTEX_POINT ( 'NONE', #9339 ) ;
#6327 = DIRECTION ( 'NONE',  ( -0.2716300227878299944, -0.06713375248915300075, 0.9600573889080840084 ) ) ;
#6328 = SHAPE_DEFINITION_REPRESENTATION ( #1845, #9704 ) ;
#6329 = PLANE ( 'NONE',  #8881 ) ;
#6330 = FACE_OUTER_BOUND ( 'NONE', #3524, .T. ) ;
#6331 = ORIENTED_EDGE ( 'NONE', *, *, #690, .F. ) ;
#6332 = CARTESIAN_POINT ( 'NONE',  ( 3.976897247608214503, 6.379062758811953060, 5.679065084669054464 ) ) ;
#6333 = ORIENTED_EDGE ( 'NONE', *, *, #5901, .T. ) ;
#6334 = ORIENTED_EDGE ( 'NONE', *, *, #9498, .T. ) ;
#6335 = CARTESIAN_POINT ( 'NONE',  ( 2.810606060606080092, 15.40151515151520023, 8.960606060606059131 ) ) ;
#6336 = AXIS2_PLACEMENT_3D ( 'NONE', #5236, #10067, #4601 ) ;
#6337 = ADVANCED_FACE ( 'NONE', ( #7707 ), #1022, .T. ) ;
#6338 = ORIENTED_EDGE ( 'NONE', *, *, #4271, .T. ) ;
#6339 = EDGE_CURVE ( 'NONE', #3472, #518, #6508, .T. ) ;
#6340 = PRESENTATION_LAYER_ASSIGNMENT (  '', '', ( #3344 ) ) ;
#6341 = CARTESIAN_POINT ( 'NONE',  ( 2.500000000000000000, 4.250000000000009770, 8.000000000000010658 ) ) ;
#6342 = CARTESIAN_POINT ( 'NONE',  ( -3.972673951185706986, 6.293418682409067877, 5.495963488081315518 ) ) ;
#6343 = ORIENTED_EDGE ( 'NONE', *, *, #2959, .F. ) ;
#6344 = PLANE ( 'NONE',  #2068 ) ;
#6345 = DIRECTION ( 'NONE',  ( 0.0000000000000000000, -1.000000000000000000, 0.0000000000000000000 ) ) ;
#6346 = CIRCLE ( 'NONE', #5350, 0.5000000000000004441 ) ;
#6347 = ORIENTED_EDGE ( 'NONE', *, *, #2948, .T. ) ;
#6348 = CARTESIAN_POINT ( 'NONE',  ( -2.500000000000000000, 5.950000000000040146, 2.750000000000000000 ) ) ;
#6349 = AXIS2_PLACEMENT_3D ( 'NONE', #4367, #7688, #5302 ) ;
#6350 = ORIENTED_EDGE ( 'NONE', *, *, #5970, .F. ) ;
#6351 = FACE_OUTER_BOUND ( 'NONE', #8023, .T. ) ;
#6352 = CARTESIAN_POINT ( 'NONE',  ( 3.908230602241415053, 6.595770259307301764, 5.257011279829166384 ) ) ;
#6353 = EDGE_CURVE ( 'NONE', #5057, #606, #1192, .T. ) ;
#6354 = VECTOR ( 'NONE', #2835, 1000.000000000000000 ) ;
#6355 = CARTESIAN_POINT ( 'NONE',  ( -4.062892611431222711, 4.650000000000010125, 9.314249409997580997 ) ) ;
#6356 = CIRCLE ( 'NONE', #6523, 1.400000000000000133 ) ;
#6357 = ORIENTED_EDGE ( 'NONE', *, *, #2850, .F. ) ;
#6358 = PLANE ( 'NONE',  #4806 ) ;
#6359 = VERTEX_POINT ( 'NONE', #8811 ) ;
#6360 = DIRECTION ( 'NONE',  ( 0.0000000000000000000, 0.0000000000000000000, 1.000000000000000000 ) ) ;
#6361 = DIRECTION ( 'NONE',  ( 0.0000000000000000000, 0.0000000000000000000, 1.000000000000000000 ) ) ;
#6362 = DIRECTION ( 'NONE',  ( 0.0000000000000000000, 0.0000000000000000000, 1.000000000000000000 ) ) ;
#6363 = CIRCLE ( 'NONE', #583, 1.400000000000000133 ) ;
#6364 = CARTESIAN_POINT ( 'NONE',  ( 2.000000000000000000, 4.250000000000031086, -7.780492421955380190E-15 ) ) ;
#6365 = ADVANCED_FACE ( 'NONE', ( #7175 ), #4747, .T. ) ;
#6366 = VERTEX_POINT ( 'NONE', #221 ) ;
#6367 =( NAMED_UNIT ( * ) SI_UNIT ( $, .STERADIAN. ) SOLID_ANGLE_UNIT ( ) );
#6368 =( NAMED_UNIT ( * ) PLANE_ANGLE_UNIT ( ) SI_UNIT ( $, .RADIAN. ) );
#6369 = FILL_AREA_STYLE ('',( #7140 ) ) ;
#6370 = DIRECTION ( 'NONE',  ( 0.0000000000000000000, 0.06975647374412512203, -0.9975640502598243087 ) ) ;
#6371 = EDGE_LOOP ( 'NONE', ( #2365, #8744, #974, #2137, #9163, #4047, #293, #1887 ) ) ;
#6372 = CARTESIAN_POINT ( 'NONE',  ( 2.500000000000000000, 6.250000000000031086, 4.150000000000000355 ) ) ;
#6373 = DIRECTION ( 'NONE',  ( 0.0000000000000000000, 0.0000000000000000000, -1.000000000000000000 ) ) ;
#6374 = ADVANCED_FACE ( 'NONE', ( #8760 ), #2529, .T. ) ;
#6375 = VERTEX_POINT ( 'NONE', #9487 ) ;
#6376 = EDGE_CURVE ( 'NONE', #302, #6144, #3647, .T. ) ;
#6377 = COLOUR_RGB ( '',0.2862745098039215508, 0.6431372549019607199, 0.8666666666666666963 ) ;
#6378 = CARTESIAN_POINT ( 'NONE',  ( 4.059107220649992520, 4.650000000000011013, 9.365590064580596064 ) ) ;
#6379 = SHAPE_DEFINITION_REPRESENTATION ( #8998, #10094 ) ;
#6380 = CARTESIAN_POINT ( 'NONE',  ( -0.5000000000000000000, 6.700487189948059807, 3.990870176997180607 ) ) ;
#6381 = VECTOR ( 'NONE', #2697, 1000.000000000000000 ) ;
#6382 = PRESENTATION_STYLE_ASSIGNMENT (( #4722 ) ) ;
#6383 = CYLINDRICAL_SURFACE ( 'NONE', #305, 0.5999999999999998668 ) ;
#6384 = ORIENTED_EDGE ( 'NONE', *, *, #3664, .T. ) ;
#6385 =( NAMED_UNIT ( * ) SI_UNIT ( $, .STERADIAN. ) SOLID_ANGLE_UNIT ( ) );
#6386 = VERTEX_POINT ( 'NONE', #6305 ) ;
#6387 = CIRCLE ( 'NONE', #6719, 1.599999999999999867 ) ;
#6388 = STYLED_ITEM ( 'NONE', ( #3910 ), #629 ) ;
#6389 = EDGE_LOOP ( 'NONE', ( #627, #1329, #3447, #2311, #9458, #10197, #1311, #1613 ) ) ;
#6390 = CARTESIAN_POINT ( 'NONE',  ( 10.50000000000000000, 0.6613248654051859798, 6.200000000000001066 ) ) ;
#6391 = EDGE_LOOP ( 'NONE', ( #482, #6029, #2457, #9472 ) ) ;
#6392 = AXIS2_PLACEMENT_3D ( 'NONE', #7217, #157, #4987 ) ;
#6393 = DIRECTION ( 'NONE',  ( 0.4999999999999990563, -0.8660254037844391517, 0.0000000000000000000 ) ) ;
#6394 = CARTESIAN_POINT ( 'NONE',  ( -4.450000000000000178, 1.652376043070270084, -5.152643988049929647E-15 ) ) ;
#6395 = ORIENTED_EDGE ( 'NONE', *, *, #9136, .F. ) ;
#6396 = VECTOR ( 'NONE', #5932, 1000.000000000000000 ) ;
#6397 = COLOUR_RGB ( '',0.2862745098039215508, 0.6431372549019607199, 0.8666666666666666963 ) ;
#6399 = ADVANCED_FACE ( 'NONE', ( #3174 ), #4063, .F. ) ;
#6398 = PLANE ( 'NONE',  #930 ) ;
#6400 = PLANE ( 'NONE',  #7119 ) ;
#6401 = EDGE_CURVE ( 'NONE', #1260, #10069, #3132, .T. ) ;
#6402 = ORIENTED_EDGE ( 'NONE', *, *, #6433, .F. ) ;
#6403 = ORIENTED_EDGE ( 'NONE', *, *, #8724, .F. ) ;
#6404 =( NAMED_UNIT ( * ) PLANE_ANGLE_UNIT ( ) SI_UNIT ( $, .RADIAN. ) );
#6405 = DIRECTION ( 'NONE',  ( 0.0000000000000000000, 1.000000000000000000, 0.0000000000000000000 ) ) ;
#6406 = CARTESIAN_POINT ( 'NONE',  ( -0.9980749316222581324, 6.250000000000079936, 5.573699898803360142 ) ) ;
#6407 = AXIS2_PLACEMENT_3D ( 'NONE', #6411, #6360, #7179 ) ;
#6408 = CARTESIAN_POINT ( 'NONE',  ( 3.986631417075507944, 6.290959454332121226, 5.697427312480225048 ) ) ;
#6409 = VERTEX_POINT ( 'NONE', #66 ) ;
#6410 = ORIENTED_EDGE ( 'NONE', *, *, #4083, .T. ) ;
#6411 = CARTESIAN_POINT ( 'NONE',  ( 7.500000000000000000, 4.250000000000009770, 9.500000000000000000 ) ) ;
#6412 = VECTOR ( 'NONE', #8072, 1000.000000000000000 ) ;
#6413 = EDGE_CURVE ( 'NONE', #1159, #6359, #819, .T. ) ;
#6414 = DIRECTION ( 'NONE',  ( -1.000000000000000000, -5.580452358381269806E-16, 0.0000000000000000000 ) ) ;
#6415 = CARTESIAN_POINT ( 'NONE',  ( 6.023102587141516473, 6.379062759268807170, 5.679065083714005091 ) ) ;
#6416 = FILL_AREA_STYLE_COLOUR ( '', #4705 ) ;
#6417 = STYLED_ITEM ( 'NONE', ( #6656 ), #2698 ) ;
#6418 = VERTEX_POINT ( 'NONE', #1735 ) ;
#6419 =( LENGTH_UNIT ( ) NAMED_UNIT ( * ) SI_UNIT ( .MILLI., .METRE. ) );
#6420 = SURFACE_STYLE_USAGE ( .BOTH. , #9547 ) ;
#6421 = EDGE_CURVE ( 'NONE', #4430, #1053, #8355, .T. ) ;
#6422 = PLANE ( 'NONE',  #8505 ) ;
#6423 = CARTESIAN_POINT ( 'NONE',  ( -2.500000000000000000, 5.863267899285899531, 9.314249409997589879 ) ) ;
#6424 =( GEOMETRIC_REPRESENTATION_CONTEXT ( 3 ) GLOBAL_UNCERTAINTY_ASSIGNED_CONTEXT ( ( #7159 ) ) GLOBAL_UNIT_ASSIGNED_CONTEXT ( ( #1157, #2552, #355 ) ) REPRESENTATION_CONTEXT ( 'NONE', 'WORKASPACE' ) );
#6425 = VERTEX_POINT ( 'NONE', #6355 ) ;
#6426 = CARTESIAN_POINT ( 'NONE',  ( 7.500000000000000000, 2.500000000000000444, 9.999999999999992895 ) ) ;
#6427 = CARTESIAN_POINT ( 'NONE',  ( -0.5000000000000000000, 6.900000000000019895, 4.004821471746000228 ) ) ;
#6428 = FACE_OUTER_BOUND ( 'NONE', #2048, .T. ) ;
#6429 = CIRCLE ( 'NONE', #1305, 0.5000000000000000000 ) ;
#6430 = CARTESIAN_POINT ( 'NONE',  ( 0.8013880889269699992, 6.089357963934170392, 5.509803114629500342 ) ) ;
#6431 = APPLICATION_PROTOCOL_DEFINITION ( 'draft international standard', 'automotive_design', 1998, #905 ) ;
#6432 = DIRECTION ( 'NONE',  ( 0.0000000000000000000, 1.000000000000000000, 0.0000000000000000000 ) ) ;
#6433 = EDGE_CURVE ( 'NONE', #490, #3467, #2570, .T. ) ;
#6434 = EDGE_CURVE ( 'NONE', #6425, #6170, #7821, .T. ) ;
#6435 = FACE_OUTER_BOUND ( 'NONE', #9430, .T. ) ;
#6436 = ORIENTED_EDGE ( 'NONE', *, *, #1986, .T. ) ;
#6437 = LINE ( 'NONE', #8834, #4013 ) ;
#6438 = CARTESIAN_POINT ( 'NONE',  ( 5.799999999999999822, 3.850000000000010303, 8.800000000000000711 ) ) ;
#6439 = ORIENTED_EDGE ( 'NONE', *, *, #7116, .T. ) ;
#6440 = ORIENTED_EDGE ( 'NONE', *, *, #4317, .F. ) ;
#6441 = DIRECTION ( 'NONE',  ( -1.000000000000000000, 0.0000000000000000000, 0.0000000000000000000 ) ) ;
#6442 = ORIENTED_EDGE ( 'NONE', *, *, #4933, .T. ) ;
#6443 = UNCERTAINTY_MEASURE_WITH_UNIT (LENGTH_MEASURE( 1.000000000000000082E-05 ), #3107, 'distance_accuracy_value', 'NONE');
#6444 = CARTESIAN_POINT ( 'NONE',  ( -4.198611911073030001, 6.089357963934170392, 5.509803114629500342 ) ) ;
#6445 = DIRECTION ( 'NONE',  ( 0.0000000000000000000, 1.000000000000000000, 0.0000000000000000000 ) ) ;
#6446 = ORIENTED_EDGE ( 'NONE', *, *, #9607, .F. ) ;
#6447 =( GEOMETRIC_REPRESENTATION_CONTEXT ( 3 ) GLOBAL_UNCERTAINTY_ASSIGNED_CONTEXT ( ( #1672 ) ) GLOBAL_UNIT_ASSIGNED_CONTEXT ( ( #4288, #9101, #7353 ) ) REPRESENTATION_CONTEXT ( 'NONE', 'WORKASPACE' ) );
#6448 = DIRECTION ( 'NONE',  ( -3.614007241618348771E-16, 0.0000000000000000000, -1.000000000000000000 ) ) ;
#6449 = CARTESIAN_POINT ( 'NONE',  ( 4.087037305134390230, 4.650000000000010125, 8.986637655680240755 ) ) ;
#6450 = CARTESIAN_POINT ( 'NONE',  ( 3.976625426533419105, 6.471519187295015740, 5.653980163196915321 ) ) ;
#6451 = VERTEX_POINT ( 'NONE', #971 ) ;
#6452 = CARTESIAN_POINT ( 'NONE',  ( -2.250000000000000444, 4.250000000000031086, -4.349999999999999645 ) ) ;
#6453 = ORIENTED_EDGE ( 'NONE', *, *, #4244, .T. ) ;
#6454 = CARTESIAN_POINT ( 'NONE',  ( 2.500000000000000000, 5.949999999885354995, 8.099999999999999645 ) ) ;
#6455 = FACE_OUTER_BOUND ( 'NONE', #1820, .T. ) ;
#6456 = AXIS2_PLACEMENT_3D ( 'NONE', #8196, #2533, #1754 ) ;
#6457 = VECTOR ( 'NONE', #6932, 1000.000000000000000 ) ;
#6458 = EDGE_CURVE ( 'NONE', #9779, #3018, #4110, .T. ) ;
#6459 = DIRECTION ( 'NONE',  ( 0.0000000000000000000, -1.000000000000000000, 0.0000000000000000000 ) ) ;
#6460 = VERTEX_POINT ( 'NONE', #3901 ) ;
#6461 = ORIENTED_EDGE ( 'NONE', *, *, #7815, .T. ) ;
#6462 = CARTESIAN_POINT ( 'NONE',  ( 9.182760555148929527, 6.093223787951091097, 5.414712066094880427 ) ) ;
#6463 = CARTESIAN_POINT ( 'NONE',  ( 2.500000000000000000, 4.250000000000009770, 8.100000000000010303 ) ) ;
#6464 = DIRECTION ( 'NONE',  ( -3.641714079092569968E-16, 0.0000000000000000000, -1.000000000000000000 ) ) ;
#6465 = B_SPLINE_CURVE_WITH_KNOTS ( 'NONE', 3,
 ( #10190, #6248, #9093, #5362, #2745, #5910 ),
 .UNSPECIFIED., .F., .F.,
 ( 4, 2, 4 ),
 ( 0.0000000000000000000, 0.5443967235633909718, 1.000000000000000000 ),
 .UNSPECIFIED. ) ;
#6466 = DIRECTION ( 'NONE',  ( 0.0000000000000000000, 1.000000000000000000, 0.0000000000000000000 ) ) ;
#6467 = PRESENTATION_STYLE_ASSIGNMENT (( #830 ) ) ;
#6468 = STYLED_ITEM ( 'NONE', ( #6811 ), #6022 ) ;
#6469 = EDGE_CURVE ( 'NONE', #6170, #5351, #3173, .T. ) ;
#6470 = VECTOR ( 'NONE', #4760, 1000.000000000000000 ) ;
#6471 = ADVANCED_FACE ( 'NONE', ( #5332 ), #7773, .T. ) ;
#6472 = ORIENTED_EDGE ( 'NONE', *, *, #2125, .F. ) ;
#6473 = CARTESIAN_POINT ( 'NONE',  ( 8.924099116621576400, 6.782835288287570208, 5.313097438219570812 ) ) ;
#6474 = LINE ( 'NONE', #2337, #9717 ) ;
#6475 = AXIS2_PLACEMENT_3D ( 'NONE', #4081, #7300, #9605 ) ;
#6476 = DIRECTION ( 'NONE',  ( -1.000000000000000000, 0.0000000000000000000, 0.0000000000000000000 ) ) ;
#6477 = CIRCLE ( 'NONE', #9478, 0.5000000000000000000 ) ;
#6478 = PRESENTATION_STYLE_ASSIGNMENT (( #1701 ) ) ;
#6479 = FILL_AREA_STYLE_COLOUR ( '', #3408 ) ;
#6480 = EDGE_LOOP ( 'NONE', ( #9275, #1401, #9164, #4521 ) ) ;
#6481 = CARTESIAN_POINT ( 'NONE',  ( 6.041844085658512498, 6.384612859941942276, 5.465433459296741958 ) ) ;
#6482 = CARTESIAN_POINT ( 'NONE',  ( 4.500000000000000888, 6.900000000000019895, 4.004821471746000228 ) ) ;
#6483 = SURFACE_SIDE_STYLE ('',( #8828 ) ) ;
#6484 = EDGE_CURVE ( 'NONE', #4376, #5692, #9253, .T. ) ;
#6485 = CYLINDRICAL_SURFACE ( 'NONE', #7938, 1.399999999999999911 ) ;
#6486 = CARTESIAN_POINT ( 'NONE',  ( -5.000000000000000000, 0.0000000000000000000, 0.0000000000000000000 ) ) ;
#6487 = CARTESIAN_POINT ( 'NONE',  ( 3.552632424847472326, 6.900324961960823344, 4.000174299198464567 ) ) ;
#6488 = VERTEX_POINT ( 'NONE', #8617 ) ;
#6489 = DIRECTION ( 'NONE',  ( -1.000000000000000000, 0.0000000000000000000, 4.231032868236119855E-16 ) ) ;
#6490 = CARTESIAN_POINT ( 'NONE',  ( 2.500000000000000000, 5.950000000000040146, 1.349999999999999867 ) ) ;
#6491 = ORIENTED_EDGE ( 'NONE', *, *, #7174, .T. ) ;
#6492 = CARTESIAN_POINT ( 'NONE',  ( 7.500000000000000000, 4.250000000000031086, 0.0000000000000000000 ) ) ;
#6493 = ORIENTED_EDGE ( 'NONE', *, *, #5677, .F. ) ;
#6494 = EDGE_CURVE ( 'NONE', #9615, #9966, #3613, .T. ) ;
#6495 = CARTESIAN_POINT ( 'NONE',  ( -3.970470824127299458, 6.144996945065150484, 5.536040986461078894 ) ) ;
#6496 = CARTESIAN_POINT ( 'NONE',  ( 1.003189994461259893, 6.250000000000031086, 5.517634239043999855 ) ) ;
#6497 = ORIENTED_EDGE ( 'NONE', *, *, #2635, .F. ) ;
#6498 = FACE_OUTER_BOUND ( 'NONE', #3933, .T. ) ;
#6499 = CARTESIAN_POINT ( 'NONE',  ( -0.5000000000000000000, 5.950000000000040146, 3.494824785299559977 ) ) ;
#6500 = LINE ( 'NONE', #1824, #4135 ) ;
#6501 = ORIENTED_EDGE ( 'NONE', *, *, #6050, .F. ) ;
#6502 = VECTOR ( 'NONE', #8726, 1000.000000000000000 ) ;
#6503 = DIRECTION ( 'NONE',  ( 0.0000000000000000000, 0.0000000000000000000, 1.000000000000000000 ) ) ;
#6504 = VERTEX_POINT ( 'NONE', #639 ) ;
#6505 = VERTEX_POINT ( 'NONE', #3662 ) ;
#6506 =( NAMED_UNIT ( * ) PLANE_ANGLE_UNIT ( ) SI_UNIT ( $, .RADIAN. ) );
#6507 = EDGE_CURVE ( 'NONE', #9615, #1671, #6990, .T. ) ;
#6508 = LINE ( 'NONE', #2464, #4314 ) ;
#6509 = VERTEX_POINT ( 'NONE', #10113 ) ;
#6510 = ORIENTED_EDGE ( 'NONE', *, *, #2536, .F. ) ;
#6511 = CIRCLE ( 'NONE', #5010, 0.2000000000000005107 ) ;
#6512 = PLANE ( 'NONE',  #6407 ) ;
#6513 = LINE ( 'NONE', #1078, #8303 ) ;
#6514 = CARTESIAN_POINT ( 'NONE',  ( 0.9937846371275299573, 6.250000000000009770, 5.675366343103210198 ) ) ;
#6515 = CARTESIAN_POINT ( 'NONE',  ( 0.8992189406417899766, 4.650000000000010125, 8.800000000000000711 ) ) ;
#6516 = CARTESIAN_POINT ( 'NONE',  ( 5.817239423961069633, 6.093223782856449944, 5.414712191412339948 ) ) ;
#6517 = AXIS2_PLACEMENT_3D ( 'NONE', #3280, #5427, #9394 ) ;
#6518 = VECTOR ( 'NONE', #6045, 1000.000000000000000 ) ;
#6519 = VERTEX_POINT ( 'NONE', #3005 ) ;
#6520 = DIRECTION ( 'NONE',  ( 0.0000000000000000000, 0.0000000000000000000, -1.000000000000000000 ) ) ;
#6521 =( LENGTH_UNIT ( ) NAMED_UNIT ( * ) SI_UNIT ( .MILLI., .METRE. ) );
#6522 = DIRECTION ( 'NONE',  ( 3.928415396526638614E-16, 0.3713906763541028888, 0.9284766908852596368 ) ) ;
#6523 = AXIS2_PLACEMENT_3D ( 'NONE', #8534, #9271, #4570 ) ;
#6524 = FACE_OUTER_BOUND ( 'NONE', #5361, .T. ) ;
#6525 =( NAMED_UNIT ( * ) SI_UNIT ( $, .STERADIAN. ) SOLID_ANGLE_UNIT ( ) );
#6526 = ADVANCED_FACE ( 'NONE', ( #2952 ), #6944, .T. ) ;
#6527 = EDGE_CURVE ( 'NONE', #1530, #9005, #8171, .T. ) ;
#6528 = ORIENTED_EDGE ( 'NONE', *, *, #7643, .F. ) ;
#6529 = CARTESIAN_POINT ( 'NONE',  ( 5.997691185957250148, 6.250000000000079936, 5.579085650507749961 ) ) ;
#6530 = FACE_OUTER_BOUND ( 'NONE', #5400, .T. ) ;
#6531 = VECTOR ( 'NONE', #230, 1000.000000000000114 ) ;
#6532 = DIRECTION ( 'NONE',  ( 0.0000000000000000000, -1.000000000000000000, 0.0000000000000000000 ) ) ;
#6533 = FILL_AREA_STYLE ('',( #2695 ) ) ;
#6534 = AXIS2_PLACEMENT_3D ( 'NONE', #323, #268, #5104 ) ;
#6535 = CARTESIAN_POINT ( 'NONE',  ( 4.750000000000000000, 7.750000000000000000, 5.700000000000000178 ) ) ;
#6536 =( NAMED_UNIT ( * ) SI_UNIT ( $, .STERADIAN. ) SOLID_ANGLE_UNIT ( ) );
#6537 = ADVANCED_FACE ( 'NONE', ( #5383 ), #9657, .T. ) ;
#6538 = ORIENTED_EDGE ( 'NONE', *, *, #9139, .F. ) ;
#6539 = CARTESIAN_POINT ( 'NONE',  ( 8.924099116621576400, 6.560463200155850494, 5.313097438219570812 ) ) ;
#6540 = FACE_OUTER_BOUND ( 'NONE', #3215, .T. ) ;
#6541 = ORIENTED_EDGE ( 'NONE', *, *, #6413, .T. ) ;
#6542 = DIRECTION ( 'NONE',  ( -1.000000000000000000, 0.0000000000000000000, -3.641714079092569968E-16 ) ) ;
#6543 = ORIENTED_EDGE ( 'NONE', *, *, #197, .T. ) ;
#6544 = CARTESIAN_POINT ( 'NONE',  ( -0.4499999999999990119, 6.250000000000031086, 0.7500000000000019984 ) ) ;
#6545 = CARTESIAN_POINT ( 'NONE',  ( 2.500000000000000000, 4.250000000000031086, 0.7499999999999981126 ) ) ;
#6546 = AXIS2_PLACEMENT_3D ( 'NONE', #4370, #2874, #5054 ) ;
#6547 = ORIENTED_EDGE ( 'NONE', *, *, #9512, .F. ) ;
#6548 = CARTESIAN_POINT ( 'NONE',  ( 8.550000000000000711, 6.370920840910899940, 3.569044486294639995 ) ) ;
#6549 = CARTESIAN_POINT ( 'NONE',  ( -4.068650814750009559, 3.850000000000010303, 9.236151811974510295 ) ) ;
#6550 = FACE_BOUND ( 'NONE', #1689, .T. ) ;
#6551 = EDGE_CURVE ( 'NONE', #8529, #1622, #408, .T. ) ;
#6552 = CIRCLE ( 'NONE', #6059, 1.749999999999999778 ) ;
#6553 = VERTEX_POINT ( 'NONE', #1399 ) ;
#6554 = DIRECTION ( 'NONE',  ( 1.000000000000000000, 4.311199699514559827E-15, 0.0000000000000000000 ) ) ;
#6555 = ORIENTED_EDGE ( 'NONE', *, *, #1125, .F. ) ;
#6556 = ORIENTED_EDGE ( 'NONE', *, *, #3576, .F. ) ;
#6557 = PRESENTATION_STYLE_ASSIGNMENT (( #9074 ) ) ;
#6558 = AXIS2_PLACEMENT_3D ( 'NONE', #9475, #6969, #9376 ) ;
#6559 = FILL_AREA_STYLE ('',( #4211 ) ) ;
#6560 = VECTOR ( 'NONE', #3578, 1000.000000000000000 ) ;
#6561 = AXIS2_PLACEMENT_3D ( 'NONE', #8655, #5570, #764 ) ;
#6562 = DIRECTION ( 'NONE',  ( 0.0000000000000000000, -1.000000000000000000, 0.0000000000000000000 ) ) ;
#6563 = ORIENTED_EDGE ( 'NONE', *, *, #4661, .F. ) ;
#6564 = ORIENTED_EDGE ( 'NONE', *, *, #449, .F. ) ;
#6565 = CARTESIAN_POINT ( 'NONE',  ( 4.549999999999999822, 2.200000000000000178, 5.700000000000000178 ) ) ;
#6566 = DIRECTION ( 'NONE',  ( 0.0000000000000000000, 0.1736481776669300259, -0.9848077530122081313 ) ) ;
#6567 = ADVANCED_FACE ( 'NONE', ( #9304 ), #3762, .T. ) ;
#6568 = EDGE_CURVE ( 'NONE', #410, #9504, #2123, .T. ) ;
#6569 = DIRECTION ( 'NONE',  ( -0.9622281902964742173, 0.0000000000000000000, 0.2722442098535290400 ) ) ;
#6570 = PRESENTATION_LAYER_ASSIGNMENT (  '', '', ( #312 ) ) ;
#6571 = DIRECTION ( 'NONE',  ( 0.0000000000000000000, 0.1736481776669300259, -0.9848077530122081313 ) ) ;
#6572 = CARTESIAN_POINT ( 'NONE',  ( 6.023038840290179330, 6.143414083933709691, 5.701440280542519723 ) ) ;
#6573 = CARTESIAN_POINT ( 'NONE',  ( -2.500000000000000000, 4.250000000000031086, 0.7500000000000009992 ) ) ;
#6574 = ORIENTED_EDGE ( 'NONE', *, *, #6694, .F. ) ;
#6575 = CARTESIAN_POINT ( 'NONE',  ( 3.957786553235370430, 4.650000000000011013, 9.481490714224456440 ) ) ;
#6576 = CARTESIAN_POINT ( 'NONE',  ( -4.006141391291535570, 6.250000000000041744, 5.699344090454425249 ) ) ;
#6577 = DIRECTION ( 'NONE',  ( 0.0000000000000000000, 0.0000000000000000000, 1.000000000000000000 ) ) ;
#6578 = VERTEX_POINT ( 'NONE', #4551 ) ;
#6579 = LINE ( 'NONE', #2643, #1821 ) ;
#6580 = FACE_OUTER_BOUND ( 'NONE', #3972, .T. ) ;
#6581 = STYLED_ITEM ( 'NONE', ( #10027 ), #2808 ) ;
#6582 = CARTESIAN_POINT ( 'NONE',  ( 0.0000000000000000000, 0.1977371785018489925, 6.601260681670580333 ) ) ;
#6583 = EDGE_CURVE ( 'NONE', #9906, #7418, #5989, .T. ) ;
#6584 = DIRECTION ( 'NONE',  ( -0.4472135950260953119, 5.476786976838883161E-17, 0.8944271912368472188 ) ) ;
#6585 = COLOUR_RGB ( '',0.2862745098039215508, 0.6431372549019607199, 0.8666666666666666963 ) ;
#6586 = PLANE ( 'NONE',  #9863 ) ;
#6587 = FILL_AREA_STYLE ('',( #1860 ) ) ;
#6588 = ORIENTED_EDGE ( 'NONE', *, *, #79, .T. ) ;
#6589 = CARTESIAN_POINT ( 'NONE',  ( 0.9255929274512589844, 3.850000000000010303, 9.158054070483689912 ) ) ;
#6590 = CARTESIAN_POINT ( 'NONE',  ( -1.091769397758582283, 6.595770259307299099, 5.257011279829173489 ) ) ;
#6591 = ORIENTED_EDGE ( 'NONE', *, *, #4498, .T. ) ;
#6592 = CARTESIAN_POINT ( 'NONE',  ( 5.250000000000000000, 7.750000000000000000, 0.4500000000000040079 ) ) ;
#6593 = VECTOR ( 'NONE', #6089, 1000.000000000000000 ) ;
#6594 = ORIENTED_EDGE ( 'NONE', *, *, #6494, .T. ) ;
#6595 = ADVANCED_FACE ( 'NONE', ( #2072 ), #8418, .T. ) ;
#6596 = SURFACE_STYLE_USAGE ( .BOTH. , #8947 ) ;
#6597 = ORIENTED_EDGE ( 'NONE', *, *, #2382, .F. ) ;
#6598 = CYLINDRICAL_SURFACE ( 'NONE', #9298, 1.749999999999990230 ) ;
#6599 = FILL_AREA_STYLE ('',( #2713 ) ) ;
#6600 = COLOUR_RGB ( '',0.2862745098039215508, 0.6431372549019607199, 0.8666666666666666963 ) ;
#6601 = DIRECTION ( 'NONE',  ( 0.0000000000000000000, -1.000000000000000000, -3.965082230804130614E-15 ) ) ;
#6602 = ORIENTED_EDGE ( 'NONE', *, *, #7606, .F. ) ;
#6603 = CARTESIAN_POINT ( 'NONE',  ( 8.550000000000000711, 5.950000000000040146, 2.800000000000010036 ) ) ;
#6604 = VERTEX_POINT ( 'NONE', #3146 ) ;
#6605 = ORIENTED_EDGE ( 'NONE', *, *, #2214, .F. ) ;
#6606 = DIRECTION ( 'NONE',  ( -1.000000000000000000, -5.580452358381269806E-16, 0.0000000000000000000 ) ) ;
#6607 = CARTESIAN_POINT ( 'NONE',  ( 9.550000000000000711, 7.250000000000000000, 0.6500000000000020206 ) ) ;
#6608 = CIRCLE ( 'NONE', #8292, 1.413776159319739989 ) ;
#6609 = ADVANCED_FACE ( 'NONE', ( #1598 ), #3098, .T. ) ;
#6610 = DIRECTION ( 'NONE',  ( 0.0000000000000000000, -1.000000000000000000, 0.0000000000000000000 ) ) ;
#6611 = ORIENTED_EDGE ( 'NONE', *, *, #8993, .T. ) ;
#6612 = ORIENTED_EDGE ( 'NONE', *, *, #6353, .F. ) ;
#6613 = DIRECTION ( 'NONE',  ( 0.0000000000000000000, 1.000000000000000000, 0.0000000000000000000 ) ) ;
#6614 = CARTESIAN_POINT ( 'NONE',  ( 10.00000000000000000, 0.0000000000000000000, 0.0000000000000000000 ) ) ;
#6615 = AXIS2_PLACEMENT_3D ( 'NONE', #6678, #6522, #3337 ) ;
#6616 = LINE ( 'NONE', #7392, #4353 ) ;
#6617 =( BOUNDED_CURVE ( )  B_SPLINE_CURVE ( 3, ( #6092, #9986, #7695, #5213 ),
 .UNSPECIFIED., .F., .T. ) 
 B_SPLINE_CURVE_WITH_KNOTS ( ( 4, 4 ),
 ( 4.782202150464451407, 5.075476764891775794 ),
 .UNSPECIFIED. ) 
 CURVE ( )  GEOMETRIC_REPRESENTATION_ITEM ( )  RATIONAL_B_SPLINE_CURVE ( ( 1.000000000000000000, 0.9928453341064031878, 0.9928453341064031878, 1.000000000000000000 ) ) 
 REPRESENTATION_ITEM ( '' )  );
#6618 = CARTESIAN_POINT ( 'NONE',  ( 7.500000000000000000, 2.500000000000000444, 9.999999999999992895 ) ) ;
#6619 = DIRECTION ( 'NONE',  ( 0.0000000000000000000, -3.675221047034999628E-15, 1.000000000000000000 ) ) ;
#6620 = CARTESIAN_POINT ( 'NONE',  ( 5.937107388568776400, 4.650000000000010125, 9.314249409997570339 ) ) ;
#6621 = EDGE_CURVE ( 'NONE', #1340, #302, #6270, .T. ) ;
#6622 = ADVANCED_FACE ( 'NONE', ( #939 ), #6422, .F. ) ;
#6623 = AXIS2_PLACEMENT_3D ( 'NONE', #6885, #2845, #8408 ) ;
#6624 = ORIENTED_EDGE ( 'NONE', *, *, #114, .T. ) ;
#6625 = VECTOR ( 'NONE', #4357, 1000.000000000000114 ) ;
#6626 = CARTESIAN_POINT ( 'NONE',  ( 5.940889099879661295, 4.650000000000010125, 9.365540160508107448 ) ) ;
#6627 = FACE_OUTER_BOUND ( 'NONE', #10151, .T. ) ;
#6628 = DIRECTION ( 'NONE',  ( 0.0000000000000000000, 0.0000000000000000000, 1.000000000000000000 ) ) ;
#6629 = DIRECTION ( 'NONE',  ( 0.0000000000000000000, 0.3713906763541028888, -0.9284766908852596368 ) ) ;
#6630 = EDGE_LOOP ( 'NONE', ( #9800, #9557, #6072, #1219, #5237, #2078, #7212, #5081 ) ) ;
#6631 = CARTESIAN_POINT ( 'NONE',  ( 7.249999999999999112, 4.250000000000031086, -4.349999999999999645 ) ) ;
#6632 = PLANE ( 'NONE',  #127 ) ;
#6633 =( GEOMETRIC_REPRESENTATION_CONTEXT ( 3 ) GLOBAL_UNCERTAINTY_ASSIGNED_CONTEXT ( ( #3561 ) ) GLOBAL_UNIT_ASSIGNED_CONTEXT ( ( #860, #8752, #758 ) ) REPRESENTATION_CONTEXT ( 'NONE', 'WORKASPACE' ) );
#6634 = AXIS2_PLACEMENT_3D ( 'NONE', #9600, #731, #1597 ) ;
#6635 = UNCERTAINTY_MEASURE_WITH_UNIT (LENGTH_MEASURE( 1.000000000000000082E-05 ), #6685, 'distance_accuracy_value', 'NONE');
#6636 = EDGE_CURVE ( 'NONE', #8065, #7660, #10211, .T. ) ;
#6637 = EDGE_CURVE ( 'NONE', #9196, #1867, #9821, .T. ) ;
#6638 = DIRECTION ( 'NONE',  ( 0.0000000000000000000, 0.0000000000000000000, -1.000000000000000000 ) ) ;
#6639 = TOROIDAL_SURFACE ( 'NONE', #7629, 1.413776159319739989, 0.2000000000000000111 ) ;
#6640 = FACE_OUTER_BOUND ( 'NONE', #9926, .T. ) ;
#6641 = DIRECTION ( 'NONE',  ( -1.000000000000000000, 0.0000000000000000000, 0.0000000000000000000 ) ) ;
#6642 = DIRECTION ( 'NONE',  ( -1.000000000000000000, 0.0000000000000000000, 0.0000000000000000000 ) ) ;
#6643 = ORIENTED_EDGE ( 'NONE', *, *, #4947, .T. ) ;
#6644 = SURFACE_SIDE_STYLE ('',( #303 ) ) ;
#6645 = FILL_AREA_STYLE ('',( #7472 ) ) ;
#6646 = CARTESIAN_POINT ( 'NONE',  ( 3.924099116621577288, 6.560463200155849606, 5.313097438219570812 ) ) ;
#6647 = ORIENTED_EDGE ( 'NONE', *, *, #2799, .F. ) ;
#6648 = DIRECTION ( 'NONE',  ( 1.000000000000000000, 0.0000000000000000000, 0.0000000000000000000 ) ) ;
#6649 = ORIENTED_EDGE ( 'NONE', *, *, #4782, .T. ) ;
#6650 = FILL_AREA_STYLE_COLOUR ( '', #9924 ) ;
#6651 = ORIENTED_EDGE ( 'NONE', *, *, #1349, .F. ) ;
#6652 = PRESENTATION_STYLE_ASSIGNMENT (( #9006 ) ) ;
#6653 = LINE ( 'NONE', #8282, #3075 ) ;
#6654 = CARTESIAN_POINT ( 'NONE',  ( 10.00000000000000000, 7.450000000000000178, 6.200000000000001066 ) ) ;
#6655 = ORIENTED_EDGE ( 'NONE', *, *, #5527, .F. ) ;
#6656 = PRESENTATION_STYLE_ASSIGNMENT (( #6760 ) ) ;
#6657 = EDGE_CURVE ( 'NONE', #3284, #7544, #2192, .T. ) ;
#6658 = EDGE_LOOP ( 'NONE', ( #8833, #6403, #8749, #9433, #4490, #326 ) ) ;
#6659 = ADVANCED_FACE ( 'NONE', ( #7983 ), #5644, .T. ) ;
#6660 = VERTEX_POINT ( 'NONE', #9651 ) ;
#6661 = FILL_AREA_STYLE_COLOUR ( '', #5691 ) ;
#6662 = CARTESIAN_POINT ( 'NONE',  ( 8.976625506910858476, 6.471519156817578278, 5.653980085815039303 ) ) ;
#6663 = DIRECTION ( 'NONE',  ( 1.000000000000000000, 0.0000000000000000000, -5.152643988049929844E-16 ) ) ;
#6664 = CARTESIAN_POINT ( 'NONE',  ( 10.00000000000000000, 7.750000000000000000, 6.500000000000000888 ) ) ;
#6665 = ORIENTED_EDGE ( 'NONE', *, *, #1724, .F. ) ;
#6666 = ORIENTED_EDGE ( 'NONE', *, *, #713, .F. ) ;
#6667 = CARTESIAN_POINT ( 'NONE',  ( 7.500000000000000000, 4.250000000000009770, 9.500000000000000000 ) ) ;
#6668 = CARTESIAN_POINT ( 'NONE',  ( 8.550000000000000711, 5.950000000000040146, 3.291739462922410375 ) ) ;
#6669 = PLANE ( 'NONE',  #10159 ) ;
#6670 = EDGE_CURVE ( 'NONE', #8756, #1159, #4336, .T. ) ;
#6671 = CARTESIAN_POINT ( 'NONE',  ( -5.000000000000000000, 6.436102000195529804, 9.700000000000001066 ) ) ;
#6672 = DIRECTION ( 'NONE',  ( -1.717547996016639994E-16, 0.0000000000000000000, -1.000000000000000000 ) ) ;
#6673 = CARTESIAN_POINT ( 'NONE',  ( 1.107736519411108844, 6.816384655952806071, 5.200576600905349345 ) ) ;
#6674 =( GEOMETRIC_REPRESENTATION_CONTEXT ( 3 ) GLOBAL_UNCERTAINTY_ASSIGNED_CONTEXT ( ( #9912 ) ) GLOBAL_UNIT_ASSIGNED_CONTEXT ( ( #8672, #1755, #132 ) ) REPRESENTATION_CONTEXT ( 'NONE', 'WORKASPACE' ) );
#6675 = VERTEX_POINT ( 'NONE', #3863 ) ;
#6676 = DIRECTION ( 'NONE',  ( 1.000000000000000000, 0.0000000000000000000, -5.152643988049929844E-16 ) ) ;
#6677 = CARTESIAN_POINT ( 'NONE',  ( -2.500000000000000000, 4.250000000000009770, 9.500000000000010658 ) ) ;
#6678 = CARTESIAN_POINT ( 'NONE',  ( 15.00000000000000000, 7.750000000000000000, 0.4500000000000000666 ) ) ;
#6679 = CARTESIAN_POINT ( 'NONE',  ( 8.924099116621576400, 6.560463200155850494, 5.313097438219570812 ) ) ;
#6680 = FILL_AREA_STYLE_COLOUR ( '', #10062 ) ;
#6681 = CIRCLE ( 'NONE', #6131, 1.613267899285889984 ) ;
#6682 = EDGE_CURVE ( 'NONE', #5528, #9311, #1539, .T. ) ;
#6683 = ORIENTED_EDGE ( 'NONE', *, *, #568, .F. ) ;
#6684 = DIRECTION ( 'NONE',  ( 0.0000000000000000000, -1.000000000000000000, 0.0000000000000000000 ) ) ;
#6685 =( LENGTH_UNIT ( ) NAMED_UNIT ( * ) SI_UNIT ( .MILLI., .METRE. ) );
#6686 = AXIS2_PLACEMENT_3D ( 'NONE', #6776, #569, #3693 ) ;
#6687 = SURFACE_SIDE_STYLE ('',( #574 ) ) ;
#6688 = AXIS2_PLACEMENT_3D ( 'NONE', #4221, #3328, #9642 ) ;
#6689 = DIRECTION ( 'NONE',  ( 0.0000000000000000000, -1.000000000000000000, 0.0000000000000000000 ) ) ;
#6690 = AXIS2_PLACEMENT_3D ( 'NONE', #1160, #4350, #7529 ) ;
#6691 = CARTESIAN_POINT ( 'NONE',  ( 7.500000000000000000, 4.250000000000009770, 9.500000000000000000 ) ) ;
#6692 = CARTESIAN_POINT ( 'NONE',  ( 2.500000000000000000, 4.250000000000009770, 9.314249409997579221 ) ) ;
#6693 = LINE ( 'NONE', #4877, #7730 ) ;
#6694 = EDGE_CURVE ( 'NONE', #8156, #5102, #1218, .T. ) ;
#6695 = ORIENTED_EDGE ( 'NONE', *, *, #4100, .F. ) ;
#6696 = CARTESIAN_POINT ( 'NONE',  ( 2.500000000000000000, 4.250000000000031086, -4.349999999999999645 ) ) ;
#6697 = EDGE_CURVE ( 'NONE', #3780, #6418, #6989, .T. ) ;
#6698 = DIRECTION ( 'NONE',  ( -0.8660254037843231334, 0.5000000000002000622, 0.0000000000000000000 ) ) ;
#6699 = ORIENTED_EDGE ( 'NONE', *, *, #8640, .T. ) ;
#6700 = DIRECTION ( 'NONE',  ( 3.641714079092569968E-16, 0.0000000000000000000, -1.000000000000000000 ) ) ;
#6701 = CIRCLE ( 'NONE', #2062, 1.400000000000000133 ) ;
#6702 = ORIENTED_EDGE ( 'NONE', *, *, #5230, .T. ) ;
#6703 = FILL_AREA_STYLE ('',( #9165 ) ) ;
#6704 = VERTEX_POINT ( 'NONE', #1958 ) ;
#6705 = CARTESIAN_POINT ( 'NONE',  ( 2.500000000000000000, 4.250000000000000000, 9.999999999999989342 ) ) ;
#6706 = AXIS2_PLACEMENT_3D ( 'NONE', #8331, #9117, #6809 ) ;
#6707 = CARTESIAN_POINT ( 'NONE',  ( 3.969861671524556268, 6.381146321193678972, 5.536094731138470948 ) ) ;
#6708 = CARTESIAN_POINT ( 'NONE',  ( -3.553947254147849844, 6.900000000000019895, 4.004821471746000228 ) ) ;
#6709 = VERTEX_POINT ( 'NONE', #1904 ) ;
#6710 = DIRECTION ( 'NONE',  ( 0.0000000000000000000, 0.0000000000000000000, -1.000000000000000000 ) ) ;
#6711 = VERTEX_POINT ( 'NONE', #8255 ) ;
#6712 = MECHANICAL_DESIGN_GEOMETRIC_PRESENTATION_REPRESENTATION (  '', ( #5379 ), #1899 ) ;
#6713 = ORIENTED_EDGE ( 'NONE', *, *, #791, .T. ) ;
#6714 = FACE_OUTER_BOUND ( 'NONE', #6307, .T. ) ;
#6715 = PRESENTATION_STYLE_ASSIGNMENT (( #2620 ) ) ;
#6716 = VECTOR ( 'NONE', #8440, 1000.000000000000000 ) ;
#6717 = DIRECTION ( 'NONE',  ( -1.000000000000000000, 0.0000000000000000000, 0.0000000000000000000 ) ) ;
#6718 = ORIENTED_EDGE ( 'NONE', *, *, #7618, .T. ) ;
#6719 = AXIS2_PLACEMENT_3D ( 'NONE', #3177, #8917, #9024 ) ;
#6720 = EDGE_CURVE ( 'NONE', #1499, #7178, #9308, .T. ) ;
#6721 =( GEOMETRIC_REPRESENTATION_CONTEXT ( 3 ) GLOBAL_UNCERTAINTY_ASSIGNED_CONTEXT ( ( #6635 ) ) GLOBAL_UNIT_ASSIGNED_CONTEXT ( ( #6685, #1705, #8098 ) ) REPRESENTATION_CONTEXT ( 'NONE', 'WORKASPACE' ) );
#6722 = EDGE_LOOP ( 'NONE', ( #6497, #7528, #9604, #4687 ) ) ;
#6723 = FILL_AREA_STYLE_COLOUR ( '', #1997 ) ;
#6724 = ORIENTED_EDGE ( 'NONE', *, *, #6034, .F. ) ;
#6725 = LINE ( 'NONE', #8447, #6019 ) ;
#6726 = LINE ( 'NONE', #6098, #5522 ) ;
#6727 =( NAMED_UNIT ( * ) PLANE_ANGLE_UNIT ( ) SI_UNIT ( $, .RADIAN. ) );
#6728 = AXIS2_PLACEMENT_3D ( 'NONE', #3980, #9611, #3199 ) ;
#6729 = DIRECTION ( 'NONE',  ( 0.0000000000000000000, 1.000000000000000000, 0.0000000000000000000 ) ) ;
#6730 = B_SPLINE_CURVE_WITH_KNOTS ( 'NONE', 3,
 ( #3776, #1323, #3676, #6961, #6913, #9321 ),
 .UNSPECIFIED., .F., .F.,
 ( 4, 2, 4 ),
 ( 8.673617379884035472E-19, 0.0002833620152674180283, 0.0005667240305348351893 ),
 .UNSPECIFIED. ) ;
#6731 = MECHANICAL_DESIGN_GEOMETRIC_PRESENTATION_REPRESENTATION (  '', ( #1099 ), #7211 ) ;
#6732 = ORIENTED_EDGE ( 'NONE', *, *, #9136, .T. ) ;
#6733 = EDGE_CURVE ( 'NONE', #850, #2280, #8093, .T. ) ;
#6734 = LINE ( 'NONE', #8358, #314 ) ;
#6735 = COLOUR_RGB ( '',0.2862745098039215508, 0.6431372549019607199, 0.8666666666666666963 ) ;
#6736 = CARTESIAN_POINT ( 'NONE',  ( 2.500000000000000000, 9.550000000000029132, 2.750000000000000000 ) ) ;
#6737 = CARTESIAN_POINT ( 'NONE',  ( -4.549999999999999822, 6.250000000000031086, 5.700000000000000178 ) ) ;
#6738 = SURFACE_STYLE_USAGE ( .BOTH. , #3551 ) ;
#6739 = EDGE_LOOP ( 'NONE', ( #9328, #2715, #8325, #4930, #4195, #4916, #3368, #9978 ) ) ;
#6740 = CARTESIAN_POINT ( 'NONE',  ( -2.500000000000000000, 5.950000000000040146, 4.150000000000000355 ) ) ;
#6741 = LINE ( 'NONE', #635, #10030 ) ;
#6742 = EDGE_CURVE ( 'NONE', #2301, #3257, #3869, .T. ) ;
#6743 = SURFACE_STYLE_FILL_AREA ( #9251 ) ;
#6744 = CARTESIAN_POINT ( 'NONE',  ( 10.00000000000000000, 7.750000000000000000, 6.200000000000001066 ) ) ;
#6745 = SURFACE_STYLE_FILL_AREA ( #7416 ) ;
#6746 = PLANE ( 'NONE',  #8572 ) ;
#6747 = ORIENTED_EDGE ( 'NONE', *, *, #8993, .F. ) ;
#6748 = SURFACE_STYLE_USAGE ( .BOTH. , #6644 ) ;
#6749 = CARTESIAN_POINT ( 'NONE',  ( 2.500000000000000000, 2.550000000114664545, 8.100000000000010303 ) ) ;
#6750 = ORIENTED_EDGE ( 'NONE', *, *, #2978, .T. ) ;
#6751 = ORIENTED_EDGE ( 'NONE', *, *, #8925, .F. ) ;
#6752 = EDGE_CURVE ( 'NONE', #7798, #935, #8671, .T. ) ;
#6753 = ADVANCED_FACE ( 'NONE', ( #6524 ), #7346, .T. ) ;
#6754 = ORIENTED_EDGE ( 'NONE', *, *, #4139, .T. ) ;
#6755 = FACE_OUTER_BOUND ( 'NONE', #7056, .T. ) ;
#6756 = CARTESIAN_POINT ( 'NONE',  ( 8.856009966283759027, 4.650000000000010125, 9.500000000000000000 ) ) ;
#6757 = SURFACE_SIDE_STYLE ('',( #6959 ) ) ;
#6758 = DIRECTION ( 'NONE',  ( 1.000000000000000000, 0.0000000000000000000, 0.0000000000000000000 ) ) ;
#6759 = EDGE_LOOP ( 'NONE', ( #3643, #3194, #6597, #575 ) ) ;
#6760 = SURFACE_STYLE_USAGE ( .BOTH. , #416 ) ;
#6761 = CIRCLE ( 'NONE', #1304, 1.613267899285889984 ) ;
#6762 = VERTEX_POINT ( 'NONE', #4282 ) ;
#6763 = ORIENTED_EDGE ( 'NONE', *, *, #3241, .T. ) ;
#6764 = LINE ( 'NONE', #5988, #1075 ) ;
#6765 = B_SPLINE_CURVE_WITH_KNOTS ( 'NONE', 3,
 ( #5366, #2934, #8548, #4532 ),
 .UNSPECIFIED., .F., .F.,
 ( 4, 4 ),
 ( 0.0000000000000000000, 0.0001440220723375999377 ),
 .UNSPECIFIED. ) ;
#6766 = DIRECTION ( 'NONE',  ( 0.0000000000000000000, 1.000000000000000000, 0.0000000000000000000 ) ) ;
#6767 = CARTESIAN_POINT ( 'NONE',  ( -1.023102752391785719, 6.379062758812451328, 5.679065084668917684 ) ) ;
#6768 = ORIENTED_EDGE ( 'NONE', *, *, #889, .T. ) ;
#6769 = COLOUR_RGB ( '',0.2862745098039215508, 0.6431372549019607199, 0.8666666666666666963 ) ;
#6770 = EDGE_LOOP ( 'NONE', ( #8170, #6439, #7310, #4300 ) ) ;
#6771 = DIRECTION ( 'NONE',  ( -1.000000000000000000, 0.0000000000000000000, 0.0000000000000000000 ) ) ;
#6772 = LINE ( 'NONE', #8445, #374 ) ;
#6773 =( BOUNDED_CURVE ( )  B_SPLINE_CURVE ( 3, ( #8865, #1531, #5529, #928 ),
 .UNSPECIFIED., .F., .T. ) 
 B_SPLINE_CURVE_WITH_KNOTS ( ( 4, 4 ),
 ( 4.782202150464466506, 5.075476764891790005 ),
 .UNSPECIFIED. ) 
 CURVE ( )  GEOMETRIC_REPRESENTATION_ITEM ( )  RATIONAL_B_SPLINE_CURVE ( ( 1.000000000000000000, 0.9928453341064031878, 0.9928453341064031878, 1.000000000000000000 ) ) 
 REPRESENTATION_ITEM ( '' )  );
#6774 = EDGE_LOOP ( 'NONE', ( #1816, #772 ) ) ;
#6775 = CARTESIAN_POINT ( 'NONE',  ( 0.0000000000000000000, 0.1499999999999999944, 6.388051065821461094 ) ) ;
#6776 = CARTESIAN_POINT ( 'NONE',  ( -2.500000000000000000, 4.250000000000000000, 9.999999999999989342 ) ) ;
#6777 = SURFACE_STYLE_USAGE ( .BOTH. , #3646 ) ;
#6778 = STYLED_ITEM ( 'NONE', ( #3874 ), #3779 ) ;
#6779 = EDGE_CURVE ( 'NONE', #1589, #5376, #7215, .T. ) ;
#6780 = ORIENTED_EDGE ( 'NONE', *, *, #1307, .T. ) ;
#6781 = UNCERTAINTY_MEASURE_WITH_UNIT (LENGTH_MEASURE( 1.000000000000000082E-05 ), #2232, 'distance_accuracy_value', 'NONE');
#6782 = CARTESIAN_POINT ( 'NONE',  ( 1.075900883378422712, 6.560463200155849606, 5.313097438219570812 ) ) ;
#6783 = MECHANICAL_DESIGN_GEOMETRIC_PRESENTATION_REPRESENTATION (  '', ( #6949 ), #5290 ) ;
#6784 = CARTESIAN_POINT ( 'NONE',  ( 9.550000000000000711, 2.200000000000000178, 0.7500000000000019984 ) ) ;
#6785 = PRESENTATION_LAYER_ASSIGNMENT (  '', '', ( #3774 ) ) ;
#6786 =( NAMED_UNIT ( * ) SI_UNIT ( $, .STERADIAN. ) SOLID_ANGLE_UNIT ( ) );
#6787 = FACE_OUTER_BOUND ( 'NONE', #7428, .T. ) ;
#6788 = CARTESIAN_POINT ( 'NONE',  ( 9.062892611435060530, 3.850000000000010303, 9.314249409999350249 ) ) ;
#6789 = ORIENTED_EDGE ( 'NONE', *, *, #1428, .T. ) ;
#6790 = EDGE_CURVE ( 'NONE', #2779, #9187, #4177, .T. ) ;
#6791 = EDGE_CURVE ( 'NONE', #6578, #8422, #6838, .T. ) ;
#6792 = VECTOR ( 'NONE', #8821, 1000.000000000000000 ) ;
#6793 = CARTESIAN_POINT ( 'NONE',  ( 5.450000000000009948, 6.250000000000031086, 5.700000000000000178 ) ) ;
#6794 = CARTESIAN_POINT ( 'NONE',  ( 4.500000000000000888, 6.370920840910899940, 3.569044486294639995 ) ) ;
#6795 = UNCERTAINTY_MEASURE_WITH_UNIT (LENGTH_MEASURE( 1.000000000000000082E-05 ), #6890, 'distance_accuracy_value', 'NONE');
#6796 = VECTOR ( 'NONE', #7236, 1000.000000000000000 ) ;
#6797 = CARTESIAN_POINT ( 'NONE',  ( -0.9129626948656109908, 3.850000000000010303, 8.986637655680240755 ) ) ;
#6798 = CIRCLE ( 'NONE', #4294, 0.5000000000000000000 ) ;
#6799 = ORIENTED_EDGE ( 'NONE', *, *, #10120, .T. ) ;
#6800 = CARTESIAN_POINT ( 'NONE',  ( 10.00000000000000000, 7.450000000000000178, 6.500000000000000888 ) ) ;
#6801 = CARTESIAN_POINT ( 'NONE',  ( 5.450000000000009948, 6.250000000000031086, 5.799999999999999822 ) ) ;
#6802 = EDGE_CURVE ( 'NONE', #9423, #9687, #238, .T. ) ;
#6803 = ORIENTED_EDGE ( 'NONE', *, *, #2948, .F. ) ;
#6804 = STYLED_ITEM ( 'NONE', ( #4576 ), #5769 ) ;
#6805 = VECTOR ( 'NONE', #845, 1000.000000000000000 ) ;
#6806 = CARTESIAN_POINT ( 'NONE',  ( 9.062892611431221823, 4.650000000000010125, 9.314249409997579221 ) ) ;
#6807 =( NAMED_UNIT ( * ) PLANE_ANGLE_UNIT ( ) SI_UNIT ( $, .RADIAN. ) );
#6808 = DIRECTION ( 'NONE',  ( 0.2722442098535290400, 0.0000000000000000000, -0.9622281902964742173 ) ) ;
#6809 = DIRECTION ( 'NONE',  ( 0.0000000000000000000, -1.000000000000000000, 0.0000000000000000000 ) ) ;
#6810 = DIRECTION ( 'NONE',  ( 0.0000000000000000000, 0.0000000000000000000, -1.000000000000000000 ) ) ;
#6811 = PRESENTATION_STYLE_ASSIGNMENT (( #9974 ) ) ;
#6812 = ORIENTED_EDGE ( 'NONE', *, *, #8489, .T. ) ;
#6813 = CARTESIAN_POINT ( 'NONE',  ( 10.00000000000000000, 0.1499999999999999944, 6.700000000000000178 ) ) ;
#6814 = AXIS2_PLACEMENT_3D ( 'NONE', #3746, #6930, #2989 ) ;
#6815 = ORIENTED_EDGE ( 'NONE', *, *, #8099, .T. ) ;
#6816 = ADVANCED_FACE ( 'NONE', ( #9698 ), #4009, .T. ) ;
#6817 = VERTEX_POINT ( 'NONE', #9038 ) ;
#6818 = CARTESIAN_POINT ( 'NONE',  ( 4.068650814749700473, 4.650000000000010125, 9.236151811974451675 ) ) ;
#6819 =( LENGTH_UNIT ( ) NAMED_UNIT ( * ) SI_UNIT ( .MILLI., .METRE. ) );
#6820 =( NAMED_UNIT ( * ) SI_UNIT ( $, .STERADIAN. ) SOLID_ANGLE_UNIT ( ) );
#6821 = CARTESIAN_POINT ( 'NONE',  ( 3.549999999999999822, 6.370920840910899940, 3.569044486294639995 ) ) ;
#6822 = EDGE_LOOP ( 'NONE', ( #2291, #1286, #5945, #8837 ) ) ;
#6823 = VERTEX_POINT ( 'NONE', #390 ) ;
#6824 = CARTESIAN_POINT ( 'NONE',  ( 7.500000000000000000, 4.250000000000009770, 8.099999999999999645 ) ) ;
#6825 = CARTESIAN_POINT ( 'NONE',  ( 3.995650848407130251, 6.249999999999960032, 5.507834059304349772 ) ) ;
#6826 = EDGE_LOOP ( 'NONE', ( #360, #3412, #48, #266 ) ) ;
#6827 = CARTESIAN_POINT ( 'NONE',  ( 6.450000000000000178, 5.950000000000040146, 3.291739462922410375 ) ) ;
#6828 = COLOUR_RGB ( '',0.2862745098039215508, 0.6431372549019607199, 0.8666666666666666963 ) ;
#6829 = EDGE_CURVE ( 'NONE', #7389, #9455, #6224, .T. ) ;
#6830 = DIRECTION ( 'NONE',  ( 0.0000000000000000000, 0.0000000000000000000, -1.000000000000000000 ) ) ;
#6831 = EDGE_CURVE ( 'NONE', #10213, #211, #4126, .T. ) ;
#6832 = ORIENTED_EDGE ( 'NONE', *, *, #9248, .T. ) ;
#6833 = CARTESIAN_POINT ( 'NONE',  ( 8.999986798160710677, 6.250000000000079936, 5.549568022095440867 ) ) ;
#6834 =( NAMED_UNIT ( * ) PLANE_ANGLE_UNIT ( ) SI_UNIT ( $, .RADIAN. ) );
#6835 = DIRECTION ( 'NONE',  ( 0.0000000000000000000, -3.675221047034999628E-15, 1.000000000000000000 ) ) ;
#6836 = CARTESIAN_POINT ( 'NONE',  ( 9.550000000000000711, 2.200000000000000178, 5.700000000000000178 ) ) ;
#6837 = ORIENTED_EDGE ( 'NONE', *, *, #3911, .T. ) ;
#6838 = CIRCLE ( 'NONE', #8680, 0.5000000000000000000 ) ;
#6839 = CARTESIAN_POINT ( 'NONE',  ( -1.449999999999999956, 6.370920840910899940, 3.569044486294639995 ) ) ;
#6840 = DIRECTION ( 'NONE',  ( 1.000000000000000000, 0.0000000000000000000, 0.0000000000000000000 ) ) ;
#6841 = EDGE_CURVE ( 'NONE', #5088, #6675, #5909, .T. ) ;
#6842 = CARTESIAN_POINT ( 'NONE',  ( 8.871701747922880799, 6.620978138265459556, 5.127902589497660202 ) ) ;
#6843 = EDGE_CURVE ( 'NONE', #1053, #4671, #110, .T. ) ;
#6844 = PRESENTATION_STYLE_ASSIGNMENT (( #540 ) ) ;
#6845 = DIRECTION ( 'NONE',  ( -1.000000000000000000, 0.0000000000000000000, -3.641714079092569968E-16 ) ) ;
#6846 = B_SPLINE_CURVE_WITH_KNOTS ( 'NONE', 3,
 ( #6096, #1334, #6146, #9134, #5269, #6044 ),
 .UNSPECIFIED., .F., .F.,
 ( 4, 2, 4 ),
 ( 1.734723475976807094E-18, 0.0001521198112224522888, 0.0003042396224449028428 ),
 .UNSPECIFIED. ) ;
#6847 = ORIENTED_EDGE ( 'NONE', *, *, #5101, .F. ) ;
#6848 = DIRECTION ( 'NONE',  ( -1.000000000000000000, -5.580452358381269806E-16, 0.0000000000000000000 ) ) ;
#6849 = CARTESIAN_POINT ( 'NONE',  ( 0.5500000000000000444, 1.877542648054139951, 6.200000000000001066 ) ) ;
#6850 = VERTEX_POINT ( 'NONE', #9146 ) ;
#6851 = VECTOR ( 'NONE', #6464, 1000.000000000000000 ) ;
#6852 = MECHANICAL_DESIGN_GEOMETRIC_PRESENTATION_REPRESENTATION (  '', ( #2545 ), #8015 ) ;
#6853 = CARTESIAN_POINT ( 'NONE',  ( -2.750000000000000000, 4.250000000000031086, -4.349999999999999645 ) ) ;
#6854 = DIRECTION ( 'NONE',  ( 1.000000000000000000, 0.0000000000000000000, 0.0000000000000000000 ) ) ;
#6855 = CARTESIAN_POINT ( 'NONE',  ( 1.449999999999999956, 6.370920840910899940, 3.569044486294639995 ) ) ;
#6856 = EDGE_CURVE ( 'NONE', #5903, #7786, #3603, .T. ) ;
#6857 = CARTESIAN_POINT ( 'NONE',  ( 7.500000000000000000, 9.550000000000029132, 1.349999999999999867 ) ) ;
#6858 = ORIENTED_EDGE ( 'NONE', *, *, #1872, .T. ) ;
#6859 = FACE_OUTER_BOUND ( 'NONE', #800, .T. ) ;
#6860 = CIRCLE ( 'NONE', #2385, 1.599999999999999867 ) ;
#6861 = ORIENTED_EDGE ( 'NONE', *, *, #5149, .F. ) ;
#6862 = ORIENTED_EDGE ( 'NONE', *, *, #3806, .T. ) ;
#6863 = LINE ( 'NONE', #2971, #2057 ) ;
#6864 = PLANE ( 'NONE',  #7706 ) ;
#6865 = FACE_OUTER_BOUND ( 'NONE', #565, .T. ) ;
#6866 = CARTESIAN_POINT ( 'NONE',  ( 5.250000000000000000, 7.750000000000000000, 0.6500000000000040190 ) ) ;
#6867 = AXIS2_PLACEMENT_3D ( 'NONE', #4960, #4172, #6448 ) ;
#6868 = EDGE_LOOP ( 'NONE', ( #3936, #8802 ) ) ;
#6869 = EDGE_CURVE ( 'NONE', #8426, #9917, #3338, .T. ) ;
#6870 = ORIENTED_EDGE ( 'NONE', *, *, #6239, .F. ) ;
#6871 = DIRECTION ( 'NONE',  ( -5.152643988049919983E-16, 0.0000000000000000000, -1.000000000000000000 ) ) ;
#6872 = DIRECTION ( 'NONE',  ( 0.0000000000000000000, 0.0000000000000000000, -1.000000000000000000 ) ) ;
#6873 = EDGE_LOOP ( 'NONE', ( #1131, #2866, #4729, #4694 ) ) ;
#6874 = CARTESIAN_POINT ( 'NONE',  ( -3.871701747922879910, 6.620978138265459556, 5.127902589497670860 ) ) ;
#6875 = CARTESIAN_POINT ( 'NONE',  ( 2.500000000000000000, 5.863267899285899531, 9.314249409997589879 ) ) ;
#6876 = FILL_AREA_STYLE ('',( #8301 ) ) ;
#6877 = AXIS2_PLACEMENT_3D ( 'NONE', #4876, #3155, #8888 ) ;
#6878 = DIRECTION ( 'NONE',  ( -1.000000000000000000, 0.0000000000000000000, 0.0000000000000000000 ) ) ;
#6879 =( LENGTH_UNIT ( ) NAMED_UNIT ( * ) SI_UNIT ( .MILLI., .METRE. ) );
#6880 = ORIENTED_EDGE ( 'NONE', *, *, #2092, .T. ) ;
#6881 = EDGE_CURVE ( 'NONE', #3840, #456, #328, .T. ) ;
#6882 = LINE ( 'NONE', #8357, #8454 ) ;
#6883 = ADVANCED_FACE ( 'NONE', ( #4592 ), #2254, .T. ) ;
#6884 = STYLED_ITEM ( 'NONE', ( #3479 ), #9933 ) ;
#6885 = CARTESIAN_POINT ( 'NONE',  ( 15.00000000000000000, 6.650000000000000355, 10.00000000000000000 ) ) ;
#6886 = CARTESIAN_POINT ( 'NONE',  ( -1.022644251516789948, 6.378927027922910220, 5.621778233683969894 ) ) ;
#6887 = CIRCLE ( 'NONE', #2409, 1.649999999999999467 ) ;
#6888 = ORIENTED_EDGE ( 'NONE', *, *, #5194, .T. ) ;
#6889 = CIRCLE ( 'NONE', #3391, 1.413776159319739989 ) ;
#6890 =( LENGTH_UNIT ( ) NAMED_UNIT ( * ) SI_UNIT ( .MILLI., .METRE. ) );
#6891 = DIRECTION ( 'NONE',  ( 6.323770134184271214E-17, -0.9848077530122081313, -0.1736481776669300259 ) ) ;
#6892 = CARTESIAN_POINT ( 'NONE',  ( 7.500000000000000000, 4.250000000000009770, 8.000000000000000000 ) ) ;
#6893 = VECTOR ( 'NONE', #7797, 1000.000000000000000 ) ;
#6894 = DIRECTION ( 'NONE',  ( 0.0000000000000000000, 0.0000000000000000000, -1.000000000000000000 ) ) ;
#6895 = DIRECTION ( 'NONE',  ( 0.0000000000000000000, -0.1736481776669300259, 0.9848077530122081313 ) ) ;
#6896 = UNCERTAINTY_MEASURE_WITH_UNIT (LENGTH_MEASURE( 1.000000000000000082E-05 ), #5489, 'distance_accuracy_value', 'NONE');
#6897 = CARTESIAN_POINT ( 'NONE',  ( -0.9060895252062000083, 3.850000000000010303, 8.893318922984189356 ) ) ;
#6898 = CARTESIAN_POINT ( 'NONE',  ( 2.500000000000000000, 4.250000000000031086, -3.850000000000000089 ) ) ;
#6899 = EDGE_LOOP ( 'NONE', ( #4164, #5145 ) ) ;
#6900 = LINE ( 'NONE', #2127, #8472 ) ;
#6901 = DIRECTION ( 'NONE',  ( 1.000000000000000000, 2.232180943352509796E-16, 0.0000000000000000000 ) ) ;
#6902 = AXIS2_PLACEMENT_3D ( 'NONE', #1103, #5815, #2651 ) ;
#6903 = VERTEX_POINT ( 'NONE', #4493 ) ;
#6904 = EDGE_CURVE ( 'NONE', #2779, #9292, #5176, .T. ) ;
#6905 = PRODUCT_DEFINITION_CONTEXT ( 'detailed design', #401, 'design' ) ;
#6906 = CYLINDRICAL_SURFACE ( 'NONE', #6107, 1.749999999999990230 ) ;
#6907 =( NAMED_UNIT ( * ) SI_UNIT ( $, .STERADIAN. ) SOLID_ANGLE_UNIT ( ) );
#6908 = VECTOR ( 'NONE', #9629, 1000.000000000000000 ) ;
#6909 = LINE ( 'NONE', #5394, #7623 ) ;
#6910 = CYLINDRICAL_SURFACE ( 'NONE', #920, 0.4999999999999995559 ) ;
#6911 =( NAMED_UNIT ( * ) SI_UNIT ( $, .STERADIAN. ) SOLID_ANGLE_UNIT ( ) );
#6912 = ORIENTED_EDGE ( 'NONE', *, *, #1198, .F. ) ;
#6913 = CARTESIAN_POINT ( 'NONE',  ( 6.023374480770537609, 6.471514968109900678, 5.653981222282845387 ) ) ;
#6914 = ORIENTED_EDGE ( 'NONE', *, *, #1307, .F. ) ;
#6915 = VERTEX_POINT ( 'NONE', #6106 ) ;
#6916 = CARTESIAN_POINT ( 'NONE',  ( -1.038050460969301536, 6.695801933345443935, 5.479919479543665872 ) ) ;
#6917 =( GEOMETRIC_REPRESENTATION_CONTEXT ( 3 ) GLOBAL_UNCERTAINTY_ASSIGNED_CONTEXT ( ( #1406 ) ) GLOBAL_UNIT_ASSIGNED_CONTEXT ( ( #9217, #2038, #6385 ) ) REPRESENTATION_CONTEXT ( 'NONE', 'WORKASPACE' ) );
#6918 = ADVANCED_FACE ( 'NONE', ( #6787 ), #7842, .T. ) ;
#6919 = SURFACE_STYLE_USAGE ( .BOTH. , #7112 ) ;
#6920 = ORIENTED_EDGE ( 'NONE', *, *, #8593, .F. ) ;
#6921 = LINE ( 'NONE', #616, #457 ) ;
#6922 =( GEOMETRIC_REPRESENTATION_CONTEXT ( 3 ) GLOBAL_UNCERTAINTY_ASSIGNED_CONTEXT ( ( #8842 ) ) GLOBAL_UNIT_ASSIGNED_CONTEXT ( ( #897, #5455, #3202 ) ) REPRESENTATION_CONTEXT ( 'NONE', 'WORKASPACE' ) );
#6923 = FACE_OUTER_BOUND ( 'NONE', #6759, .T. ) ;
#6924 = ORIENTED_EDGE ( 'NONE', *, *, #1139, .F. ) ;
#6925 = DIRECTION ( 'NONE',  ( 0.0000000000000000000, -1.000000000000000000, 0.0000000000000000000 ) ) ;
#6926 = CARTESIAN_POINT ( 'NONE',  ( 8.550000000000000711, -1.462314593354880232, 3.990870176997169949 ) ) ;
#6927 = DIRECTION ( 'NONE',  ( -1.000000000000000000, 0.0000000000000000000, 0.0000000000000000000 ) ) ;
#6928 = EDGE_CURVE ( 'NONE', #6326, #5523, #531, .T. ) ;
#6929 = AXIS2_PLACEMENT_3D ( 'NONE', #3377, #6562, #8963 ) ;
#6930 = DIRECTION ( 'NONE',  ( 0.0000000000000000000, 0.0000000000000000000, 1.000000000000000000 ) ) ;
#6931 = ORIENTED_EDGE ( 'NONE', *, *, #81, .T. ) ;
#6932 = DIRECTION ( 'NONE',  ( 1.000000000000000000, 0.0000000000000000000, 0.0000000000000000000 ) ) ;
#6933 = ORIENTED_EDGE ( 'NONE', *, *, #449, .T. ) ;
#6934 = CARTESIAN_POINT ( 'NONE',  ( 8.551316613977631320, 6.900595781960301878, 3.995523657362072711 ) ) ;
#6935 = CARTESIAN_POINT ( 'NONE',  ( -1.043633297088470080, 6.148436653995700496, 5.454695792914000307 ) ) ;
#6936 = ORIENTED_EDGE ( 'NONE', *, *, #70, .T. ) ;
#6937 = SURFACE_STYLE_USAGE ( .BOTH. , #727 ) ;
#6938 = CARTESIAN_POINT ( 'NONE',  ( 0.5500000000000100364, 0.6224573519455459669, 6.200000000000001066 ) ) ;
#6939 = CARTESIAN_POINT ( 'NONE',  ( 9.550000000000000711, 7.250000000000000000, 5.700000000000000178 ) ) ;
#6940 = ADVANCED_FACE ( 'NONE', ( #7715 ), #3187, .T. ) ;
#6941 = COLOUR_RGB ( '',0.2862745098039215508, 0.6431372549019607199, 0.8666666666666666963 ) ;
#6942 = SURFACE_STYLE_USAGE ( .BOTH. , #3759 ) ;
#6943 = CARTESIAN_POINT ( 'NONE',  ( -5.000000000000000000, 6.436102000195529804, 9.999999999999989342 ) ) ;
#6944 = CYLINDRICAL_SURFACE ( 'NONE', #4506, 0.5000000000000004441 ) ;
#6945 = CARTESIAN_POINT ( 'NONE',  ( 9.550000000000000711, 2.200000000000000178, 0.7500000000000019984 ) ) ;
#6946 = EDGE_LOOP ( 'NONE', ( #9567, #982, #3494, #6312 ) ) ;
#6947 = CARTESIAN_POINT ( 'NONE',  ( 10.00000000000000000, 0.1977371785018509909, 6.601260681670590102 ) ) ;
#6948 = CARTESIAN_POINT ( 'NONE',  ( 5.799999999999999822, 4.650000000000010125, 8.800000000000000711 ) ) ;
#6949 = STYLED_ITEM ( 'NONE', ( #3097 ), #5113 ) ;
#6950 = VECTOR ( 'NONE', #5274, 1000.000000000000000 ) ;
#6951 = EDGE_CURVE ( 'NONE', #2499, #2614, #8503, .T. ) ;
#6952 = ORIENTED_EDGE ( 'NONE', *, *, #6974, .T. ) ;
#6953 =( BOUNDED_CURVE ( )  B_SPLINE_CURVE ( 3, ( #304, #6590, #8212, #1106 ),
 .UNSPECIFIED., .F., .T. ) 
 B_SPLINE_CURVE_WITH_KNOTS ( ( 4, 4 ),
 ( 1.008957096879879778, 1.500983156715103739 ),
 .UNSPECIFIED. ) 
 CURVE ( )  GEOMETRIC_REPRESENTATION_ITEM ( )  RATIONAL_B_SPLINE_CURVE ( ( 1.000000000000000000, 0.9799274069394412479, 0.9799274069394412479, 1.000000000000000000 ) ) 
 REPRESENTATION_ITEM ( '' )  );
#6954 = ADVANCED_FACE ( 'NONE', ( #578 ), #633, .T. ) ;
#6955 = DIRECTION ( 'NONE',  ( -1.000000000000000000, 0.0000000000000000000, 5.152643988049929844E-16 ) ) ;
#6956 = SURFACE_SIDE_STYLE ('',( #5447 ) ) ;
#6957 = DIRECTION ( 'NONE',  ( -1.000000000000000000, 0.0000000000000000000, 0.0000000000000000000 ) ) ;
#6958 = DIRECTION ( 'NONE',  ( 0.0000000000000000000, 1.000000000000000000, 0.0000000000000000000 ) ) ;
#6959 = SURFACE_STYLE_FILL_AREA ( #2178 ) ;
#6960 = ORIENTED_EDGE ( 'NONE', *, *, #8677, .T. ) ;
#6961 = CARTESIAN_POINT ( 'NONE',  ( 6.024296180820846836, 6.556746842017596499, 5.606750847937377991 ) ) ;
#6962 = VERTEX_POINT ( 'NONE', #2208 ) ;
#6963 = ORIENTED_EDGE ( 'NONE', *, *, #1872, .F. ) ;
#6964 = DIRECTION ( 'NONE',  ( -0.2716300227878299944, 0.06713375248915300075, -0.9600573889080840084 ) ) ;
#6965 = VECTOR ( 'NONE', #9627, 1000.000000000000000 ) ;
#6966 = VECTOR ( 'NONE', #2437, 1000.000000000000000 ) ;
#6967 = DIRECTION ( 'NONE',  ( 0.0000000000000000000, 0.0000000000000000000, -1.000000000000000000 ) ) ;
#6968 = DIRECTION ( 'NONE',  ( 0.0000000000000000000, 1.000000000000000000, 0.0000000000000000000 ) ) ;
#6969 = DIRECTION ( 'NONE',  ( 0.0000000000000000000, 0.0000000000000000000, 1.000000000000000000 ) ) ;
#6970 = VERTEX_POINT ( 'NONE', #8555 ) ;
#6971 = MECHANICAL_DESIGN_GEOMETRIC_PRESENTATION_REPRESENTATION (  '', ( #7125 ), #7466 ) ;
#6972 = ADVANCED_FACE ( 'NONE', ( #6984 ), #10153, .T. ) ;
#6973 = DIRECTION ( 'NONE',  ( 0.0000000000000000000, 0.0000000000000000000, 1.000000000000000000 ) ) ;
#6974 = EDGE_CURVE ( 'NONE', #2280, #9762, #724, .T. ) ;
#6975 = ORIENTED_EDGE ( 'NONE', *, *, #5576, .T. ) ;
#6976 = CARTESIAN_POINT ( 'NONE',  ( 7.500000000000000000, 5.950000000000040146, 2.750000000000000000 ) ) ;
#6977 = DIRECTION ( 'NONE',  ( 1.000000000000000000, 2.232180943352509796E-16, 0.0000000000000000000 ) ) ;
#6978 = FILL_AREA_STYLE ('',( #10144 ) ) ;
#6979 = DIRECTION ( 'NONE',  ( -0.2716300227878299944, 0.06713375248915300075, -0.9600573889080840084 ) ) ;
#6980 = ORIENTED_EDGE ( 'NONE', *, *, #7174, .F. ) ;
#6981 = SURFACE_SIDE_STYLE ('',( #4695 ) ) ;
#6982 = DIRECTION ( 'NONE',  ( 0.0000000000000000000, -0.06975647374412512203, 0.9975640502598243087 ) ) ;
#6983 = EDGE_CURVE ( 'NONE', #7452, #10130, #2417, .T. ) ;
#6984 = FACE_OUTER_BOUND ( 'NONE', #952, .T. ) ;
#6985 = VERTEX_POINT ( 'NONE', #4648 ) ;
#6986 = CARTESIAN_POINT ( 'NONE',  ( -2.500000000000000000, 2.550000000114664545, 8.100000000000010303 ) ) ;
#6987 = DIRECTION ( 'NONE',  ( 0.0000000000000000000, 0.0000000000000000000, -1.000000000000000000 ) ) ;
#6988 = EDGE_CURVE ( 'NONE', #1147, #8032, #4068, .T. ) ;
#6989 = CIRCLE ( 'NONE', #2528, 1.400000000000000133 ) ;
#6990 = LINE ( 'NONE', #7726, #3833 ) ;
#6991 = CARTESIAN_POINT ( 'NONE',  ( 8.958155914341494608, 6.384612859941898755, 5.465433459296769492 ) ) ;
#6992 = ORIENTED_EDGE ( 'NONE', *, *, #4546, .F. ) ;
#6993 = CARTESIAN_POINT ( 'NONE',  ( -3.549999999999999822, -1.462314593354880232, 3.990870176997180607 ) ) ;
#6994 = CARTESIAN_POINT ( 'NONE',  ( -0.9060895252062000083, 4.650000000000010125, 8.893318922984189356 ) ) ;
#6995 = ORIENTED_EDGE ( 'NONE', *, *, #6988, .T. ) ;
#6996 = PRODUCT_DEFINITION_CONTEXT ( 'detailed design', #905, 'design' ) ;
#6997 = VECTOR ( 'NONE', #3909, 1000.000000000000000 ) ;
#6998 = UNCERTAINTY_MEASURE_WITH_UNIT (LENGTH_MEASURE( 1.000000000000000082E-05 ), #3006, 'distance_accuracy_value', 'NONE');
#6999 = DIRECTION ( 'NONE',  ( -1.000000000000000000, 0.0000000000000000000, 5.152643988049929844E-16 ) ) ;
#7000 = PRESENTATION_STYLE_ASSIGNMENT (( #1551 ) ) ;
#7001 = EDGE_CURVE ( 'NONE', #345, #4898, #8360, .T. ) ;
#7002 = EDGE_CURVE ( 'NONE', #8665, #4080, #8848, .T. ) ;
#7003 = FILL_AREA_STYLE_COLOUR ( '', #5878 ) ;
#7004 = VERTEX_POINT ( 'NONE', #6315 ) ;
#7005 = ORIENTED_EDGE ( 'NONE', *, *, #8984, .F. ) ;
#7006 = CONICAL_SURFACE ( 'NONE', #6517, 0.2499999999999997780, 0.4636476084710116075 ) ;
#7007 = ORIENTED_EDGE ( 'NONE', *, *, #2090, .T. ) ;
#7008 = DIRECTION ( 'NONE',  ( -0.9284766908852591927, 0.3713906763541040545, 1.594703279778140325E-16 ) ) ;
#7009 = CARTESIAN_POINT ( 'NONE',  ( 2.500000000000000000, 4.250000000000031086, -4.349999999999999645 ) ) ;
#7010 = CARTESIAN_POINT ( 'NONE',  ( 2.500000000000000000, 6.250000000000031086, 0.7499999999999981126 ) ) ;
#7011 = ORIENTED_EDGE ( 'NONE', *, *, #3537, .F. ) ;
#7012 = VECTOR ( 'NONE', #1561, 1000.000000000000000 ) ;
#7013 = CARTESIAN_POINT ( 'NONE',  ( 10.00000000000000000, 0.0000000000000000000, 0.0000000000000000000 ) ) ;
#7014 = CARTESIAN_POINT ( 'NONE',  ( 5.799999999999999822, 4.650000000000010125, 8.800000000000000711 ) ) ;
#7015 = ORIENTED_EDGE ( 'NONE', *, *, #1288, .T. ) ;
#7016 = CARTESIAN_POINT ( 'NONE',  ( 9.062892611431221823, 4.650000000000010125, 9.314249409997579221 ) ) ;
#7017 =( NAMED_UNIT ( * ) SI_UNIT ( $, .STERADIAN. ) SOLID_ANGLE_UNIT ( ) );
#7018 = CARTESIAN_POINT ( 'NONE',  ( 7.500000000000000000, 4.250000000000009770, 9.300000000000000711 ) ) ;
#7019 = SURFACE_STYLE_FILL_AREA ( #6048 ) ;
#7020 = AXIS2_PLACEMENT_3D ( 'NONE', #3211, #9523, #911 ) ;
#7021 = EDGE_CURVE ( 'NONE', #7342, #263, #7871, .T. ) ;
#7022 = ADVANCED_FACE ( 'NONE', ( #4753 ), #8715, .T. ) ;
#7023 =( NAMED_UNIT ( * ) PLANE_ANGLE_UNIT ( ) SI_UNIT ( $, .RADIAN. ) );
#7024 = EDGE_LOOP ( 'NONE', ( #9270, #2665, #4414, #1658 ) ) ;
#7025 = VECTOR ( 'NONE', #9285, 1000.000000000000000 ) ;
#7026 = CARTESIAN_POINT ( 'NONE',  ( 1.447367575152528341, 6.900324961960824233, 4.000174299198468120 ) ) ;
#7027 = FACE_OUTER_BOUND ( 'NONE', #4803, .T. ) ;
#7028 = TOROIDAL_SURFACE ( 'NONE', #6706, 1.600000000000000089, 0.1000000000000000056 ) ;
#7029 = CARTESIAN_POINT ( 'NONE',  ( 0.4500000000000020095, 7.250000000000000000, 0.6500000000000040190 ) ) ;
#7030 = ORIENTED_EDGE ( 'NONE', *, *, #1480, .F. ) ;
#7031 = DIRECTION ( 'NONE',  ( 1.000000000000000000, 0.0000000000000000000, -3.641714079092569968E-16 ) ) ;
#7032 = DIRECTION ( 'NONE',  ( -1.000000000000000000, 0.0000000000000000000, 5.152643988049929844E-16 ) ) ;
#7033 = ADVANCED_FACE ( 'NONE', ( #8610 ), #7006, .T. ) ;
#7034 = AXIS2_PLACEMENT_3D ( 'NONE', #6692, #2803, #2753 ) ;
#7035 = CARTESIAN_POINT ( 'NONE',  ( 2.500000000000000000, 2.500000000000019540, 8.000000000000000000 ) ) ;
#7036 = MECHANICAL_DESIGN_GEOMETRIC_PRESENTATION_REPRESENTATION (  '', ( #1098 ), #5381 ) ;
#7037 = SURFACE_SIDE_STYLE ('',( #3862 ) ) ;
#7038 = CIRCLE ( 'NONE', #465, 0.2500000000000002220 ) ;
#7039 = DIRECTION ( 'NONE',  ( 0.0000000000000000000, 0.0000000000000000000, -1.000000000000000000 ) ) ;
#7040 = ORIENTED_EDGE ( 'NONE', *, *, #10116, .F. ) ;
#7041 = CARTESIAN_POINT ( 'NONE',  ( 8.000000000000000000, 4.250000000000031086, 0.7499999999999960032 ) ) ;
#7042 = MECHANICAL_DESIGN_GEOMETRIC_PRESENTATION_REPRESENTATION (  '', ( #7887 ), #459 ) ;
#7043 = VERTEX_POINT ( 'NONE', #2266 ) ;
#7044 = COLOUR_RGB ( '',0.7921568627450980005, 0.8196078431372548767, 0.9333333333333333481 ) ;
#7045 = EDGE_CURVE ( 'NONE', #10203, #211, #9445, .T. ) ;
#7046 = MECHANICAL_DESIGN_GEOMETRIC_PRESENTATION_REPRESENTATION (  '', ( #2582 ), #4557 ) ;
#7047 = DIRECTION ( 'NONE',  ( 7.228014483236697541E-16, 0.0000000000000000000, -1.000000000000000000 ) ) ;
#7048 = DIRECTION ( 'NONE',  ( 1.000000000000000000, 2.232180943352509796E-16, 0.0000000000000000000 ) ) ;
#7049 = CARTESIAN_POINT ( 'NONE',  ( 0.0000000000000000000, 0.1499999999999999944, -2.576321994024960090E-15 ) ) ;
#7050 = CARTESIAN_POINT ( 'NONE',  ( 2.500000000000000000, 4.250000000000009770, 9.314249409997589879 ) ) ;
#7051 = SURFACE_SIDE_STYLE ('',( #7204 ) ) ;
#7052 = COLOUR_RGB ( '',0.2862745098039215508, 0.6431372549019607199, 0.8666666666666666963 ) ;
#7053 = ORIENTED_EDGE ( 'NONE', *, *, #1368, .T. ) ;
#7054 = CARTESIAN_POINT ( 'NONE',  ( -3.975703819193766364, 6.556746841721597718, 5.606750848149822275 ) ) ;
#7055 = ORIENTED_EDGE ( 'NONE', *, *, #10207, .F. ) ;
#7056 = EDGE_LOOP ( 'NONE', ( #6102, #9228, #3461, #9672 ) ) ;
#7057 = CARTESIAN_POINT ( 'NONE',  ( 6.124350997929269624, 6.820490948317419644, 5.141853884246489592 ) ) ;
#7058 = ORIENTED_EDGE ( 'NONE', *, *, #4060, .F. ) ;
#7059 = EDGE_CURVE ( 'NONE', #3816, #7582, #8970, .T. ) ;
#7060 = EDGE_CURVE ( 'NONE', #9130, #9616, #5005, .T. ) ;
#7061 = AXIS2_PLACEMENT_3D ( 'NONE', #4283, #1572, #4845 ) ;
#7062 = CARTESIAN_POINT ( 'NONE',  ( -3.977354811346149877, 6.378927305446330465, 5.621766569588309892 ) ) ;
#7063 = DIRECTION ( 'NONE',  ( 0.0000000000000000000, 0.0000000000000000000, -1.000000000000000000 ) ) ;
#7064 = ORIENTED_EDGE ( 'NONE', *, *, #1109, .F. ) ;
#7065 = CARTESIAN_POINT ( 'NONE',  ( 0.8992189406417899766, 3.850000000000010303, 8.800000000000009592 ) ) ;
#7066 = SURFACE_STYLE_USAGE ( .BOTH. , #1516 ) ;
#7067 = VERTEX_POINT ( 'NONE', #1839 ) ;
#7068 = DIRECTION ( 'NONE',  ( 0.0000000000000000000, -1.000000000000000000, 0.0000000000000000000 ) ) ;
#7069 = AXIS2_PLACEMENT_3D ( 'NONE', #8287, #4994, #5882 ) ;
#7070 = VERTEX_POINT ( 'NONE', #8920 ) ;
#7071 =( LENGTH_UNIT ( ) NAMED_UNIT ( * ) SI_UNIT ( .MILLI., .METRE. ) );
#7072 = DIRECTION ( 'NONE',  ( 0.0000000000000000000, 0.0000000000000000000, -1.000000000000000000 ) ) ;
#7073 = CARTESIAN_POINT ( 'NONE',  ( -2.500000000000000000, 5.850000000000009415, 8.100000000000010303 ) ) ;
#7074 = EDGE_CURVE ( 'NONE', #8200, #2614, #1079, .T. ) ;
#7075 = DIRECTION ( 'NONE',  ( 0.0000000000000000000, 0.0000000000000000000, -1.000000000000000000 ) ) ;
#7076 = ORIENTED_EDGE ( 'NONE', *, *, #3404, .T. ) ;
#7077 = CIRCLE ( 'NONE', #973, 1.413776159319739989 ) ;
#7078 = CARTESIAN_POINT ( 'NONE',  ( 6.091769397758586280, 6.595770259307300876, 5.257011279829166384 ) ) ;
#7079 = FACE_OUTER_BOUND ( 'NONE', #2126, .T. ) ;
#7080 = CARTESIAN_POINT ( 'NONE',  ( 4.200000000000000178, 3.850000000000010303, 8.800000000000009592 ) ) ;
#7081 =( NAMED_UNIT ( * ) SI_UNIT ( $, .STERADIAN. ) SOLID_ANGLE_UNIT ( ) );
#7082 = EDGE_CURVE ( 'NONE', #8675, #4985, #899, .T. ) ;
#7083 = VERTEX_POINT ( 'NONE', #2679 ) ;
#7084 = CARTESIAN_POINT ( 'NONE',  ( 4.200000000000000178, 3.850000000000010303, 9.500000000000010658 ) ) ;
#7085 = VECTOR ( 'NONE', #4163, 1000.000000000000000 ) ;
#7086 =( NAMED_UNIT ( * ) SI_UNIT ( $, .STERADIAN. ) SOLID_ANGLE_UNIT ( ) );
#7087 = SURFACE_STYLE_FILL_AREA ( #4017 ) ;
#7088 = CIRCLE ( 'NONE', #5443, 0.09999999999999939493 ) ;
#7089 = DIRECTION ( 'NONE',  ( 1.000000000000000000, 0.0000000000000000000, 0.0000000000000000000 ) ) ;
#7090 = DIRECTION ( 'NONE',  ( 0.0000000000000000000, 0.9045256429962995615, -0.4264192316982558517 ) ) ;
#7091 = EDGE_CURVE ( 'NONE', #4175, #2261, #1029, .T. ) ;
#7092 = EDGE_CURVE ( 'NONE', #6504, #8200, #6616, .T. ) ;
#7093 = ORIENTED_EDGE ( 'NONE', *, *, #9646, .F. ) ;
#7094 = CARTESIAN_POINT ( 'NONE',  ( -0.5000000000000000000, 6.221952518161529611, 5.100000000000011191 ) ) ;
#7095 = FACE_OUTER_BOUND ( 'NONE', #10166, .T. ) ;
#7096 = ORIENTED_EDGE ( 'NONE', *, *, #8825, .T. ) ;
#7097 = STYLED_ITEM ( 'NONE', ( #2424 ), #3978 ) ;
#7098 = CARTESIAN_POINT ( 'NONE',  ( -4.549999999999999822, 5.950000000000040146, 0.6500000000000289990 ) ) ;
#7099 = FACE_OUTER_BOUND ( 'NONE', #9206, .T. ) ;
#7100 = DIRECTION ( 'NONE',  ( -0.4999999999998217537, 0.8660254037845416253, 0.0000000000000000000 ) ) ;
#7101 = FILL_AREA_STYLE ('',( #3878 ) ) ;
#7102 = CIRCLE ( 'NONE', #9771, 1.700000000000000178 ) ;
#7103 = ADVANCED_FACE ( 'NONE', ( #8184, #2732, #5112 ), #4169, .T. ) ;
#7104 = ORIENTED_EDGE ( 'NONE', *, *, #5328, .F. ) ;
#7105 = CARTESIAN_POINT ( 'NONE',  ( -5.500000000000000000, 6.221952518161529611, 5.100000000000011191 ) ) ;
#7106 = ORIENTED_EDGE ( 'NONE', *, *, #9512, .T. ) ;
#7107 = EDGE_LOOP ( 'NONE', ( #4709, #9239, #5579, #6446 ) ) ;
#7108 = EDGE_LOOP ( 'NONE', ( #94, #6858, #9680, #5273 ) ) ;
#7109 = VECTOR ( 'NONE', #5526, 1000.000000000000000 ) ;
#7110 =( GEOMETRIC_REPRESENTATION_CONTEXT ( 3 ) GLOBAL_UNCERTAINTY_ASSIGNED_CONTEXT ( ( #2122 ) ) GLOBAL_UNIT_ASSIGNED_CONTEXT ( ( #1844, #5013, #184 ) ) REPRESENTATION_CONTEXT ( 'NONE', 'WORKASPACE' ) );
#7111 = CARTESIAN_POINT ( 'NONE',  ( 1.124350997929270068, 6.820490948317419644, 5.141853884246489592 ) ) ;
#7112 = SURFACE_SIDE_STYLE ('',( #6243 ) ) ;
#7113 = ORIENTED_EDGE ( 'NONE', *, *, #7279, .F. ) ;
#7114 = PRESENTATION_STYLE_ASSIGNMENT (( #1567 ) ) ;
#7115 = CARTESIAN_POINT ( 'NONE',  ( -0.2500000000000000000, 7.750000000000000000, 5.700000000000000178 ) ) ;
#7116 = EDGE_CURVE ( 'NONE', #2142, #2289, #1162, .T. ) ;
#7117 = EDGE_LOOP ( 'NONE', ( #7243, #3320, #1524, #1517 ) ) ;
#7118 =( NAMED_UNIT ( * ) PLANE_ANGLE_UNIT ( ) SI_UNIT ( $, .RADIAN. ) );
#7119 = AXIS2_PLACEMENT_3D ( 'NONE', #5826, #9674, #5775 ) ;
#7120 = AXIS2_PLACEMENT_3D ( 'NONE', #3012, #6999, #4613 ) ;
#7121 = ORIENTED_EDGE ( 'NONE', *, *, #10149, .T. ) ;
#7122 = DIRECTION ( 'NONE',  ( -0.3481553119113961481, -0.8703882797784894265, 0.3481553119113950934 ) ) ;
#7123 = DIRECTION ( 'NONE',  ( 1.000000000000000000, 0.0000000000000000000, 0.0000000000000000000 ) ) ;
#7124 = DIRECTION ( 'NONE',  ( 0.8660254037844380415, -0.5000000000000009992, 0.0000000000000000000 ) ) ;
#7125 = STYLED_ITEM ( 'NONE', ( #5590 ), #6152 ) ;
#7126 = ORIENTED_EDGE ( 'NONE', *, *, #2549, .T. ) ;
#7127 = STYLED_ITEM ( 'NONE', ( #2324 ), #5036 ) ;
#7128 = ORIENTED_EDGE ( 'NONE', *, *, #1123, .F. ) ;
#7129 = DIRECTION ( 'NONE',  ( 0.0000000000000000000, -1.000000000000000000, 0.0000000000000000000 ) ) ;
#7130 = FILL_AREA_STYLE ('',( #3961 ) ) ;
#7131 = ADVANCED_FACE ( 'NONE', ( #4956 ), #9689, .T. ) ;
#7132 = EDGE_CURVE ( 'NONE', #6915, #1766, #8188, .T. ) ;
#7133 = CARTESIAN_POINT ( 'NONE',  ( 7.500000000000000000, 4.250000000000031086, 0.0000000000000000000 ) ) ;
#7134 = VERTEX_POINT ( 'NONE', #4911 ) ;
#7135 = DIRECTION ( 'NONE',  ( -1.000000000000000000, 0.0000000000000000000, 0.0000000000000000000 ) ) ;
#7136 = FILL_AREA_STYLE_COLOUR ( '', #8396 ) ;
#7137 = CARTESIAN_POINT ( 'NONE',  ( 0.4500000000000030087, 2.200000000000000178, 0.6500000000000040190 ) ) ;
#7138 = CARTESIAN_POINT ( 'NONE',  ( 0.0000000000000000000, 6.650000000000000355, 9.999999999999989342 ) ) ;
#7139 = CARTESIAN_POINT ( 'NONE',  ( -5.000000000000000000, 0.6500000000000001332, 6.388051065821461094 ) ) ;
#7140 = FILL_AREA_STYLE_COLOUR ( '', #4483 ) ;
#7141 = CARTESIAN_POINT ( 'NONE',  ( 3.875649002070729932, 6.820490948317419644, 5.141853884246479822 ) ) ;
#7142 = ORIENTED_EDGE ( 'NONE', *, *, #3331, .T. ) ;
#7143 = CARTESIAN_POINT ( 'NONE',  ( 6.057217321801799059, 6.518892729351694726, 5.379133184779042232 ) ) ;
#7144 = CARTESIAN_POINT ( 'NONE',  ( 1.092568578620798592, 3.850000000000008527, 9.500000000000008882 ) ) ;
#7145 = ORIENTED_EDGE ( 'NONE', *, *, #2727, .F. ) ;
#7146 = EDGE_CURVE ( 'NONE', #7067, #5193, #2579, .T. ) ;
#7147 = SHAPE_REPRESENTATION ( 'CUI_DEVICES_TB002-500-05BE', ( #10044, #9231, #4732 ), #4227 ) ;
#7148 = FACE_OUTER_BOUND ( 'NONE', #353, .T. ) ;
#7149 = DIRECTION ( 'NONE',  ( 0.0000000000000000000, 0.9848077530122081313, 0.1736481776669300259 ) ) ;
#7150 = CARTESIAN_POINT ( 'NONE',  ( -5.500000000000000000, 6.221952518161529611, 5.100000000000011191 ) ) ;
#7151 = ORIENTED_EDGE ( 'NONE', *, *, #7226, .F. ) ;
#7152 = DIRECTION ( 'NONE',  ( 1.000000000000000000, 0.0000000000000000000, 0.0000000000000000000 ) ) ;
#7153 = ORIENTED_EDGE ( 'NONE', *, *, #7378, .F. ) ;
#7154 = ORIENTED_EDGE ( 'NONE', *, *, #4947, .F. ) ;
#7155 = LINE ( 'NONE', #4779, #8697 ) ;
#7156 = MECHANICAL_DESIGN_GEOMETRIC_PRESENTATION_REPRESENTATION (  '', ( #6164 ), #6674 ) ;
#7157 = ORIENTED_EDGE ( 'NONE', *, *, #2595, .T. ) ;
#7158 = VECTOR ( 'NONE', #6414, 1000.000000000000000 ) ;
#7159 = UNCERTAINTY_MEASURE_WITH_UNIT (LENGTH_MEASURE( 1.000000000000000082E-05 ), #1157, 'distance_accuracy_value', 'NONE');
#7160 = ADVANCED_FACE ( 'NONE', ( #9836 ), #6669, .F. ) ;
#7161 = CARTESIAN_POINT ( 'NONE',  ( 4.182760555148930415, 6.093223787951091097, 5.414712066094880427 ) ) ;
#7162 = DIRECTION ( 'NONE',  ( 0.0000000000000000000, 0.0000000000000000000, -1.000000000000000000 ) ) ;
#7163 = ORIENTED_EDGE ( 'NONE', *, *, #5527, .T. ) ;
#7164 = CARTESIAN_POINT ( 'NONE',  ( 10.50000000000000000, 1.838675134594820015, 6.200000000000001066 ) ) ;
#7165 = CIRCLE ( 'NONE', #2706, 0.4000000000000001887 ) ;
#7166 = ORIENTED_EDGE ( 'NONE', *, *, #5194, .F. ) ;
#7167 = DIRECTION ( 'NONE',  ( 0.4472135950260953119, 0.0000000000000000000, 0.8944271912368472188 ) ) ;
#7168 = CIRCLE ( 'NONE', #3514, 1.613267899285889984 ) ;
#7169 = ORIENTED_EDGE ( 'NONE', *, *, #9710, .F. ) ;
#7170 = CARTESIAN_POINT ( 'NONE',  ( 7.500000000000000000, 6.000000000000000000, 10.00000000000000711 ) ) ;
#7171 = CARTESIAN_POINT ( 'NONE',  ( 5.450000000000000178, 2.200000000000000178, 0.6500000000000040190 ) ) ;
#7172 = SURFACE_STYLE_USAGE ( .BOTH. , #3272 ) ;
#7173 = VECTOR ( 'NONE', #4540, 1000.000000000000000 ) ;
#7174 = EDGE_CURVE ( 'NONE', #9889, #3051, #382, .T. ) ;
#7175 = FACE_OUTER_BOUND ( 'NONE', #9286, .T. ) ;
#7176 = VERTEX_POINT ( 'NONE', #2525 ) ;
#7177 = LINE ( 'NONE', #3418, #7781 ) ;
#7178 = VERTEX_POINT ( 'NONE', #8083 ) ;
#7179 = DIRECTION ( 'NONE',  ( 0.0000000000000000000, -1.000000000000000000, 0.0000000000000000000 ) ) ;
#7180 = FACE_OUTER_BOUND ( 'NONE', #4512, .T. ) ;
#7181 =( LENGTH_UNIT ( ) NAMED_UNIT ( * ) SI_UNIT ( .MILLI., .METRE. ) );
#7182 = B_SPLINE_CURVE_WITH_KNOTS ( 'NONE', 3,
 ( #3441, #4279, #4076, #339, #1750, #8979 ),
 .UNSPECIFIED., .F., .F.,
 ( 4, 2, 4 ),
 ( 0.0000000000000000000, 0.0002833620155390375065, 0.0005667240310780750131 ),
 .UNSPECIFIED. ) ;
#7183 = CARTESIAN_POINT ( 'NONE',  ( 1.075900883378423156, 6.560463200155847829, 5.313097438219579693 ) ) ;
#7184 = SURFACE_STYLE_FILL_AREA ( #4011 ) ;
#7185 = MECHANICAL_DESIGN_GEOMETRIC_PRESENTATION_REPRESENTATION (  '', ( #6037 ), #5367 ) ;
#7186 = CARTESIAN_POINT ( 'NONE',  ( 25.00000000000000000, 7.750000000000000000, 5.900000000000000355 ) ) ;
#7187 = EDGE_CURVE ( 'NONE', #634, #3581, #3686, .T. ) ;
#7188 = EDGE_CURVE ( 'NONE', #9687, #9779, #5788, .T. ) ;
#7189 = EDGE_LOOP ( 'NONE', ( #5593, #2623, #1987, #7913 ) ) ;
#7190 = PRESENTATION_LAYER_ASSIGNMENT (  '', '', ( #4881 ) ) ;
#7191 = CARTESIAN_POINT ( 'NONE',  ( 7.500000000000000000, 2.650000000000010125, 8.000000000000000000 ) ) ;
#7192 = SURFACE_SIDE_STYLE ('',( #883 ) ) ;
#7193 = FACE_OUTER_BOUND ( 'NONE', #10148, .T. ) ;
#7194 = DIRECTION ( 'NONE',  ( 1.000000000000000000, 0.0000000000000000000, 0.0000000000000000000 ) ) ;
#7195 = EDGE_LOOP ( 'NONE', ( #2569, #797, #9340, #1111 ) ) ;
#7196 = CARTESIAN_POINT ( 'NONE',  ( 7.500000000000000000, 4.250000000000009770, 8.000000000000000000 ) ) ;
#7197 = ORIENTED_EDGE ( 'NONE', *, *, #2739, .T. ) ;
#7198 = VECTOR ( 'NONE', #7441, 1000.000000000000000 ) ;
#7199 = CONICAL_SURFACE ( 'NONE', #8218, 1.599999999999999867, 0.07130746470380971980 ) ;
#7200 = STYLED_ITEM ( 'NONE', ( #4924 ), #516 ) ;
#7201 = CARTESIAN_POINT ( 'NONE',  ( 4.500000000000000888, 5.950000000000040146, 3.494824785299559977 ) ) ;
#7202 = PRESENTATION_LAYER_ASSIGNMENT (  '', '', ( #7887 ) ) ;
#7203 = CARTESIAN_POINT ( 'NONE',  ( 0.0000000000000000000, 1.560000000000000275, 6.200000000000001066 ) ) ;
#7204 = SURFACE_STYLE_FILL_AREA ( #1504 ) ;
#7205 = EDGE_LOOP ( 'NONE', ( #1226, #2345, #1077, #2590, #9525, #6347, #2830, #8483 ) ) ;
#7206 = CARTESIAN_POINT ( 'NONE',  ( 10.38636363636359938, 9.340909090909089940, -0.1863636363636350102 ) ) ;
#7207 = LINE ( 'NONE', #4091, #1953 ) ;
#7208 = VERTEX_POINT ( 'NONE', #8400 ) ;
#7209 = VECTOR ( 'NONE', #4788, 1000.000000000000000 ) ;
#7210 = EDGE_CURVE ( 'NONE', #3257, #4024, #7709, .T. ) ;
#7211 =( GEOMETRIC_REPRESENTATION_CONTEXT ( 3 ) GLOBAL_UNCERTAINTY_ASSIGNED_CONTEXT ( ( #1196 ) ) GLOBAL_UNIT_ASSIGNED_CONTEXT ( ( #1336, #6727, #570 ) ) REPRESENTATION_CONTEXT ( 'NONE', 'WORKASPACE' ) );
#7212 = ORIENTED_EDGE ( 'NONE', *, *, #4041, .T. ) ;
#7213 = LINE ( 'NONE', #4935, #4701 ) ;
#7214 = EDGE_LOOP ( 'NONE', ( #10222, #5261 ) ) ;
#7215 =( BOUNDED_CURVE ( )  B_SPLINE_CURVE ( 3, ( #8144, #1037, #8930, #289 ),
 .UNSPECIFIED., .F., .T. ) 
 B_SPLINE_CURVE_WITH_KNOTS ( ( 4, 4 ),
 ( 4.758910074651783617, 4.782202150464453183 ),
 .UNSPECIFIED. ) 
 CURVE ( )  GEOMETRIC_REPRESENTATION_ITEM ( )  RATIONAL_B_SPLINE_CURVE ( ( 1.000000000000000000, 0.9999547904446798308, 0.9999547904446798308, 1.000000000000000000 ) ) 
 REPRESENTATION_ITEM ( '' )  );
#7216 = CARTESIAN_POINT ( 'NONE',  ( -2.500000000000000000, 6.000000000000000000, 8.000000000000000000 ) ) ;
#7217 = CARTESIAN_POINT ( 'NONE',  ( -2.500000000000000000, 5.950000000000040146, 2.750000000000000000 ) ) ;
#7218 = EDGE_LOOP ( 'NONE', ( #4526, #7377, #369, #736 ) ) ;
#7219 = COLOUR_RGB ( '',0.2862745098039215508, 0.6431372549019607199, 0.8666666666666666963 ) ;
#7220 = AXIS2_PLACEMENT_3D ( 'NONE', #2532, #185, #4666 ) ;
#7221 = PLANE ( 'NONE',  #6203 ) ;
#7222 = LINE ( 'NONE', #3077, #2908 ) ;
#7223 = CARTESIAN_POINT ( 'NONE',  ( 1.128298252077120090, 6.620978138265459556, 5.127902589497670860 ) ) ;
#7224 = ORIENTED_EDGE ( 'NONE', *, *, #9555, .F. ) ;
#7225 = CARTESIAN_POINT ( 'NONE',  ( -1.075900883378420048, -1.462314593354880232, 5.313097438219579693 ) ) ;
#7226 = EDGE_CURVE ( 'NONE', #4774, #6418, #6725, .T. ) ;
#7227 = VERTEX_POINT ( 'NONE', #7650 ) ;
#7228 = CARTESIAN_POINT ( 'NONE',  ( -4.549999999999999822, 6.250000000000031086, 0.6500000000000289990 ) ) ;
#7229 = FACE_OUTER_BOUND ( 'NONE', #8504, .T. ) ;
#7230 =( GEOMETRIC_REPRESENTATION_CONTEXT ( 3 ) GLOBAL_UNCERTAINTY_ASSIGNED_CONTEXT ( ( #10126 ) ) GLOBAL_UNIT_ASSIGNED_CONTEXT ( ( #2804, #9860, #5187 ) ) REPRESENTATION_CONTEXT ( 'NONE', 'WORKASPACE' ) );
#7231 = DIRECTION ( 'NONE',  ( -1.000000000000000000, 0.0000000000000000000, 0.0000000000000000000 ) ) ;
#7232 = CARTESIAN_POINT ( 'NONE',  ( 3.976962475704029831, 6.379043491581979808, 5.701173905684820298 ) ) ;
#7233 = ORIENTED_EDGE ( 'NONE', *, *, #9919, .T. ) ;
#7234 = ORIENTED_EDGE ( 'NONE', *, *, #5550, .T. ) ;
#7235 = CARTESIAN_POINT ( 'NONE',  ( 2.500000000000000000, 4.250000000000009770, 9.500000000000010658 ) ) ;
#7236 = DIRECTION ( 'NONE',  ( 6.323770134184271214E-17, -0.9848077530122081313, -0.1736481776669300259 ) ) ;
#7237 = PRESENTATION_STYLE_ASSIGNMENT (( #876 ) ) ;
#7238 = EDGE_CURVE ( 'NONE', #6709, #4898, #6846, .T. ) ;
#7239 = CARTESIAN_POINT ( 'NONE',  ( 4.549999999999999822, 7.250000000000000000, 0.6500000000000020206 ) ) ;
#7240 = CARTESIAN_POINT ( 'NONE',  ( 3.977026237072347481, 6.335242407712963875, 5.690954293788235141 ) ) ;
#7241 = SURFACE_STYLE_FILL_AREA ( #125 ) ;
#7242 = CIRCLE ( 'NONE', #3590, 0.4000000000000001887 ) ;
#7243 = ORIENTED_EDGE ( 'NONE', *, *, #3792, .F. ) ;
#7244 = FILL_AREA_STYLE ('',( #8773 ) ) ;
#7245 = SURFACE_STYLE_USAGE ( .BOTH. , #5802 ) ;
#7246 = AXIS2_PLACEMENT_3D ( 'NONE', #3306, #4191, #7359 ) ;
#7247 = EDGE_CURVE ( 'NONE', #10130, #9002, #4488, .T. ) ;
#7248 = ORIENTED_EDGE ( 'NONE', *, *, #9975, .F. ) ;
#7249 = DIRECTION ( 'NONE',  ( 0.0000000000000000000, 0.0000000000000000000, 1.000000000000000000 ) ) ;
#7250 = FACE_BOUND ( 'NONE', #1404, .T. ) ;
#7251 = DIRECTION ( 'NONE',  ( -1.000000000000000000, 0.0000000000000000000, 5.152643988049929844E-16 ) ) ;
#7252 = VECTOR ( 'NONE', #9176, 1000.000000000000000 ) ;
#7253 = CARTESIAN_POINT ( 'NONE',  ( 1.128298252077120090, 6.620978138265459556, 5.127902589497660202 ) ) ;
#7254 = FILL_AREA_STYLE ('',( #199 ) ) ;
#7255 = PLANE ( 'NONE',  #146 ) ;
#7256 = EDGE_CURVE ( 'NONE', #5551, #1240, #3296, .T. ) ;
#7257 = ORIENTED_EDGE ( 'NONE', *, *, #9155, .F. ) ;
#7258 = DIRECTION ( 'NONE',  ( -1.000000000000000000, 0.0000000000000000000, 0.0000000000000000000 ) ) ;
#7260 = ADVANCED_FACE ( 'NONE', ( #9991 ), #6184, .T. ) ;
#7259 = DIRECTION ( 'NONE',  ( -6.323770134184271214E-17, 0.9848077530122081313, 0.1736481776669300259 ) ) ;
#7261 = AXIS2_PLACEMENT_3D ( 'NONE', #2811, #6174, #5392 ) ;
#7262 = ORIENTED_EDGE ( 'NONE', *, *, #1520, .T. ) ;
#7263 = LINE ( 'NONE', #3258, #7851 ) ;
#7264 = ORIENTED_EDGE ( 'NONE', *, *, #7863, .T. ) ;
#7265 = CARTESIAN_POINT ( 'NONE',  ( 3.977386614090289818, 6.143310324244612097, 5.618805837179500884 ) ) ;
#7266 = DIRECTION ( 'NONE',  ( 0.0000000000000000000, 0.0000000000000000000, -1.000000000000000000 ) ) ;
#7267 = EDGE_LOOP ( 'NONE', ( #7163, #8788, #8763, #6453, #6924, #4065 ) ) ;
#7268 = SURFACE_SIDE_STYLE ('',( #1984 ) ) ;
#7269 = CARTESIAN_POINT ( 'NONE',  ( 2.500000000000000000, 6.250000000000031086, 2.750000000000000000 ) ) ;
#7270 = ORIENTED_EDGE ( 'NONE', *, *, #9405, .T. ) ;
#7271 = FILL_AREA_STYLE_COLOUR ( '', #2931 ) ;
#7272 = EDGE_LOOP ( 'NONE', ( #5994, #942, #9022, #7779 ) ) ;
#7273 = CARTESIAN_POINT ( 'NONE',  ( 5.793645397510390538, 6.087469678630560210, 5.606236746784570180 ) ) ;
#7274 = COLOUR_RGB ( '',0.2862745098039215508, 0.6431372549019607199, 0.8666666666666666963 ) ;
#7275 = CARTESIAN_POINT ( 'NONE',  ( -1.004349151592869971, 6.249999999999960032, 5.507834059304349772 ) ) ;
#7276 =( BOUNDED_CURVE ( )  B_SPLINE_CURVE ( 3, ( #5199, #7535, #1061, #5148 ),
 .UNSPECIFIED., .F., .T. ) 
 B_SPLINE_CURVE_WITH_KNOTS ( ( 4, 4 ),
 ( 1.617317421061991167, 1.640609496874676276 ),
 .UNSPECIFIED. ) 
 CURVE ( )  GEOMETRIC_REPRESENTATION_ITEM ( )  RATIONAL_B_SPLINE_CURVE ( ( 1.000000000000000000, 0.9999547904446798308, 0.9999547904446798308, 1.000000000000000000 ) ) 
 REPRESENTATION_ITEM ( '' )  );
#7277 = CARTESIAN_POINT ( 'NONE',  ( 4.198613071924840234, 6.089357680825980168, 5.509810034670159951 ) ) ;
#7278 = ORIENTED_EDGE ( 'NONE', *, *, #4244, .F. ) ;
#7279 = EDGE_CURVE ( 'NONE', #6675, #4671, #1510, .T. ) ;
#7280 = EDGE_CURVE ( 'NONE', #1559, #749, #2049, .T. ) ;
#7281 = ORIENTED_EDGE ( 'NONE', *, *, #4528, .T. ) ;
#7282 = AXIS2_PLACEMENT_3D ( 'NONE', #2524, #3383, #5685 ) ;
#7283 = DIRECTION ( 'NONE',  ( -0.4472135950260953119, 0.0000000000000000000, 0.8944271912368472188 ) ) ;
#7284 = AXIS2_PLACEMENT_3D ( 'NONE', #670, #4645, #870 ) ;
#7285 = FACE_OUTER_BOUND ( 'NONE', #2091, .T. ) ;
#7286 = DIRECTION ( 'NONE',  ( 0.3481553119113969808, -0.8703882797784889824, -0.3481553119113949823 ) ) ;
#7287 = DIRECTION ( 'NONE',  ( 0.0000000000000000000, -3.675221047034999628E-15, 1.000000000000000000 ) ) ;
#7288 = DIRECTION ( 'NONE',  ( 0.0000000000000000000, 0.0000000000000000000, -1.000000000000000000 ) ) ;
#7289 = VECTOR ( 'NONE', #6848, 1000.000000000000000 ) ;
#7290 = SURFACE_STYLE_FILL_AREA ( #2368 ) ;
#7291 = VECTOR ( 'NONE', #1679, 1000.000000000000000 ) ;
#7292 = ORIENTED_EDGE ( 'NONE', *, *, #6856, .T. ) ;
#7293 = EDGE_CURVE ( 'NONE', #7660, #7425, #4168, .T. ) ;
#7294 = FILL_AREA_STYLE_COLOUR ( '', #7274 ) ;
#7295 = CARTESIAN_POINT ( 'NONE',  ( 7.500000000000000000, 5.863267899285899531, 9.314249409997579221 ) ) ;
#7296 = CARTESIAN_POINT ( 'NONE',  ( 2.500000000000000000, 5.949999999885354995, 8.100000000000010303 ) ) ;
#7297 = VECTOR ( 'NONE', #5880, 1000.000000000000114 ) ;
#7298 = CARTESIAN_POINT ( 'NONE',  ( 9.006141391221529346, 6.250000000000030198, 5.699344090454331990 ) ) ;
#7299 = ORIENTED_EDGE ( 'NONE', *, *, #2762, .F. ) ;
#7300 = DIRECTION ( 'NONE',  ( -1.000000000000000000, 0.0000000000000000000, -3.641714079092569968E-16 ) ) ;
#7301 = EDGE_CURVE ( 'NONE', #2191, #2413, #2513, .T. ) ;
#7302 = PRESENTATION_STYLE_ASSIGNMENT (( #8989 ) ) ;
#7303 = DIRECTION ( 'NONE',  ( 0.0000000000000000000, 0.0000000000000000000, -1.000000000000000000 ) ) ;
#7304 = PLANE ( 'NONE',  #9703 ) ;
#7305 = FILL_AREA_STYLE_COLOUR ( '', #4237 ) ;
#7306 = VERTEX_POINT ( 'NONE', #8542 ) ;
#7307 = DIRECTION ( 'NONE',  ( 0.0000000000000000000, 0.0000000000000000000, -1.000000000000000000 ) ) ;
#7308 = DIRECTION ( 'NONE',  ( 1.000000000000000000, 0.0000000000000000000, 0.0000000000000000000 ) ) ;
#7309 = B_SPLINE_CURVE_WITH_KNOTS ( 'NONE', 3,
 ( #4441, #528, #5904, #6833, #1955, #3134, #9533, #9489 ),
 .UNSPECIFIED., .F., .F.,
 ( 4, 2, 2, 4 ),
 ( 0.0000000000000000000, 0.1326693844476140027, 0.4942272126317450165, 1.000000000000000000 ),
 .UNSPECIFIED. ) ;
#7310 = ORIENTED_EDGE ( 'NONE', *, *, #6216, .F. ) ;
#7311 = CARTESIAN_POINT ( 'NONE',  ( 6.091470100434436041, 6.803742317568938880, 5.258069125366935381 ) ) ;
#7312 = ORIENTED_EDGE ( 'NONE', *, *, #7060, .F. ) ;
#7313 = EDGE_CURVE ( 'NONE', #9183, #5088, #4703, .T. ) ;
#7314 = CARTESIAN_POINT ( 'NONE',  ( 1.143990033716241861, 4.650000000000010125, 9.500000000000000000 ) ) ;
#7315 = EDGE_CURVE ( 'NONE', #9073, #7506, #1054, .T. ) ;
#7316 = LINE ( 'NONE', #3362, #5560 ) ;
#7317 = ORIENTED_EDGE ( 'NONE', *, *, #5927, .T. ) ;
#7318 = CARTESIAN_POINT ( 'NONE',  ( 5.899218940641789644, 4.650000000000010125, 8.800000000000000711 ) ) ;
#7319 =( NAMED_UNIT ( * ) SI_UNIT ( $, .STERADIAN. ) SOLID_ANGLE_UNIT ( ) );
#7320 = LINE ( 'NONE', #913, #4812 ) ;
#7321 = VERTEX_POINT ( 'NONE', #4435 ) ;
#7322 = VECTOR ( 'NONE', #5801, 1000.000000000000000 ) ;
#7323 =( LENGTH_UNIT ( ) NAMED_UNIT ( * ) SI_UNIT ( .MILLI., .METRE. ) );
#7324 = ORIENTED_EDGE ( 'NONE', *, *, #1686, .F. ) ;
#7325 = VERTEX_POINT ( 'NONE', #6775 ) ;
#7326 = CARTESIAN_POINT ( 'NONE',  ( 5.817239423961069633, 6.093223782856449944, 5.414712191412339948 ) ) ;
#7327 = PLANE ( 'NONE',  #6534 ) ;
#7328 = VECTOR ( 'NONE', #1201, 1000.000000000000000 ) ;
#7329 = DIRECTION ( 'NONE',  ( 0.0000000000000000000, 0.0000000000000000000, 1.000000000000000000 ) ) ;
#7330 = ORIENTED_EDGE ( 'NONE', *, *, #1898, .T. ) ;
#7331 = VERTEX_POINT ( 'NONE', #6827 ) ;
#7332 = AXIS2_PLACEMENT_3D ( 'NONE', #7396, #8921, #4119 ) ;
#7333 = CARTESIAN_POINT ( 'NONE',  ( 3.856009966283758583, 3.850000000000010303, 9.500000000000000000 ) ) ;
#7334 = CARTESIAN_POINT ( 'NONE',  ( 0.5500000000000000444, 1.877542648054139951, -7.728965982074889342E-15 ) ) ;
#7335 = CARTESIAN_POINT ( 'NONE',  ( 0.9942342462682710602, 6.250000000000079936, 5.651381332702859694 ) ) ;
#7336 = CARTESIAN_POINT ( 'NONE',  ( 3.958131431689484003, 3.850000000000009859, 9.481228347016307012 ) ) ;
#7337 = CARTESIAN_POINT ( 'NONE',  ( 5.801388088926969999, 6.089357963934170392, 5.509803114629489684 ) ) ;
#7338 = DIRECTION ( 'NONE',  ( -1.000000000000000000, 0.0000000000000000000, 0.0000000000000000000 ) ) ;
#7339 = EDGE_CURVE ( 'NONE', #2617, #10136, #9943, .T. ) ;
#7340 = AXIS2_PLACEMENT_3D ( 'NONE', #2316, #5482, #10201 ) ;
#7341 = VECTOR ( 'NONE', #6977, 1000.000000000000000 ) ;
#7342 = VERTEX_POINT ( 'NONE', #3644 ) ;
#7343 = CARTESIAN_POINT ( 'NONE',  ( 5.965707655754258987, 4.650000000000010125, 9.413932751394359144 ) ) ;
#7344 = DIRECTION ( 'NONE',  ( 0.0000000000000000000, 0.0000000000000000000, -1.000000000000000000 ) ) ;
#7345 = AXIS2_PLACEMENT_3D ( 'NONE', #5714, #4093, #8111 ) ;
#7346 = PLANE ( 'NONE',  #8342 ) ;
#7347 = VERTEX_POINT ( 'NONE', #3253 ) ;
#7348 = CARTESIAN_POINT ( 'NONE',  ( 0.7999999999999990452, 4.650000000000010125, 8.800000000000009592 ) ) ;
#7349 = CARTESIAN_POINT ( 'NONE',  ( 1.029021513128699938, 6.380815587897259888, 5.542350741529149971 ) ) ;
#7350 = ADVANCED_FACE ( 'NONE', ( #9614 ), #8002, .T. ) ;
#7351 = CARTESIAN_POINT ( 'NONE',  ( 1.041844086465574026, 6.384612859889100989, 5.465433459372669667 ) ) ;
#7352 = MECHANICAL_DESIGN_GEOMETRIC_PRESENTATION_REPRESENTATION (  '', ( #2218 ), #104 ) ;
#7353 =( NAMED_UNIT ( * ) SI_UNIT ( $, .STERADIAN. ) SOLID_ANGLE_UNIT ( ) );
#7354 = B_SPLINE_CURVE_WITH_KNOTS ( 'NONE', 3,
 ( #4275, #229, #3330, #1894, #3234, #9595 ),
 .UNSPECIFIED., .F., .F.,
 ( 4, 2, 4 ),
 ( 0.0000000000000000000, 0.4556032744929219835, 1.000000000000000000 ),
 .UNSPECIFIED. ) ;
#7355 =( GEOMETRIC_REPRESENTATION_CONTEXT ( 3 ) GLOBAL_UNCERTAINTY_ASSIGNED_CONTEXT ( ( #1853 ) ) GLOBAL_UNIT_ASSIGNED_CONTEXT ( ( #3375, #7439, #5780 ) ) REPRESENTATION_CONTEXT ( 'NONE', 'WORKASPACE' ) );
#7356 = CARTESIAN_POINT ( 'NONE',  ( 1.022973818583576833, 6.335261413134415598, 5.690949137293159765 ) ) ;
#7357 = FACE_OUTER_BOUND ( 'NONE', #7748, .T. ) ;
#7358 = ORIENTED_EDGE ( 'NONE', *, *, #7589, .T. ) ;
#7359 = DIRECTION ( 'NONE',  ( 0.0000000000000000000, -1.000000000000000000, 0.0000000000000000000 ) ) ;
#7360 = CIRCLE ( 'NONE', #5712, 1.613267899285889984 ) ;
#7361 = EDGE_CURVE ( 'NONE', #9665, #1526, #5229, .T. ) ;
#7362 = VERTEX_POINT ( 'NONE', #1475 ) ;
#7363 = CARTESIAN_POINT ( 'NONE',  ( 0.4500000000000040079, 7.250000000000000000, 5.700000000000000178 ) ) ;
#7364 = ORIENTED_EDGE ( 'NONE', *, *, #6117, .F. ) ;
#7365 = PRESENTATION_LAYER_ASSIGNMENT (  '', '', ( #291 ) ) ;
#7366 = COLOUR_RGB ( '',0.2862745098039215508, 0.6431372549019607199, 0.8666666666666666963 ) ;
#7367 = DIRECTION ( 'NONE',  ( 0.2716300227878299944, -0.06713375248915300075, 0.9600573889080840084 ) ) ;
#7368 = CARTESIAN_POINT ( 'NONE',  ( 7.500000000000000000, 4.250000000000009770, 9.300000000000000711 ) ) ;
#7369 = ORIENTED_EDGE ( 'NONE', *, *, #1153, .T. ) ;
#7370 = CARTESIAN_POINT ( 'NONE',  ( -2.500000000000000000, 4.250000000000009770, 9.500000000000010658 ) ) ;
#7371 = CARTESIAN_POINT ( 'NONE',  ( 6.027326048814293458, 6.293418682409066989, 5.495963488081316406 ) ) ;
#7372 = FACE_OUTER_BOUND ( 'NONE', #6630, .T. ) ;
#7373 = AXIS2_PLACEMENT_3D ( 'NONE', #5263, #8444, #3738 ) ;
#7374 = CARTESIAN_POINT ( 'NONE',  ( 1.075900883378423156, 6.560463200155847829, 5.313097438219579693 ) ) ;
#7375 = STYLED_ITEM ( 'NONE', ( #5271 ), #817 ) ;
#7376 = VERTEX_POINT ( 'NONE', #2300 ) ;
#7377 = ORIENTED_EDGE ( 'NONE', *, *, #8442, .F. ) ;
#7378 = EDGE_CURVE ( 'NONE', #6711, #2571, #7667, .T. ) ;
#7379 = ORIENTED_EDGE ( 'NONE', *, *, #7315, .F. ) ;
#7380 = DIRECTION ( 'NONE',  ( 0.0000000000000000000, -1.000000000000000000, 0.0000000000000000000 ) ) ;
#7381 = EDGE_CURVE ( 'NONE', #1867, #9196, #6346, .T. ) ;
#7382 = VECTOR ( 'NONE', #7162, 1000.000000000000000 ) ;
#7383 = CARTESIAN_POINT ( 'NONE',  ( 8.975706270414169907, 6.556592744917202786, 5.606841196306680430 ) ) ;
#7384 = CONICAL_SURFACE ( 'NONE', #5232, 1.599999999999999867, 0.07130746470380971980 ) ;
#7385 = VECTOR ( 'NONE', #7783, 1000.000000000000000 ) ;
#7386 = DIRECTION ( 'NONE',  ( 0.0000000000000000000, 0.0000000000000000000, 1.000000000000000000 ) ) ;
#7387 = VERTEX_POINT ( 'NONE', #202 ) ;
#7388 = B_SPLINE_CURVE_WITH_KNOTS ( 'NONE', 3,
 ( #7016, #500, #3565, #5921, #9967, #7419 ),
 .UNSPECIFIED., .F., .F.,
 ( 4, 2, 4 ),
 ( 0.0000000000000000000, 0.4556032744928619760, 1.000000000000000000 ),
 .UNSPECIFIED. ) ;
#7389 = VERTEX_POINT ( 'NONE', #6539 ) ;
#7390 = LINE ( 'NONE', #2677, #2237 ) ;
#7391 = DIRECTION ( 'NONE',  ( 0.0000000000000000000, -1.000000000000000000, 0.0000000000000000000 ) ) ;
#7392 = CARTESIAN_POINT ( 'NONE',  ( 4.549999999999999822, 6.250000000000031086, 0.7499999999999990008 ) ) ;
#7393 = STYLED_ITEM ( 'NONE', ( #5333 ), #2257 ) ;
#7394 = EDGE_CURVE ( 'NONE', #6509, #1264, #4686, .T. ) ;
#7395 = AXIS2_PLACEMENT_3D ( 'NONE', #9797, #1088, #5175 ) ;
#7396 = CARTESIAN_POINT ( 'NONE',  ( 7.500000000000000000, 2.836223840680269781, 9.300000000000000711 ) ) ;
#7397 = CARTESIAN_POINT ( 'NONE',  ( 6.022614399924370865, 6.143310571542220266, 5.618793688040031320 ) ) ;
#7398 = CARTESIAN_POINT ( 'NONE',  ( 0.4500000000000040079, 2.200000000000000178, 5.700000000000000178 ) ) ;
#7399 = EDGE_LOOP ( 'NONE', ( #1411, #1124, #8242, #864, #9652 ) ) ;
#7400 = VECTOR ( 'NONE', #8851, 1000.000000000000000 ) ;
#7401 = CYLINDRICAL_SURFACE ( 'NONE', #9944, 0.5000000000000000000 ) ;
#7402 = CARTESIAN_POINT ( 'NONE',  ( -3.871701747922879910, 6.620978138265459556, 5.127902589497670860 ) ) ;
#7403 = DIRECTION ( 'NONE',  ( -0.2716300227878299944, -0.06713375248915300075, 0.9600573889080840084 ) ) ;
#7404 = CARTESIAN_POINT ( 'NONE',  ( -4.549999999999999822, 7.750000000000000000, 5.900000000000000355 ) ) ;
#7405 = FACE_OUTER_BOUND ( 'NONE', #5516, .T. ) ;
#7406 = EDGE_LOOP ( 'NONE', ( #5127, #5542, #3517, #4731 ) ) ;
#7407 = DIRECTION ( 'NONE',  ( 2.232180943352509796E-16, -1.000000000000000000, 0.0000000000000000000 ) ) ;
#7408 = FACE_OUTER_BOUND ( 'NONE', #8692, .T. ) ;
#7409 = COLOUR_RGB ( '',0.2862745098039215508, 0.6431372549019607199, 0.8666666666666666963 ) ;
#7410 = PRODUCT_DEFINITION_FORMATION_WITH_SPECIFIED_SOURCE ( 'ANY', '', #3411, .NOT_KNOWN. ) ;
#7411 = DIRECTION ( 'NONE',  ( 3.928415396526638614E-16, 0.3713906763541028888, 0.9284766908852596368 ) ) ;
#7412 = ADVANCED_FACE ( 'NONE', ( #8652 ), #10191, .T. ) ;
#7413 = VECTOR ( 'NONE', #9310, 1000.000000000000000 ) ;
#7414 = DIRECTION ( 'NONE',  ( 0.0000000000000000000, -1.000000000000000000, 0.0000000000000000000 ) ) ;
#7415 = EDGE_CURVE ( 'NONE', #9005, #1530, #9668, .T. ) ;
#7416 = FILL_AREA_STYLE ('',( #3562 ) ) ;
#7417 = DIRECTION ( 'NONE',  ( 0.0000000000000000000, 0.0000000000000000000, 1.000000000000000000 ) ) ;
#7418 = VERTEX_POINT ( 'NONE', #1767 ) ;
#7419 = CARTESIAN_POINT ( 'NONE',  ( 9.100781059358210356, 4.650000000000010125, 8.800000000000000711 ) ) ;
#7420 = DIRECTION ( 'NONE',  ( 0.0000000000000000000, -1.000000000000000000, 0.0000000000000000000 ) ) ;
#7421 = LINE ( 'NONE', #7473, #9078 ) ;
#7422 = ORIENTED_EDGE ( 'NONE', *, *, #1594, .T. ) ;
#7423 = CARTESIAN_POINT ( 'NONE',  ( 8.550000000000000711, -1.462314593354880232, 3.990870176997169949 ) ) ;
#7424 = AXIS2_PLACEMENT_3D ( 'NONE', #5561, #8005, #906 ) ;
#7425 = VERTEX_POINT ( 'NONE', #4143 ) ;
#7426 = SURFACE_SIDE_STYLE ('',( #9113 ) ) ;
#7427 =( LENGTH_UNIT ( ) NAMED_UNIT ( * ) SI_UNIT ( .MILLI., .METRE. ) );
#7428 = EDGE_LOOP ( 'NONE', ( #7358, #9369, #4801, #6751, #9332, #97, #8573, #4606 ) ) ;
#7429 = CARTESIAN_POINT ( 'NONE',  ( 10.00000000000000000, 7.750000000000000000, 0.0000000000000000000 ) ) ;
#7430 = EDGE_CURVE ( 'NONE', #4996, #1731, #6437, .T. ) ;
#7431 = CARTESIAN_POINT ( 'NONE',  ( 6.041844086465573582, 6.384612859889100989, 5.465433459372670555 ) ) ;
#7432 = DIRECTION ( 'NONE',  ( -1.000000000000000000, 0.0000000000000000000, 5.152643988049929844E-16 ) ) ;
#7433 = MECHANICAL_DESIGN_GEOMETRIC_PRESENTATION_REPRESENTATION (  '', ( #2800 ), #349 ) ;
#7434 = CARTESIAN_POINT ( 'NONE',  ( 1.091769397758582283, 6.595770259307299099, 5.257011279829173489 ) ) ;
#7435 = ORIENTED_EDGE ( 'NONE', *, *, #5174, .F. ) ;
#7436 = ORIENTED_EDGE ( 'NONE', *, *, #5998, .T. ) ;
#7437 = ORIENTED_EDGE ( 'NONE', *, *, #6636, .F. ) ;
#7438 = PLANE ( 'NONE',  #6349 ) ;
#7439 =( NAMED_UNIT ( * ) PLANE_ANGLE_UNIT ( ) SI_UNIT ( $, .RADIAN. ) );
#7440 = DIRECTION ( 'NONE',  ( 0.0000000000000000000, 0.0000000000000000000, 1.000000000000000000 ) ) ;
#7441 = DIRECTION ( 'NONE',  ( 0.2716300227878299944, 0.06713375248915300075, -0.9600573889080840084 ) ) ;
#7442 = VERTEX_POINT ( 'NONE', #8108 ) ;
#7443 = EDGE_CURVE ( 'NONE', #8946, #2601, #3660, .T. ) ;
#7444 = VERTEX_POINT ( 'NONE', #3790 ) ;
#7445 = DIRECTION ( 'NONE',  ( 0.0000000000000000000, 1.000000000000000000, 0.0000000000000000000 ) ) ;
#7446 = DIRECTION ( 'NONE',  ( 0.0000000000000000000, -0.9848077530122081313, -0.1736481776669300259 ) ) ;
#7447 = CARTESIAN_POINT ( 'NONE',  ( 1.003189994461259893, 6.250000000000031086, 5.517634239043999855 ) ) ;
#7448 = FACE_OUTER_BOUND ( 'NONE', #10012, .T. ) ;
#7449 = DIRECTION ( 'NONE',  ( -1.000000000000000000, 0.0000000000000000000, 0.0000000000000000000 ) ) ;
#7450 = DIRECTION ( 'NONE',  ( 0.0000000000000000000, -1.000000000000000000, 0.0000000000000000000 ) ) ;
#7451 = AXIS2_PLACEMENT_3D ( 'NONE', #3652, #9903, #3750 ) ;
#7452 = VERTEX_POINT ( 'NONE', #5657 ) ;
#7453 = AXIS2_PLACEMENT_3D ( 'NONE', #4561, #2132, #6808 ) ;
#7454 = EDGE_CURVE ( 'NONE', #5204, #3800, #896, .T. ) ;
#7455 = FACE_OUTER_BOUND ( 'NONE', #9160, .T. ) ;
#7456 = ADVANCED_FACE ( 'NONE', ( #4980 ), #573, .T. ) ;
#7457 = LINE ( 'NONE', #4176, #991 ) ;
#7458 = DIRECTION ( 'NONE',  ( -1.000000000000000000, 0.0000000000000000000, 0.0000000000000000000 ) ) ;
#7459 = CARTESIAN_POINT ( 'NONE',  ( 15.00000000000000000, 0.1499999999999999944, 6.388051065821461094 ) ) ;
#7460 = ORIENTED_EDGE ( 'NONE', *, *, #7628, .T. ) ;
#7461 = CARTESIAN_POINT ( 'NONE',  ( 2.500000000000000000, 9.550000000000029132, 4.150000000000000355 ) ) ;
#7462 = SURFACE_STYLE_USAGE ( .BOTH. , #1908 ) ;
#7463 = PLANE ( 'NONE',  #5037 ) ;
#7464 = UNCERTAINTY_MEASURE_WITH_UNIT (LENGTH_MEASURE( 1.000000000000000082E-05 ), #2734, 'distance_accuracy_value', 'NONE');
#7465 = CARTESIAN_POINT ( 'NONE',  ( -4.549999999999999822, 6.250000000000031086, 5.700000000000000178 ) ) ;
#7466 =( GEOMETRIC_REPRESENTATION_CONTEXT ( 3 ) GLOBAL_UNCERTAINTY_ASSIGNED_CONTEXT ( ( #10010 ) ) GLOBAL_UNIT_ASSIGNED_CONTEXT ( ( #8775, #9602, #84 ) ) REPRESENTATION_CONTEXT ( 'NONE', 'WORKASPACE' ) );
#7467 = DIRECTION ( 'NONE',  ( 1.000000000000000000, 0.0000000000000000000, -5.152643988049929844E-16 ) ) ;
#7468 = LINE ( 'NONE', #6535, #3546 ) ;
#7469 = DIRECTION ( 'NONE',  ( -3.641714079092569968E-16, 0.0000000000000000000, -1.000000000000000000 ) ) ;
#7470 = EDGE_LOOP ( 'NONE', ( #7153, #415, #499, #9511, #3890, #7104 ) ) ;
#7471 = CARTESIAN_POINT ( 'NONE',  ( 0.9129626948656089924, 4.650000000000010125, 8.986637655680240755 ) ) ;
#7472 = FILL_AREA_STYLE_COLOUR ( '', #173 ) ;
#7473 = CARTESIAN_POINT ( 'NONE',  ( 0.3549999999999999822, 0.7350406544375860385, 6.200000000000001066 ) ) ;
#7474 = ORIENTED_EDGE ( 'NONE', *, *, #2668, .F. ) ;
#7475 = CARTESIAN_POINT ( 'NONE',  ( 3.549999999999999822, 5.950000000000040146, 2.800000000000019806 ) ) ;
#7476 = ORIENTED_EDGE ( 'NONE', *, *, #8607, .T. ) ;
#7477 = EDGE_CURVE ( 'NONE', #2958, #884, #1716, .T. ) ;
#7478 = B_SPLINE_CURVE_WITH_KNOTS ( 'NONE', 3,
 ( #6005, #4229, #6575, #1902, #5905, #5069 ),
 .UNSPECIFIED., .F., .F.,
 ( 4, 2, 4 ),
 ( 1.301042606982605321E-18, 0.0001521198112224726989, 0.0003042396224449440967 ),
 .UNSPECIFIED. ) ;
#7479 = PLANE ( 'NONE',  #1151 ) ;
#7480 = ORIENTED_EDGE ( 'NONE', *, *, #7555, .F. ) ;
#7481 = LINE ( 'NONE', #8280, #7952 ) ;
#7482 = CARTESIAN_POINT ( 'NONE',  ( 3.976121095031209585, 6.379292657753694584, 5.607444991927494016 ) ) ;
#7483 = CARTESIAN_POINT ( 'NONE',  ( 8.977026237062382563, 6.335242411118723105, 5.690954292864157438 ) ) ;
#7484 = VERTEX_POINT ( 'NONE', #9384 ) ;
#7485 = FACE_OUTER_BOUND ( 'NONE', #1246, .T. ) ;
#7486 = ORIENTED_EDGE ( 'NONE', *, *, #7539, .T. ) ;
#7487 = ORIENTED_EDGE ( 'NONE', *, *, #10104, .F. ) ;
#7488 =( LENGTH_UNIT ( ) NAMED_UNIT ( * ) SI_UNIT ( .MILLI., .METRE. ) );
#7489 = LINE ( 'NONE', #8291, #6217 ) ;
#7490 = EDGE_CURVE ( 'NONE', #3816, #1004, #4929, .T. ) ;
#7491 = DIRECTION ( 'NONE',  ( 0.0000000000000000000, 0.0000000000000000000, 1.000000000000000000 ) ) ;
#7492 = SURFACE_SIDE_STYLE ('',( #5161 ) ) ;
#7493 = VERTEX_POINT ( 'NONE', #4634 ) ;
#7494 = VECTOR ( 'NONE', #6221, 1000.000000000000114 ) ;
#7495 = ORIENTED_EDGE ( 'NONE', *, *, #2463, .T. ) ;
#7496 = SURFACE_STYLE_FILL_AREA ( #1238 ) ;
#7497 = LINE ( 'NONE', #8494, #5794 ) ;
#7498 = B_SPLINE_CURVE_WITH_KNOTS ( 'NONE', 3,
 ( #2516, #7275, #5573, #8855, #6406, #8019, #5519, #170 ),
 .UNSPECIFIED., .F., .F.,
 ( 4, 2, 2, 4 ),
 ( 0.0000000000000000000, 0.1326693844476060091, 0.4942272126317400205, 1.000000000000000000 ),
 .UNSPECIFIED. ) ;
#7499 = CARTESIAN_POINT ( 'NONE',  ( -5.000000000000000000, 0.9399999999999999467, 6.200000000000001066 ) ) ;
#7500 = CARTESIAN_POINT ( 'NONE',  ( 6.057217321801783960, 6.518892729351662751, 5.379133184779093746 ) ) ;
#7501 = CARTESIAN_POINT ( 'NONE',  ( 5.450000000000009948, 7.750000000000000000, 5.900000000000000355 ) ) ;
#7502 = CARTESIAN_POINT ( 'NONE',  ( 2.750000000000000000, 4.250000000000031086, -4.349999999999999645 ) ) ;
#7503 = EDGE_CURVE ( 'NONE', #3665, #956, #7388, .T. ) ;
#7504 = VECTOR ( 'NONE', #523, 1000.000000000000000 ) ;
#7505 = MECHANICAL_DESIGN_GEOMETRIC_PRESENTATION_REPRESENTATION (  '', ( #3344 ), #1229 ) ;
#7506 = VERTEX_POINT ( 'NONE', #2755 ) ;
#7507 = UNCERTAINTY_MEASURE_WITH_UNIT (LENGTH_MEASURE( 1.000000000000000082E-05 ), #4530, 'distance_accuracy_value', 'NONE');
#7508 = CARTESIAN_POINT ( 'NONE',  ( 1.047237146905954486, 6.457750997099133805, 5.432878492312099183 ) ) ;
#7509 = CARTESIAN_POINT ( 'NONE',  ( 8.892263480588887603, 6.816384655952809624, 5.200576600905333358 ) ) ;
#7510 = CARTESIAN_POINT ( 'NONE',  ( 8.552632424847471881, 6.900324961960823344, 4.000174299198465455 ) ) ;
#7511 = DIRECTION ( 'NONE',  ( 0.0000000000000000000, 0.0000000000000000000, 1.000000000000000000 ) ) ;
#7512 = CARTESIAN_POINT ( 'NONE',  ( -4.062892611431373702, 3.850000000000009415, 9.314249409997648499 ) ) ;
#7513 = ORIENTED_EDGE ( 'NONE', *, *, #4409, .T. ) ;
#7514 = CARTESIAN_POINT ( 'NONE',  ( 9.550000000000000711, 6.250000000000031086, 0.6500000000000289990 ) ) ;
#7515 = CARTESIAN_POINT ( 'NONE',  ( 2.500000000000000000, 6.250000000000031086, 0.7499999999999990008 ) ) ;
#7516 = AXIS2_PLACEMENT_3D ( 'NONE', #6926, #5313, #7604 ) ;
#7517 = ADVANCED_FACE ( 'NONE', ( #9763 ), #4407, .T. ) ;
#7518 = EDGE_CURVE ( 'NONE', #4851, #7825, #7165, .T. ) ;
#7519 = AXIS2_PLACEMENT_3D ( 'NONE', #9666, #1770, #3413 ) ;
#7520 = DIRECTION ( 'NONE',  ( 0.0000000000000000000, 0.0000000000000000000, 1.000000000000000000 ) ) ;
#7521 = UNCERTAINTY_MEASURE_WITH_UNIT (LENGTH_MEASURE( 1.000000000000000082E-05 ), #2939, 'distance_accuracy_value', 'NONE');
#7522 = CARTESIAN_POINT ( 'NONE',  ( 9.550000000000000711, 2.200000000000000178, 5.700000000000000178 ) ) ;
#7523 = FACE_OUTER_BOUND ( 'NONE', #653, .T. ) ;
#7524 = EDGE_LOOP ( 'NONE', ( #1811, #5047, #7857, #6862, #1345, #3764 ) ) ;
#7525 = MECHANICAL_DESIGN_GEOMETRIC_PRESENTATION_REPRESENTATION (  '', ( #7532 ), #9532 ) ;
#7526 = DIRECTION ( 'NONE',  ( 0.9284766908852588596, 0.3713906763541049982, -4.784109839334419496E-16 ) ) ;
#7527 = CARTESIAN_POINT ( 'NONE',  ( -5.000000000000000000, 6.733652732787760442, 9.738256522761849610 ) ) ;
#7528 = ORIENTED_EDGE ( 'NONE', *, *, #5250, .F. ) ;
#7529 = DIRECTION ( 'NONE',  ( 1.000000000000000000, 2.232180943352509796E-16, 0.0000000000000000000 ) ) ;
#7530 = PRESENTATION_LAYER_ASSIGNMENT (  '', '', ( #2218 ) ) ;
#7531 = ORIENTED_EDGE ( 'NONE', *, *, #967, .T. ) ;
#7532 = STYLED_ITEM ( 'NONE', ( #2542 ), #59 ) ;
#7533 =( NAMED_UNIT ( * ) PLANE_ANGLE_UNIT ( ) SI_UNIT ( $, .RADIAN. ) );
#7534 = ORIENTED_EDGE ( 'NONE', *, *, #5425, .F. ) ;
#7535 = CARTESIAN_POINT ( 'NONE',  ( 6.448683386022369568, 6.900595781960301878, 3.995523657362071823 ) ) ;
#7536 =( LENGTH_UNIT ( ) NAMED_UNIT ( * ) SI_UNIT ( .MILLI., .METRE. ) );
#7537 = DIRECTION ( 'NONE',  ( 0.0000000000000000000, -0.9918357753074260597, -0.1275217425395260562 ) ) ;
#7538 = CARTESIAN_POINT ( 'NONE',  ( 2.500000000000000000, 5.950000000000040146, 4.150000000000000355 ) ) ;
#7539 = EDGE_CURVE ( 'NONE', #8377, #3400, #1261, .T. ) ;
#7540 = VERTEX_POINT ( 'NONE', #7578 ) ;
#7541 =( NAMED_UNIT ( * ) SI_UNIT ( $, .STERADIAN. ) SOLID_ANGLE_UNIT ( ) );
#7542 = EDGE_LOOP ( 'NONE', ( #4349, #8845 ) ) ;
#7543 = STYLED_ITEM ( 'NONE', ( #3845 ), #141 ) ;
#7544 = VERTEX_POINT ( 'NONE', #1105 ) ;
#7545 = DIRECTION ( 'NONE',  ( 0.0000000000000000000, -1.000000000000000000, 0.0000000000000000000 ) ) ;
#7546 = CARTESIAN_POINT ( 'NONE',  ( 2.500000000000000000, 5.950000000000040146, 1.349999999999999867 ) ) ;
#7547 = AXIS2_PLACEMENT_3D ( 'NONE', #2723, #5888, #6036 ) ;
#7548 = CARTESIAN_POINT ( 'NONE',  ( 3.000000000000000000, 4.250000000000031086, 0.0000000000000000000 ) ) ;
#7549 = CARTESIAN_POINT ( 'NONE',  ( -0.9938586087784709866, 6.250000000000030198, 5.699344090454337319 ) ) ;
#7550 = ORIENTED_EDGE ( 'NONE', *, *, #9337, .F. ) ;
#7551 = AXIS2_PLACEMENT_3D ( 'NONE', #1204, #6110, #9294 ) ;
#7552 = VERTEX_POINT ( 'NONE', #9204 ) ;
#7554 = EDGE_CURVE ( 'NONE', #8311, #6915, #9032, .T. ) ;
#7553 = LINE ( 'NONE', #4166, #1911 ) ;
#7555 = EDGE_CURVE ( 'NONE', #10105, #3176, #8631, .T. ) ;
#7556 = ORIENTED_EDGE ( 'NONE', *, *, #6034, .T. ) ;
#7557 = CARTESIAN_POINT ( 'NONE',  ( 8.976625426533420438, 6.471519187295015740, 5.653980163196914432 ) ) ;
#7558 = CARTESIAN_POINT ( 'NONE',  ( 10.50000000000000000, 0.6613248654051859798, 6.200000000000001066 ) ) ;
#7559 = CIRCLE ( 'NONE', #5732, 1.413776159319739989 ) ;
#7560 = ORIENTED_EDGE ( 'NONE', *, *, #417, .T. ) ;
#7561 = FILL_AREA_STYLE ('',( #6004 ) ) ;
#7562 = CARTESIAN_POINT ( 'NONE',  ( 5.899218940641789644, 4.650000000000010125, 8.800000000000000711 ) ) ;
#7563 = PRESENTATION_LAYER_ASSIGNMENT (  '', '', ( #7393 ) ) ;
#7564 = SURFACE_STYLE_FILL_AREA ( #9950 ) ;
#7565 = EDGE_CURVE ( 'NONE', #9421, #10213, #1862, .T. ) ;
#7566 = CARTESIAN_POINT ( 'NONE',  ( -0.8172394448510700293, 6.093223787951091097, 5.414712066094880427 ) ) ;
#7567 = DIRECTION ( 'NONE',  ( -1.000000000000000000, 0.0000000000000000000, 0.0000000000000000000 ) ) ;
#7568 = ORIENTED_EDGE ( 'NONE', *, *, #8971, .F. ) ;
#7569 = CARTESIAN_POINT ( 'NONE',  ( -3.976897247869476626, 6.379062758813164535, 5.679065084668725838 ) ) ;
#7570 = AXIS2_PLACEMENT_3D ( 'NONE', #4921, #7194, #134 ) ;
#7571 = DIRECTION ( 'NONE',  ( 0.0000000000000000000, 0.0000000000000000000, 1.000000000000000000 ) ) ;
#7572 = CARTESIAN_POINT ( 'NONE',  ( -2.500000000000000000, 4.250000000000009770, 9.300000000000009592 ) ) ;
#7573 = EDGE_CURVE ( 'NONE', #7208, #7582, #3922, .T. ) ;
#7574 = DIRECTION ( 'NONE',  ( -0.3713906763541040545, -0.9284766908852591927, 0.0000000000000000000 ) ) ;
#7575 = CARTESIAN_POINT ( 'NONE',  ( -3.856009966283758139, 3.850000000000008527, 9.500000000000010658 ) ) ;
#7576 = VECTOR ( 'NONE', #5154, 1000.000000000000000 ) ;
#7577 = VERTEX_POINT ( 'NONE', #6800 ) ;
#7578 = CARTESIAN_POINT ( 'NONE',  ( -2.500000000000000000, 2.500000000000019540, 8.000000000000000000 ) ) ;
#7579 = LINE ( 'NONE', #2956, #8595 ) ;
#7580 =( BOUNDED_CURVE ( )  B_SPLINE_CURVE ( 3, ( #7057, #9469, #7311, #152 ),
 .UNSPECIFIED., .F., .T. ) 
 B_SPLINE_CURVE_WITH_KNOTS ( ( 4, 4 ),
 ( 1.640609496874674056, 1.933884111301983566 ),
 .UNSPECIFIED. ) 
 CURVE ( )  GEOMETRIC_REPRESENTATION_ITEM ( )  RATIONAL_B_SPLINE_CURVE ( ( 1.000000000000000000, 0.9928453341064039650, 0.9928453341064039650, 1.000000000000000000 ) ) 
 REPRESENTATION_ITEM ( '' )  );
#7581 = VERTEX_POINT ( 'NONE', #4246 ) ;
#7582 = VERTEX_POINT ( 'NONE', #5189 ) ;
#7583 = VECTOR ( 'NONE', #7886, 1000.000000000000000 ) ;
#7584 = SURFACE_SIDE_STYLE ('',( #3723 ) ) ;
#7585 =( NAMED_UNIT ( * ) SI_UNIT ( $, .STERADIAN. ) SOLID_ANGLE_UNIT ( ) );
#7586 = ORIENTED_EDGE ( 'NONE', *, *, #9372, .F. ) ;
#7587 = FACE_OUTER_BOUND ( 'NONE', #9718, .T. ) ;
#7588 = ADVANCED_FACE ( 'NONE', ( #5082 ), #9347, .T. ) ;
#7589 = EDGE_CURVE ( 'NONE', #7418, #777, #6681, .T. ) ;
#7590 = ORIENTED_EDGE ( 'NONE', *, *, #1231, .F. ) ;
#7591 = CONICAL_SURFACE ( 'NONE', #2616, 0.2499999999999997780, 0.4636476084710116075 ) ;
#7592 = ORIENTED_EDGE ( 'NONE', *, *, #2921, .F. ) ;
#7593 = ORIENTED_EDGE ( 'NONE', *, *, #1529, .F. ) ;
#7594 = LINE ( 'NONE', #469, #3182 ) ;
#7595 = CARTESIAN_POINT ( 'NONE',  ( 4.200000000000000178, 3.850000000000010303, 9.500000000000000000 ) ) ;
#7596 = PLANE ( 'NONE',  #9 ) ;
#7597 = SURFACE_SIDE_STYLE ('',( #1942 ) ) ;
#7598 = ORIENTED_EDGE ( 'NONE', *, *, #4888, .F. ) ;
#7599 = AXIS2_PLACEMENT_3D ( 'NONE', #1884, #8239, #1128 ) ;
#7600 = ORIENTED_EDGE ( 'NONE', *, *, #5827, .F. ) ;
#7601 = CARTESIAN_POINT ( 'NONE',  ( 1.075900883378422712, 6.560463200155849606, 5.313097438219570812 ) ) ;
#7602 = VERTEX_POINT ( 'NONE', #1402 ) ;
#7603 = CARTESIAN_POINT ( 'NONE',  ( -0.5000000000000000000, 6.620978138265459556, 5.127902589497670860 ) ) ;
#7604 = DIRECTION ( 'NONE',  ( -0.2722442098535290400, 0.0000000000000000000, -0.9622281902964742173 ) ) ;
#7605 = VECTOR ( 'NONE', #9814, 1000.000000000000000 ) ;
#7606 = EDGE_CURVE ( 'NONE', #6185, #3685, #4553, .T. ) ;
#7607 = EDGE_CURVE ( 'NONE', #709, #8675, #5976, .T. ) ;
#7608 = EDGE_LOOP ( 'NONE', ( #9476, #2550, #2023, #4621 ) ) ;
#7609 = CYLINDRICAL_SURFACE ( 'NONE', #9612, 0.5000000000000004441 ) ;
#7610 = CARTESIAN_POINT ( 'NONE',  ( 8.957786553235372651, 4.650000000000011013, 9.481490714224456440 ) ) ;
#7611 = MECHANICAL_DESIGN_GEOMETRIC_PRESENTATION_REPRESENTATION (  '', ( #7097 ), #9135 ) ;
#7612 = DIRECTION ( 'NONE',  ( 0.0000000000000000000, -1.000000000000000000, 0.0000000000000000000 ) ) ;
#7613 = ORIENTED_EDGE ( 'NONE', *, *, #4769, .F. ) ;
#7614 = CARTESIAN_POINT ( 'NONE',  ( 1.449999999999999956, 6.900812423267500328, 3.990870176997169949 ) ) ;
#7615 = CARTESIAN_POINT ( 'NONE',  ( -2.500000000000000000, 4.250000000000031086, -4.349999999999999645 ) ) ;
#7616 = VECTOR ( 'NONE', #8244, 1000.000000000000000 ) ;
#7617 = PRESENTATION_LAYER_ASSIGNMENT (  '', '', ( #1810 ) ) ;
#7618 = EDGE_CURVE ( 'NONE', #4092, #6762, #3968, .T. ) ;
#7619 = CARTESIAN_POINT ( 'NONE',  ( 6.023102752130522042, 6.379062758813174305, 5.679065084668720509 ) ) ;
#7620 = UNCERTAINTY_MEASURE_WITH_UNIT (LENGTH_MEASURE( 1.000000000000000082E-05 ), #7071, 'distance_accuracy_value', 'NONE');
#7621 = AXIS2_PLACEMENT_3D ( 'NONE', #811, #5511, #6973 ) ;
#7622 = SURFACE_SIDE_STYLE ('',( #10011 ) ) ;
#7623 = VECTOR ( 'NONE', #9971, 1000.000000000000000 ) ;
#7624 = ORIENTED_EDGE ( 'NONE', *, *, #2405, .F. ) ;
#7625 = CARTESIAN_POINT ( 'NONE',  ( 8.977355748483210718, 6.378927027922910220, 5.621778233683960124 ) ) ;
#7626 = LINE ( 'NONE', #2905, #7413 ) ;
#7627 = ORIENTED_EDGE ( 'NONE', *, *, #332, .F. ) ;
#7628 = EDGE_CURVE ( 'NONE', #7955, #8422, #8621, .T. ) ;
#7629 = AXIS2_PLACEMENT_3D ( 'NONE', #5152, #4658, #368 ) ;
#7630 = AXIS2_PLACEMENT_3D ( 'NONE', #2168, #6895, #7725 ) ;
#7631 = PLANE ( 'NONE',  #8611 ) ;
#7632 = CARTESIAN_POINT ( 'NONE',  ( 0.7999999999999990452, 4.650000000000010125, 8.800000000000000711 ) ) ;
#7633 = SURFACE_STYLE_USAGE ( .BOTH. , #2964 ) ;
#7634 = DIRECTION ( 'NONE',  ( 0.0000000000000000000, 0.0000000000000000000, -1.000000000000000000 ) ) ;
#7635 = DIRECTION ( 'NONE',  ( 0.0000000000000000000, 0.0000000000000000000, 1.000000000000000000 ) ) ;
#7636 = EDGE_LOOP ( 'NONE', ( #7948, #7096, #5041, #9514 ) ) ;
#7637 = SURFACE_STYLE_FILL_AREA ( #2818 ) ;
#7638 = VERTEX_POINT ( 'NONE', #6073 ) ;
#7639 = ORIENTED_EDGE ( 'NONE', *, *, #8926, .F. ) ;
#7640 = DIRECTION ( 'NONE',  ( -6.323770134184271214E-17, -0.9848077530122081313, -0.1736481776669300259 ) ) ;
#7641 = CARTESIAN_POINT ( 'NONE',  ( 1.023037437513500070, 6.379043465882250352, 5.701156363462390075 ) ) ;
#7642 = ADVANCED_FACE ( 'NONE', ( #2222 ), #6168, .T. ) ;
#7643 = EDGE_CURVE ( 'NONE', #1718, #456, #1455, .T. ) ;
#7644 =( NAMED_UNIT ( * ) PLANE_ANGLE_UNIT ( ) SI_UNIT ( $, .RADIAN. ) );
#7645 = VERTEX_POINT ( 'NONE', #5288 ) ;
#7646 = ORIENTED_EDGE ( 'NONE', *, *, #5267, .F. ) ;
#7647 = CARTESIAN_POINT ( 'NONE',  ( 9.100781059358210356, 3.850000000000010303, 8.800000000000000711 ) ) ;
#7648 = CARTESIAN_POINT ( 'NONE',  ( 2.500000000000000000, 2.650000000000010125, 9.500000000000000000 ) ) ;
#7649 = ORIENTED_EDGE ( 'NONE', *, *, #2253, .T. ) ;
#7650 = CARTESIAN_POINT ( 'NONE',  ( 4.100781059358210356, 4.650000000000010125, 8.800000000000009592 ) ) ;
#7651 = CARTESIAN_POINT ( 'NONE',  ( 6.075900883378422712, 6.782835288287570208, 5.313097438219570812 ) ) ;
#7652 = CARTESIAN_POINT ( 'NONE',  ( 7.500000000000000000, 5.999999999999990230, 10.00000000000000711 ) ) ;
#7653 = CARTESIAN_POINT ( 'NONE',  ( 1.449999999999999956, -1.462314593354880232, 2.800000000000010036 ) ) ;
#7654 = EDGE_LOOP ( 'NONE', ( #5402, #3092, #9700, #4577 ) ) ;
#7655 = CARTESIAN_POINT ( 'NONE',  ( 139.0450000000000159, 0.8789603367746769980, 8.000000000000000000 ) ) ;
#7656 = CARTESIAN_POINT ( 'NONE',  ( 8.856009966283759027, 4.650000000000010125, 9.500000000000000000 ) ) ;
#7657 = CARTESIAN_POINT ( 'NONE',  ( -1.042075580808720092, 6.384681414832980018, 5.464040407139529876 ) ) ;
#7658 = PRODUCT_RELATED_PRODUCT_CATEGORY ( 'part', '', ( #3411 ) ) ;
#7659 = ADVANCED_FACE ( 'NONE', ( #642 ), #9954, .T. ) ;
#7660 = VERTEX_POINT ( 'NONE', #6947 ) ;
#7661 = AXIS2_PLACEMENT_3D ( 'NONE', #590, #5436, #1493 ) ;
#7662 = DIRECTION ( 'NONE',  ( 0.0000000000000000000, -1.000000000000000000, 0.0000000000000000000 ) ) ;
#7663 = LINE ( 'NONE', #2014, #3066 ) ;
#7664 = VECTOR ( 'NONE', #8506, 1000.000000000000000 ) ;
#7665 = CARTESIAN_POINT ( 'NONE',  ( 3.549999999999999822, 6.301461569844129862, 3.962967587499520050 ) ) ;
#7666 = LINE ( 'NONE', #7772, #4485 ) ;
#7667 = CIRCLE ( 'NONE', #2369, 0.5999999999999998668 ) ;
#7668 = VECTOR ( 'NONE', #2041, 1000.000000000000000 ) ;
#7669 =( LENGTH_UNIT ( ) NAMED_UNIT ( * ) SI_UNIT ( .MILLI., .METRE. ) );
#7670 = CYLINDRICAL_SURFACE ( 'NONE', #9400, 1.400000000000000133 ) ;
#7671 = EDGE_CURVE ( 'NONE', #3267, #10082, #2829, .T. ) ;
#7672 = EDGE_LOOP ( 'NONE', ( #1071, #7460, #8551, #3903 ) ) ;
#7673 = DIRECTION ( 'NONE',  ( 0.0000000000000000000, 0.0000000000000000000, 1.000000000000000000 ) ) ;
#7674 = CARTESIAN_POINT ( 'NONE',  ( -5.000000000000000000, 1.560000000000000275, 6.200000000000001066 ) ) ;
#7675 = ORIENTED_EDGE ( 'NONE', *, *, #7790, .T. ) ;
#7676 =( BOUNDED_CURVE ( )  B_SPLINE_CURVE ( 3, ( #20, #3850, #7026, #10198 ),
 .UNSPECIFIED., .F., .T. ) 
 B_SPLINE_CURVE_WITH_KNOTS ( ( 4, 4 ),
 ( 1.617317421061990945, 1.640609496874660067 ),
 .UNSPECIFIED. ) 
 CURVE ( )  GEOMETRIC_REPRESENTATION_ITEM ( )  RATIONAL_B_SPLINE_CURVE ( ( 1.000000000000000000, 0.9999547904446798308, 0.9999547904446798308, 1.000000000000000000 ) ) 
 REPRESENTATION_ITEM ( '' )  );
#7677 = STYLED_ITEM ( 'NONE', ( #852 ), #8943 ) ;
#7678 = APPLICATION_PROTOCOL_DEFINITION ( 'draft international standard', 'automotive_design', 1998, #5329 ) ;
#7679 = CARTESIAN_POINT ( 'NONE',  ( -1.038572353324233255, 6.340242470872315295, 5.485183436973982474 ) ) ;
#7680 = FILL_AREA_STYLE ('',( #549 ) ) ;
#7681 = SURFACE_STYLE_USAGE ( .BOTH. , #6757 ) ;
#7682 = ADVANCED_FACE ( 'NONE', ( #4457 ), #7827, .T. ) ;
#7683 = VERTEX_POINT ( 'NONE', #6226 ) ;
#7684 = CARTESIAN_POINT ( 'NONE',  ( 6.005392207408168481, 6.250000000000030198, 5.499015461808848038 ) ) ;
#7685 = VECTOR ( 'NONE', #9728, 1000.000000000000000 ) ;
#7686 = EDGE_LOOP ( 'NONE', ( #4335, #7802, #7862, #8661 ) ) ;
#7687 = ORIENTED_EDGE ( 'NONE', *, *, #7021, .F. ) ;
#7688 = DIRECTION ( 'NONE',  ( 4.231032868236119855E-16, 0.0000000000000000000, 1.000000000000000000 ) ) ;
#7689 = CARTESIAN_POINT ( 'NONE',  ( 7.500000000000000000, 9.550000000000029132, 2.750000000000000000 ) ) ;
#7690 = DIRECTION ( 'NONE',  ( 1.717547996016639994E-16, 0.0000000000000000000, 1.000000000000000000 ) ) ;
#7691 = DIRECTION ( 'NONE',  ( 1.000000000000000000, 0.0000000000000000000, -5.152643988049929844E-16 ) ) ;
#7692 = CIRCLE ( 'NONE', #1886, 1.700000000000000178 ) ;
#7693 = ORIENTED_EDGE ( 'NONE', *, *, #7904, .T. ) ;
#7694 = ORIENTED_EDGE ( 'NONE', *, *, #6239, .T. ) ;
#7695 = CARTESIAN_POINT ( 'NONE',  ( 8.908529899565564847, 6.803742317568940656, 5.258069125366933605 ) ) ;
#7696 = CARTESIAN_POINT ( 'NONE',  ( 3.999986798160709789, 6.250000000000089706, 5.549568022095440867 ) ) ;
#7697 = ADVANCED_FACE ( 'NONE', ( #8469 ), #2186, .T. ) ;
#7698 = VECTOR ( 'NONE', #10145, 1000.000000000000000 ) ;
#7699 = ORIENTED_EDGE ( 'NONE', *, *, #2308, .F. ) ;
#7700 = DIRECTION ( 'NONE',  ( 0.0000000000000000000, 0.0000000000000000000, -1.000000000000000000 ) ) ;
#7701 = CARTESIAN_POINT ( 'NONE',  ( -5.000000000000000000, 0.9399999999999999467, 6.200000000000001066 ) ) ;
#7702 = CARTESIAN_POINT ( 'NONE',  ( 4.549999999999999822, 2.200000000000000178, 5.700000000000000178 ) ) ;
#7703 = MECHANICAL_DESIGN_GEOMETRIC_PRESENTATION_REPRESENTATION (  '', ( #4035 ), #9212 ) ;
#7704 = SURFACE_STYLE_FILL_AREA ( #4638 ) ;
#7705 = CIRCLE ( 'NONE', #3212, 1.599999999999999867 ) ;
#7706 = AXIS2_PLACEMENT_3D ( 'NONE', #3021, #6135, #2185 ) ;
#7707 = FACE_OUTER_BOUND ( 'NONE', #7117, .T. ) ;
#7708 = EDGE_LOOP ( 'NONE', ( #4785, #7154, #8250, #1690, #3588, #3409 ) ) ;
#7709 = B_SPLINE_CURVE_WITH_KNOTS ( 'NONE', 3,
 ( #3741, #7557, #1378, #2930, #9232, #2104 ),
 .UNSPECIFIED., .F., .F.,
 ( 4, 2, 4 ),
 ( 1.489244081246011556E-11, 0.0002833862612363274923, 0.0005667725075802141884 ),
 .UNSPECIFIED. ) ;
#7710 = CARTESIAN_POINT ( 'NONE',  ( -0.5000000000000000000, 6.820490948317419644, 5.141853884246501138 ) ) ;
#7711 = STYLED_ITEM ( 'NONE', ( #9177 ), #9988 ) ;
#7712 = CARTESIAN_POINT ( 'NONE',  ( 8.976961065803179096, 6.143414106835629163, 5.701458542790279971 ) ) ;
#7713 = EDGE_CURVE ( 'NONE', #4260, #9918, #6900, .T. ) ;
#7714 = ADVANCED_FACE ( 'NONE', ( #542 ), #1354, .F. ) ;
#7715 = FACE_OUTER_BOUND ( 'NONE', #4316, .T. ) ;
#7716 = ORIENTED_EDGE ( 'NONE', *, *, #6670, .F. ) ;
#7717 = PRESENTATION_LAYER_ASSIGNMENT (  '', '', ( #1099 ) ) ;
#7718 = SURFACE_SIDE_STYLE ('',( #2999 ) ) ;
#7719 = FACE_OUTER_BOUND ( 'NONE', #4568, .T. ) ;
#7720 = CARTESIAN_POINT ( 'NONE',  ( 5.994234246268270283, 6.250000000000079936, 5.651381332702859694 ) ) ;
#7721 = MECHANICAL_DESIGN_GEOMETRIC_PRESENTATION_REPRESENTATION (  '', ( #4058 ), #3886 ) ;
#7722 = STYLED_ITEM ( 'NONE', ( #3932 ), #2044 ) ;
#7723 = VECTOR ( 'NONE', #6698, 1000.000000000000114 ) ;
#7724 = SURFACE_STYLE_FILL_AREA ( #5380 ) ;
#7725 = DIRECTION ( 'NONE',  ( 0.0000000000000000000, 0.9848077530122081313, 0.1736481776669300259 ) ) ;
#7726 = CARTESIAN_POINT ( 'NONE',  ( 10.00000000000000000, 1.550000000000000266, 6.200000000000001066 ) ) ;
#7727 = VERTEX_POINT ( 'NONE', #6426 ) ;
#7728 = CARTESIAN_POINT ( 'NONE',  ( -1.448683386022369790, 6.900595781960301878, 3.995523657362079817 ) ) ;
#7729 = CARTESIAN_POINT ( 'NONE',  ( 0.5500000000000000444, 1.652376043070270084, 6.200000000000001066 ) ) ;
#7730 = VECTOR ( 'NONE', #9661, 1000.000000000000000 ) ;
#7731 = CIRCLE ( 'NONE', #7395, 1.700000000000000178 ) ;
#7732 = VERTEX_POINT ( 'NONE', #2482 ) ;
#7733 = EDGE_CURVE ( 'NONE', #7134, #9976, #1676, .T. ) ;
#7734 = EDGE_CURVE ( 'NONE', #6709, #3729, #1190, .T. ) ;
#7735 = DIRECTION ( 'NONE',  ( 1.000000000000000000, 0.0000000000000000000, 0.0000000000000000000 ) ) ;
#7736 = UNCERTAINTY_MEASURE_WITH_UNIT (LENGTH_MEASURE( 1.000000000000000082E-05 ), #3111, 'distance_accuracy_value', 'NONE');
#7737 =( GEOMETRIC_REPRESENTATION_CONTEXT ( 3 ) GLOBAL_UNCERTAINTY_ASSIGNED_CONTEXT ( ( #4612 ) ) GLOBAL_UNIT_ASSIGNED_CONTEXT ( ( #4967, #8041, #290 ) ) REPRESENTATION_CONTEXT ( 'NONE', 'WORKASPACE' ) );
#7738 = DIRECTION ( 'NONE',  ( 0.0000000000000000000, 0.0000000000000000000, 1.000000000000000000 ) ) ;
#7739 =( NAMED_UNIT ( * ) PLANE_ANGLE_UNIT ( ) SI_UNIT ( $, .RADIAN. ) );
#7740 = ORIENTED_EDGE ( 'NONE', *, *, #1962, .F. ) ;
#7741 = ORIENTED_EDGE ( 'NONE', *, *, #504, .F. ) ;
#7742 = VERTEX_POINT ( 'NONE', #136 ) ;
#7743 = CARTESIAN_POINT ( 'NONE',  ( 9.062892611431221823, 4.650000000000010125, 9.314249409997579221 ) ) ;
#7744 = MECHANICAL_DESIGN_GEOMETRIC_PRESENTATION_REPRESENTATION (  '', ( #6417 ), #9097 ) ;
#7745 = EDGE_CURVE ( 'NONE', #7683, #6409, #8827, .T. ) ;
#7746 = DIRECTION ( 'NONE',  ( 0.0000000000000000000, 0.0000000000000000000, -1.000000000000000000 ) ) ;
#7747 =( NAMED_UNIT ( * ) SI_UNIT ( $, .STERADIAN. ) SOLID_ANGLE_UNIT ( ) );
#7748 = EDGE_LOOP ( 'NONE', ( #6252, #4064, #4439, #5143, #4384, #6724 ) ) ;
#7749 = CARTESIAN_POINT ( 'NONE',  ( 7.500000000000000000, 5.863267899285899531, 9.314249409997579221 ) ) ;
#7750 = CARTESIAN_POINT ( 'NONE',  ( 0.9371073885686259652, 3.850000000000009415, 9.314249409997639617 ) ) ;
#7751 = EDGE_LOOP ( 'NONE', ( #908, #8957, #2652, #7248 ) ) ;
#7752 = DIRECTION ( 'NONE',  ( 0.0000000000000000000, 0.0000000000000000000, -1.000000000000000000 ) ) ;
#7753 = CARTESIAN_POINT ( 'NONE',  ( 3.875649002070729932, 6.820490948317419644, 5.141853884246489592 ) ) ;
#7754 = CARTESIAN_POINT ( 'NONE',  ( -5.500000000000000000, 5.950000000000040146, 3.494824785299559977 ) ) ;
#7755 = CARTESIAN_POINT ( 'NONE',  ( 5.450000000000000178, 7.250000000000000000, 0.6500000000000040190 ) ) ;
#7756 = DIRECTION ( 'NONE',  ( 0.0000000000000000000, 1.000000000000000000, 0.0000000000000000000 ) ) ;
#7757 = CIRCLE ( 'NONE', #6268, 1.649999999999999467 ) ;
#7758 = ADVANCED_FACE ( 'NONE', ( #3243 ), #5539, .F. ) ;
#7759 = DIRECTION ( 'NONE',  ( -1.000000000000000000, 0.0000000000000000000, 3.641714079092569968E-16 ) ) ;
#7760 = EDGE_LOOP ( 'NONE', ( #5937, #5308, #1996, #5157 ) ) ;
#7761 = CARTESIAN_POINT ( 'NONE',  ( 10.00000000000000000, 7.150000000000000355, 6.500000000000000888 ) ) ;
#7762 = FACE_OUTER_BOUND ( 'NONE', #5869, .T. ) ;
#7763 = CARTESIAN_POINT ( 'NONE',  ( 0.0000000000000000000, 0.0000000000000000000, -2.576321994024960090E-15 ) ) ;
#7764 = CARTESIAN_POINT ( 'NONE',  ( -2.500000000000000000, 4.250000000000009770, 9.500000000000010658 ) ) ;
#7765 = MECHANICAL_DESIGN_GEOMETRIC_PRESENTATION_REPRESENTATION (  '', ( #9599 ), #7928 ) ;
#7766 = ORIENTED_EDGE ( 'NONE', *, *, #544, .F. ) ;
#7767 = SURFACE_STYLE_FILL_AREA ( #9398 ) ;
#7768 = CARTESIAN_POINT ( 'NONE',  ( 3.875649002070729932, 6.820490948317419644, 5.141853884246489592 ) ) ;
#7769 = EDGE_CURVE ( 'NONE', #998, #2032, #7987, .T. ) ;
#7770 = ADVANCED_FACE ( 'NONE', ( #5700 ), #787, .F. ) ;
#7771 = LINE ( 'NONE', #10209, #4796 ) ;
#7772 = CARTESIAN_POINT ( 'NONE',  ( -0.5000000000000000000, 6.405650476444289865, 3.372082935692199968 ) ) ;
#7773 = CYLINDRICAL_SURFACE ( 'NONE', #3333, 0.5000000000000000000 ) ;
#7774 = CARTESIAN_POINT ( 'NONE',  ( 8.924099116621579952, 6.560463200155851382, 5.313097438219569923 ) ) ;
#7775 = ORIENTED_EDGE ( 'NONE', *, *, #6527, .T. ) ;
#7776 = DIRECTION ( 'NONE',  ( 0.0000000000000000000, 0.0000000000000000000, -1.000000000000000000 ) ) ;
#7777 = CARTESIAN_POINT ( 'NONE',  ( -2.500000000000000000, 4.250000000000009770, 8.800000000000009592 ) ) ;
#7778 = VECTOR ( 'NONE', #2740, 1000.000000000000000 ) ;
#7779 = ORIENTED_EDGE ( 'NONE', *, *, #7146, .T. ) ;
#7780 = DIRECTION ( 'NONE',  ( 1.000000000000000000, 0.0000000000000000000, -4.231032868236119855E-16 ) ) ;
#7781 = VECTOR ( 'NONE', #258, 1000.000000000000000 ) ;
#7782 = LINE ( 'NONE', #6855, #2983 ) ;
#7783 = DIRECTION ( 'NONE',  ( 0.0000000000000000000, -1.000000000000000000, 0.0000000000000000000 ) ) ;
#7784 = SURFACE_STYLE_FILL_AREA ( #7680 ) ;
#7785 = DIRECTION ( 'NONE',  ( 0.0000000000000000000, 1.000000000000000000, 0.0000000000000000000 ) ) ;
#7786 = VERTEX_POINT ( 'NONE', #943 ) ;
#7787 = DIRECTION ( 'NONE',  ( 1.000000000000000000, 0.0000000000000000000, -3.641714079092569968E-16 ) ) ;
#7788 = EDGE_CURVE ( 'NONE', #8946, #1771, #2975, .T. ) ;
#7789 = ORIENTED_EDGE ( 'NONE', *, *, #1594, .F. ) ;
#7790 = EDGE_CURVE ( 'NONE', #5018, #8900, #5433, .T. ) ;
#7791 = ORIENTED_EDGE ( 'NONE', *, *, #9953, .F. ) ;
#7792 = FACE_OUTER_BOUND ( 'NONE', #10015, .T. ) ;
#7793 = MECHANICAL_DESIGN_GEOMETRIC_PRESENTATION_REPRESENTATION (  '', ( #7961 ), #843 ) ;
#7794 = CIRCLE ( 'NONE', #2491, 0.4000000000000001887 ) ;
#7795 = DIRECTION ( 'NONE',  ( -0.3481553119113940387, 0.8703882797784900927, -0.3481553119113949823 ) ) ;
#7796 = SURFACE_STYLE_USAGE ( .BOTH. , #6136 ) ;
#7797 = DIRECTION ( 'NONE',  ( 0.0000000000000000000, 0.0000000000000000000, -1.000000000000000000 ) ) ;
#7798 = VERTEX_POINT ( 'NONE', #2539 ) ;
#7799 = CIRCLE ( 'NONE', #9312, 1.700000000000000178 ) ;
#7800 = CARTESIAN_POINT ( 'NONE',  ( 2.500000000000000000, 2.636732100714121341, 9.314249409997589879 ) ) ;
#7801 = DIRECTION ( 'NONE',  ( 4.311199699514559827E-15, -1.000000000000000000, 0.0000000000000000000 ) ) ;
#7802 = ORIENTED_EDGE ( 'NONE', *, *, #6904, .T. ) ;
#7803 = FILL_AREA_STYLE ('',( #6680 ) ) ;
#7804 = DIRECTION ( 'NONE',  ( 0.0000000000000000000, 0.0000000000000000000, 1.000000000000000000 ) ) ;
#7805 = EDGE_CURVE ( 'NONE', #4552, #5734, #3083, .T. ) ;
#7806 = DIRECTION ( 'NONE',  ( 0.0000000000000000000, 0.0000000000000000000, -1.000000000000000000 ) ) ;
#7807 = DIRECTION ( 'NONE',  ( -5.421010862427519212E-16, 0.0000000000000000000, -1.000000000000000000 ) ) ;
#7808 = CARTESIAN_POINT ( 'NONE',  ( 2.500000000000000000, 6.250000000000031086, 2.750000000000000000 ) ) ;
#7809 = ORIENTED_EDGE ( 'NONE', *, *, #8759, .F. ) ;
#7810 = FACE_OUTER_BOUND ( 'NONE', #7636, .T. ) ;
#7811 = ORIENTED_EDGE ( 'NONE', *, *, #3872, .T. ) ;
#7812 = DIRECTION ( 'NONE',  ( 0.5000000000000009992, 0.8660254037844380415, 0.0000000000000000000 ) ) ;
#7813 = FACE_OUTER_BOUND ( 'NONE', #4329, .T. ) ;
#7814 = DIRECTION ( 'NONE',  ( -1.000000000000000000, 0.0000000000000000000, 0.0000000000000000000 ) ) ;
#7815 = EDGE_CURVE ( 'NONE', #7846, #6970, #5651, .T. ) ;
#7816 = ORIENTED_EDGE ( 'NONE', *, *, #6433, .T. ) ;
#7817 = DIRECTION ( 'NONE',  ( 1.000000000000000000, 0.0000000000000000000, 0.0000000000000000000 ) ) ;
#7818 = DIRECTION ( 'NONE',  ( -1.000000000000000000, 0.0000000000000000000, 0.0000000000000000000 ) ) ;
#7819 = CARTESIAN_POINT ( 'NONE',  ( 9.100781059358210356, 4.650000000000010125, 8.800000000000000711 ) ) ;
#7820 = CARTESIAN_POINT ( 'NONE',  ( -2.500000000000000000, 6.250000000000031086, 4.150000000000000355 ) ) ;
#7821 = CIRCLE ( 'NONE', #719, 1.613267899285889984 ) ;
#7822 = DIRECTION ( 'NONE',  ( 0.0000000000000000000, -1.000000000000000000, 0.0000000000000000000 ) ) ;
#7823 = CARTESIAN_POINT ( 'NONE',  ( -2.500000000000000000, 4.250000000000031086, -3.850000000000000089 ) ) ;
#7824 = ADVANCED_FACE ( 'NONE', ( #838 ), #4025, .T. ) ;
#7825 = VERTEX_POINT ( 'NONE', #3973 ) ;
#7826 =( BOUNDED_CURVE ( )  B_SPLINE_CURVE ( 3, ( #828, #4913, #9494, #8666 ),
 .UNSPECIFIED., .F., .T. ) 
 B_SPLINE_CURVE_WITH_KNOTS ( ( 4, 4 ),
 ( 4.150549750469691546, 4.642575810304920836 ),
 .UNSPECIFIED. ) 
 CURVE ( )  GEOMETRIC_REPRESENTATION_ITEM ( )  RATIONAL_B_SPLINE_CURVE ( ( 1.000000000000000000, 0.9799274069394408038, 0.9799274069394408038, 1.000000000000000000 ) ) 
 REPRESENTATION_ITEM ( '' )  );
#7827 = PLANE ( 'NONE',  #8974 ) ;
#7829 = EDGE_CURVE ( 'NONE', #709, #5045, #10107, .T. ) ;
#7828 = CARTESIAN_POINT ( 'NONE',  ( -0.9408890998800437666, 3.850000000000010303, 9.365540160509002732 ) ) ;
#7830 = ORIENTED_EDGE ( 'NONE', *, *, #5133, .F. ) ;
#7831 = UNCERTAINTY_MEASURE_WITH_UNIT (LENGTH_MEASURE( 1.000000000000000082E-05 ), #5342, 'distance_accuracy_value', 'NONE');
#7832 = FACE_OUTER_BOUND ( 'NONE', #3417, .T. ) ;
#7833 = VECTOR ( 'NONE', #9907, 1000.000000000000000 ) ;
#7834 = DIRECTION ( 'NONE',  ( 0.0000000000000000000, 0.0000000000000000000, -1.000000000000000000 ) ) ;
#7835 = FILL_AREA_STYLE_COLOUR ( '', #6397 ) ;
#7836 = DIRECTION ( 'NONE',  ( 1.000000000000000000, 2.232180943352509796E-16, 0.0000000000000000000 ) ) ;
#7837 = DIRECTION ( 'NONE',  ( 1.000000000000000000, 0.0000000000000000000, -5.152643988049919983E-16 ) ) ;
#7838 = ADVANCED_FACE ( 'NONE', ( #2380 ), #1602, .F. ) ;
#7839 = ORIENTED_EDGE ( 'NONE', *, *, #8133, .T. ) ;
#7840 = DIRECTION ( 'NONE',  ( 0.0000000000000000000, 0.0000000000000000000, -1.000000000000000000 ) ) ;
#7841 = ORIENTED_EDGE ( 'NONE', *, *, #9417, .F. ) ;
#7842 = CONICAL_SURFACE ( 'NONE', #732, 1.599999999999999867, 0.07130746470380971980 ) ;
#7843 = ORIENTED_EDGE ( 'NONE', *, *, #8118, .T. ) ;
#7844 = LINE ( 'NONE', #2604, #1245 ) ;
#7845 = VECTOR ( 'NONE', #8600, 1000.000000000000000 ) ;
#7846 = VERTEX_POINT ( 'NONE', #6372 ) ;
#7847 = CARTESIAN_POINT ( 'NONE',  ( 4.001925068377739869, 6.250000000000079936, 5.573699898803351260 ) ) ;
#7848 = CARTESIAN_POINT ( 'NONE',  ( 2.500000000000000000, 4.250000000000009770, 9.500000000000000000 ) ) ;
#7849 = VERTEX_POINT ( 'NONE', #9553 ) ;
#7850 = ADVANCED_FACE ( 'NONE', ( #5594 ), #1653, .T. ) ;
#7851 = VECTOR ( 'NONE', #8059, 1000.000000000000000 ) ;
#7852 = CARTESIAN_POINT ( 'NONE',  ( -5.000000000000000000, 1.800000000000000266, 9.999999999999989342 ) ) ;
#7853 = CARTESIAN_POINT ( 'NONE',  ( 2.500000000000000000, 4.250000000000009770, 8.000000000000000000 ) ) ;
#7854 = ORIENTED_EDGE ( 'NONE', *, *, #5612, .T. ) ;
#7855 = CARTESIAN_POINT ( 'NONE',  ( 8.553947254147852064, 6.900000000000019895, 4.004821471746000228 ) ) ;
#7856 = CARTESIAN_POINT ( 'NONE',  ( 0.8992189406417899766, 4.650000000000010125, 8.800000000000009592 ) ) ;
#7857 = ORIENTED_EDGE ( 'NONE', *, *, #2957, .F. ) ;
#7858 = DIRECTION ( 'NONE',  ( 0.0000000000000000000, 0.0000000000000000000, -1.000000000000000000 ) ) ;
#7859 = PLANE ( 'NONE',  #938 ) ;
#7860 = CARTESIAN_POINT ( 'NONE',  ( 3.924099116621577288, 6.560463200155849606, 5.313097438219570812 ) ) ;
#7861 = DIRECTION ( 'NONE',  ( 0.0000000000000000000, 1.000000000000000000, 0.0000000000000000000 ) ) ;
#7862 = ORIENTED_EDGE ( 'NONE', *, *, #9139, .T. ) ;
#7863 = EDGE_CURVE ( 'NONE', #6326, #392, #3607, .T. ) ;
#7864 = ADVANCED_FACE ( 'NONE', ( #8201 ), #9755, .T. ) ;
#7865 = VECTOR ( 'NONE', #1435, 1000.000000000000000 ) ;
#7866 = DIRECTION ( 'NONE',  ( 0.0000000000000000000, 0.0000000000000000000, 1.000000000000000000 ) ) ;
#7867 = ORIENTED_EDGE ( 'NONE', *, *, #1167, .F. ) ;
#7868 = DIRECTION ( 'NONE',  ( 0.0000000000000000000, 0.0000000000000000000, -1.000000000000000000 ) ) ;
#7869 = CARTESIAN_POINT ( 'NONE',  ( 7.500000000000000000, 4.250000000000031086, -4.349999999999999645 ) ) ;
#7870 = AXIS2_PLACEMENT_3D ( 'NONE', #2133, #603, #6958 ) ;
#7871 = LINE ( 'NONE', #6260, #3513 ) ;
#7872 = ORIENTED_EDGE ( 'NONE', *, *, #1181, .T. ) ;
#7873 =( NAMED_UNIT ( * ) PLANE_ANGLE_UNIT ( ) SI_UNIT ( $, .RADIAN. ) );
#7874 = SURFACE_STYLE_USAGE ( .BOTH. , #879 ) ;
#7875 = VECTOR ( 'NONE', #7795, 1000.000000000000114 ) ;
#7876 =( GEOMETRIC_REPRESENTATION_CONTEXT ( 3 ) GLOBAL_UNCERTAINTY_ASSIGNED_CONTEXT ( ( #2227 ) ) GLOBAL_UNIT_ASSIGNED_CONTEXT ( ( #9018, #3023, #9274 ) ) REPRESENTATION_CONTEXT ( 'NONE', 'WORKASPACE' ) );
#7877 = EDGE_CURVE ( 'NONE', #7846, #6076, #1148, .T. ) ;
#7878 = SURFACE_STYLE_USAGE ( .BOTH. , #831 ) ;
#7879 = TOROIDAL_SURFACE ( 'NONE', #3882, 1.600000000000000089, 0.1000000000000000056 ) ;
#7880 = DIRECTION ( 'NONE',  ( 0.0000000000000000000, -1.000000000000000000, 0.0000000000000000000 ) ) ;
#7881 = DIRECTION ( 'NONE',  ( -3.641714079092569968E-16, 0.0000000000000000000, -1.000000000000000000 ) ) ;
#7882 = LINE ( 'NONE', #9453, #4974 ) ;
#7883 = FACE_OUTER_BOUND ( 'NONE', #6946, .T. ) ;
#7884 = ORIENTED_EDGE ( 'NONE', *, *, #4639, .T. ) ;
#7885 = DIRECTION ( 'NONE',  ( 0.0000000000000000000, 0.0000000000000000000, 1.000000000000000000 ) ) ;
#7886 = DIRECTION ( 'NONE',  ( -6.323770134184271214E-17, 0.9848077530122081313, 0.1736481776669300259 ) ) ;
#7887 = STYLED_ITEM ( 'NONE', ( #1978 ), #9153 ) ;
#7888 = ORIENTED_EDGE ( 'NONE', *, *, #4003, .T. ) ;
#7889 = EDGE_CURVE ( 'NONE', #1829, #6300, #8147, .T. ) ;
#7890 =( NAMED_UNIT ( * ) PLANE_ANGLE_UNIT ( ) SI_UNIT ( $, .RADIAN. ) );
#7891 = ITEM_DEFINED_TRANSFORMATION ( 'NONE', 'NONE', #9231,  #619 ) ;
#7892 = CARTESIAN_POINT ( 'NONE',  ( -3.976897247869476626, 6.379062758813164535, 5.679065084668725838 ) ) ;
#7893 =( NAMED_UNIT ( * ) SI_UNIT ( $, .STERADIAN. ) SOLID_ANGLE_UNIT ( ) );
#7894 = CARTESIAN_POINT ( 'NONE',  ( 2.500000000000000000, 4.250000000000031086, -4.349999999999999645 ) ) ;
#7895 = AXIS2_PLACEMENT_3D ( 'NONE', #2073, #9202, #5139 ) ;
#7896 = AXIS2_PLACEMENT_3D ( 'NONE', #3491, #436, #9752 ) ;
#7897 = ORIENTED_EDGE ( 'NONE', *, *, #3311, .F. ) ;
#7898 = ORIENTED_EDGE ( 'NONE', *, *, #1657, .T. ) ;
#7899 = EDGE_LOOP ( 'NONE', ( #8518, #8257, #1174, #9124 ) ) ;
#7900 = PLANE ( 'NONE',  #1879 ) ;
#7901 = ORIENTED_EDGE ( 'NONE', *, *, #2761, .T. ) ;
#7902 = EDGE_CURVE ( 'NONE', #7732, #1584, #9490, .T. ) ;
#7903 = CARTESIAN_POINT ( 'NONE',  ( 4.006245792511189840, 6.250000000000031086, 5.665502260967810066 ) ) ;
#7904 = EDGE_CURVE ( 'NONE', #2788, #3780, #2748, .T. ) ;
#7905 = CARTESIAN_POINT ( 'NONE',  ( 7.500000000000000000, 6.000000000000000000, 10.00000000000000711 ) ) ;
#7906 = ORIENTED_EDGE ( 'NONE', *, *, #4798, .T. ) ;
#7907 = LINE ( 'NONE', #808, #7685 ) ;
#7908 = SURFACE_SIDE_STYLE ('',( #8648 ) ) ;
#7909 = DIRECTION ( 'NONE',  ( 0.9284766908852600809, 0.3713906763541020561, -4.784109839334421468E-16 ) ) ;
#7910 = ORIENTED_EDGE ( 'NONE', *, *, #1825, .T. ) ;
#7911 = CARTESIAN_POINT ( 'NONE',  ( 1.051396625977367494, 6.749929893934137226, 5.399706028596083840 ) ) ;
#7912 = MECHANICAL_DESIGN_GEOMETRIC_PRESENTATION_REPRESENTATION (  '', ( #2110 ), #6922 ) ;
#7913 = ORIENTED_EDGE ( 'NONE', *, *, #9899, .F. ) ;
#7914 = DIRECTION ( 'NONE',  ( 0.0000000000000000000, 0.0000000000000000000, -1.000000000000000000 ) ) ;
#7915 = CARTESIAN_POINT ( 'NONE',  ( 3.970471856080231010, 6.144996693392779541, 5.536046900691029116 ) ) ;
#7916 = ORIENTED_EDGE ( 'NONE', *, *, #9646, .T. ) ;
#7917 =( NAMED_UNIT ( * ) SI_UNIT ( $, .STERADIAN. ) SOLID_ANGLE_UNIT ( ) );
#7918 = ORIENTED_EDGE ( 'NONE', *, *, #4257, .F. ) ;
#7919 = CARTESIAN_POINT ( 'NONE',  ( 8.957924419191279242, 6.384681414832980018, 5.464040407139520106 ) ) ;
#7920 = DIRECTION ( 'NONE',  ( 1.000000000000000000, 0.0000000000000000000, 0.0000000000000000000 ) ) ;
#7921 = ORIENTED_EDGE ( 'NONE', *, *, #5207, .T. ) ;
#7922 = LINE ( 'NONE', #3964, #4006 ) ;
#7923 = CARTESIAN_POINT ( 'NONE',  ( 4.549999999999999822, 2.200000000000000178, 5.700000000000000178 ) ) ;
#7924 = AXIS2_PLACEMENT_3D ( 'NONE', #2097, #2973, #7690 ) ;
#7925 = DIRECTION ( 'NONE',  ( -1.000000000000000000, 0.0000000000000000000, 1.717547996016639994E-16 ) ) ;
#7926 = EDGE_CURVE ( 'NONE', #4366, #4792, #6579, .T. ) ;
#7927 =( NAMED_UNIT ( * ) SI_UNIT ( $, .STERADIAN. ) SOLID_ANGLE_UNIT ( ) );
#7928 =( GEOMETRIC_REPRESENTATION_CONTEXT ( 3 ) GLOBAL_UNCERTAINTY_ASSIGNED_CONTEXT ( ( #4887 ) ) GLOBAL_UNIT_ASSIGNED_CONTEXT ( ( #2433, #7890, #5652 ) ) REPRESENTATION_CONTEXT ( 'NONE', 'WORKASPACE' ) );
#7929 =( NAMED_UNIT ( * ) PLANE_ANGLE_UNIT ( ) SI_UNIT ( $, .RADIAN. ) );
#7930 = DIRECTION ( 'NONE',  ( 0.0000000000000000000, -0.4264192316982558517, -0.9045256429962995615 ) ) ;
#7931 = CARTESIAN_POINT ( 'NONE',  ( -5.500000000000000000, 6.820490948317419644, 5.141853884246501138 ) ) ;
#7932 = CARTESIAN_POINT ( 'NONE',  ( 10.50000000000000000, 1.838675134594820015, 6.200000000000001066 ) ) ;
#7933 = ORIENTED_EDGE ( 'NONE', *, *, #9819, .F. ) ;
#7934 = DIRECTION ( 'NONE',  ( 0.0000000000000000000, -1.000000000000000000, 0.0000000000000000000 ) ) ;
#7935 = DIRECTION ( 'NONE',  ( 0.0000000000000000000, 0.9975640502598243087, 0.06975647374412512203 ) ) ;
#7936 = EDGE_CURVE ( 'NONE', #6451, #345, #4298, .T. ) ;
#7937 = VERTEX_POINT ( 'NONE', #6631 ) ;
#7938 = AXIS2_PLACEMENT_3D ( 'NONE', #9806, #6532, #2694 ) ;
#7939 = PLANE ( 'NONE',  #9446 ) ;
#7940 = SHAPE_DEFINITION_REPRESENTATION ( #2519, #7147 ) ;
#7941 = LINE ( 'NONE', #9463, #6805 ) ;
#7942 = FACE_OUTER_BOUND ( 'NONE', #851, .T. ) ;
#7943 = CARTESIAN_POINT ( 'NONE',  ( -4.549999999999999822, 5.950000000000040146, 0.6500000000000289990 ) ) ;
#7944 = ORIENTED_EDGE ( 'NONE', *, *, #4103, .F. ) ;
#7945 = DIRECTION ( 'NONE',  ( 0.0000000000000000000, -1.000000000000000000, -3.965082230804152702E-15 ) ) ;
#7946 = ORIENTED_EDGE ( 'NONE', *, *, #8297, .T. ) ;
#7947 = EDGE_CURVE ( 'NONE', #4740, #50, #9801, .T. ) ;
#7948 = ORIENTED_EDGE ( 'NONE', *, *, #1749, .T. ) ;
#7949 = DIRECTION ( 'NONE',  ( 0.0000000000000000000, 0.07124704990663610626, -0.9974586998365402302 ) ) ;
#7950 = VERTEX_POINT ( 'NONE', #5128 ) ;
#7951 = VECTOR ( 'NONE', #5958, 1000.000000000000000 ) ;
#7952 = VECTOR ( 'NONE', #3518, 1000.000000000000000 ) ;
#7953 = CARTESIAN_POINT ( 'NONE',  ( 8.550000000000000711, 5.950000000000040146, 3.494824785299559977 ) ) ;
#7954 = DIRECTION ( 'NONE',  ( 1.000000000000000000, 0.0000000000000000000, 0.0000000000000000000 ) ) ;
#7955 = VERTEX_POINT ( 'NONE', #9850 ) ;
#7956 =( LENGTH_UNIT ( ) NAMED_UNIT ( * ) SI_UNIT ( .MILLI., .METRE. ) );
#7957 =( NAMED_UNIT ( * ) SI_UNIT ( $, .STERADIAN. ) SOLID_ANGLE_UNIT ( ) );
#7958 = FILL_AREA_STYLE ('',( #3124 ) ) ;
#7959 = VERTEX_POINT ( 'NONE', #5912 ) ;
#7960 = LINE ( 'NONE', #3169, #9734 ) ;
#7961 = STYLED_ITEM ( 'NONE', ( #1947 ), #5706 ) ;
#7962 = EDGE_CURVE ( 'NONE', #426, #3528, #9095, .T. ) ;
#7963 = ORIENTED_EDGE ( 'NONE', *, *, #2621, .T. ) ;
#7964 = CARTESIAN_POINT ( 'NONE',  ( 9.550000000000000711, 7.250000000000000000, 5.700000000000000178 ) ) ;
#7965 = CARTESIAN_POINT ( 'NONE',  ( 1.005392207408169147, 6.250000000000031086, 5.499015461808847149 ) ) ;
#7966 = EDGE_CURVE ( 'NONE', #1979, #4620, #5370, .T. ) ;
#7967 = DIRECTION ( 'NONE',  ( 1.000000000000000000, 0.0000000000000000000, 0.0000000000000000000 ) ) ;
#7968 = DIRECTION ( 'NONE',  ( -1.000000000000000000, 0.0000000000000000000, -3.641714079092569968E-16 ) ) ;
#7969 = ORIENTED_EDGE ( 'NONE', *, *, #4504, .F. ) ;
#7970 = CYLINDRICAL_SURFACE ( 'NONE', #7284, 1.400000000000000133 ) ;
#7971 = ORIENTED_EDGE ( 'NONE', *, *, #10091, .T. ) ;
#7972 = DIRECTION ( 'NONE',  ( 0.0000000000000000000, 1.000000000000000000, 0.0000000000000000000 ) ) ;
#7973 = LINE ( 'NONE', #2468, #5967 ) ;
#7974 = SURFACE_SIDE_STYLE ('',( #2469 ) ) ;
#7975 = LINE ( 'NONE', #179, #566 ) ;
#7976 = PLANE ( 'NONE',  #769 ) ;
#7977 = STYLED_ITEM ( 'NONE', ( #5754 ), #7850 ) ;
#7978 = VERTEX_POINT ( 'NONE', #6740 ) ;
#7979 = PRESENTATION_STYLE_ASSIGNMENT (( #4598 ) ) ;
#7980 = PRODUCT_RELATED_PRODUCT_CATEGORY ( 'part', '', ( #1768 ) ) ;
#7981 = DIRECTION ( 'NONE',  ( 0.0000000000000000000, 0.0000000000000000000, 1.000000000000000000 ) ) ;
#7982 = ADVANCED_FACE ( 'NONE', ( #491 ), #1486, .F. ) ;
#7983 = FACE_OUTER_BOUND ( 'NONE', #2880, .T. ) ;
#7984 = DIRECTION ( 'NONE',  ( 0.0000000000000000000, 0.0000000000000000000, 1.000000000000000000 ) ) ;
#7985 = CARTESIAN_POINT ( 'NONE',  ( 3.924099116621577288, 6.782835288287570208, 5.313097438219570812 ) ) ;
#7986 = ORIENTED_EDGE ( 'NONE', *, *, #9337, .T. ) ;
#7987 = LINE ( 'NONE', #8728, #1020 ) ;
#7988 = DIRECTION ( 'NONE',  ( 1.000000000000000000, 0.0000000000000000000, 0.0000000000000000000 ) ) ;
#7989 = EDGE_LOOP ( 'NONE', ( #8794, #9382, #8295, #9357 ) ) ;
#7990 = AXIS2_PLACEMENT_3D ( 'NONE', #5574, #7968, #9684 ) ;
#7991 = FILL_AREA_STYLE ('',( #891 ) ) ;
#7992 = APPLICATION_PROTOCOL_DEFINITION ( 'draft international standard', 'automotive_design', 1998, #2485 ) ;
#7993 = CARTESIAN_POINT ( 'NONE',  ( -2.000000000000000000, 4.250000000000031086, 0.7500000000000009992 ) ) ;
#7994 = EDGE_CURVE ( 'NONE', #3472, #4996, #581, .T. ) ;
#7995 = CARTESIAN_POINT ( 'NONE',  ( -3.892263480588891156, 6.816384655952806071, 5.200576600905350233 ) ) ;
#7996 = ORIENTED_EDGE ( 'NONE', *, *, #10050, .T. ) ;
#7997 = SURFACE_STYLE_USAGE ( .BOTH. , #5605 ) ;
#7998 = ORIENTED_EDGE ( 'NONE', *, *, #4440, .F. ) ;
#7999 = ORIENTED_EDGE ( 'NONE', *, *, #8898, .F. ) ;
#8000 = STYLED_ITEM ( 'NONE', ( #6844 ), #6595 ) ;
#8001 = ORIENTED_EDGE ( 'NONE', *, *, #4003, .F. ) ;
#8002 = TOROIDAL_SURFACE ( 'NONE', #8351, 1.413776159319739989, 0.2000000000000000111 ) ;
#8003 = VECTOR ( 'NONE', #2471, 1000.000000000000000 ) ;
#8004 = UNCERTAINTY_MEASURE_WITH_UNIT (LENGTH_MEASURE( 1.000000000000000082E-05 ), #409, 'distance_accuracy_value', 'NONE');
#8005 = DIRECTION ( 'NONE',  ( 0.0000000000000000000, 0.0000000000000000000, -1.000000000000000000 ) ) ;
#8006 = CARTESIAN_POINT ( 'NONE',  ( 9.750000000000010658, 7.750000000000000000, 5.900000000000000355 ) ) ;
#8007 = ORIENTED_EDGE ( 'NONE', *, *, #7966, .T. ) ;
#8008 = EDGE_CURVE ( 'NONE', #9906, #2511, #8559, .T. ) ;
#8009 = CARTESIAN_POINT ( 'NONE',  ( 9.062892611435060530, 3.850000000000010303, 9.314249409999350249 ) ) ;
#8010 = CARTESIAN_POINT ( 'NONE',  ( 4.093910474793799992, 4.650000000000010125, 8.893318922984189356 ) ) ;
#8011 = DIRECTION ( 'NONE',  ( 0.0000000000000000000, 1.000000000000000000, 0.0000000000000000000 ) ) ;
#8012 = VECTOR ( 'NONE', #2063, 1000.000000000000114 ) ;
#8013 = VERTEX_POINT ( 'NONE', #7614 ) ;
#8014 = DIRECTION ( 'NONE',  ( 0.0000000000000000000, -1.000000000000000000, 0.0000000000000000000 ) ) ;
#8015 =( GEOMETRIC_REPRESENTATION_CONTEXT ( 3 ) GLOBAL_UNCERTAINTY_ASSIGNED_CONTEXT ( ( #7620 ) ) GLOBAL_UNIT_ASSIGNED_CONTEXT ( ( #7071, #6404, #7017 ) ) REPRESENTATION_CONTEXT ( 'NONE', 'WORKASPACE' ) );
#8016 = ORIENTED_EDGE ( 'NONE', *, *, #9805, .T. ) ;
#8017 = LINE ( 'NONE', #2458, #4185 ) ;
#8018 = DIRECTION ( 'NONE',  ( 1.000000000000000000, 0.0000000000000000000, 0.0000000000000000000 ) ) ;
#8019 = CARTESIAN_POINT ( 'NONE',  ( -0.9946933643734481301, 6.250000000000079936, 5.631641418841230262 ) ) ;
#8020 = AXIS2_PLACEMENT_3D ( 'NONE', #8410, #6156, #9343 ) ;
#8021 = CARTESIAN_POINT ( 'NONE',  ( 4.182760555148930415, 6.093223787951091097, 5.414712066094880427 ) ) ;
#8022 = VECTOR ( 'NONE', #5404, 1000.000000000000000 ) ;
#8023 = EDGE_LOOP ( 'NONE', ( #8323, #1194, #9575, #4423 ) ) ;
#8024 = EDGE_CURVE ( 'NONE', #612, #998, #4650, .T. ) ;
#8025 = VERTEX_POINT ( 'NONE', #9197 ) ;
#8026 = LINE ( 'NONE', #6313, #10029 ) ;
#8027 = DIRECTION ( 'NONE',  ( 0.0000000000000000000, 0.9975640502598243087, 0.06975647374412512203 ) ) ;
#8028 = DIRECTION ( 'NONE',  ( 1.000000000000000000, 0.0000000000000000000, -5.152643988049919983E-16 ) ) ;
#8029 = CARTESIAN_POINT ( 'NONE',  ( 4.549999999999999822, 6.250000000000031086, 5.700000000000000178 ) ) ;
#8030 = CARTESIAN_POINT ( 'NONE',  ( 6.043633278484560556, 6.148436649458580483, 5.454695900211610216 ) ) ;
#8031 = FACE_OUTER_BOUND ( 'NONE', #3648, .T. ) ;
#8032 = VERTEX_POINT ( 'NONE', #1346 ) ;
#8033 = B_SPLINE_CURVE_WITH_KNOTS ( 'NONE', 3,
 ( #1137, #3645, #2932, #1335 ),
 .UNSPECIFIED., .F., .F.,
 ( 4, 4 ),
 ( 9.545512154400046727E-14, 0.0001440939132139736295 ),
 .UNSPECIFIED. ) ;
#8034 = EDGE_CURVE ( 'NONE', #3788, #8386, #6213, .T. ) ;
#8035 = PRESENTATION_STYLE_ASSIGNMENT (( #235 ) ) ;
#8036 = ADVANCED_FACE ( 'NONE', ( #6060 ), #9293, .T. ) ;
#8037 = CIRCLE ( 'NONE', #7870, 0.1000000000000002554 ) ;
#8038 = FILL_AREA_STYLE ('',( #4019 ) ) ;
#8039 = CARTESIAN_POINT ( 'NONE',  ( 9.550000000000000711, 2.200000000000000178, 5.700000000000000178 ) ) ;
#8040 = PLANE ( 'NONE',  #2501 ) ;
#8041 =( NAMED_UNIT ( * ) PLANE_ANGLE_UNIT ( ) SI_UNIT ( $, .RADIAN. ) );
#8042 = ORIENTED_EDGE ( 'NONE', *, *, #332, .T. ) ;
#8043 = DIRECTION ( 'NONE',  ( 0.0000000000000000000, -1.000000000000000000, 0.0000000000000000000 ) ) ;
#8044 = CARTESIAN_POINT ( 'NONE',  ( 1.005392207408169147, 6.250000000000031974, 5.499015461808848926 ) ) ;
#8045 = AXIS2_PLACEMENT_3D ( 'NONE', #8645, #2292, #8694 ) ;
#8046 = VECTOR ( 'NONE', #1998, 1000.000000000000000 ) ;
#8047 = CIRCLE ( 'NONE', #2071, 0.09999999999999939493 ) ;
#8048 = LINE ( 'NONE', #4826, #4109 ) ;
#8049 = LINE ( 'NONE', #7201, #9781 ) ;
#8050 = VECTOR ( 'NONE', #5562, 1000.000000000000000 ) ;
#8051 = SURFACE_STYLE_FILL_AREA ( #2388 ) ;
#8052 = ORIENTED_EDGE ( 'NONE', *, *, #7936, .F. ) ;
#8053 = CARTESIAN_POINT ( 'NONE',  ( 0.9371073885687779548, 4.650000000000010125, 9.314249409997584550 ) ) ;
#8054 = PLANE ( 'NONE',  #4 ) ;
#8055 = ORIENTED_EDGE ( 'NONE', *, *, #2189, .T. ) ;
#8056 = AXIS2_PLACEMENT_3D ( 'NONE', #7894, #894, #2389 ) ;
#8057 = CIRCLE ( 'NONE', #1266, 1.749999999999989786 ) ;
#8058 = ORIENTED_EDGE ( 'NONE', *, *, #7381, .T. ) ;
#8059 = DIRECTION ( 'NONE',  ( 0.3481553119113969808, 0.8703882797784889824, 0.3481553119113949823 ) ) ;
#8060 = ADVANCED_FACE ( 'NONE', ( #2211 ), #1377, .T. ) ;
#8061 = ORIENTED_EDGE ( 'NONE', *, *, #6401, .F. ) ;
#8062 = ADVANCED_FACE ( 'NONE', ( #5429 ), #10059, .F. ) ;
#8063 = CARTESIAN_POINT ( 'NONE',  ( 4.205878195200130065, 6.087585864700089999, 5.702659885757030089 ) ) ;
#8064 = LINE ( 'NONE', #1008, #1269 ) ;
#8065 = VERTEX_POINT ( 'NONE', #3233 ) ;
#8066 = STYLED_ITEM ( 'NONE', ( #5761 ), #2187 ) ;
#8067 = TOROIDAL_SURFACE ( 'NONE', #7220, 1.413776159319739989, 0.2000000000000000111 ) ;
#8068 = CARTESIAN_POINT ( 'NONE',  ( 9.093910474793799992, 3.850000000000010303, 8.893318922984189356 ) ) ;
#8069 = LINE ( 'NONE', #4678, #7209 ) ;
#8070 = DIRECTION ( 'NONE',  ( 0.0000000000000000000, -3.675221047034999628E-15, 1.000000000000000000 ) ) ;
#8071 = ORIENTED_EDGE ( 'NONE', *, *, #8958, .F. ) ;
#8072 = DIRECTION ( 'NONE',  ( 0.0000000000000000000, -3.675221047034999628E-15, 1.000000000000000000 ) ) ;
#8073 = ORIENTED_EDGE ( 'NONE', *, *, #4074, .T. ) ;
#8074 = TOROIDAL_SURFACE ( 'NONE', #8901, 1.413776159319739989, 0.2000000000000000111 ) ;
#8075 = DIRECTION ( 'NONE',  ( 0.0000000000000000000, 1.000000000000000000, 0.0000000000000000000 ) ) ;
#8076 = EDGE_CURVE ( 'NONE', #6604, #3429, #8717, .T. ) ;
#8077 = DIRECTION ( 'NONE',  ( 0.0000000000000000000, 0.0000000000000000000, -1.000000000000000000 ) ) ;
#8078 = ORIENTED_EDGE ( 'NONE', *, *, #3172, .T. ) ;
#8079 = ORIENTED_EDGE ( 'NONE', *, *, #8411, .T. ) ;
#8080 = DIRECTION ( 'NONE',  ( 0.0000000000000000000, 1.000000000000000000, 0.0000000000000000000 ) ) ;
#8081 = PRESENTATION_LAYER_ASSIGNMENT (  '', '', ( #8251 ) ) ;
#8082 = LINE ( 'NONE', #1837, #9297 ) ;
#8083 = CARTESIAN_POINT ( 'NONE',  ( 8.958155914341494608, 6.384612859941898755, 5.465433459296769492 ) ) ;
#8084 = CARTESIAN_POINT ( 'NONE',  ( 0.4500000000000040079, 6.250000000000031086, 5.799999999999999822 ) ) ;
#8085 = CARTESIAN_POINT ( 'NONE',  ( 6.041844085658512498, 6.384612859941942276, 5.465433459296741958 ) ) ;
#8086 = FACE_OUTER_BOUND ( 'NONE', #4674, .T. ) ;
#8087 = EDGE_CURVE ( 'NONE', #9565, #807, #9540, .T. ) ;
#8088 =( GEOMETRIC_REPRESENTATION_CONTEXT ( 3 ) GLOBAL_UNCERTAINTY_ASSIGNED_CONTEXT ( ( #5344 ) ) GLOBAL_UNIT_ASSIGNED_CONTEXT ( ( #1363, #2916, #2968 ) ) REPRESENTATION_CONTEXT ( 'NONE', 'WORKASPACE' ) );
#8089 = ORIENTED_EDGE ( 'NONE', *, *, #6309, .F. ) ;
#8090 = CARTESIAN_POINT ( 'NONE',  ( 1.013368699863591793, 6.290959700102059848, 5.697427300979115650 ) ) ;
#8091 = SURFACE_SIDE_STYLE ('',( #9649 ) ) ;
#8092 = LINE ( 'NONE', #4281, #671 ) ;
#8093 = LINE ( 'NONE', #3399, #7322 ) ;
#8094 = CARTESIAN_POINT ( 'NONE',  ( 7.500000000000000000, 6.250000000000031086, 2.750000000000000000 ) ) ;
#8095 = VECTOR ( 'NONE', #9258, 1000.000000000000114 ) ;
#8096 = EDGE_LOOP ( 'NONE', ( #1560, #3994, #2502, #7437 ) ) ;
#8097 = CARTESIAN_POINT ( 'NONE',  ( 5.993784637127530068, 6.250000000000009770, 5.675366343103210198 ) ) ;
#8098 =( NAMED_UNIT ( * ) SI_UNIT ( $, .STERADIAN. ) SOLID_ANGLE_UNIT ( ) );
#8099 = EDGE_CURVE ( 'NONE', #5753, #3778, #6773, .T. ) ;
#8100 = CARTESIAN_POINT ( 'NONE',  ( -3.856009966283758583, 4.650000000000010125, 9.500000000000010658 ) ) ;
#8101 = EDGE_CURVE ( 'NONE', #26, #3256, #3281, .T. ) ;
#8102 = PRESENTATION_LAYER_ASSIGNMENT (  '', '', ( #8603 ) ) ;
#8103 = DIRECTION ( 'NONE',  ( -1.000000000000000000, 0.0000000000000000000, 0.0000000000000000000 ) ) ;
#8104 = DIRECTION ( 'NONE',  ( 0.0000000000000000000, -1.000000000000000000, 0.0000000000000000000 ) ) ;
#8105 =( NAMED_UNIT ( * ) PLANE_ANGLE_UNIT ( ) SI_UNIT ( $, .RADIAN. ) );
#8106 = DIRECTION ( 'NONE',  ( -5.580452358381269806E-16, 1.000000000000000000, 0.0000000000000000000 ) ) ;
#8107 = ORIENTED_EDGE ( 'NONE', *, *, #8317, .F. ) ;
#8108 = CARTESIAN_POINT ( 'NONE',  ( -2.250000000000000444, 4.250000000000031086, -4.349999999999999645 ) ) ;
#8109 = PRESENTATION_LAYER_ASSIGNMENT (  '', '', ( #3768 ) ) ;
#8110 = EDGE_LOOP ( 'NONE', ( #9392, #4962, #7971, #1880 ) ) ;
#8111 = DIRECTION ( 'NONE',  ( 0.0000000000000000000, 0.0000000000000000000, 1.000000000000000000 ) ) ;
#8112 = ORIENTED_EDGE ( 'NONE', *, *, #3689, .T. ) ;
#8113 =( LENGTH_UNIT ( ) NAMED_UNIT ( * ) SI_UNIT ( .MILLI., .METRE. ) );
#8114 = CARTESIAN_POINT ( 'NONE',  ( 0.9961825259182910397, 6.250000000000079936, 5.603246506036869690 ) ) ;
#8115 = ORIENTED_EDGE ( 'NONE', *, *, #1783, .F. ) ;
#8116 = EDGE_CURVE ( 'NONE', #4040, #9019, #8817, .T. ) ;
#8117 = LINE ( 'NONE', #316, #7291 ) ;
#8118 = EDGE_CURVE ( 'NONE', #807, #2642, #4508, .T. ) ;
#8119 = ORIENTED_EDGE ( 'NONE', *, *, #3440, .F. ) ;
#8120 = CARTESIAN_POINT ( 'NONE',  ( 2.500000000000000000, 2.836223840680269781, 9.500000000000010658 ) ) ;
#8121 = ORIENTED_EDGE ( 'NONE', *, *, #6881, .T. ) ;
#8122 = ORIENTED_EDGE ( 'NONE', *, *, #8387, .T. ) ;
#8123 = CARTESIAN_POINT ( 'NONE',  ( 6.022645188653849679, 6.378927305446330465, 5.621766569588300122 ) ) ;
#8124 = VECTOR ( 'NONE', #674, 1000.000000000000000 ) ;
#8125 = CARTESIAN_POINT ( 'NONE',  ( 0.7999999999999990452, 3.850000000000010303, 8.800000000000000711 ) ) ;
#8126 = CARTESIAN_POINT ( 'NONE',  ( 3.977026237072419868, 6.335242407712620150, 5.690954293788288432 ) ) ;
#8127 = EDGE_LOOP ( 'NONE', ( #7364, #8073, #7999, #6780, #6395 ) ) ;
#8128 = ORIENTED_EDGE ( 'NONE', *, *, #2003, .F. ) ;
#8129 = COLOUR_RGB ( '',0.2862745098039215508, 0.6431372549019607199, 0.8666666666666666963 ) ;
#8130 = CARTESIAN_POINT ( 'NONE',  ( -3.000000000000000000, 4.250000000000031086, -5.204170427930419706E-15 ) ) ;
#8131 = VECTOR ( 'NONE', #2913, 1000.000000000000000 ) ;
#8132 = PLANE ( 'NONE',  #207 ) ;
#8133 = EDGE_CURVE ( 'NONE', #714, #7452, #8766, .T. ) ;
#8134 = DIRECTION ( 'NONE',  ( 0.0000000000000000000, -1.000000000000000000, 0.0000000000000000000 ) ) ;
#8135 = DIRECTION ( 'NONE',  ( 0.0000000000000000000, -1.000000000000000000, -3.965082230804130614E-15 ) ) ;
#8136 = CARTESIAN_POINT ( 'NONE',  ( 6.023037437513499626, 6.379043465882250352, 5.701156363462390075 ) ) ;
#8137 = CARTESIAN_POINT ( 'NONE',  ( 1.075900883378422934, 6.782835288287566655, 5.313097438219579693 ) ) ;
#8138 = VECTOR ( 'NONE', #9578, 1000.000000000000000 ) ;
#8139 = AXIS2_PLACEMENT_3D ( 'NONE', #994, #5862, #8150 ) ;
#8140 = ORIENTED_EDGE ( 'NONE', *, *, #7734, .T. ) ;
#8141 = CARTESIAN_POINT ( 'NONE',  ( 15.00000000000000000, 7.750000000000000000, 0.0000000000000000000 ) ) ;
#8142 = EDGE_CURVE ( 'NONE', #9311, #5476, #4071, .T. ) ;
#8143 = AXIS2_PLACEMENT_3D ( 'NONE', #1688, #1579, #6459 ) ;
#8144 = CARTESIAN_POINT ( 'NONE',  ( 3.549999999999999822, 6.900812423267500328, 3.990870176997180607 ) ) ;
#8145 = SURFACE_STYLE_USAGE ( .BOTH. , #5017 ) ;
#8146 = ORIENTED_EDGE ( 'NONE', *, *, #3406, .T. ) ;
#8147 = LINE ( 'NONE', #7514, #3322 ) ;
#8148 = CARTESIAN_POINT ( 'NONE',  ( 1.022614399924369977, 6.143310571542220266, 5.618793688040031320 ) ) ;
#8149 = PRESENTATION_STYLE_ASSIGNMENT (( #295 ) ) ;
#8150 = DIRECTION ( 'NONE',  ( 0.0000000000000000000, 0.0000000000000000000, -1.000000000000000000 ) ) ;
#8151 = EDGE_CURVE ( 'NONE', #5376, #9183, #2526, .T. ) ;
#8152 = EDGE_CURVE ( 'NONE', #2351, #1829, #122, .T. ) ;
#8153 = VECTOR ( 'NONE', #5074, 1000.000000000000000 ) ;
#8154 = CARTESIAN_POINT ( 'NONE',  ( 1.013368699863664180, 6.290959700102208174, 5.697427300979116538 ) ) ;
#8155 = PRESENTATION_STYLE_ASSIGNMENT (( #4242 ) ) ;
#8156 = VERTEX_POINT ( 'NONE', #877 ) ;
#8157 = CARTESIAN_POINT ( 'NONE',  ( 0.9129626948656089924, 3.850000000000010303, 8.986637655680240755 ) ) ;
#8158 = CARTESIAN_POINT ( 'NONE',  ( 2.500000000000000000, 4.250000000000009770, 8.800000000000000711 ) ) ;
#8159 = ORIENTED_EDGE ( 'NONE', *, *, #1442, .T. ) ;
#8160 = DIRECTION ( 'NONE',  ( 0.0000000000000000000, 0.0000000000000000000, -1.000000000000000000 ) ) ;
#8161 = ORIENTED_EDGE ( 'NONE', *, *, #8460, .F. ) ;
#8162 = CARTESIAN_POINT ( 'NONE',  ( -4.450000000000000178, 1.877542648054139951, -5.152643988049929647E-15 ) ) ;
#8163 = DIRECTION ( 'NONE',  ( 4.311199699514559827E-15, -1.000000000000000000, 0.0000000000000000000 ) ) ;
#8164 = ORIENTED_EDGE ( 'NONE', *, *, #5163, .T. ) ;
#8165 = LINE ( 'NONE', #9872, #8797 ) ;
#8166 = EDGE_CURVE ( 'NONE', #6850, #607, #5514, .T. ) ;
#8167 = SURFACE_SIDE_STYLE ('',( #4990 ) ) ;
#8168 = DIRECTION ( 'NONE',  ( 0.0000000000000000000, 0.0000000000000000000, -1.000000000000000000 ) ) ;
#8169 = CARTESIAN_POINT ( 'NONE',  ( 2.500000000000000000, 5.950000000000040146, 2.750000000000000000 ) ) ;
#8170 = ORIENTED_EDGE ( 'NONE', *, *, #5735, .T. ) ;
#8171 = CIRCLE ( 'NONE', #4673, 1.400000000000000133 ) ;
#8172 = LINE ( 'NONE', #5046, #2436 ) ;
#8173 = ORIENTED_EDGE ( 'NONE', *, *, #9748, .F. ) ;
#8174 = ORIENTED_EDGE ( 'NONE', *, *, #1686, .T. ) ;
#8175 = CARTESIAN_POINT ( 'NONE',  ( 6.043633278484560556, 6.148436649458580483, 5.454695900211610216 ) ) ;
#8176 = CIRCLE ( 'NONE', #1055, 0.5000000000000000000 ) ;
#8177 = LINE ( 'NONE', #9126, #6042 ) ;
#8178 = CARTESIAN_POINT ( 'NONE',  ( -5.000000000000000000, 6.650000000000000355, 9.999999999999989342 ) ) ;
#8179 = EDGE_LOOP ( 'NONE', ( #460, #405, #1473, #223 ) ) ;
#8180 = VECTOR ( 'NONE', #953, 1000.000000000000000 ) ;
#8181 = ORIENTED_EDGE ( 'NONE', *, *, #4339, .F. ) ;
#8182 = VECTOR ( 'NONE', #7135, 1000.000000000000000 ) ;
#8183 = CARTESIAN_POINT ( 'NONE',  ( -4.062892611431222711, 4.650000000000010125, 9.314249409997580997 ) ) ;
#8184 = FACE_OUTER_BOUND ( 'NONE', #532, .T. ) ;
#8185 = FACE_OUTER_BOUND ( 'NONE', #5268, .T. ) ;
#8186 = CARTESIAN_POINT ( 'NONE',  ( 9.062892611435067636, 3.850000000000010303, 9.314249409999250773 ) ) ;
#8187 = FACE_OUTER_BOUND ( 'NONE', #9013, .T. ) ;
#8188 = CIRCLE ( 'NONE', #4522, 1.613267899285889984 ) ;
#8189 = CIRCLE ( 'NONE', #8515, 0.5000000000000004441 ) ;
#8190 = EDGE_CURVE ( 'NONE', #8900, #3472, #7826, .T. ) ;
#8191 = EDGE_CURVE ( 'NONE', #3267, #6578, #1641, .T. ) ;
#8192 = ORIENTED_EDGE ( 'NONE', *, *, #2425, .T. ) ;
#8193 = CARTESIAN_POINT ( 'NONE',  ( 5.937107388568776400, 4.650000000000010125, 9.314249409997570339 ) ) ;
#8194 = CARTESIAN_POINT ( 'NONE',  ( 8.924099116621579952, 6.782835288287570208, 5.313097438219569923 ) ) ;
#8195 = B_SPLINE_CURVE_WITH_KNOTS ( 'NONE', 3,
 ( #4386, #7508, #3749, #6782 ),
 .UNSPECIFIED., .F., .F.,
 ( 4, 4 ),
 ( 8.451202230061805337E-14, 0.0002372982933281809624 ),
 .UNSPECIFIED. ) ;
#8196 = CARTESIAN_POINT ( 'NONE',  ( 2.500000000000000000, 5.950000000000040146, 2.750000000000000000 ) ) ;
#8197 = VECTOR ( 'NONE', #8614, 1000.000000000000000 ) ;
#8198 = CARTESIAN_POINT ( 'NONE',  ( 8.969861671573260864, 6.381146321179253178, 5.536094731449493267 ) ) ;
#8199 = SURFACE_STYLE_FILL_AREA ( #5646 ) ;
#8200 = VERTEX_POINT ( 'NONE', #8029 ) ;
#8201 = FACE_OUTER_BOUND ( 'NONE', #3027, .T. ) ;
#8202 = CARTESIAN_POINT ( 'NONE',  ( 5.899218940641789644, 3.850000000000010303, 8.800000000000000711 ) ) ;
#8203 = UNCERTAINTY_MEASURE_WITH_UNIT (LENGTH_MEASURE( 1.000000000000000082E-05 ), #6819, 'distance_accuracy_value', 'NONE');
#8204 = EDGE_CURVE ( 'NONE', #4430, #6082, #7975, .T. ) ;
#8205 = AXIS2_PLACEMENT_3D ( 'NONE', #1952, #2736, #5008 ) ;
#8206 = DIRECTION ( 'NONE',  ( 1.000000000000000000, 0.0000000000000000000, 0.0000000000000000000 ) ) ;
#8207 = SURFACE_STYLE_FILL_AREA ( #6533 ) ;
#8208 = AXIS2_PLACEMENT_3D ( 'NONE', #6149, #10049, #6878 ) ;
#8209 = SURFACE_STYLE_USAGE ( .BOTH. , #8265 ) ;
#8210 = ORIENTED_EDGE ( 'NONE', *, *, #231, .F. ) ;
#8211 = CARTESIAN_POINT ( 'NONE',  ( 0.8992189406417899766, 3.850000000000010303, 8.800000000000000711 ) ) ;
#8212 = CARTESIAN_POINT ( 'NONE',  ( -1.109592952281647449, 6.616355096402057434, 5.194015168276952643 ) ) ;
#8213 = STYLED_ITEM ( 'NONE', ( #6382 ), #9751 ) ;
#8214 = DIRECTION ( 'NONE',  ( 0.0000000000000000000, 1.000000000000000000, 0.0000000000000000000 ) ) ;
#8215 = VERTEX_POINT ( 'NONE', #7183 ) ;
#8216 = PLANE ( 'NONE',  #5861 ) ;
#8217 = ORIENTED_EDGE ( 'NONE', *, *, #1806, .F. ) ;
#8218 = AXIS2_PLACEMENT_3D ( 'NONE', #6677, #3394, #2790 ) ;
#8219 = EDGE_CURVE ( 'NONE', #7004, #9378, #8511, .T. ) ;
#8220 = VECTOR ( 'NONE', #6188, 1000.000000000000000 ) ;
#8221 = SURFACE_SIDE_STYLE ('',( #5244 ) ) ;
#8222 = ORIENTED_EDGE ( 'NONE', *, *, #3819, .F. ) ;
#8223 =( NAMED_UNIT ( * ) PLANE_ANGLE_UNIT ( ) SI_UNIT ( $, .RADIAN. ) );
#8224 =( NAMED_UNIT ( * ) PLANE_ANGLE_UNIT ( ) SI_UNIT ( $, .RADIAN. ) );
#8225 = CARTESIAN_POINT ( 'NONE',  ( 7.500000000000000000, 4.250000000000031086, -4.349999999999999645 ) ) ;
#8226 = VECTOR ( 'NONE', #6345, 1000.000000000000000 ) ;
#8227 = FACE_OUTER_BOUND ( 'NONE', #6323, .T. ) ;
#8228 = ORIENTED_EDGE ( 'NONE', *, *, #1582, .F. ) ;
#8229 = CARTESIAN_POINT ( 'NONE',  ( -0.5000000000000000000, 5.950000000000040146, 3.494824785299559977 ) ) ;
#8230 = ORIENTED_EDGE ( 'NONE', *, *, #8204, .F. ) ;
#8231 = ORIENTED_EDGE ( 'NONE', *, *, #1700, .T. ) ;
#8232 = CARTESIAN_POINT ( 'NONE',  ( 5.801388088926969999, 6.089357963934170392, 5.509803114629489684 ) ) ;
#8233 = AXIS2_PLACEMENT_3D ( 'NONE', #5197, #2812, #2709 ) ;
#8234 = DIRECTION ( 'NONE',  ( 0.0000000000000000000, 0.1736481776669300259, -0.9848077530122081313 ) ) ;
#8235 = EDGE_CURVE ( 'NONE', #6366, #1988, #6317, .T. ) ;
#8236 = EDGE_CURVE ( 'NONE', #9187, #211, #7922, .T. ) ;
#8237 = AXIS2_PLACEMENT_3D ( 'NONE', #4358, #4467, #6810 ) ;
#8238 = CIRCLE ( 'NONE', #6561, 0.5999999999999998668 ) ;
#8239 = DIRECTION ( 'NONE',  ( 0.0000000000000000000, 0.0000000000000000000, -1.000000000000000000 ) ) ;
#8240 = LINE ( 'NONE', #6664, #1741 ) ;
#8241 = ORIENTED_EDGE ( 'NONE', *, *, #2090, .F. ) ;
#8242 = ORIENTED_EDGE ( 'NONE', *, *, #7187, .F. ) ;
#8243 = CARTESIAN_POINT ( 'NONE',  ( 4.034292344244928330, 3.850000000000010303, 9.413932751395414300 ) ) ;
#8244 = DIRECTION ( 'NONE',  ( 0.0000000000000000000, 1.000000000000000000, 0.0000000000000000000 ) ) ;
#8245 =( BOUNDED_CURVE ( )  B_SPLINE_CURVE ( 3, ( #9506, #3109, #1502, #3154 ),
 .UNSPECIFIED., .F., .T. ) 
 B_SPLINE_CURVE_WITH_KNOTS ( ( 4, 4 ),
 ( 1.008957096879901538, 1.500983156715127498 ),
 .UNSPECIFIED. ) 
 CURVE ( )  GEOMETRIC_REPRESENTATION_ITEM ( )  RATIONAL_B_SPLINE_CURVE ( ( 1.000000000000000000, 0.9799274069394410258, 0.9799274069394410258, 1.000000000000000000 ) ) 
 REPRESENTATION_ITEM ( '' )  );
#8246 = CARTESIAN_POINT ( 'NONE',  ( 1.005392207408169147, 6.250000000000031974, 5.499015461808848926 ) ) ;
#8247 = CARTESIAN_POINT ( 'NONE',  ( 0.2500000000000009992, 7.750000000000000000, 0.6500000000000040190 ) ) ;
#8248 = DIRECTION ( 'NONE',  ( 0.0000000000000000000, -1.000000000000000000, -3.965082230804130614E-15 ) ) ;
#8249 = CARTESIAN_POINT ( 'NONE',  ( -2.500000000000000000, 6.250000000000031086, 2.750000000000000000 ) ) ;
#8250 = ORIENTED_EDGE ( 'NONE', *, *, #5445, .T. ) ;
#8251 = STYLED_ITEM ( 'NONE', ( #2793 ), #2503 ) ;
#8252 = CARTESIAN_POINT ( 'NONE',  ( 1.023102752130521154, 6.379062758812666267, 5.679065084668860841 ) ) ;
#8253 = PLANE ( 'NONE',  #1091 ) ;
#8254 = CARTESIAN_POINT ( 'NONE',  ( 4.500000000000000888, 3.592004494644689849, 2.875961234938969824 ) ) ;
#8255 = CARTESIAN_POINT ( 'NONE',  ( 8.550000000000000711, 6.405650476444289865, 3.372082935692199968 ) ) ;
#8256 = EDGE_CURVE ( 'NONE', #7321, #1580, #3329, .T. ) ;
#8257 = ORIENTED_EDGE ( 'NONE', *, *, #1848, .T. ) ;
#8258 = DIRECTION ( 'NONE',  ( 1.000000000000000000, 2.232180943352509796E-16, 0.0000000000000000000 ) ) ;
#8259 = DIRECTION ( 'NONE',  ( 0.0000000000000000000, 0.0000000000000000000, 1.000000000000000000 ) ) ;
#8260 = AXIS2_PLACEMENT_3D ( 'NONE', #319, #4259, #9777 ) ;
#8261 = CARTESIAN_POINT ( 'NONE',  ( 1.027326048814293458, 6.293418682409068765, 5.495963488081318182 ) ) ;
#8262 = SURFACE_STYLE_FILL_AREA ( #397 ) ;
#8263 = CIRCLE ( 'NONE', #5099, 1.649999999999999467 ) ;
#8264 =( NAMED_UNIT ( * ) SI_UNIT ( $, .STERADIAN. ) SOLID_ANGLE_UNIT ( ) );
#8265 = SURFACE_SIDE_STYLE ('',( #6745 ) ) ;
#8266 = CARTESIAN_POINT ( 'NONE',  ( 9.034292344245050899, 3.850000000000010303, 9.413932751395249099 ) ) ;
#8267 = ADVANCED_FACE ( 'NONE', ( #228, #3539 ), #4222, .T. ) ;
#8268 = ORIENTED_EDGE ( 'NONE', *, *, #2959, .T. ) ;
#8269 = DIRECTION ( 'NONE',  ( 0.0000000000000000000, -3.675221047034999628E-15, 1.000000000000000000 ) ) ;
#8270 = SURFACE_STYLE_USAGE ( .BOTH. , #9809 ) ;
#8271 = CARTESIAN_POINT ( 'NONE',  ( 9.087037305134389342, 3.850000000000010303, 8.986637655680240755 ) ) ;
#8272 = ORIENTED_EDGE ( 'NONE', *, *, #8546, .F. ) ;
#8273 = DIRECTION ( 'NONE',  ( 3.641714079092569968E-16, 0.0000000000000000000, -1.000000000000000000 ) ) ;
#8274 = AXIS2_PLACEMENT_3D ( 'NONE', #1941, #2826, #324 ) ;
#8275 = ORIENTED_EDGE ( 'NONE', *, *, #7554, .F. ) ;
#8276 = DIRECTION ( 'NONE',  ( 1.717547996016639994E-16, 0.0000000000000000000, 1.000000000000000000 ) ) ;
#8277 = SURFACE_STYLE_USAGE ( .BOTH. , #8221 ) ;
#8278 = B_SPLINE_CURVE_WITH_KNOTS ( 'NONE', 3,
 ( #962, #8068, #5773, #4787, #212, #8009 ),
 .UNSPECIFIED., .F., .F.,
 ( 4, 2, 4 ),
 ( 0.0000000000000000000, 0.5443967235616410383, 1.000000000000000000 ),
 .UNSPECIFIED. ) ;
#8279 = VERTEX_POINT ( 'NONE', #1950 ) ;
#8280 = CARTESIAN_POINT ( 'NONE',  ( 6.075900883378420048, -1.462314593354880232, 5.313097438219569923 ) ) ;
#8281 = CARTESIAN_POINT ( 'NONE',  ( 6.038569758003609955, 6.340207273974517221, 5.485199103683307875 ) ) ;
#8282 = CARTESIAN_POINT ( 'NONE',  ( 3.254835393828189982, 6.973925928331420110, 2.947631442961020198 ) ) ;
#8283 = MECHANICAL_DESIGN_GEOMETRIC_PRESENTATION_REPRESENTATION (  '', ( #17 ), #3610 ) ;
#8284 = FACE_OUTER_BOUND ( 'NONE', #7608, .T. ) ;
#8285 = EDGE_CURVE ( 'NONE', #1004, #1584, #6303, .T. ) ;
#8286 = ORIENTED_EDGE ( 'NONE', *, *, #9259, .F. ) ;
#8287 = CARTESIAN_POINT ( 'NONE',  ( -5.500000000000000000, 6.620978138265459556, 5.127902589497670860 ) ) ;
#8288 = ORIENTED_EDGE ( 'NONE', *, *, #1643, .T. ) ;
#8289 = ORIENTED_EDGE ( 'NONE', *, *, #101, .T. ) ;
#8290 = FACE_OUTER_BOUND ( 'NONE', #3038, .T. ) ;
#8291 = CARTESIAN_POINT ( 'NONE',  ( 5.450000000000009948, 6.250000000000031086, 5.799999999999999822 ) ) ;
#8292 = AXIS2_PLACEMENT_3D ( 'NONE', #5757, #1152, #6689 ) ;
#8293 = CARTESIAN_POINT ( 'NONE',  ( -3.875649002070729932, 6.820490948317419644, 5.141853884246501138 ) ) ;
#8294 = ORIENTED_EDGE ( 'NONE', *, *, #6720, .F. ) ;
#8295 = ORIENTED_EDGE ( 'NONE', *, *, #10064, .F. ) ;
#8296 = PLANE ( 'NONE',  #613 ) ;
#8297 = EDGE_CURVE ( 'NONE', #4892, #3133, #254, .T. ) ;
#8298 = EDGE_CURVE ( 'NONE', #3400, #3884, #9669, .T. ) ;
#8299 = CARTESIAN_POINT ( 'NONE',  ( 4.200000000000000178, 3.850000000000010303, 8.800000000000000711 ) ) ;
#8300 = DIRECTION ( 'NONE',  ( 0.0000000000000000000, -1.000000000000000000, -3.965082230804130614E-15 ) ) ;
#8301 = FILL_AREA_STYLE_COLOUR ( '', #1578 ) ;
#8302 = DIRECTION ( 'NONE',  ( -7.228014483236697541E-16, 0.0000000000000000000, -1.000000000000000000 ) ) ;
#8303 = VECTOR ( 'NONE', #3484, 1000.000000000000000 ) ;
#8304 = ORIENTED_EDGE ( 'NONE', *, *, #8581, .T. ) ;
#8305 = VECTOR ( 'NONE', #2862, 1000.000000000000000 ) ;
#8306 = FACE_OUTER_BOUND ( 'NONE', #9527, .T. ) ;
#8307 = DIRECTION ( 'NONE',  ( 0.0000000000000000000, 1.000000000000000000, 0.0000000000000000000 ) ) ;
#8308 = DIRECTION ( 'NONE',  ( -1.000000000000000000, 0.0000000000000000000, 0.0000000000000000000 ) ) ;
#8309 = CARTESIAN_POINT ( 'NONE',  ( 3.924099116621579952, -1.462314593354880232, 5.313097438219579693 ) ) ;
#8310 = DIRECTION ( 'NONE',  ( 0.0000000000000000000, -1.000000000000000000, 0.0000000000000000000 ) ) ;
#8311 = VERTEX_POINT ( 'NONE', #6515 ) ;
#8312 = CARTESIAN_POINT ( 'NONE',  ( 1.302467390493500021, 6.864512672020650186, 4.512313905521380342 ) ) ;
#8313 = CARTESIAN_POINT ( 'NONE',  ( 3.958155913534197712, 6.384612859888997960, 5.465433459372714964 ) ) ;
#8314 = AXIS2_PLACEMENT_3D ( 'NONE', #1397, #5283, #4453 ) ;
#8315 = CARTESIAN_POINT ( 'NONE',  ( 2.500000000000000000, 2.650000000000010125, 8.000000000000000000 ) ) ;
#8316 = AXIS2_PLACEMENT_3D ( 'NONE', #3292, #7885, #7934 ) ;
#8317 = EDGE_CURVE ( 'NONE', #1445, #607, #2004, .T. ) ;
#8318 =( NAMED_UNIT ( * ) PLANE_ANGLE_UNIT ( ) SI_UNIT ( $, .RADIAN. ) );
#8319 = PRESENTATION_LAYER_ASSIGNMENT (  '', '', ( #1500 ) ) ;
#8320 = CARTESIAN_POINT ( 'NONE',  ( 0.9371073885687776217, 4.650000000000010125, 9.314249409997570339 ) ) ;
#8321 = CARTESIAN_POINT ( 'NONE',  ( 3.549999999999999822, -1.462314593354880232, 2.800000000000019806 ) ) ;
#8322 = VERTEX_POINT ( 'NONE', #4274 ) ;
#8323 = ORIENTED_EDGE ( 'NONE', *, *, #8142, .F. ) ;
#8324 = CARTESIAN_POINT ( 'NONE',  ( 5.993858608708464430, 6.250000000000039968, 5.699344090454418144 ) ) ;
#8325 = ORIENTED_EDGE ( 'NONE', *, *, #1056, .T. ) ;
#8326 = EDGE_CURVE ( 'NONE', #848, #8624, #979, .T. ) ;
#8327 = EDGE_CURVE ( 'NONE', #10082, #3267, #8176, .T. ) ;
#8328 = FACE_OUTER_BOUND ( 'NONE', #6091, .T. ) ;
#8329 = PRESENTATION_STYLE_ASSIGNMENT (( #8277 ) ) ;
#8330 = EDGE_LOOP ( 'NONE', ( #477, #2676, #2841, #5663 ) ) ;
#8331 = CARTESIAN_POINT ( 'NONE',  ( 2.500000000000000000, 4.250000000000009770, 8.099999999999999645 ) ) ;
#8332 =( NAMED_UNIT ( * ) SI_UNIT ( $, .STERADIAN. ) SOLID_ANGLE_UNIT ( ) );
#8333 = ORIENTED_EDGE ( 'NONE', *, *, #9590, .T. ) ;
#8334 = CARTESIAN_POINT ( 'NONE',  ( 10.00000000000000000, 7.450000000000000178, 6.200000000000001066 ) ) ;
#8335 = EDGE_LOOP ( 'NONE', ( #4778, #3534, #4178, #2181, #7550, #8703 ) ) ;
#8336 = VERTEX_POINT ( 'NONE', #6618 ) ;
#8337 = CARTESIAN_POINT ( 'NONE',  ( -1.024293729958390964, 6.556592752526431589, 5.606841190858710355 ) ) ;
#8338 = DIRECTION ( 'NONE',  ( 0.0000000000000000000, 0.0000000000000000000, 1.000000000000000000 ) ) ;
#8339 = ADVANCED_FACE ( 'NONE', ( #7448 ), #3681, .T. ) ;
#8340 = CARTESIAN_POINT ( 'NONE',  ( -3.549999999999999822, 6.370920840910899940, 3.569044486294639995 ) ) ;
#8341 = ORIENTED_EDGE ( 'NONE', *, *, #4365, .T. ) ;
#8342 = AXIS2_PLACEMENT_3D ( 'NONE', #1090, #1146, #438 ) ;
#8343 = ORIENTED_EDGE ( 'NONE', *, *, #8489, .F. ) ;
#8344 = CARTESIAN_POINT ( 'NONE',  ( 4.549999999999999822, 6.250000000000031086, 5.700000000000000178 ) ) ;
#8345 = CARTESIAN_POINT ( 'NONE',  ( 7.500000000000000000, 6.250000000000031086, 2.750000000000000000 ) ) ;
#8346 = AXIS2_PLACEMENT_3D ( 'NONE', #4527, #5167, #7700 ) ;
#8347 = ORIENTED_EDGE ( 'NONE', *, *, #2820, .T. ) ;
#8348 = CARTESIAN_POINT ( 'NONE',  ( 3.958155913534195935, 6.384612859889001513, 5.465433459372714076 ) ) ;
#8349 = DIRECTION ( 'NONE',  ( -1.000000000000000000, -5.580452358381269806E-16, 0.0000000000000000000 ) ) ;
#8350 = CARTESIAN_POINT ( 'NONE',  ( 3.549999999999999822, 6.700487189948059807, 3.990870176997169949 ) ) ;
#8351 = AXIS2_PLACEMENT_3D ( 'NONE', #9715, #7804, #3354 ) ;
#8352 = EDGE_CURVE ( 'NONE', #3324, #7732, #6511, .T. ) ;
#8353 = VECTOR ( 'NONE', #6466, 1000.000000000000000 ) ;
#8354 = ORIENTED_EDGE ( 'NONE', *, *, #1582, .T. ) ;
#8355 = B_SPLINE_CURVE_WITH_KNOTS ( 'NONE', 3,
 ( #4906, #6408, #8126, #868 ),
 .UNSPECIFIED., .F., .F.,
 ( 4, 4 ),
 ( 8.673617379884035472E-19, 0.0001342552525287739416 ),
 .UNSPECIFIED. ) ;
#8356 = UNCERTAINTY_MEASURE_WITH_UNIT (LENGTH_MEASURE( 1.000000000000000082E-05 ), #4991, 'distance_accuracy_value', 'NONE');
#8357 = CARTESIAN_POINT ( 'NONE',  ( 8.550000000000000711, 3.592004494644689849, 2.875961234938969824 ) ) ;
#8358 = CARTESIAN_POINT ( 'NONE',  ( -5.500000000000000000, 6.250000000000031086, 5.499015461808849814 ) ) ;
#8359 = SURFACE_SIDE_STYLE ('',( #3042 ) ) ;
#8360 = CIRCLE ( 'NONE', #1235, 1.613267899285889984 ) ;
#8361 = ORIENTED_EDGE ( 'NONE', *, *, #1643, .F. ) ;
#8362 = CARTESIAN_POINT ( 'NONE',  ( -3.976121095031361907, 6.379292657753646623, 5.607444991929242839 ) ) ;
#8363 = FILL_AREA_STYLE ('',( #443 ) ) ;
#8364 = VECTOR ( 'NONE', #431, 1000.000000000000000 ) ;
#8365 = EDGE_CURVE ( 'NONE', #1935, #10177, #2042, .T. ) ;
#8366 = ADVANCED_FACE ( 'NONE', ( #8185 ), #4325, .T. ) ;
#8367 = CARTESIAN_POINT ( 'NONE',  ( -2.500000000000000000, 4.250000000000009770, 8.100000000000010303 ) ) ;
#8368 =( GEOMETRIC_REPRESENTATION_CONTEXT ( 3 ) GLOBAL_UNCERTAINTY_ASSIGNED_CONTEXT ( ( #3056 ) ) GLOBAL_UNIT_ASSIGNED_CONTEXT ( ( #8792, #4730, #1669 ) ) REPRESENTATION_CONTEXT ( 'NONE', 'WORKASPACE' ) );
#8369 = CARTESIAN_POINT ( 'NONE',  ( 4.100781059358210356, 3.850000000000010303, 8.800000000000009592 ) ) ;
#8370 = UNCERTAINTY_MEASURE_WITH_UNIT (LENGTH_MEASURE( 1.000000000000000082E-05 ), #1212, 'distance_accuracy_value', 'NONE');
#8371 = FACE_OUTER_BOUND ( 'NONE', #4939, .T. ) ;
#8372 = ORIENTED_EDGE ( 'NONE', *, *, #6161, .T. ) ;
#8373 =( NAMED_UNIT ( * ) SI_UNIT ( $, .STERADIAN. ) SOLID_ANGLE_UNIT ( ) );
#8374 = PLANE ( 'NONE',  #9102 ) ;
#8375 = ORIENTED_EDGE ( 'NONE', *, *, #4196, .F. ) ;
#8376 = AXIS2_PLACEMENT_3D ( 'NONE', #5064, #4277, #7450 ) ;
#8377 = VERTEX_POINT ( 'NONE', #3387 ) ;
#8378 = B_SPLINE_CURVE_WITH_KNOTS ( 'NONE', 3,
 ( #2702, #1158, #8271, #9584, #1864, #5031 ),
 .UNSPECIFIED., .F., .F.,
 ( 4, 2, 4 ),
 ( 0.0000000000000000000, 0.5443967235616410383, 1.000000000000000000 ),
 .UNSPECIFIED. ) ;
#8379 = LINE ( 'NONE', #9360, #818 ) ;
#8380 = ORIENTED_EDGE ( 'NONE', *, *, #6458, .F. ) ;
#8381 = CYLINDRICAL_SURFACE ( 'NONE', #3633, 1.400000000000000133 ) ;
#8382 = STYLED_ITEM ( 'NONE', ( #9007 ), #9622 ) ;
#8383 = DIRECTION ( 'NONE',  ( 4.231032868236119855E-16, 0.0000000000000000000, 1.000000000000000000 ) ) ;
#8384 = FACE_OUTER_BOUND ( 'NONE', #3432, .T. ) ;
#8385 = FILL_AREA_STYLE_COLOUR ( '', #4303 ) ;
#8386 = VERTEX_POINT ( 'NONE', #2681 ) ;
#8387 = EDGE_CURVE ( 'NONE', #8636, #8336, #8682, .T. ) ;
#8388 = ORIENTED_EDGE ( 'NONE', *, *, #7074, .F. ) ;
#8389 = EDGE_CURVE ( 'NONE', #8742, #760, #3303, .T. ) ;
#8390 = ORIENTED_EDGE ( 'NONE', *, *, #804, .T. ) ;
#8391 = SURFACE_STYLE_FILL_AREA ( #609 ) ;
#8392 = LINE ( 'NONE', #2924, #6593 ) ;
#8393 = CARTESIAN_POINT ( 'NONE',  ( 1.302467390493500021, 6.864512672020650186, 4.512313905521390112 ) ) ;
#8394 = EDGE_LOOP ( 'NONE', ( #4312, #4922, #388, #8294 ) ) ;
#8395 = VECTOR ( 'NONE', #757, 1000.000000000000000 ) ;
#8396 = COLOUR_RGB ( '',0.2862745098039215508, 0.6431372549019607199, 0.8666666666666666963 ) ;
#8397 = ORIENTED_EDGE ( 'NONE', *, *, #3937, .F. ) ;
#8398 =( LENGTH_UNIT ( ) NAMED_UNIT ( * ) SI_UNIT ( .MILLI., .METRE. ) );
#8399 = ORIENTED_EDGE ( 'NONE', *, *, #7339, .F. ) ;
#8400 = CARTESIAN_POINT ( 'NONE',  ( 0.9371073885686259652, 3.850000000000009415, 9.314249409997639617 ) ) ;
#8401 = EDGE_CURVE ( 'NONE', #7176, #7581, #279, .T. ) ;
#8402 = CARTESIAN_POINT ( 'NONE',  ( 6.450000000000000178, 3.592004494644689849, 2.875961234938969824 ) ) ;
#8403 = MECHANICAL_DESIGN_GEOMETRIC_PRESENTATION_REPRESENTATION (  '', ( #3556 ), #2418 ) ;
#8404 = VECTOR ( 'NONE', #4614, 1000.000000000000000 ) ;
#8405 = EDGE_LOOP ( 'NONE', ( #2182, #1454, #6543, #9776, #9830, #4669, #3690 ) ) ;
#8406 = LINE ( 'NONE', #1298, #7778 ) ;
#8407 = CARTESIAN_POINT ( 'NONE',  ( 8.924099116621579952, -1.462314593354880232, 5.313097438219569923 ) ) ;
#8408 = DIRECTION ( 'NONE',  ( -1.000000000000000000, 0.0000000000000000000, 0.0000000000000000000 ) ) ;
#8409 = AXIS2_PLACEMENT_3D ( 'NONE', #3998, #1920, #5868 ) ;
#8410 = CARTESIAN_POINT ( 'NONE',  ( -0.5000000000000000000, 6.301461569844129862, 3.962967587499530264 ) ) ;
#8411 = EDGE_CURVE ( 'NONE', #9455, #5032, #8033, .T. ) ;
#8412 = ORIENTED_EDGE ( 'NONE', *, *, #7146, .F. ) ;
#8413 =( NAMED_UNIT ( * ) SI_UNIT ( $, .STERADIAN. ) SOLID_ANGLE_UNIT ( ) );
#8414 = SURFACE_SIDE_STYLE ('',( #5228 ) ) ;
#8415 = COLOUR_RGB ( '',0.2862745098039215508, 0.6431372549019607199, 0.8666666666666666963 ) ;
#8416 = CARTESIAN_POINT ( 'NONE',  ( 4.750000000000000000, 7.750000000000000000, -3.392157292132870029E-15 ) ) ;
#8417 = CARTESIAN_POINT ( 'NONE',  ( 5.937107388568627186, 3.850000000000009415, 9.314249409997643170 ) ) ;
#8418 = PLANE ( 'NONE',  #82 ) ;
#8419 = CARTESIAN_POINT ( 'NONE',  ( 2.500000000000000000, 2.836223840680269781, 9.300000000000009592 ) ) ;
#8420 = MECHANICAL_DESIGN_GEOMETRIC_PRESENTATION_REPRESENTATION (  '', ( #6581 ), #6917 ) ;
#8421 = EDGE_CURVE ( 'NONE', #1988, #649, #6726, .T. ) ;
#8422 = VERTEX_POINT ( 'NONE', #1294 ) ;
#8423 = CARTESIAN_POINT ( 'NONE',  ( 8.957924419191279242, 6.384681414832980018, 5.464040407139520106 ) ) ;
#8425 = EDGE_CURVE ( 'NONE', #777, #2413, #7168, .T. ) ;
#8424 = LINE ( 'NONE', #7729, #4764 ) ;
#8426 = VERTEX_POINT ( 'NONE', #6875 ) ;
#8427 =( BOUNDED_SURFACE ( )  B_SPLINE_SURFACE ( 3, 2, ( 
 ( #5292, #3822, #2962 ),
 ( #2175, #10124, #5979 ),
 ( #4716, #91, #6430 ),
 ( #8733, #6277, #5546 ) ),
 .UNSPECIFIED., .F., .F., .F. ) 
 B_SPLINE_SURFACE_WITH_KNOTS ( ( 4, 4 ),
 ( 3, 3 ),
 ( 0.0000000000000000000, 1.000000000000000000 ),
 ( 0.0000000000000000000, 1.000000000000000000 ),
 .UNSPECIFIED. ) 
 GEOMETRIC_REPRESENTATION_ITEM ( )  RATIONAL_B_SPLINE_SURFACE ( (
 ( 1.000000000000000000, 0.7864262337499590139, 1.000000000000000000),
 ( 1.000000000000000000, 0.7864474701795289846, 1.000000000000000000),
 ( 1.000000000000000000, 0.7861046529251329851, 1.000000000000000000),
 ( 1.000000000000000000, 0.7854013110680500009, 1.000000000000000000) ) ) 
 REPRESENTATION_ITEM ( '' )  SURFACE ( )  );
#8428 = VECTOR ( 'NONE', #3766, 1000.000000000000000 ) ;
#8429 = CARTESIAN_POINT ( 'NONE',  ( 6.075900883378422712, 6.782835288287570208, 5.313097438219570812 ) ) ;
#8430 = DIRECTION ( 'NONE',  ( -6.323770134184271214E-17, -0.9848077530122081313, -0.1736481776669300259 ) ) ;
#8431 = CARTESIAN_POINT ( 'NONE',  ( 15.00000000000000000, 7.750000000000000000, 0.4499999999999980127 ) ) ;
#8432 = SURFACE_SIDE_STYLE ('',( #4311 ) ) ;
#8433 = ORIENTED_EDGE ( 'NONE', *, *, #1109, .T. ) ;
#8434 = CARTESIAN_POINT ( 'NONE',  ( -1.449999999999999956, 6.301461569844129862, 3.962967587499530264 ) ) ;
#8435 = ORIENTED_EDGE ( 'NONE', *, *, #2536, .T. ) ;
#8436 = ORIENTED_EDGE ( 'NONE', *, *, #396, .T. ) ;
#8437 = CARTESIAN_POINT ( 'NONE',  ( 4.062892611431221823, 4.650000000000010125, 9.314249409997589879 ) ) ;
#8438 = CARTESIAN_POINT ( 'NONE',  ( -4.449999999999990408, 0.6224573519455459669, -5.152643988049929647E-15 ) ) ;
#8439 = SURFACE_STYLE_FILL_AREA ( #4426 ) ;
#8440 = DIRECTION ( 'NONE',  ( -5.152643988049929844E-16, 0.0000000000000000000, -1.000000000000000000 ) ) ;
#8441 = ORIENTED_EDGE ( 'NONE', *, *, #7554, .T. ) ;
#8442 = EDGE_CURVE ( 'NONE', #9889, #9504, #8544, .T. ) ;
#8443 = EDGE_LOOP ( 'NONE', ( #5386, #9000, #4649, #9678 ) ) ;
#8444 = DIRECTION ( 'NONE',  ( 0.0000000000000000000, -3.675221047034999628E-15, 1.000000000000000000 ) ) ;
#8445 = CARTESIAN_POINT ( 'NONE',  ( 4.200000000000000178, 3.850000000000010303, 8.800000000000009592 ) ) ;
#8446 = ORIENTED_EDGE ( 'NONE', *, *, #6010, .T. ) ;
#8447 = CARTESIAN_POINT ( 'NONE',  ( 7.500000000000000000, 9.550000000000029132, 1.349999999999999867 ) ) ;
#8448 = CARTESIAN_POINT ( 'NONE',  ( 6.091470100434436041, 6.803742317568938880, 5.258069125366935381 ) ) ;
#8449 = PRESENTATION_LAYER_ASSIGNMENT (  '', '', ( #30 ) ) ;
#8450 = FACE_OUTER_BOUND ( 'NONE', #3207, .T. ) ;
#8451 = VERTEX_POINT ( 'NONE', #10092 ) ;
#8452 = EDGE_CURVE ( 'NONE', #8940, #3467, #9334, .T. ) ;
#8453 = DIRECTION ( 'NONE',  ( 0.0000000000000000000, 0.0000000000000000000, -1.000000000000000000 ) ) ;
#8454 = VECTOR ( 'NONE', #5955, 1000.000000000000000 ) ;
#8455 = CARTESIAN_POINT ( 'NONE',  ( -1.023038934196819794, 6.143414106835629163, 5.701458542790289741 ) ) ;
#8456 = ORIENTED_EDGE ( 'NONE', *, *, #1873, .T. ) ;
#8457 = DIRECTION ( 'NONE',  ( 0.0000000000000000000, 0.0000000000000000000, -1.000000000000000000 ) ) ;
#8458 = VECTOR ( 'NONE', #7920, 1000.000000000000000 ) ;
#8459 = CIRCLE ( 'NONE', #44, 0.09999999999999939493 ) ;
#8460 = EDGE_CURVE ( 'NONE', #1004, #3324, #6020, .T. ) ;
#8461 =( NAMED_UNIT ( * ) PLANE_ANGLE_UNIT ( ) SI_UNIT ( $, .RADIAN. ) );
#8462 = DIRECTION ( 'NONE',  ( 0.0000000000000000000, -1.000000000000000000, 0.0000000000000000000 ) ) ;
#8463 = UNCERTAINTY_MEASURE_WITH_UNIT (LENGTH_MEASURE( 1.000000000000000082E-05 ), #3405, 'distance_accuracy_value', 'NONE');
#8464 = AXIS2_PLACEMENT_3D ( 'NONE', #2454, #4155, #1777 ) ;
#8465 = DIRECTION ( 'NONE',  ( -1.000000000000000000, -5.580452358381269806E-16, 0.0000000000000000000 ) ) ;
#8466 = DIRECTION ( 'NONE',  ( 0.0000000000000000000, 0.0000000000000000000, 1.000000000000000000 ) ) ;
#8467 = VECTOR ( 'NONE', #7048, 1000.000000000000000 ) ;
#8468 = EDGE_LOOP ( 'NONE', ( #2278, #4541, #166, #7379 ) ) ;
#8469 = FACE_OUTER_BOUND ( 'NONE', #8394, .T. ) ;
#8470 = LINE ( 'NONE', #7674, #4094 ) ;
#8471 = ORIENTED_EDGE ( 'NONE', *, *, #7926, .T. ) ;
#8472 = VECTOR ( 'NONE', #1312, 1000.000000000000000 ) ;
#8473 = CIRCLE ( 'NONE', #5985, 1.400000000000000133 ) ;
#8474 = UNCERTAINTY_MEASURE_WITH_UNIT (LENGTH_MEASURE( 1.000000000000000082E-05 ), #1503, 'distance_accuracy_value', 'NONE');
#8475 = EDGE_CURVE ( 'NONE', #10038, #5903, #4379, .T. ) ;
#8476 = CARTESIAN_POINT ( 'NONE',  ( 8.957786553235372651, 4.650000000000011013, 9.481490714224456440 ) ) ;
#8477 = EDGE_CURVE ( 'NONE', #392, #3314, #9184, .T. ) ;
#8478 = DIRECTION ( 'NONE',  ( 0.0000000000000000000, 0.0000000000000000000, 1.000000000000000000 ) ) ;
#8479 = DIRECTION ( 'NONE',  ( -1.000000000000000000, 0.0000000000000000000, 0.0000000000000000000 ) ) ;
#8480 = CARTESIAN_POINT ( 'NONE',  ( -3.958155913534425530, 6.384612859889100100, 5.465433459372670555 ) ) ;
#8481 = ORIENTED_EDGE ( 'NONE', *, *, #9910, .F. ) ;
#8482 = FILL_AREA_STYLE_COLOUR ( '', #9255 ) ;
#8483 = ORIENTED_EDGE ( 'NONE', *, *, #614, .T. ) ;
#8484 = ORIENTED_EDGE ( 'NONE', *, *, #6733, .T. ) ;
#8485 = DIRECTION ( 'NONE',  ( 1.000000000000000000, 0.0000000000000000000, 0.0000000000000000000 ) ) ;
#8486 =( NAMED_UNIT ( * ) SI_UNIT ( $, .STERADIAN. ) SOLID_ANGLE_UNIT ( ) );
#8487 = EDGE_CURVE ( 'NONE', #7347, #618, #9283, .T. ) ;
#8488 = DIRECTION ( 'NONE',  ( 1.000000000000000000, -1.224646799147353207E-16, 0.0000000000000000000 ) ) ;
#8489 = EDGE_CURVE ( 'NONE', #2617, #1769, #2837, .T. ) ;
#8490 = CARTESIAN_POINT ( 'NONE',  ( 10.00000000000000000, 1.990236984239069917, 9.700000000000001066 ) ) ;
#8491 = ORIENTED_EDGE ( 'NONE', *, *, #8913, .F. ) ;
#8492 = ORIENTED_EDGE ( 'NONE', *, *, #6494, .F. ) ;
#8493 = SURFACE_STYLE_FILL_AREA ( #5359 ) ;
#8494 = CARTESIAN_POINT ( 'NONE',  ( -4.200000000000000178, 4.650000000000010125, 9.500000000000010658 ) ) ;
#8495 = ORIENTED_EDGE ( 'NONE', *, *, #1925, .F. ) ;
#8496 = DIRECTION ( 'NONE',  ( 0.0000000000000000000, 0.0000000000000000000, 1.000000000000000000 ) ) ;
#8497 = CARTESIAN_POINT ( 'NONE',  ( -1.005392207637532120, 6.250000000000363265, 5.499015461809753091 ) ) ;
#8498 = DIRECTION ( 'NONE',  ( 1.000000000000000000, 0.0000000000000000000, 0.0000000000000000000 ) ) ;
#8499 = DIRECTION ( 'NONE',  ( -0.4999999999998217537, 0.8660254037845416253, 0.0000000000000000000 ) ) ;
#8500 = VERTEX_POINT ( 'NONE', #5270 ) ;
#8501 = CARTESIAN_POINT ( 'NONE',  ( 7.500000000000000000, 4.250000000000031086, 0.7499999999999960032 ) ) ;
#8502 = FACE_OUTER_BOUND ( 'NONE', #5892, .T. ) ;
#8503 = LINE ( 'NONE', #3653, #7173 ) ;
#8504 = EDGE_LOOP ( 'NONE', ( #8612, #6334, #8121, #1756, #2809, #2781, #5459, #3480 ) ) ;
#8505 = AXIS2_PLACEMENT_3D ( 'NONE', #8774, #188, #2326 ) ;
#8506 = DIRECTION ( 'NONE',  ( 1.000000000000000000, 0.0000000000000000000, 0.0000000000000000000 ) ) ;
#8507 = FACE_BOUND ( 'NONE', #5390, .T. ) ;
#8508 = ADVANCED_FACE ( 'NONE', ( #10143 ), #5196, .T. ) ;
#8509 = CARTESIAN_POINT ( 'NONE',  ( 7.500000000000000000, 4.250000000000009770, 8.099999999999999645 ) ) ;
#8510 = EDGE_CURVE ( 'NONE', #9425, #7825, #6200, .T. ) ;
#8511 = CIRCLE ( 'NONE', #2696, 0.5999999999999998668 ) ;
#8512 = PLANE ( 'NONE',  #3444 ) ;
#8513 = CARTESIAN_POINT ( 'NONE',  ( 1.447367575152527008, 6.900324961960823344, 4.000174299198464567 ) ) ;
#8514 = VECTOR ( 'NONE', #5972, 1000.000000000000000 ) ;
#8515 = AXIS2_PLACEMENT_3D ( 'NONE', #2302, #865, #8704 ) ;
#8516 = DIRECTION ( 'NONE',  ( 0.0000000000000000000, 0.0000000000000000000, 1.000000000000000000 ) ) ;
#8517 = CARTESIAN_POINT ( 'NONE',  ( 0.9408890998796641814, 4.650000000000010125, 9.365540160508126988 ) ) ;
#8518 = ORIENTED_EDGE ( 'NONE', *, *, #6694, .T. ) ;
#8519 = DIRECTION ( 'NONE',  ( -0.4472135950260953119, 5.476786976838883161E-17, 0.8944271912368472188 ) ) ;
#8520 = FACE_OUTER_BOUND ( 'NONE', #7672, .T. ) ;
#8521 = ADVANCED_FACE ( 'NONE', ( #9233 ), #9385, .F. ) ;
#8522 = ORIENTED_EDGE ( 'NONE', *, *, #2957, .T. ) ;
#8523 =( GEOMETRIC_REPRESENTATION_CONTEXT ( 3 ) GLOBAL_UNCERTAINTY_ASSIGNED_CONTEXT ( ( #5966 ) ) GLOBAL_UNIT_ASSIGNED_CONTEXT ( ( #3962, #1587, #7081 ) ) REPRESENTATION_CONTEXT ( 'NONE', 'WORKASPACE' ) );
#8524 = CIRCLE ( 'NONE', #433, 0.09999999999999939493 ) ;
#8525 = FILL_AREA_STYLE_COLOUR ( '', #6600 ) ;
#8526 = SHAPE_REPRESENTATION_RELATIONSHIP ( 'NONE' , 'NONE' ,  #9704, #5406 ) ;
#8527 = CARTESIAN_POINT ( 'NONE',  ( -1.005392207637532120, 6.250000000000363265, 5.499015461809753091 ) ) ;
#8528 = SURFACE_STYLE_USAGE ( .BOTH. , #9264 ) ;
#8529 = VERTEX_POINT ( 'NONE', #3594 ) ;
#8530 = CARTESIAN_POINT ( 'NONE',  ( 1.023878904968629433, 6.379292657753643070, 5.607444991929334321 ) ) ;
#8531 = EDGE_LOOP ( 'NONE', ( #7816, #174, #5211, #8164 ) ) ;
#8532 = EDGE_CURVE ( 'NONE', #9311, #7004, #5216, .T. ) ;
#8533 = ORIENTED_EDGE ( 'NONE', *, *, #933, .F. ) ;
#8534 = CARTESIAN_POINT ( 'NONE',  ( 2.500000000000000000, 6.250000000000031086, 2.750000000000000000 ) ) ;
#8535 =( GEOMETRIC_REPRESENTATION_CONTEXT ( 3 ) GLOBAL_UNCERTAINTY_ASSIGNED_CONTEXT ( ( #5915 ) ) GLOBAL_UNIT_ASSIGNED_CONTEXT ( ( #3246, #1805, #8988 ) ) REPRESENTATION_CONTEXT ( 'NONE', 'WORKASPACE' ) );
#8536 = FILL_AREA_STYLE_COLOUR ( '', #2794 ) ;
#8537 = DIRECTION ( 'NONE',  ( 1.000000000000000000, 0.0000000000000000000, 0.0000000000000000000 ) ) ;
#8538 = EDGE_LOOP ( 'NONE', ( #257, #6695, #3940, #8689 ) ) ;
#8539 = CARTESIAN_POINT ( 'NONE',  ( 0.9408927793500204695, 3.850000000000008527, 9.365590064580615604 ) ) ;
#8540 = VERTEX_POINT ( 'NONE', #8497 ) ;
#8541 = LINE ( 'NONE', #6145, #5919 ) ;
#8542 = CARTESIAN_POINT ( 'NONE',  ( 7.500000000000000000, 6.000000000000000000, 8.000000000000000000 ) ) ;
#8543 = EDGE_CURVE ( 'NONE', #6386, #6709, #4581, .T. ) ;
#8544 = LINE ( 'NONE', #7701, #2051 ) ;
#8545 = FACE_OUTER_BOUND ( 'NONE', #1182, .T. ) ;
#8546 = EDGE_CURVE ( 'NONE', #6903, #5479, #8909, .T. ) ;
#8547 = MECHANICAL_DESIGN_GEOMETRIC_PRESENTATION_REPRESENTATION (  '', ( #6884 ), #927 ) ;
#8548 = CARTESIAN_POINT ( 'NONE',  ( 6.038569758004224575, 6.340207273982838565, 5.485199103679603283 ) ) ;
#8549 = AXIS2_PLACEMENT_3D ( 'NONE', #7689, #3634, #6967 ) ;
#8550 = DIRECTION ( 'NONE',  ( 1.000000000000000000, 0.0000000000000000000, -5.152643988049929844E-16 ) ) ;
#8551 = ORIENTED_EDGE ( 'NONE', *, *, #6791, .F. ) ;
#8552 = CARTESIAN_POINT ( 'NONE',  ( 1.041844086465574692, 6.384612859889100100, 5.465433459372670555 ) ) ;
#8553 =( NAMED_UNIT ( * ) SI_UNIT ( $, .STERADIAN. ) SOLID_ANGLE_UNIT ( ) );
#8554 = CARTESIAN_POINT ( 'NONE',  ( 7.500000000000000000, 4.250000000000000000, 10.00000000000000000 ) ) ;
#8555 = CARTESIAN_POINT ( 'NONE',  ( 2.500000000000000000, 6.250000000000031086, 1.349999999999999867 ) ) ;
#8556 = CIRCLE ( 'NONE', #7373, 1.749999999999999778 ) ;
#8557 = ORIENTED_EDGE ( 'NONE', *, *, #9060, .T. ) ;
#8558 = VECTOR ( 'NONE', #7449, 1000.000000000000000 ) ;
#8559 = LINE ( 'NONE', #1391, #5185 ) ;
#8560 = SURFACE_SIDE_STYLE ('',( #780 ) ) ;
#8561 = CARTESIAN_POINT ( 'NONE',  ( 6.023102752130522042, 6.379062758813174305, 5.679065084668720509 ) ) ;
#8562 = AXIS2_PLACEMENT_3D ( 'NONE', #5804, #3448, #4397 ) ;
#8563 = B_SPLINE_CURVE_WITH_KNOTS ( 'NONE', 3,
 ( #3772, #6127, #5295, #9316, #1360, #2283 ),
 .UNSPECIFIED., .F., .F.,
 ( 4, 2, 4 ),
 ( 3.576224061345498009E-18, 0.0001520665957081934847, 0.0003041331914163833915 ),
 .UNSPECIFIED. ) ;
#8564 = CARTESIAN_POINT ( 'NONE',  ( 4.549999999999999822, 7.250000000000000000, 5.700000000000000178 ) ) ;
#8565 = FACE_OUTER_BOUND ( 'NONE', #6722, .T. ) ;
#8566 = EDGE_CURVE ( 'NONE', #606, #5057, #1868, .T. ) ;
#8567 = CARTESIAN_POINT ( 'NONE',  ( 7.500000000000000000, 5.950000000000040146, 2.750000000000000000 ) ) ;
#8568 = DIRECTION ( 'NONE',  ( 0.0000000000000000000, 0.9975640502598243087, 0.06975647374412512203 ) ) ;
#8569 = ORIENTED_EDGE ( 'NONE', *, *, #3777, .F. ) ;
#8570 = CARTESIAN_POINT ( 'NONE',  ( -1.446052745852149934, 6.900000000000019895, 4.004821471746000228 ) ) ;
#8571 = DIRECTION ( 'NONE',  ( -5.152643988049919983E-16, 0.0000000000000000000, -1.000000000000000000 ) ) ;
#8572 = AXIS2_PLACEMENT_3D ( 'NONE', #8321, #6845, #3663 ) ;
#8573 = ORIENTED_EDGE ( 'NONE', *, *, #9459, .F. ) ;
#8574 = UNCERTAINTY_MEASURE_WITH_UNIT (LENGTH_MEASURE( 1.000000000000000082E-05 ), #4573, 'distance_accuracy_value', 'NONE');
#8575 = LINE ( 'NONE', #9262, #4450 ) ;
#8576 = CARTESIAN_POINT ( 'NONE',  ( 0.0000000000000000000, 0.0000000000000000000, 0.0000000000000000000 ) ) ;
#8577 = UNCERTAINTY_MEASURE_WITH_UNIT (LENGTH_MEASURE( 1.000000000000000082E-05 ), #5177, 'distance_accuracy_value', 'NONE');
#8578 = MECHANICAL_DESIGN_GEOMETRIC_PRESENTATION_REPRESENTATION (  '', ( #8251 ), #3584 ) ;
#8579 = CARTESIAN_POINT ( 'NONE',  ( 1.057217321801785070, 6.518892729351658311, 5.379133184779098187 ) ) ;
#8581 = EDGE_CURVE ( 'NONE', #7742, #4740, #1379, .T. ) ;
#8580 = CARTESIAN_POINT ( 'NONE',  ( 8.924099116621579952, -1.462314593354880232, 5.313097438219569923 ) ) ;
#8582 = SURFACE_STYLE_USAGE ( .BOTH. , #7051 ) ;
#8583 = EDGE_LOOP ( 'NONE', ( #4027, #7649, #8222, #4150, #5835 ) ) ;
#8584 = FILL_AREA_STYLE_COLOUR ( '', #6250 ) ;
#8585 = B_SPLINE_CURVE_WITH_KNOTS ( 'NONE', 3,
 ( #9409, #3105, #8779, #4026, #6994, #2430 ),
 .UNSPECIFIED., .F., .F.,
 ( 4, 2, 4 ),
 ( 0.0000000000000000000, 0.4556032744928619760, 1.000000000000000000 ),
 .UNSPECIFIED. ) ;
#8586 = ORIENTED_EDGE ( 'NONE', *, *, #9710, .T. ) ;
#8587 = ORIENTED_EDGE ( 'NONE', *, *, #3217, .T. ) ;
#8588 = LINE ( 'NONE', #8690, #2555 ) ;
#8589 = DIRECTION ( 'NONE',  ( 0.0000000000000000000, 0.0000000000000000000, -1.000000000000000000 ) ) ;
#8590 = PLANE ( 'NONE',  #7924 ) ;
#8591 = DIRECTION ( 'NONE',  ( 0.0000000000000000000, 0.0000000000000000000, 1.000000000000000000 ) ) ;
#8592 = ORIENTED_EDGE ( 'NONE', *, *, #3275, .F. ) ;
#8593 = EDGE_CURVE ( 'NONE', #607, #6850, #8189, .T. ) ;
#8594 =( LENGTH_UNIT ( ) NAMED_UNIT ( * ) SI_UNIT ( .MILLI., .METRE. ) );
#8595 = VECTOR ( 'NONE', #2223, 1000.000000000000000 ) ;
#8596 = FACE_OUTER_BOUND ( 'NONE', #9921, .T. ) ;
#8597 = EDGE_LOOP ( 'NONE', ( #3989, #1626, #5156, #2050 ) ) ;
#8598 = DIRECTION ( 'NONE',  ( -1.000000000000000000, 0.0000000000000000000, 0.0000000000000000000 ) ) ;
#8599 = CARTESIAN_POINT ( 'NONE',  ( 4.062892611435065859, 3.850000000000010303, 9.314249409999250773 ) ) ;
#8600 = DIRECTION ( 'NONE',  ( -1.000000000000000000, 0.0000000000000000000, 0.0000000000000000000 ) ) ;
#8601 = DIRECTION ( 'NONE',  ( 0.0000000000000000000, 0.0000000000000000000, -1.000000000000000000 ) ) ;
#8602 = LINE ( 'NONE', #2108, #5048 ) ;
#8603 = STYLED_ITEM ( 'NONE', ( #5408 ), #3442 ) ;
#8604 = VERTEX_POINT ( 'NONE', #6454 ) ;
#8605 = EDGE_CURVE ( 'NONE', #7376, #4482, #10192, .T. ) ;
#8606 = LINE ( 'NONE', #3087, #4132 ) ;
#8607 = EDGE_CURVE ( 'NONE', #3788, #9865, #1476, .T. ) ;
#8608 = CARTESIAN_POINT ( 'NONE',  ( 7.500000000000000000, 2.650000000000010125, 9.500000000000000000 ) ) ;
#8609 =( NAMED_UNIT ( * ) PLANE_ANGLE_UNIT ( ) SI_UNIT ( $, .RADIAN. ) );
#8610 = FACE_OUTER_BOUND ( 'NONE', #2927, .T. ) ;
#8611 = AXIS2_PLACEMENT_3D ( 'NONE', #6023, #10074, #546 ) ;
#8612 = ORIENTED_EDGE ( 'NONE', *, *, #5983, .F. ) ;
#8613 =( NAMED_UNIT ( * ) SI_UNIT ( $, .STERADIAN. ) SOLID_ANGLE_UNIT ( ) );
#8614 = DIRECTION ( 'NONE',  ( 0.0000000000000000000, -1.000000000000000000, 0.0000000000000000000 ) ) ;
#8615 = MECHANICAL_DESIGN_GEOMETRIC_PRESENTATION_REPRESENTATION (  '', ( #2807 ), #6447 ) ;
#8616 = FILL_AREA_STYLE_COLOUR ( '', #5782 ) ;
#8617 = CARTESIAN_POINT ( 'NONE',  ( 2.500000000000000000, 5.850000000000009415, 8.000000000000010658 ) ) ;
#8618 = LINE ( 'NONE', #2036, #693 ) ;
#8619 = PRESENTATION_STYLE_ASSIGNMENT (( #1452 ) ) ;
#8620 = ORIENTED_EDGE ( 'NONE', *, *, #8034, .T. ) ;
#8621 = LINE ( 'NONE', #10118, #2488 ) ;
#8622 = FILL_AREA_STYLE_COLOUR ( '', #6585 ) ;
#8623 = MECHANICAL_DESIGN_GEOMETRIC_PRESENTATION_REPRESENTATION (  '', ( #1810 ), #7110 ) ;
#8624 = VERTEX_POINT ( 'NONE', #1574 ) ;
#8625 = ADVANCED_FACE ( 'NONE', ( #4636 ), #2408, .F. ) ;
#8626 = FILL_AREA_STYLE_COLOUR ( '', #509 ) ;
#8627 = CIRCLE ( 'NONE', #4131, 0.2500000000000002220 ) ;
#8628 = STYLED_ITEM ( 'NONE', ( #1483 ), #4233 ) ;
#8629 = CARTESIAN_POINT ( 'NONE',  ( 8.969861671524558488, 6.381146321193678972, 5.536094731138470948 ) ) ;
#8630 = DIRECTION ( 'NONE',  ( 0.0000000000000000000, 0.0000000000000000000, -1.000000000000000000 ) ) ;
#8631 =( BOUNDED_CURVE ( )  B_SPLINE_CURVE ( 3, ( #9050, #1917, #9915, #3507 ),
 .UNSPECIFIED., .F., .T. ) 
 B_SPLINE_CURVE_WITH_KNOTS ( ( 4, 4 ),
 ( 3.152431615203307835, 3.305761861937977386 ),
 .UNSPECIFIED. ) 
 CURVE ( )  GEOMETRIC_REPRESENTATION_ITEM ( )  RATIONAL_B_SPLINE_CURVE ( ( 1.000000000000000000, 0.9980417790286484347, 0.9980417790286484347, 1.000000000000000000 ) ) 
 REPRESENTATION_ITEM ( '' )  );
#8632 = DIRECTION ( 'NONE',  ( -1.000000000000000000, 0.0000000000000000000, 0.0000000000000000000 ) ) ;
#8633 = PLANE ( 'NONE',  #3230 ) ;
#8634 = ORIENTED_EDGE ( 'NONE', *, *, #6697, .T. ) ;
#8635 = CARTESIAN_POINT ( 'NONE',  ( -3.924099116621577288, 6.782835288287566655, 5.313097438219579693 ) ) ;
#8636 = VERTEX_POINT ( 'NONE', #7170 ) ;
#8637 = EDGE_LOOP ( 'NONE', ( #1413, #9411, #7741, #5596 ) ) ;
#8638 = DIRECTION ( 'NONE',  ( -1.000000000000000000, 0.0000000000000000000, 0.0000000000000000000 ) ) ;
#8639 = CIRCLE ( 'NONE', #1183, 1.400000000000000133 ) ;
#8640 = EDGE_CURVE ( 'NONE', #3018, #1565, #8017, .T. ) ;
#8641 = COLOUR_RGB ( '',0.2862745098039215508, 0.6431372549019607199, 0.8666666666666666963 ) ;
#8642 = ORIENTED_EDGE ( 'NONE', *, *, #7247, .F. ) ;
#8643 = ADVANCED_FACE ( 'NONE', ( #6351 ), #9434, .T. ) ;
#8644 = CARTESIAN_POINT ( 'NONE',  ( 4.198613071924840234, 6.089357680825980168, 5.509810034670159951 ) ) ;
#8645 = CARTESIAN_POINT ( 'NONE',  ( 9.550000000000000711, 2.200000000000000178, 5.700000000000000178 ) ) ;
#8646 = ORIENTED_EDGE ( 'NONE', *, *, #7238, .F. ) ;
#8647 = CIRCLE ( 'NONE', #2667, 0.5000000000000000000 ) ;
#8648 = SURFACE_STYLE_FILL_AREA ( #2403 ) ;
#8649 = LINE ( 'NONE', #7115, #2831 ) ;
#8650 = ORIENTED_EDGE ( 'NONE', *, *, #4515, .T. ) ;
#8651 = CARTESIAN_POINT ( 'NONE',  ( 1.128298252077120090, 6.620978138265459556, 5.127902589497670860 ) ) ;
#8652 = FACE_OUTER_BOUND ( 'NONE', #595, .T. ) ;
#8653 = ORIENTED_EDGE ( 'NONE', *, *, #9208, .F. ) ;
#8654 = DIRECTION ( 'NONE',  ( 0.0000000000000000000, 0.0000000000000000000, 1.000000000000000000 ) ) ;
#8655 = CARTESIAN_POINT ( 'NONE',  ( -1.449999999999999956, 6.301461569844129862, 3.962967587499530264 ) ) ;
#8656 = FACE_OUTER_BOUND ( 'NONE', #5559, .T. ) ;
#8657 = EDGE_CURVE ( 'NONE', #4898, #935, #2200, .T. ) ;
#8658 = DIRECTION ( 'NONE',  ( -3.641714079092569968E-16, 0.0000000000000000000, -1.000000000000000000 ) ) ;
#8659 = ORIENTED_EDGE ( 'NONE', *, *, #6551, .F. ) ;
#8660 = DIRECTION ( 'NONE',  ( -0.3481553119113969808, 0.8703882797784889824, -0.3481553119113949823 ) ) ;
#8661 = ORIENTED_EDGE ( 'NONE', *, *, #1581, .F. ) ;
#8662 = CARTESIAN_POINT ( 'NONE',  ( 5.937107388568626298, 3.850000000000009415, 9.314249409997639617 ) ) ;
#8663 = CARTESIAN_POINT ( 'NONE',  ( 7.500000000000000000, 2.500000000000019540, 8.000000000000000000 ) ) ;
#8664 = FILL_AREA_STYLE_COLOUR ( '', #3347 ) ;
#8665 = VERTEX_POINT ( 'NONE', #3128 ) ;
#8666 = CARTESIAN_POINT ( 'NONE',  ( 6.128298252077120090, 6.620978138265459556, 5.127902589497660202 ) ) ;
#8667 = DIRECTION ( 'NONE',  ( 0.0000000000000000000, 0.0000000000000000000, -1.000000000000000000 ) ) ;
#8668 = DIRECTION ( 'NONE',  ( 0.0000000000000000000, 0.0000000000000000000, -1.000000000000000000 ) ) ;
#8669 = EDGE_CURVE ( 'NONE', #5055, #3884, #763, .T. ) ;
#8670 = DIRECTION ( 'NONE',  ( 0.0000000000000000000, 1.000000000000000000, 0.0000000000000000000 ) ) ;
#8671 = CIRCLE ( 'NONE', #5505, 1.649999999999999467 ) ;
#8672 =( LENGTH_UNIT ( ) NAMED_UNIT ( * ) SI_UNIT ( .MILLI., .METRE. ) );
#8673 = FACE_OUTER_BOUND ( 'NONE', #5442, .T. ) ;
#8674 = DIRECTION ( 'NONE',  ( 1.717547996016639994E-16, 0.0000000000000000000, 1.000000000000000000 ) ) ;
#8675 = VERTEX_POINT ( 'NONE', #1684 ) ;
#8676 = DIRECTION ( 'NONE',  ( 0.0000000000000000000, 1.000000000000000000, 0.0000000000000000000 ) ) ;
#8677 = EDGE_CURVE ( 'NONE', #4209, #3019, #9516, .T. ) ;
#8678 = CARTESIAN_POINT ( 'NONE',  ( 4.804545454545499972, 7.886363636363641128, 0.3954545454545440042 ) ) ;
#8679 = EDGE_CURVE ( 'NONE', #3284, #67, #917, .T. ) ;
#8680 = AXIS2_PLACEMENT_3D ( 'NONE', #5851, #6577, #4232 ) ;
#8681 = CARTESIAN_POINT ( 'NONE',  ( 0.0000000000000000000, 0.0000000000000000000, 0.0000000000000000000 ) ) ;
#8682 = CIRCLE ( 'NONE', #734, 1.749999999999999778 ) ;
#8683 = CARTESIAN_POINT ( 'NONE',  ( 10.00000000000000000, 0.1977371785018499917, 6.601260681670590102 ) ) ;
#8684 = DIRECTION ( 'NONE',  ( 0.0000000000000000000, 1.000000000000000000, 0.0000000000000000000 ) ) ;
#8685 = SURFACE_STYLE_USAGE ( .BOTH. , #4668 ) ;
#8686 = ORIENTED_EDGE ( 'NONE', *, *, #8256, .T. ) ;
#8687 = DIRECTION ( 'NONE',  ( 0.0000000000000000000, 0.0000000000000000000, 1.000000000000000000 ) ) ;
#8688 = EDGE_LOOP ( 'NONE', ( #5699, #8399, #6812, #8853 ) ) ;
#8689 = ORIENTED_EDGE ( 'NONE', *, *, #1056, .F. ) ;
#8690 = CARTESIAN_POINT ( 'NONE',  ( 8.550000000000000711, -1.462314593354880232, 3.990870176997169949 ) ) ;
#8691 =( GEOMETRIC_REPRESENTATION_CONTEXT ( 3 ) GLOBAL_UNCERTAINTY_ASSIGNED_CONTEXT ( ( #6069 ) ) GLOBAL_UNIT_ASSIGNED_CONTEXT ( ( #5832, #9681, #8911 ) ) REPRESENTATION_CONTEXT ( 'NONE', 'WORKASPACE' ) );
#8692 = EDGE_LOOP ( 'NONE', ( #6702, #5961, #1720, #9218 ) ) ;
#8693 = LINE ( 'NONE', #3119, #8768 ) ;
#8694 = DIRECTION ( 'NONE',  ( -1.000000000000000000, 0.0000000000000000000, 0.0000000000000000000 ) ) ;
#8695 = ORIENTED_EDGE ( 'NONE', *, *, #9459, .T. ) ;
#8696 = B_SPLINE_CURVE_WITH_KNOTS ( 'NONE', 3,
 ( #6231, #10170, #2489, #3153, #6378, #3976 ),
 .UNSPECIFIED., .F., .F.,
 ( 4, 2, 4 ),
 ( 1.734723475976807094E-18, 0.0001521198112224720754, 0.0003042396224449424162 ),
 .UNSPECIFIED. ) ;
#8697 = VECTOR ( 'NONE', #8743, 1000.000000000000000 ) ;
#8699 = ADVANCED_FACE ( 'NONE', ( #9634 ), #5453, .T. ) ;
#8698 = DIRECTION ( 'NONE',  ( 0.0000000000000000000, 1.000000000000000000, 0.0000000000000000000 ) ) ;
#8700 = DIRECTION ( 'NONE',  ( -1.000000000000000000, 0.0000000000000000000, 0.0000000000000000000 ) ) ;
#8701 = ADVANCED_FACE ( 'NONE', ( #5675, #8290, #3321, #1937 ), #2619, .F. ) ;
#8702 = EDGE_LOOP ( 'NONE', ( #8042, #441, #4937, #4993 ) ) ;
#8703 = ORIENTED_EDGE ( 'NONE', *, *, #7518, .T. ) ;
#8704 = DIRECTION ( 'NONE',  ( -1.000000000000000000, 0.0000000000000000000, 0.0000000000000000000 ) ) ;
#8705 = SURFACE_SIDE_STYLE ('',( #6148 ) ) ;
#8706 = FILL_AREA_STYLE_COLOUR ( '', #9209 ) ;
#8707 = PRESENTATION_LAYER_ASSIGNMENT (  '', '', ( #4371 ) ) ;
#8708 = DIRECTION ( 'NONE',  ( 0.0000000000000000000, -3.675221047034999628E-15, 1.000000000000000000 ) ) ;
#8709 = ORIENTED_EDGE ( 'NONE', *, *, #8166, .F. ) ;
#8710 = AXIS2_PLACEMENT_3D ( 'NONE', #6304, #4059, #5626 ) ;
#8711 = CARTESIAN_POINT ( 'NONE',  ( 8.976897412858470204, 6.379062759268808946, 5.679065083712689699 ) ) ;
#8712 = DIRECTION ( 'NONE',  ( -3.614007241618348771E-16, 0.0000000000000000000, -1.000000000000000000 ) ) ;
#8713 = EDGE_CURVE ( 'NONE', #4671, #7362, #3059, .T. ) ;
#8714 = MECHANICAL_DESIGN_GEOMETRIC_PRESENTATION_REPRESENTATION (  '', ( #3376 ), #8872 ) ;
#8715 = PLANE ( 'NONE',  #9839 ) ;
#8716 = ORIENTED_EDGE ( 'NONE', *, *, #5747, .T. ) ;
#8717 = LINE ( 'NONE', #9643, #8353 ) ;
#8718 =( LENGTH_UNIT ( ) NAMED_UNIT ( * ) SI_UNIT ( .MILLI., .METRE. ) );
#8719 = CIRCLE ( 'NONE', #3379, 0.2499999999999997780 ) ;
#8720 = DIRECTION ( 'NONE',  ( 0.0000000000000000000, 1.000000000000000000, 0.0000000000000000000 ) ) ;
#8721 = VECTOR ( 'NONE', #2872, 1000.000000000000000 ) ;
#8722 = DIRECTION ( 'NONE',  ( 0.0000000000000000000, -3.675221047034999628E-15, 1.000000000000000000 ) ) ;
#8723 = VECTOR ( 'NONE', #5463, 1000.000000000000114 ) ;
#8724 = EDGE_CURVE ( 'NONE', #2451, #4836, #8960, .T. ) ;
#8725 = MECHANICAL_DESIGN_GEOMETRIC_PRESENTATION_REPRESENTATION (  '', ( #6388 ), #3883 ) ;
#8726 = DIRECTION ( 'NONE',  ( 0.0000000000000000000, -1.000000000000000000, 0.0000000000000000000 ) ) ;
#8727 = VERTEX_POINT ( 'NONE', #5050 ) ;
#8728 = CARTESIAN_POINT ( 'NONE',  ( 0.3549999999999999822, 0.7350406544375860385, -7.728965982074889342E-15 ) ) ;
#8729 = CARTESIAN_POINT ( 'NONE',  ( -1.092610859955442715, 3.850000000000010303, 9.500000000000042633 ) ) ;
#8730 =( REPRESENTATION_RELATIONSHIP ('NONE','NONE', #7147, #9704 ) REPRESENTATION_RELATIONSHIP_WITH_TRANSFORMATION ( #2490 )SHAPE_REPRESENTATION_RELATIONSHIP( ) );
#8731 = EDGE_LOOP ( 'NONE', ( #4254, #7513, #3510, #5926 ) ) ;
#8732 = VECTOR ( 'NONE', #4743, 1000.000000000000000 ) ;
#8733 = CARTESIAN_POINT ( 'NONE',  ( 1.042075563605189936, 6.384681409738329982, 5.464040510342130119 ) ) ;
#8734 = LINE ( 'NONE', #1662, #1999 ) ;
#8735 = ADVANCED_FACE ( 'NONE', ( #6714 ), #7438, .T. ) ;
#8736 = EDGE_CURVE ( 'NONE', #3307, #5903, #2773, .T. ) ;
#8737 = DIRECTION ( 'NONE',  ( -0.8660254037845415143, -0.4999999999998216982, 0.0000000000000000000 ) ) ;
#8738 = FACE_OUTER_BOUND ( 'NONE', #2293, .T. ) ;
#8739 = COLOUR_RGB ( '',0.7921568627450980005, 0.8196078431372548767, 0.9333333333333333481 ) ;
#8740 = ORIENTED_EDGE ( 'NONE', *, *, #8166, .T. ) ;
#8741 = EDGE_LOOP ( 'NONE', ( #4768, #4585, #2657 ) ) ;
#8742 = VERTEX_POINT ( 'NONE', #9125 ) ;
#8743 = DIRECTION ( 'NONE',  ( 3.641714079092569968E-16, 0.0000000000000000000, -1.000000000000000000 ) ) ;
#8744 = ORIENTED_EDGE ( 'NONE', *, *, #2876, .T. ) ;
#8745 = B_SPLINE_CURVE_WITH_KNOTS ( 'NONE', 3,
 ( #7965, #5625, #5084, #8808 ),
 .UNSPECIFIED., .F., .F.,
 ( 4, 4 ),
 ( 1.788112030672749005E-18, 0.0001440220723645873019 ),
 .UNSPECIFIED. ) ;
#8746 = STYLED_ITEM ( 'NONE', ( #8619 ), #2344 ) ;
#8747 = CARTESIAN_POINT ( 'NONE',  ( -4.205878300578840268, 6.087585839000359655, 5.702638584486949824 ) ) ;
#8748 = DIRECTION ( 'NONE',  ( 0.0000000000000000000, 0.0000000000000000000, 1.000000000000000000 ) ) ;
#8749 = ORIENTED_EDGE ( 'NONE', *, *, #2166, .F. ) ;
#8750 = FACE_OUTER_BOUND ( 'NONE', #1521, .T. ) ;
#8751 = CARTESIAN_POINT ( 'NONE',  ( -3.000000000000000000, 4.250000000000031086, 0.7500000000000009992 ) ) ;
#8752 =( NAMED_UNIT ( * ) PLANE_ANGLE_UNIT ( ) SI_UNIT ( $, .RADIAN. ) );
#8753 = ORIENTED_EDGE ( 'NONE', *, *, #8679, .T. ) ;
#8754 = PLANE ( 'NONE',  #329 ) ;
#8755 = PRESENTATION_LAYER_ASSIGNMENT (  '', '', ( #1133 ) ) ;
#8756 = VERTEX_POINT ( 'NONE', #9221 ) ;
#8757 = DIRECTION ( 'NONE',  ( 0.0000000000000000000, 0.0000000000000000000, 1.000000000000000000 ) ) ;
#8758 = CARTESIAN_POINT ( 'NONE',  ( 5.450000000000009948, 7.250000000000000000, 5.700000000000000178 ) ) ;
#8759 = EDGE_CURVE ( 'NONE', #6970, #2991, #7594, .T. ) ;
#8760 = FACE_OUTER_BOUND ( 'NONE', #8637, .T. ) ;
#8761 = ORIENTED_EDGE ( 'NONE', *, *, #8327, .F. ) ;
#8762 = FILL_AREA_STYLE_COLOUR ( '', #3285 ) ;
#8763 = ORIENTED_EDGE ( 'NONE', *, *, #4162, .T. ) ;
#8764 = CARTESIAN_POINT ( 'NONE',  ( 2.500000000000000000, 4.250000000000009770, 8.000000000000010658 ) ) ;
#8765 = SURFACE_STYLE_FILL_AREA ( #7130 ) ;
#8766 = LINE ( 'NONE', #7239, #2541 ) ;
#8767 = DIRECTION ( 'NONE',  ( 0.0000000000000000000, 1.000000000000000000, 0.0000000000000000000 ) ) ;
#8768 = VECTOR ( 'NONE', #9518, 1000.000000000000000 ) ;
#8769 = PLANE ( 'NONE',  #5533 ) ;
#8770 = EDGE_CURVE ( 'NONE', #4740, #119, #4518, .T. ) ;
#8771 = ORIENTED_EDGE ( 'NONE', *, *, #7443, .T. ) ;
#8772 = DIRECTION ( 'NONE',  ( 1.000000000000000000, 0.0000000000000000000, -4.231032868236119855E-16 ) ) ;
#8773 = FILL_AREA_STYLE_COLOUR ( '', #29 ) ;
#8774 = CARTESIAN_POINT ( 'NONE',  ( 0.7999999999999990452, 3.850000000000010303, 8.800000000000009592 ) ) ;
#8775 =( LENGTH_UNIT ( ) NAMED_UNIT ( * ) SI_UNIT ( .MILLI., .METRE. ) );
#8776 = DIRECTION ( 'NONE',  ( -1.000000000000000000, 0.0000000000000000000, 1.717547996016639994E-16 ) ) ;
#8777 = VERTEX_POINT ( 'NONE', #7743 ) ;
#8778 = CARTESIAN_POINT ( 'NONE',  ( 5.996182525918290374, 6.250000000000079936, 5.603246506036859920 ) ) ;
#8779 = CARTESIAN_POINT ( 'NONE',  ( -0.9255929274512609828, 4.650000000000010125, 9.158054070483681031 ) ) ;
#8780 = ORIENTED_EDGE ( 'NONE', *, *, #4212, .T. ) ;
#8781 = EDGE_CURVE ( 'NONE', #6076, #2991, #6363, .T. ) ;
#8782 = DIRECTION ( 'NONE',  ( 0.0000000000000000000, 1.000000000000000000, 0.0000000000000000000 ) ) ;
#8783 = APPLICATION_PROTOCOL_DEFINITION ( 'draft international standard', 'automotive_design', 1998, #401 ) ;
#8784 = PLANE ( 'NONE',  #3300 ) ;
#8785 = AXIS2_PLACEMENT_3D ( 'NONE', #9091, #5849, #9037 ) ;
#8786 = FILL_AREA_STYLE_COLOUR ( '', #3898 ) ;
#8787 = VECTOR ( 'NONE', #5318, 1000.000000000000000 ) ;
#8788 = ORIENTED_EDGE ( 'NONE', *, *, #2726, .T. ) ;
#8789 = FACE_OUTER_BOUND ( 'NONE', #1390, .T. ) ;
#8790 = ORIENTED_EDGE ( 'NONE', *, *, #6140, .F. ) ;
#8791 = VERTEX_POINT ( 'NONE', #9930 ) ;
#8792 =( LENGTH_UNIT ( ) NAMED_UNIT ( * ) SI_UNIT ( .MILLI., .METRE. ) );
#8793 = AXIS2_PLACEMENT_3D ( 'NONE', #4766, #7249, #190 ) ;
#8794 = ORIENTED_EDGE ( 'NONE', *, *, #7116, .F. ) ;
#8795 = EDGE_CURVE ( 'NONE', #10105, #3778, #2435, .T. ) ;
#8796 = MECHANICAL_DESIGN_GEOMETRIC_PRESENTATION_REPRESENTATION (  '', ( #2304 ), #522 ) ;
#8797 = VECTOR ( 'NONE', #3574, 1000.000000000000000 ) ;
#8798 = CARTESIAN_POINT ( 'NONE',  ( 4.006141391221530235, 6.250000000000031086, 5.699344090454331990 ) ) ;
#8799 = CARTESIAN_POINT ( 'NONE',  ( 0.9942342462682710602, 6.250000000000079936, 5.651381332702870353 ) ) ;
#8800 = VERTEX_POINT ( 'NONE', #5938 ) ;
#8801 = LINE ( 'NONE', #9729, #379 ) ;
#8802 = ORIENTED_EDGE ( 'NONE', *, *, #5960, .F. ) ;
#8803 = LINE ( 'NONE', #4684, #6412 ) ;
#8804 = AXIS2_PLACEMENT_3D ( 'NONE', #7269, #2664, #9009 ) ;
#8805 = PRESENTATION_LAYER_ASSIGNMENT (  '', '', ( #7127 ) ) ;
#8806 = ORIENTED_EDGE ( 'NONE', *, *, #8190, .T. ) ;
#8807 = DIRECTION ( 'NONE',  ( 0.0000000000000000000, -0.9848077530122081313, -0.1736481776669300259 ) ) ;
#8808 = CARTESIAN_POINT ( 'NONE',  ( 1.041844086465574692, 6.384612859889100100, 5.465433459372670555 ) ) ;
#8809 = EDGE_CURVE ( 'NONE', #964, #2556, #6764, .T. ) ;
#8810 = ADVANCED_FACE ( 'NONE', ( #3731 ), #9174, .F. ) ;
#8811 = CARTESIAN_POINT ( 'NONE',  ( 7.500000000000000000, 5.949999999885354995, 8.099999999999999645 ) ) ;
#8812 =( GEOMETRIC_REPRESENTATION_CONTEXT ( 3 ) GLOBAL_UNCERTAINTY_ASSIGNED_CONTEXT ( ( #5136 ) ) GLOBAL_UNIT_ASSIGNED_CONTEXT ( ( #6879, #7023, #4533 ) ) REPRESENTATION_CONTEXT ( 'NONE', 'WORKASPACE' ) );
#8813 = ORIENTED_EDGE ( 'NONE', *, *, #8352, .F. ) ;
#8814 = ORIENTED_EDGE ( 'NONE', *, *, #10181, .T. ) ;
#8815 = FACE_OUTER_BOUND ( 'NONE', #6292, .T. ) ;
#8816 = DIRECTION ( 'NONE',  ( 0.0000000000000000000, -1.000000000000000000, 0.0000000000000000000 ) ) ;
#8817 = LINE ( 'NONE', #9448, #4343 ) ;
#8818 = DIRECTION ( 'NONE',  ( 5.152643988049929844E-16, 0.0000000000000000000, 1.000000000000000000 ) ) ;
#8819 = CARTESIAN_POINT ( 'NONE',  ( 4.549999999999999822, 2.200000000000000178, 0.7499999999999990008 ) ) ;
#8820 = ORIENTED_EDGE ( 'NONE', *, *, #6802, .T. ) ;
#8821 = DIRECTION ( 'NONE',  ( 0.0000000000000000000, 1.000000000000000000, 0.0000000000000000000 ) ) ;
#8822 = CARTESIAN_POINT ( 'NONE',  ( -4.549999999999999822, 2.200000000000000178, 0.6500000000000040190 ) ) ;
#8823 =( LENGTH_UNIT ( ) NAMED_UNIT ( * ) SI_UNIT ( .MILLI., .METRE. ) );
#8824 = ADVANCED_FACE ( 'NONE', ( #5205 ), #513, .F. ) ;
#8825 = EDGE_CURVE ( 'NONE', #7325, #1164, #2919, .T. ) ;
#8826 = ORIENTED_EDGE ( 'NONE', *, *, #8298, .F. ) ;
#8827 = LINE ( 'NONE', #990, #9636 ) ;
#8828 = SURFACE_STYLE_FILL_AREA ( #5858 ) ;
#8829 = MECHANICAL_DESIGN_GEOMETRIC_PRESENTATION_REPRESENTATION (  '', ( #8000 ), #5339 ) ;
#8830 = CARTESIAN_POINT ( 'NONE',  ( 5.250000000000000000, 7.750000000000000000, 5.023827888348679650E-15 ) ) ;
#8831 = CARTESIAN_POINT ( 'NONE',  ( 2.500000000000000000, 4.250000000000009770, 9.300000000000000711 ) ) ;
#8832 = EDGE_CURVE ( 'NONE', #9917, #7227, #5286, .T. ) ;
#8833 = ORIENTED_EDGE ( 'NONE', *, *, #1442, .F. ) ;
#8834 = CARTESIAN_POINT ( 'NONE',  ( 8.549145049325982626, 6.700698492242080029, 3.987848413411089865 ) ) ;
#8835 = CARTESIAN_POINT ( 'NONE',  ( 7.500000000000000000, 6.250000000000031086, 1.349999999999999867 ) ) ;
#8836 = ORIENTED_EDGE ( 'NONE', *, *, #9497, .T. ) ;
#8837 = ORIENTED_EDGE ( 'NONE', *, *, #1700, .F. ) ;
#8838 = FACE_BOUND ( 'NONE', #3948, .T. ) ;
#8839 = ORIENTED_EDGE ( 'NONE', *, *, #7994, .T. ) ;
#8840 = VECTOR ( 'NONE', #4879, 999.9999999999998863 ) ;
#8841 = AXIS2_PLACEMENT_3D ( 'NONE', #533, #5325, #1303 ) ;
#8842 = UNCERTAINTY_MEASURE_WITH_UNIT (LENGTH_MEASURE( 1.000000000000000082E-05 ), #897, 'distance_accuracy_value', 'NONE');
#8843 = CARTESIAN_POINT ( 'NONE',  ( 10.00000000000000000, 1.990236984239069917, 10.00000000000000000 ) ) ;
#8844 = DIRECTION ( 'NONE',  ( 0.0000000000000000000, -1.000000000000000000, 0.0000000000000000000 ) ) ;
#8845 = ORIENTED_EDGE ( 'NONE', *, *, #1712, .F. ) ;
#8846 = FILL_AREA_STYLE ('',( #5618 ) ) ;
#8847 = LINE ( 'NONE', #5668, #8723 ) ;
#8848 = CIRCLE ( 'NONE', #1708, 0.5000000000000004441 ) ;
#8849 = EDGE_CURVE ( 'NONE', #9425, #4175, #1366, .T. ) ;
#8850 = ORIENTED_EDGE ( 'NONE', *, *, #7671, .F. ) ;
#8851 = DIRECTION ( 'NONE',  ( 0.0000000000000000000, -1.000000000000000000, 0.0000000000000000000 ) ) ;
#8852 = VECTOR ( 'NONE', #10046, 1000.000000000000000 ) ;
#8853 = ORIENTED_EDGE ( 'NONE', *, *, #4720, .T. ) ;
#8854 = SURFACE_STYLE_FILL_AREA ( #1072 ) ;
#8855 = CARTESIAN_POINT ( 'NONE',  ( -1.000013201839289989, 6.250000000000089706, 5.549568022095440867 ) ) ;
#8856 = CARTESIAN_POINT ( 'NONE',  ( 7.500000000000000000, 5.850000000000009415, 9.500000000000000000 ) ) ;
#8857 = CIRCLE ( 'NONE', #3359, 1.613267899285889984 ) ;
#8858 = VERTEX_POINT ( 'NONE', #558 ) ;
#8859 = VERTEX_POINT ( 'NONE', #3680 ) ;
#8860 = DIRECTION ( 'NONE',  ( -1.000000000000000000, 0.0000000000000000000, 0.0000000000000000000 ) ) ;
#8861 = CARTESIAN_POINT ( 'NONE',  ( -4.059110900120336929, 4.650000000000010125, 9.365540160508119882 ) ) ;
#8862 = EDGE_CURVE ( 'NONE', #850, #6509, #6863, .T. ) ;
#8863 = EDGE_CURVE ( 'NONE', #7950, #1340, #6356, .T. ) ;
#8864 = CARTESIAN_POINT ( 'NONE',  ( 4.500000000000000888, 6.301461569844129862, 3.962967587499520050 ) ) ;
#8865 = CARTESIAN_POINT ( 'NONE',  ( -1.124350997929270068, 6.820490948317419644, 5.141853884246489592 ) ) ;
#8866 = CARTESIAN_POINT ( 'NONE',  ( -2.000000000000000000, 4.250000000000031086, -5.204170427930419706E-15 ) ) ;
#8867 = PRESENTATION_LAYER_ASSIGNMENT (  '', '', ( #3047 ) ) ;
#8868 = DIRECTION ( 'NONE',  ( 1.000000000000000000, 0.0000000000000000000, 0.0000000000000000000 ) ) ;
#8869 = VECTOR ( 'NONE', #7231, 1000.000000000000000 ) ;
#8870 = ORIENTED_EDGE ( 'NONE', *, *, #9726, .T. ) ;
#8871 = DIRECTION ( 'NONE',  ( 0.0000000000000000000, 0.0000000000000000000, 1.000000000000000000 ) ) ;
#8872 =( GEOMETRIC_REPRESENTATION_CONTEXT ( 3 ) GLOBAL_UNCERTAINTY_ASSIGNED_CONTEXT ( ( #10123 ) ) GLOBAL_UNIT_ASSIGNED_CONTEXT ( ( #1713, #846, #5707 ) ) REPRESENTATION_CONTEXT ( 'NONE', 'WORKASPACE' ) );
#8873 = FACE_BOUND ( 'NONE', #7542, .T. ) ;
#8874 = FILL_AREA_STYLE_COLOUR ( '', #5844 ) ;
#8875 = FILL_AREA_STYLE_COLOUR ( '', #1126 ) ;
#8876 = ORIENTED_EDGE ( 'NONE', *, *, #6269, .F. ) ;
#8877 = PRESENTATION_LAYER_ASSIGNMENT (  '', '', ( #3057 ) ) ;
#8878 = CARTESIAN_POINT ( 'NONE',  ( 6.047237146905950489, 6.457750997099076962, 5.432878492312125829 ) ) ;
#8879 = CARTESIAN_POINT ( 'NONE',  ( 7.500000000000000000, 2.650000000000010125, 8.099999999999999645 ) ) ;
#8880 =( LENGTH_UNIT ( ) NAMED_UNIT ( * ) SI_UNIT ( .MILLI., .METRE. ) );
#8881 = AXIS2_PLACEMENT_3D ( 'NONE', #2440, #5499, #5602 ) ;
#8882 = ADVANCED_FACE ( 'NONE', ( #2139, #654 ), #3781, .T. ) ;
#8883 = VECTOR ( 'NONE', #6771, 1000.000000000000000 ) ;
#8884 = EDGE_CURVE ( 'NONE', #10038, #3201, #7155, .T. ) ;
#8885 = AXIS2_PLACEMENT_3D ( 'NONE', #7515, #1392, #4338 ) ;
#8886 = CARTESIAN_POINT ( 'NONE',  ( -2.500000000000000000, 4.250000000000009770, 8.000000000000010658 ) ) ;
#8887 = DIRECTION ( 'NONE',  ( -5.152643988049929844E-16, 0.0000000000000000000, -1.000000000000000000 ) ) ;
#8888 = DIRECTION ( 'NONE',  ( 0.0000000000000000000, 1.000000000000000000, 0.0000000000000000000 ) ) ;
#8889 = FACE_OUTER_BOUND ( 'NONE', #4147, .T. ) ;
#8890 = ORIENTED_EDGE ( 'NONE', *, *, #7490, .F. ) ;
#8891 = CARTESIAN_POINT ( 'NONE',  ( 6.023102587141516473, 6.379062759268807170, 5.679065083714005091 ) ) ;
#8892 = CARTESIAN_POINT ( 'NONE',  ( -4.100781059358210356, 4.650000000000010125, 8.800000000000009592 ) ) ;
#8893 = AXIS2_PLACEMENT_3D ( 'NONE', #3521, #7432, #5095 ) ;
#8894 = CIRCLE ( 'NONE', #2080, 1.749999999999990008 ) ;
#8895 = ORIENTED_EDGE ( 'NONE', *, *, #5536, .F. ) ;
#8896 = CARTESIAN_POINT ( 'NONE',  ( 0.0000000000000000000, 1.560000000000000275, 6.200000000000001066 ) ) ;
#8897 = ORIENTED_EDGE ( 'NONE', *, *, #4182, .F. ) ;
#8898 = EDGE_CURVE ( 'NONE', #6240, #1801, #4362, .T. ) ;
#8899 = CYLINDRICAL_SURFACE ( 'NONE', #5389, 0.5000000000000000000 ) ;
#8900 = VERTEX_POINT ( 'NONE', #2395 ) ;
#8901 = AXIS2_PLACEMENT_3D ( 'NONE', #785, #3865, #1541 ) ;
#8902 = CONICAL_SURFACE ( 'NONE', #3232, 0.2499999999999997780, 0.4636476084710116075 ) ;
#8903 =( NAMED_UNIT ( * ) SI_UNIT ( $, .STERADIAN. ) SOLID_ANGLE_UNIT ( ) );
#8904 = CARTESIAN_POINT ( 'NONE',  ( 8.553947254147852064, 6.900000000000019895, 4.004821471746000228 ) ) ;
#8905 = DIRECTION ( 'NONE',  ( 1.000000000000000000, 0.0000000000000000000, 0.0000000000000000000 ) ) ;
#8906 = EDGE_LOOP ( 'NONE', ( #5746, #5301, #2893, #1086 ) ) ;
#8907 = CYLINDRICAL_SURFACE ( 'NONE', #8260, 1.399999999999999911 ) ;
#8908 = ORIENTED_EDGE ( 'NONE', *, *, #4968, .T. ) ;
#8909 =( BOUNDED_CURVE ( )  B_SPLINE_CURVE ( 3, ( #524, #2107, #8448, #7651 ),
 .UNSPECIFIED., .F., .T. ) 
 B_SPLINE_CURVE_WITH_KNOTS ( ( 4, 4 ),
 ( 1.640609496874674056, 1.933884111301983566 ),
 .UNSPECIFIED. ) 
 CURVE ( )  GEOMETRIC_REPRESENTATION_ITEM ( )  RATIONAL_B_SPLINE_CURVE ( ( 1.000000000000000000, 0.9928453341064039650, 0.9928453341064039650, 1.000000000000000000 ) ) 
 REPRESENTATION_ITEM ( '' )  );
#8910 = ORIENTED_EDGE ( 'NONE', *, *, #847, .F. ) ;
#8911 =( NAMED_UNIT ( * ) SI_UNIT ( $, .STERADIAN. ) SOLID_ANGLE_UNIT ( ) );
#8912 = VECTOR ( 'NONE', #7567, 1000.000000000000000 ) ;
#8913 = EDGE_CURVE ( 'NONE', #9423, #5028, #3117, .T. ) ;
#8914 = CARTESIAN_POINT ( 'NONE',  ( -2.500000000000000000, 4.250000000000009770, 9.314249409997589879 ) ) ;
#8915 = VERTEX_POINT ( 'NONE', #2343 ) ;
#8916 = ORIENTED_EDGE ( 'NONE', *, *, #7734, .F. ) ;
#8917 = DIRECTION ( 'NONE',  ( 0.0000000000000000000, 0.0000000000000000000, -1.000000000000000000 ) ) ;
#8918 = AXIS2_PLACEMENT_3D ( 'NONE', #1412, #650, #4567 ) ;
#8919 = CARTESIAN_POINT ( 'NONE',  ( 7.500000000000000000, 4.250000000000031086, -4.349999999999999645 ) ) ;
#8920 = CARTESIAN_POINT ( 'NONE',  ( 4.750000000000000000, 7.750000000000000000, 0.4499999999999990119 ) ) ;
#8921 = DIRECTION ( 'NONE',  ( -1.000000000000000000, 0.0000000000000000000, 0.0000000000000000000 ) ) ;
#8922 = DIRECTION ( 'NONE',  ( 1.000000000000000000, 0.0000000000000000000, 0.0000000000000000000 ) ) ;
#8923 = CARTESIAN_POINT ( 'NONE',  ( -5.000000000000000000, 0.9399999999999999467, -5.152643988049929647E-15 ) ) ;
#8924 = CIRCLE ( 'NONE', #4432, 1.749999999999989786 ) ;
#8925 = EDGE_CURVE ( 'NONE', #6170, #6704, #3206, .T. ) ;
#8926 = EDGE_CURVE ( 'NONE', #6296, #3381, #8524, .T. ) ;
#8927 = ORIENTED_EDGE ( 'NONE', *, *, #3204, .F. ) ;
#8928 = SURFACE_SIDE_STYLE ('',( #1035 ) ) ;
#8929 = PLANE ( 'NONE',  #3451 ) ;
#8930 = CARTESIAN_POINT ( 'NONE',  ( 3.552632424847470549, 6.900324961960824233, 4.000174299198468120 ) ) ;
#8931 = CARTESIAN_POINT ( 'NONE',  ( 15.00000000000000000, 7.750000000000000000, 5.900000000000000355 ) ) ;
#8932 = ORIENTED_EDGE ( 'NONE', *, *, #847, .T. ) ;
#8933 = FILL_AREA_STYLE_COLOUR ( '', #6828 ) ;
#8934 = DIRECTION ( 'NONE',  ( 1.000000000000000000, 0.0000000000000000000, 0.0000000000000000000 ) ) ;
#8935 = EDGE_CURVE ( 'NONE', #1976, #2571, #8588, .T. ) ;
#8936 = MECHANICAL_DESIGN_GEOMETRIC_PRESENTATION_REPRESENTATION (  '', ( #8603 ), #810 ) ;
#8937 = LINE ( 'NONE', #4976, #1496 ) ;
#8938 = CARTESIAN_POINT ( 'NONE',  ( -3.924099116621577288, 6.782835288287566655, 5.313097438219579693 ) ) ;
#8939 = DIRECTION ( 'NONE',  ( -1.000000000000000000, -5.580452358381269806E-16, 0.0000000000000000000 ) ) ;
#8940 = VERTEX_POINT ( 'NONE', #6390 ) ;
#8941 = DIRECTION ( 'NONE',  ( 0.0000000000000000000, -1.000000000000000000, 0.0000000000000000000 ) ) ;
#8942 = CARTESIAN_POINT ( 'NONE',  ( 3.948605801298314066, 6.749926634481618670, 5.399714607632852825 ) ) ;
#8943 = ADVANCED_FACE ( 'NONE', ( #7792 ), #7900, .T. ) ;
#8944 = ORIENTED_EDGE ( 'NONE', *, *, #5039, .F. ) ;
#8945 = CARTESIAN_POINT ( 'NONE',  ( 4.500000000000000888, 6.820490948317419644, 5.141853884246489592 ) ) ;
#8946 = VERTEX_POINT ( 'NONE', #901 ) ;
#8947 = SURFACE_SIDE_STYLE ('',( #2608 ) ) ;
#8948 = DIRECTION ( 'NONE',  ( 0.0000000000000000000, 0.0000000000000000000, 1.000000000000000000 ) ) ;
#8949 = EDGE_LOOP ( 'NONE', ( #4907, #10218, #9049, #771 ) ) ;
#8950 = CARTESIAN_POINT ( 'NONE',  ( -0.4499999999999990119, 2.200000000000000178, 0.7500000000000019984 ) ) ;
#8951 = CARTESIAN_POINT ( 'NONE',  ( 2.500000000000000000, 4.250000000000031086, -4.349999999999999645 ) ) ;
#8952 = B_SPLINE_CURVE_WITH_KNOTS ( 'NONE', 3,
 ( #4783, #1673, #2449, #3162, #7847, #5613, #7903, #8798 ),
 .UNSPECIFIED., .F., .F.,
 ( 4, 2, 2, 4 ),
 ( 0.0000000000000000000, 0.1326693844476060091, 0.4942272126317289738, 1.000000000000000000 ),
 .UNSPECIFIED. ) ;
#8953 = LINE ( 'NONE', #4256, #1339 ) ;
#8954 = ORIENTED_EDGE ( 'NONE', *, *, #2438, .F. ) ;
#8955 = DIRECTION ( 'NONE',  ( 0.0000000000000000000, 0.0000000000000000000, -1.000000000000000000 ) ) ;
#8956 = EDGE_CURVE ( 'NONE', #10136, #4851, #1469, .T. ) ;
#8957 = ORIENTED_EDGE ( 'NONE', *, *, #536, .F. ) ;
#8958 = EDGE_CURVE ( 'NONE', #5178, #2499, #10178, .T. ) ;
#8959 = ORIENTED_EDGE ( 'NONE', *, *, #997, .T. ) ;
#8960 = LINE ( 'NONE', #1882, #3350 ) ;
#8961 = TOROIDAL_SURFACE ( 'NONE', #4464, 1.600000000000000089, 0.1000000000000000056 ) ;
#8962 = CARTESIAN_POINT ( 'NONE',  ( 0.2500000000000000000, 7.750000000000000000, 5.900000000000000355 ) ) ;
#8963 = DIRECTION ( 'NONE',  ( 0.0000000000000000000, 0.0000000000000000000, -1.000000000000000000 ) ) ;
#8964 = ORIENTED_EDGE ( 'NONE', *, *, #9060, .F. ) ;
#8965 = ORIENTED_EDGE ( 'NONE', *, *, #4978, .T. ) ;
#8966 = FILL_AREA_STYLE_COLOUR ( '', #3720 ) ;
#8967 = AXIS2_PLACEMENT_3D ( 'NONE', #9362, #1608, #195 ) ;
#8968 = LINE ( 'NONE', #4219, #7616 ) ;
#8969 =( BOUNDED_CURVE ( )  B_SPLINE_CURVE ( 3, ( #7374, #7434, #1728, #7223 ),
 .UNSPECIFIED., .F., .T. ) 
 B_SPLINE_CURVE_WITH_KNOTS ( ( 4, 4 ),
 ( 4.150549750469672894, 4.642575810304896855 ),
 .UNSPECIFIED. ) 
 CURVE ( )  GEOMETRIC_REPRESENTATION_ITEM ( )  RATIONAL_B_SPLINE_CURVE ( ( 1.000000000000000000, 0.9799274069394412479, 0.9799274069394412479, 1.000000000000000000 ) ) 
 REPRESENTATION_ITEM ( '' )  );
#8970 = LINE ( 'NONE', #8299, #5357 ) ;
#8971 = EDGE_CURVE ( 'NONE', #5410, #7727, #9370, .T. ) ;
#8972 = DIRECTION ( 'NONE',  ( 0.0000000000000000000, 1.000000000000000000, 0.0000000000000000000 ) ) ;
#8973 = CARTESIAN_POINT ( 'NONE',  ( 2.500000000000000000, 4.250000000000000000, 10.00000000000000000 ) ) ;
#8974 = AXIS2_PLACEMENT_3D ( 'NONE', #6993, #10164, #3052 ) ;
#8975 = CARTESIAN_POINT ( 'NONE',  ( 5.899218940641789644, 4.650000000000010125, 8.800000000000000711 ) ) ;
#8976 = AXIS2_PLACEMENT_3D ( 'NONE', #3085, #2936, #10051 ) ;
#8977 = VECTOR ( 'NONE', #5183, 1000.000000000000000 ) ;
#8978 = VERTEX_POINT ( 'NONE', #4622 ) ;
#8979 = CARTESIAN_POINT ( 'NONE',  ( 1.023102752130522486, 6.379062758813164535, 5.679065084668725838 ) ) ;
#8980 = CARTESIAN_POINT ( 'NONE',  ( -2.500000000000000000, 5.850000000000009415, 8.000000000000010658 ) ) ;
#8981 = FACE_OUTER_BOUND ( 'NONE', #2225, .T. ) ;
#8982 = CARTESIAN_POINT ( 'NONE',  ( 7.500000000000000000, 5.950000000000040146, 2.750000000000000000 ) ) ;
#8983 = DIRECTION ( 'NONE',  ( 0.0000000000000000000, 0.0000000000000000000, -1.000000000000000000 ) ) ;
#8984 = EDGE_CURVE ( 'NONE', #345, #3729, #9031, .T. ) ;
#8985 = ORIENTED_EDGE ( 'NONE', *, *, #3674, .F. ) ;
#8986 = DIRECTION ( 'NONE',  ( 5.152643988049929844E-16, 0.0000000000000000000, 1.000000000000000000 ) ) ;
#8987 = DIRECTION ( 'NONE',  ( 0.0000000000000000000, 0.0000000000000000000, 1.000000000000000000 ) ) ;
#8988 =( NAMED_UNIT ( * ) SI_UNIT ( $, .STERADIAN. ) SOLID_ANGLE_UNIT ( ) );
#8989 = SURFACE_STYLE_USAGE ( .BOTH. , #2751 ) ;
#8990 = CARTESIAN_POINT ( 'NONE',  ( 2.500000000000000000, 4.250000000000031086, -4.349999999999999645 ) ) ;
#8991 = VECTOR ( 'NONE', #6684, 1000.000000000000000 ) ;
#8992 = DIRECTION ( 'NONE',  ( 0.0000000000000000000, 0.0000000000000000000, 1.000000000000000000 ) ) ;
#8993 = EDGE_CURVE ( 'NONE', #4284, #377, #7580, .T. ) ;
#8994 = ORIENTED_EDGE ( 'NONE', *, *, #3609, .T. ) ;
#8995 = PRESENTATION_STYLE_ASSIGNMENT (( #6748 ) ) ;
#8997 = EDGE_CURVE ( 'NONE', #6553, #2191, #7844, .T. ) ;
#8996 = CARTESIAN_POINT ( 'NONE',  ( 3.924099116621579952, -1.462314593354880232, 5.313097438219569923 ) ) ;
#8998 = PRODUCT_DEFINITION_SHAPE ( 'NONE', 'NONE',  #6139 ) ;
#8999 = FACE_OUTER_BOUND ( 'NONE', #6130, .T. ) ;
#9000 = ORIENTED_EDGE ( 'NONE', *, *, #2621, .F. ) ;
#9001 = LINE ( 'NONE', #9767, #3044 ) ;
#9002 = VERTEX_POINT ( 'NONE', #7363 ) ;
#9003 = FACE_OUTER_BOUND ( 'NONE', #5768, .T. ) ;
#9004 = CARTESIAN_POINT ( 'NONE',  ( 5.450000000000000178, 7.250000000000000000, 0.6500000000000040190 ) ) ;
#9005 = VERTEX_POINT ( 'NONE', #2656 ) ;
#9006 = SURFACE_STYLE_USAGE ( .BOTH. , #3468 ) ;
#9007 = PRESENTATION_STYLE_ASSIGNMENT (( #2864 ) ) ;
#9008 = DIRECTION ( 'NONE',  ( 0.8660254037845415143, 0.4999999999998216982, 0.0000000000000000000 ) ) ;
#9009 = DIRECTION ( 'NONE',  ( 0.0000000000000000000, 0.0000000000000000000, 1.000000000000000000 ) ) ;
#9010 = EDGE_LOOP ( 'NONE', ( #9517, #1605, #8268, #6225 ) ) ;
#9011 = CARTESIAN_POINT ( 'NONE',  ( 7.750000000000000000, 4.250000000000031086, -4.349999999999999645 ) ) ;
#9012 = ORIENTED_EDGE ( 'NONE', *, *, #3700, .T. ) ;
#9013 = EDGE_LOOP ( 'NONE', ( #756, #9094, #9914, #2, #7598, #3894, #55 ) ) ;
#9014 = CARTESIAN_POINT ( 'NONE',  ( 6.029021513128699716, 6.380815587897259888, 5.542350741529149971 ) ) ;
#9015 = AXIS2_PLACEMENT_3D ( 'NONE', #4495, #7817, #2162 ) ;
#9016 = CARTESIAN_POINT ( 'NONE',  ( 8.948605801384539760, 6.749926634365834843, 5.399714607937602828 ) ) ;
#9017 = DIRECTION ( 'NONE',  ( 0.0000000000000000000, 0.0000000000000000000, 1.000000000000000000 ) ) ;
#9018 =( LENGTH_UNIT ( ) NAMED_UNIT ( * ) SI_UNIT ( .MILLI., .METRE. ) );
#9019 = VERTEX_POINT ( 'NONE', #4884 ) ;
#9020 = EDGE_CURVE ( 'NONE', #9292, #10069, #7263, .T. ) ;
#9021 = COLOUR_RGB ( '',0.2862745098039215508, 0.6431372549019607199, 0.8666666666666666963 ) ;
#9022 = ORIENTED_EDGE ( 'NONE', *, *, #9374, .F. ) ;
#9023 = AXIS2_PLACEMENT_3D ( 'NONE', #4210, #7380, #421 ) ;
#9024 = DIRECTION ( 'NONE',  ( 0.0000000000000000000, -1.000000000000000000, 0.0000000000000000000 ) ) ;
#9025 = LINE ( 'NONE', #5739, #6796 ) ;
#9026 = DIRECTION ( 'NONE',  ( 1.000000000000000000, 0.0000000000000000000, 0.0000000000000000000 ) ) ;
#9027 = DIRECTION ( 'NONE',  ( -1.000000000000000000, 0.0000000000000000000, 0.0000000000000000000 ) ) ;
#9028 = CARTESIAN_POINT ( 'NONE',  ( 5.794121699421159732, 6.087585839000359655, 5.702638584486940054 ) ) ;
#9029 = DIRECTION ( 'NONE',  ( 0.0000000000000000000, 0.0000000000000000000, -1.000000000000000000 ) ) ;
#9030 = MECHANICAL_DESIGN_GEOMETRIC_PRESENTATION_REPRESENTATION (  '', ( #9195 ), #5520 ) ;
#9031 = CIRCLE ( 'NONE', #9522, 0.2000000000000005107 ) ;
#9032 = B_SPLINE_CURVE_WITH_KNOTS ( 'NONE', 3,
 ( #4296, #4190, #7471, #3456, #5141, #403 ),
 .UNSPECIFIED., .F., .F.,
 ( 4, 2, 4 ),
 ( 0.0000000000000000000, 0.5443967235633909718, 1.000000000000000000 ),
 .UNSPECIFIED. ) ;
#9033 = ORIENTED_EDGE ( 'NONE', *, *, #8425, .F. ) ;
#9034 = EDGE_CURVE ( 'NONE', #4080, #8665, #4524, .T. ) ;
#9035 = CARTESIAN_POINT ( 'NONE',  ( 1.075900883378422712, 6.782835288287570208, 5.313097438219570812 ) ) ;
#9036 = CARTESIAN_POINT ( 'NONE',  ( 8.995650848407130695, 6.249999999999950262, 5.507834059304340002 ) ) ;
#9037 = DIRECTION ( 'NONE',  ( -1.000000000000000000, 0.0000000000000000000, 0.0000000000000000000 ) ) ;
#9038 = CARTESIAN_POINT ( 'NONE',  ( 10.00000000000000000, 6.436102000195529804, 10.00000000000000000 ) ) ;
#9039 = ORIENTED_EDGE ( 'NONE', *, *, #7092, .F. ) ;
#9040 =( NAMED_UNIT ( * ) SI_UNIT ( $, .STERADIAN. ) SOLID_ANGLE_UNIT ( ) );
#9041 = CARTESIAN_POINT ( 'NONE',  ( 7.500000000000000000, 4.250000000000009770, 8.000000000000000000 ) ) ;
#9042 = MECHANICAL_DESIGN_GEOMETRIC_PRESENTATION_REPRESENTATION (  '', ( #1891 ), #8535 ) ;
#9043 = UNCERTAINTY_MEASURE_WITH_UNIT (LENGTH_MEASURE( 1.000000000000000082E-05 ), #2797, 'distance_accuracy_value', 'NONE');
#9044 = COLOUR_RGB ( '',0.2862745098039215508, 0.6431372549019607199, 0.8666666666666666963 ) ;
#9045 = EDGE_CURVE ( 'NONE', #4251, #392, #308, .T. ) ;
#9046 = DIRECTION ( 'NONE',  ( 0.0000000000000000000, -1.000000000000000000, 0.0000000000000000000 ) ) ;
#9047 =( GEOMETRIC_REPRESENTATION_CONTEXT ( 3 ) GLOBAL_UNCERTAINTY_ASSIGNED_CONTEXT ( ( #9853 ) ) GLOBAL_UNIT_ASSIGNED_CONTEXT ( ( #3131, #6506, #1687 ) ) REPRESENTATION_CONTEXT ( 'NONE', 'WORKASPACE' ) );
#9048 = CARTESIAN_POINT ( 'NONE',  ( 0.9938586087084645415, 6.250000000000043521, 5.699344090454423473 ) ) ;
#9049 = ORIENTED_EDGE ( 'NONE', *, *, #4798, .F. ) ;
#9050 = CARTESIAN_POINT ( 'NONE',  ( -1.023102752391785719, 6.379062758812451328, 5.679065084668917684 ) ) ;
#9051 = CARTESIAN_POINT ( 'NONE',  ( -5.000000000000000000, 1.560000000000000275, -5.152643988049929647E-15 ) ) ;
#9052 = MECHANICAL_DESIGN_GEOMETRIC_PRESENTATION_REPRESENTATION (  '', ( #8213 ), #296 ) ;
#9053 = DIRECTION ( 'NONE',  ( 0.0000000000000000000, 0.0000000000000000000, 1.000000000000000000 ) ) ;
#9054 = ORIENTED_EDGE ( 'NONE', *, *, #4213, .T. ) ;
#9055 = LINE ( 'NONE', #9617, #740 ) ;
#9056 = ORIENTED_EDGE ( 'NONE', *, *, #1490, .F. ) ;
#9057 = CIRCLE ( 'NONE', #3900, 1.749999999999999778 ) ;
#9058 = ADVANCED_FACE ( 'NONE', ( #5819 ), #4038, .T. ) ;
#9059 = DIRECTION ( 'NONE',  ( -1.000000000000000000, 0.0000000000000000000, 0.0000000000000000000 ) ) ;
#9060 = EDGE_CURVE ( 'NONE', #518, #1731, #9055, .T. ) ;
#9061 = CARTESIAN_POINT ( 'NONE',  ( 0.0000000000000000000, 0.0000000000000000000, 0.0000000000000000000 ) ) ;
#9062 = AXIS2_PLACEMENT_3D ( 'NONE', #5654, #4344, #5138 ) ;
#9063 = ORIENTED_EDGE ( 'NONE', *, *, #114, .F. ) ;
#9064 =( NAMED_UNIT ( * ) SI_UNIT ( $, .STERADIAN. ) SOLID_ANGLE_UNIT ( ) );
#9065 =( NAMED_UNIT ( * ) SI_UNIT ( $, .STERADIAN. ) SOLID_ANGLE_UNIT ( ) );
#9066 = DIRECTION ( 'NONE',  ( 0.2716300227878299944, -0.06713375248915300075, 0.9600573889080840084 ) ) ;
#9067 = AXIS2_PLACEMENT_3D ( 'NONE', #5786, #5165, #5893 ) ;
#9068 = FACE_OUTER_BOUND ( 'NONE', #1039, .T. ) ;
#9069 =( GEOMETRIC_REPRESENTATION_CONTEXT ( 3 ) GLOBAL_UNCERTAINTY_ASSIGNED_CONTEXT ( ( #7464 ) ) GLOBAL_UNIT_ASSIGNED_CONTEXT ( ( #2734, #3694, #5217 ) ) REPRESENTATION_CONTEXT ( 'NONE', 'WORKASPACE' ) );
#9070 = ORIENTED_EDGE ( 'NONE', *, *, #1084, .T. ) ;
#9071 = DIRECTION ( 'NONE',  ( 8.725247161685363089E-18, -0.07124704990663610626, -0.9974586998365402302 ) ) ;
#9072 = ORIENTED_EDGE ( 'NONE', *, *, #6173, .F. ) ;
#9073 = VERTEX_POINT ( 'NONE', #2554 ) ;
#9074 = SURFACE_STYLE_USAGE ( .BOTH. , #3373 ) ;
#9075 = CIRCLE ( 'NONE', #6392, 1.400000000000000133 ) ;
#9076 = CYLINDRICAL_SURFACE ( 'NONE', #4208, 1.400000000000000133 ) ;
#9077 = VECTOR ( 'NONE', #4723, 1000.000000000000000 ) ;
#9078 = VECTOR ( 'NONE', #113, 1000.000000000000114 ) ;
#9079 = CARTESIAN_POINT ( 'NONE',  ( 2.500000000000000000, 4.250000000000009770, 8.099999999999999645 ) ) ;
#9080 = EDGE_LOOP ( 'NONE', ( #6933, #2359, #6085, #7568 ) ) ;
#9081 = VERTEX_POINT ( 'NONE', #6592 ) ;
#9082 = DIRECTION ( 'NONE',  ( 0.0000000000000000000, 1.000000000000000000, 0.0000000000000000000 ) ) ;
#9083 = SURFACE_STYLE_FILL_AREA ( #10087 ) ;
#9084 = CARTESIAN_POINT ( 'NONE',  ( 0.9976911859572550334, 6.250000000000079936, 5.579085650507749961 ) ) ;
#9085 = CARTESIAN_POINT ( 'NONE',  ( -5.500000000000000000, 6.250000000000031086, 5.699344090454340872 ) ) ;
#9086 = CARTESIAN_POINT ( 'NONE',  ( -3.549999999999999822, 6.301461569844129862, 3.962967587499530264 ) ) ;
#9087 = EDGE_CURVE ( 'NONE', #4360, #2032, #9001, .T. ) ;
#9088 = ORIENTED_EDGE ( 'NONE', *, *, #5649, .F. ) ;
#9089 =( NAMED_UNIT ( * ) PLANE_ANGLE_UNIT ( ) SI_UNIT ( $, .RADIAN. ) );
#9090 = CARTESIAN_POINT ( 'NONE',  ( 7.500000000000000000, 4.250000000000031086, 0.0000000000000000000 ) ) ;
#9091 = CARTESIAN_POINT ( 'NONE',  ( 2.500000000000000000, 4.250000000000031086, -4.349999999999999645 ) ) ;
#9092 = CARTESIAN_POINT ( 'NONE',  ( 8.942782050534519911, 6.518894125888143876, 5.379130966345494258 ) ) ;
#9093 = CARTESIAN_POINT ( 'NONE',  ( -4.087037305134390230, 4.650000000000010125, 8.986637655680240755 ) ) ;
#9094 = ORIENTED_EDGE ( 'NONE', *, *, #1254, .T. ) ;
#9095 = LINE ( 'NONE', #8312, #7833 ) ;
#9096 = CARTESIAN_POINT ( 'NONE',  ( 3.952762705847680191, 6.457752998433941016, 5.432877601037962911 ) ) ;
#9097 =( GEOMETRIC_REPRESENTATION_CONTEXT ( 3 ) GLOBAL_UNCERTAINTY_ASSIGNED_CONTEXT ( ( #6176 ) ) GLOBAL_UNIT_ASSIGNED_CONTEXT ( ( #7323, #2716, #7541 ) ) REPRESENTATION_CONTEXT ( 'NONE', 'WORKASPACE' ) );
#9098 = ADVANCED_FACE ( 'NONE', ( #9719 ), #5662, .F. ) ;
#9099 =( BOUNDED_CURVE ( )  B_SPLINE_CURVE ( 3, ( #7860, #6352, #9528, #766 ),
 .UNSPECIFIED., .F., .T. ) 
 B_SPLINE_CURVE_WITH_KNOTS ( ( 4, 4 ),
 ( 1.008957096879898874, 1.500983156715127720 ),
 .UNSPECIFIED. ) 
 CURVE ( )  GEOMETRIC_REPRESENTATION_ITEM ( )  RATIONAL_B_SPLINE_CURVE ( ( 1.000000000000000000, 0.9799274069394408038, 0.9799274069394408038, 1.000000000000000000 ) ) 
 REPRESENTATION_ITEM ( '' )  );
#9100 = PLANE ( 'NONE',  #6141 ) ;
#9101 =( NAMED_UNIT ( * ) PLANE_ANGLE_UNIT ( ) SI_UNIT ( $, .RADIAN. ) );
#9102 = AXIS2_PLACEMENT_3D ( 'NONE', #5289, #6169, #10014 ) ;
#9103 = CARTESIAN_POINT ( 'NONE',  ( 8.550000000000000711, 6.301461569844129862, 3.962967587499520050 ) ) ;
#9104 = CARTESIAN_POINT ( 'NONE',  ( 4.500000000000000888, 6.900000000000019895, 4.004821471746000228 ) ) ;
#9105 = CARTESIAN_POINT ( 'NONE',  ( 0.9657076557542617623, 4.650000000000010125, 9.413932751394369802 ) ) ;
#9106 = ORIENTED_EDGE ( 'NONE', *, *, #3374, .T. ) ;
#9107 = CARTESIAN_POINT ( 'NONE',  ( 9.550000000000000711, 7.250000000000000000, 0.6500000000000020206 ) ) ;
#9108 = ADVANCED_FACE ( 'NONE', ( #2500, #8838, #1719 ), #957, .T. ) ;
#9109 = EDGE_LOOP ( 'NONE', ( #1033, #2145, #1963, #5287 ) ) ;
#9110 = DIRECTION ( 'NONE',  ( 0.0000000000000000000, 0.0000000000000000000, 1.000000000000000000 ) ) ;
#9111 = CIRCLE ( 'NONE', #3927, 1.649999999999999467 ) ;
#9112 = VERTEX_POINT ( 'NONE', #8896 ) ;
#9113 = SURFACE_STYLE_FILL_AREA ( #362 ) ;
#9114 = SURFACE_STYLE_USAGE ( .BOTH. , #5928 ) ;
#9115 = ORIENTED_EDGE ( 'NONE', *, *, #8736, .F. ) ;
#9116 = CARTESIAN_POINT ( 'NONE',  ( 0.0000000000000000000, 7.150000000000000355, 6.500000000000009770 ) ) ;
#9117 = DIRECTION ( 'NONE',  ( 0.0000000000000000000, 0.0000000000000000000, 1.000000000000000000 ) ) ;
#9118 = DIRECTION ( 'NONE',  ( -1.000000000000000000, 0.0000000000000000000, 0.0000000000000000000 ) ) ;
#9119 = VECTOR ( 'NONE', #1709, 1000.000000000000000 ) ;
#9120 = CARTESIAN_POINT ( 'NONE',  ( 1.449999999999999956, 3.592004494644689849, 2.875961234938980038 ) ) ;
#9121 = EDGE_LOOP ( 'NONE', ( #3512, #7531, #2157, #8569, #7064, #3277, #9366 ) ) ;
#9122 = EDGE_LOOP ( 'NONE', ( #2210, #6655, #5628, #8436 ) ) ;
#9123 = ADVANCED_FACE ( 'NONE', ( #1923 ), #8216, .F. ) ;
#9124 = ORIENTED_EDGE ( 'NONE', *, *, #861, .F. ) ;
#9125 = CARTESIAN_POINT ( 'NONE',  ( 6.041844086465573582, 6.384612859889100989, 5.465433459372670555 ) ) ;
#9126 = CARTESIAN_POINT ( 'NONE',  ( 3.549145049325979961, 6.700698492242080029, 3.987848413411089865 ) ) ;
#9127 = PRESENTATION_LAYER_ASSIGNMENT (  '', '', ( #666 ) ) ;
#9128 = CARTESIAN_POINT ( 'NONE',  ( 4.062892611431221823, 4.650000000000010125, 9.314249409997589879 ) ) ;
#9129 = ORIENTED_EDGE ( 'NONE', *, *, #6421, .F. ) ;
#9130 = VERTEX_POINT ( 'NONE', #205 ) ;
#9131 = DIRECTION ( 'NONE',  ( 0.0000000000000000000, -1.000000000000000000, 0.0000000000000000000 ) ) ;
#9132 = ORIENTED_EDGE ( 'NONE', *, *, #4575, .F. ) ;
#9133 = VECTOR ( 'NONE', #8308, 1000.000000000000000 ) ;
#9134 = CARTESIAN_POINT ( 'NONE',  ( 5.965552395399905450, 3.850000000000007638, 9.413837825582261232 ) ) ;
#9135 =( GEOMETRIC_REPRESENTATION_CONTEXT ( 3 ) GLOBAL_UNCERTAINTY_ASSIGNED_CONTEXT ( ( #9302 ) ) GLOBAL_UNIT_ASSIGNED_CONTEXT ( ( #3811, #1648, #6319 ) ) REPRESENTATION_CONTEXT ( 'NONE', 'WORKASPACE' ) );
#9136 = EDGE_CURVE ( 'NONE', #1697, #8777, #8857, .T. ) ;
#9137 = DIRECTION ( 'NONE',  ( 0.0000000000000000000, 0.0000000000000000000, 1.000000000000000000 ) ) ;
#9138 = CARTESIAN_POINT ( 'NONE',  ( 6.450000000000000178, 5.950000000000040146, 2.800000000000010036 ) ) ;
#9139 = EDGE_CURVE ( 'NONE', #9292, #307, #7213, .T. ) ;
#9140 = DIRECTION ( 'NONE',  ( 1.000000000000000000, 0.0000000000000000000, 0.0000000000000000000 ) ) ;
#9141 = VECTOR ( 'NONE', #5372, 1000.000000000000000 ) ;
#9142 = ORIENTED_EDGE ( 'NONE', *, *, #4531, .F. ) ;
#9143 = B_SPLINE_CURVE_WITH_KNOTS ( 'NONE', 3,
 ( #8044, #8261, #4133, #7351 ),
 .UNSPECIFIED., .F., .F.,
 ( 4, 4 ),
 ( 0.0000000000000000000, 0.0001440220723645888740 ),
 .UNSPECIFIED. ) ;
#9144 = PRESENTATION_STYLE_ASSIGNMENT (( #2156 ) ) ;
#9145 = SURFACE_SIDE_STYLE ('',( #9949 ) ) ;
#9146 = CARTESIAN_POINT ( 'NONE',  ( 7.999999999668878203, 4.250000000000031086, -3.850000000000000089 ) ) ;
#9147 = FACE_OUTER_BOUND ( 'NONE', #4406, .T. ) ;
#9148 = ORIENTED_EDGE ( 'NONE', *, *, #6621, .T. ) ;
#9149 =( NAMED_UNIT ( * ) PLANE_ANGLE_UNIT ( ) SI_UNIT ( $, .RADIAN. ) );
#9150 = LINE ( 'NONE', #6839, #2239 ) ;
#9151 = VECTOR ( 'NONE', #8700, 1000.000000000000000 ) ;
#9152 = AXIS2_PLACEMENT_3D ( 'NONE', #9103, #9911, #7303 ) ;
#9153 = ADVANCED_BREP_SHAPE_REPRESENTATION ( '', ( #1949, #619 ), #9556 ) ;
#9154 = VECTOR ( 'NONE', #833, 1000.000000000000000 ) ;
#9155 = EDGE_CURVE ( 'NONE', #10203, #9421, #4193, .T. ) ;
#9156 = LINE ( 'NONE', #2019, #8977 ) ;
#9157 = EDGE_CURVE ( 'NONE', #6903, #6519, #5766, .T. ) ;
#9158 = CARTESIAN_POINT ( 'NONE',  ( -2.000000000331122241, 4.250000000000031086, -3.850000000000000089 ) ) ;
#9159 = CARTESIAN_POINT ( 'NONE',  ( 7.500000000000000000, 6.250000000000031086, 4.150000000000000355 ) ) ;
#9160 = EDGE_LOOP ( 'NONE', ( #8850, #888, #5818, #7166 ) ) ;
#9161 = CARTESIAN_POINT ( 'NONE',  ( 0.9371073885686259652, 3.850000000000009415, 9.314249409997639617 ) ) ;
#9162 = CARTESIAN_POINT ( 'NONE',  ( 5.799999999999999822, 4.650000000000010125, 8.800000000000000711 ) ) ;
#9163 = ORIENTED_EDGE ( 'NONE', *, *, #9566, .T. ) ;
#9164 = ORIENTED_EDGE ( 'NONE', *, *, #861, .T. ) ;
#9165 = FILL_AREA_STYLE_COLOUR ( '', #1420 ) ;
#9166 = ORIENTED_EDGE ( 'NONE', *, *, #1566, .T. ) ;
#9167 = CARTESIAN_POINT ( 'NONE',  ( 0.0000000000000000000, 0.9399999999999999467, 6.200000000000001066 ) ) ;
#9168 = EDGE_CURVE ( 'NONE', #7004, #8858, #359, .T. ) ;
#9169 = DIRECTION ( 'NONE',  ( -0.3713906763541040545, -0.9284766908852591927, 0.0000000000000000000 ) ) ;
#9170 = ORIENTED_EDGE ( 'NONE', *, *, #5704, .F. ) ;
#9171 = FACE_OUTER_BOUND ( 'NONE', #3740, .T. ) ;
#9172 = ORIENTED_EDGE ( 'NONE', *, *, #1804, .F. ) ;
#9173 = ORIENTED_EDGE ( 'NONE', *, *, #8191, .F. ) ;
#9174 = PLANE ( 'NONE',  #4866 ) ;
#9175 = LINE ( 'NONE', #1832, #2895 ) ;
#9176 = DIRECTION ( 'NONE',  ( 6.323770134184271214E-17, 0.9848077530122081313, 0.1736481776669300259 ) ) ;
#9177 = PRESENTATION_STYLE_ASSIGNMENT (( #5107 ) ) ;
#9178 = ORIENTED_EDGE ( 'NONE', *, *, #1682, .F. ) ;
#9179 = EDGE_CURVE ( 'NONE', #3581, #634, #9812, .T. ) ;
#9180 = AXIS2_PLACEMENT_3D ( 'NONE', #5490, #832, #9549 ) ;
#9181 = EDGE_LOOP ( 'NONE', ( #5607, #3785, #4765, #5456 ) ) ;
#9182 = DIRECTION ( 'NONE',  ( 0.0000000000000000000, 0.0000000000000000000, 1.000000000000000000 ) ) ;
#9183 = VERTEX_POINT ( 'NONE', #7768 ) ;
#9184 = LINE ( 'NONE', #9945, #10004 ) ;
#9185 = FILL_AREA_STYLE ('',( #2933 ) ) ;
#9186 = AXIS2_PLACEMENT_3D ( 'NONE', #2419, #5484, #5687 ) ;
#9187 = VERTEX_POINT ( 'NONE', #1975 ) ;
#9188 = EDGE_CURVE ( 'NONE', #5045, #709, #6860, .T. ) ;
#9189 = UNCERTAINTY_MEASURE_WITH_UNIT (LENGTH_MEASURE( 1.000000000000000082E-05 ), #2994, 'distance_accuracy_value', 'NONE');
#9190 = DIRECTION ( 'NONE',  ( -1.000000000000000000, 0.0000000000000000000, 0.0000000000000000000 ) ) ;
#9191 = EDGE_CURVE ( 'NONE', #6817, #4315, #9399, .T. ) ;
#9192 = CARTESIAN_POINT ( 'NONE',  ( 8.999986798160710677, 6.250000000000079936, 5.549568022095440867 ) ) ;
#9193 = CARTESIAN_POINT ( 'NONE',  ( 7.500000000000000000, 4.250000000000009770, 8.099999999999999645 ) ) ;
#9194 = CARTESIAN_POINT ( 'NONE',  ( 0.0000000000000000000, 1.560000000000000275, -7.728965982074889342E-15 ) ) ;
#9195 = STYLED_ITEM ( 'NONE', ( #7237 ), #7022 ) ;
#9196 = VERTEX_POINT ( 'NONE', #3094 ) ;
#9197 = CARTESIAN_POINT ( 'NONE',  ( 3.871701747922879910, 6.620978138265459556, 5.127902589497660202 ) ) ;
#9198 = CARTESIAN_POINT ( 'NONE',  ( 1.005392207408169147, 6.250000000000031086, 5.499015461808847149 ) ) ;
#9199 = COLOUR_RGB ( '',0.2862745098039215508, 0.6431372549019607199, 0.8666666666666666963 ) ;
#9200 = DIRECTION ( 'NONE',  ( -1.000000000000000000, 0.0000000000000000000, 0.0000000000000000000 ) ) ;
#9201 = UNCERTAINTY_MEASURE_WITH_UNIT (LENGTH_MEASURE( 1.000000000000000082E-05 ), #7488, 'distance_accuracy_value', 'NONE');
#9202 = DIRECTION ( 'NONE',  ( 0.0000000000000000000, 0.0000000000000000000, 1.000000000000000000 ) ) ;
#9203 = VERTEX_POINT ( 'NONE', #6986 ) ;
#9204 = CARTESIAN_POINT ( 'NONE',  ( 8.871701747922880799, 6.620978138265459556, 5.127902589497660202 ) ) ;
#9205 = LINE ( 'NONE', #5336, #8095 ) ;
#9206 = EDGE_LOOP ( 'NONE', ( #3291, #6803, #9552, #7317 ) ) ;
#9207 = VECTOR ( 'NONE', #1794, 1000.000000000000000 ) ;
#9208 = EDGE_CURVE ( 'NONE', #1526, #2760, #3913, .T. ) ;
#9209 = COLOUR_RGB ( '',0.2862745098039215508, 0.6431372549019607199, 0.8666666666666666963 ) ;
#9210 = CARTESIAN_POINT ( 'NONE',  ( 8.907431421379209624, 4.650000000000011902, 9.500000000000000000 ) ) ;
#9211 = DIRECTION ( 'NONE',  ( 0.0000000000000000000, 1.000000000000000000, 0.0000000000000000000 ) ) ;
#9212 =( GEOMETRIC_REPRESENTATION_CONTEXT ( 3 ) GLOBAL_UNCERTAINTY_ASSIGNED_CONTEXT ( ( #2131 ) ) GLOBAL_UNIT_ASSIGNED_CONTEXT ( ( #10173, #747, #1320 ) ) REPRESENTATION_CONTEXT ( 'NONE', 'WORKASPACE' ) );
#9213 = CYLINDRICAL_SURFACE ( 'NONE', #4381, 1.749999999999990230 ) ;
#9214 = PLANE ( 'NONE',  #5564 ) ;
#9215 = LINE ( 'NONE', #9120, #1828 ) ;
#9216 = EDGE_LOOP ( 'NONE', ( #9072, #3148, #3357, #1664 ) ) ;
#9217 =( LENGTH_UNIT ( ) NAMED_UNIT ( * ) SI_UNIT ( .MILLI., .METRE. ) );
#9218 = ORIENTED_EDGE ( 'NONE', *, *, #4213, .F. ) ;
#9219 = AXIS2_PLACEMENT_3D ( 'NONE', #9090, #1846, #340 ) ;
#9220 = ORIENTED_EDGE ( 'NONE', *, *, #7573, .F. ) ;
#9221 = CARTESIAN_POINT ( 'NONE',  ( 5.937107388568777289, 4.650000000000010125, 9.314249409997573892 ) ) ;
#9222 = ADVANCED_FACE ( 'NONE', ( #3002 ), #10156, .T. ) ;
#9223 = VECTOR ( 'NONE', #8537, 1000.000000000000000 ) ;
#9224 = FACE_OUTER_BOUND ( 'NONE', #5718, .T. ) ;
#9225 = ORIENTED_EDGE ( 'NONE', *, *, #7045, .T. ) ;
#9226 = PRESENTATION_LAYER_ASSIGNMENT (  '', '', ( #1577 ) ) ;
#9227 = VECTOR ( 'NONE', #8767, 1000.000000000000000 ) ;
#9228 = ORIENTED_EDGE ( 'NONE', *, *, #1939, .T. ) ;
#9229 =( NAMED_UNIT ( * ) PLANE_ANGLE_UNIT ( ) SI_UNIT ( $, .RADIAN. ) );
#9230 = ORIENTED_EDGE ( 'NONE', *, *, #4820, .F. ) ;
#9231 = AXIS2_PLACEMENT_3D ( 'NONE', #8576, #8478, #600 ) ;
#9232 = CARTESIAN_POINT ( 'NONE',  ( 8.948605800780430997, 6.749926635177060597, 5.399714605802416578 ) ) ;
#9233 = FACE_OUTER_BOUND ( 'NONE', #1715, .T. ) ;
#9234 = CARTESIAN_POINT ( 'NONE',  ( 9.550000000000000711, 7.250000000000000000, 0.6500000000000020206 ) ) ;
#9235 = CIRCLE ( 'NONE', #8237, 0.4000000000000001887 ) ;
#9236 = DIRECTION ( 'NONE',  ( -1.000000000000000000, 0.0000000000000000000, 3.641714079092569968E-16 ) ) ;
#9237 = EDGE_CURVE ( 'NONE', #3729, #6386, #5034, .T. ) ;
#9238 = AXIS2_PLACEMENT_3D ( 'NONE', #7702, #3744, #2986 ) ;
#9239 = ORIENTED_EDGE ( 'NONE', *, *, #9301, .F. ) ;
#9240 = LINE ( 'NONE', #3649, #6950 ) ;
#9241 = CARTESIAN_POINT ( 'NONE',  ( 0.0000000000000000000, 1.560000000000000275, 6.200000000000001066 ) ) ;
#9242 =( GEOMETRIC_REPRESENTATION_CONTEXT ( 3 ) GLOBAL_UNCERTAINTY_ASSIGNED_CONTEXT ( ( #6998 ) ) GLOBAL_UNIT_ASSIGNED_CONTEXT ( ( #3006, #2378, #3814 ) ) REPRESENTATION_CONTEXT ( 'NONE', 'WORKASPACE' ) );
#9243 = CARTESIAN_POINT ( 'NONE',  ( 10.00000000000000000, 0.0000000000000000000, 0.0000000000000000000 ) ) ;
#9244 = FILL_AREA_STYLE ('',( #6056 ) ) ;
#9245 = ORIENTED_EDGE ( 'NONE', *, *, #9191, .F. ) ;
#9246 = DIRECTION ( 'NONE',  ( -1.000000000000000000, -5.580452358381269806E-16, 0.0000000000000000000 ) ) ;
#9247 = DIRECTION ( 'NONE',  ( 5.152643988049929844E-16, 0.0000000000000000000, 1.000000000000000000 ) ) ;
#9248 = EDGE_CURVE ( 'NONE', #7070, #7342, #6215, .T. ) ;
#9249 = EDGE_CURVE ( 'NONE', #8777, #4514, #9520, .T. ) ;
#9250 = VECTOR ( 'NONE', #3604, 1000.000000000000000 ) ;
#9251 = FILL_AREA_STYLE ('',( #10007 ) ) ;
#9252 = CARTESIAN_POINT ( 'NONE',  ( 6.041844086465573582, 6.384612859889100989, 5.465433459372670555 ) ) ;
#9253 = LINE ( 'NONE', #6165, #6009 ) ;
#9254 = DIRECTION ( 'NONE',  ( 0.0000000000000000000, -3.675221047034999628E-15, 1.000000000000000000 ) ) ;
#9255 = COLOUR_RGB ( '',0.2862745098039215508, 0.6431372549019607199, 0.8666666666666666963 ) ;
#9256 = ORIENTED_EDGE ( 'NONE', *, *, #3819, .T. ) ;
#9257 = CARTESIAN_POINT ( 'NONE',  ( 8.977386614090290706, 6.143310324244612097, 5.618805837179489338 ) ) ;
#9258 = DIRECTION ( 'NONE',  ( -0.3481553119113940387, -0.8703882797784900927, -0.3481553119113949823 ) ) ;
#9259 = EDGE_CURVE ( 'NONE', #7083, #2670, #9840, .T. ) ;
#9260 = ORIENTED_EDGE ( 'NONE', *, *, #2646, .F. ) ;
#9261 = AXIS2_PLACEMENT_3D ( 'NONE', #5764, #5922, #4932 ) ;
#9262 = CARTESIAN_POINT ( 'NONE',  ( 10.38636363636359938, 9.340909090909089940, -0.1863636363636350102 ) ) ;
#9263 = CARTESIAN_POINT ( 'NONE',  ( 1.047237146905955374, 6.457750997099130252, 5.432878492312100072 ) ) ;
#9264 = SURFACE_SIDE_STYLE ('',( #7784 ) ) ;
#9265 = SURFACE_SIDE_STYLE ('',( #9319 ) ) ;
#9266 = ORIENTED_EDGE ( 'NONE', *, *, #7001, .F. ) ;
#9267 = CARTESIAN_POINT ( 'NONE',  ( 6.450000000000000178, 6.301461569844129862, 3.962967587499520050 ) ) ;
#9268 = AXIS2_PLACEMENT_3D ( 'NONE', #5355, #8488, #6968 ) ;
#9269 = ORIENTED_EDGE ( 'NONE', *, *, #453, .T. ) ;
#9270 = ORIENTED_EDGE ( 'NONE', *, *, #4914, .T. ) ;
#9271 = DIRECTION ( 'NONE',  ( 0.0000000000000000000, 1.000000000000000000, 0.0000000000000000000 ) ) ;
#9272 = FACE_OUTER_BOUND ( 'NONE', #8906, .T. ) ;
#9273 = B_SPLINE_CURVE_WITH_KNOTS ( 'NONE', 3,
 ( #8561, #2759, #5925, #8324 ),
 .UNSPECIFIED., .F., .F.,
 ( 4, 4 ),
 ( 2.431334022595082756E-11, 0.0001342749659835718143 ),
 .UNSPECIFIED. ) ;
#9274 =( NAMED_UNIT ( * ) SI_UNIT ( $, .STERADIAN. ) SOLID_ANGLE_UNIT ( ) );
#9275 = ORIENTED_EDGE ( 'NONE', *, *, #1848, .F. ) ;
#9276 = ORIENTED_EDGE ( 'NONE', *, *, #2125, .T. ) ;
#9278 = EDGE_CURVE ( 'NONE', #8386, #9687, #3756, .T. ) ;
#9277 = FACE_OUTER_BOUND ( 'NONE', #4556, .T. ) ;
#9279 = CARTESIAN_POINT ( 'NONE',  ( 3.994607792362412368, 6.250000000000413891, 5.499015461809751315 ) ) ;
#9280 = ADVANCED_FACE ( 'NONE', ( #9449 ), #5486, .T. ) ;
#9281 = ORIENTED_EDGE ( 'NONE', *, *, #3431, .F. ) ;
#9282 = CARTESIAN_POINT ( 'NONE',  ( 3.924099116621577288, 6.560463200155847829, 5.313097438219579693 ) ) ;
#9283 = LINE ( 'NONE', #480, #7341 ) ;
#9284 = COLOUR_RGB ( '',0.2862745098039215508, 0.6431372549019607199, 0.8666666666666666963 ) ;
#9285 = DIRECTION ( 'NONE',  ( 0.0000000000000000000, -3.675221047034999628E-15, 1.000000000000000000 ) ) ;
#9286 = EDGE_LOOP ( 'NONE', ( #4447, #3697 ) ) ;
#9287 = SURFACE_SIDE_STYLE ('',( #5121 ) ) ;
#9288 = VECTOR ( 'NONE', #1449, 1000.000000000000000 ) ;
#9289 = DIRECTION ( 'NONE',  ( 0.0000000000000000000, -1.000000000000000000, 0.0000000000000000000 ) ) ;
#9290 = EDGE_CURVE ( 'NONE', #1325, #1995, #5144, .T. ) ;
#9291 = CARTESIAN_POINT ( 'NONE',  ( 3.976121095031217134, 6.379292657753691920, 5.607444991927584610 ) ) ;
#9292 = VERTEX_POINT ( 'NONE', #6939 ) ;
#9293 = PLANE ( 'NONE',  #8841 ) ;
#9294 = DIRECTION ( 'NONE',  ( 0.0000000000000000000, 1.000000000000000000, 0.0000000000000000000 ) ) ;
#9295 = AXIS2_PLACEMENT_3D ( 'NONE', #5648, #4870, #3342 ) ;
#9296 = CARTESIAN_POINT ( 'NONE',  ( 4.500000000000000888, 6.221952518161529611, 5.100000000000011191 ) ) ;
#9297 = VECTOR ( 'NONE', #3327, 1000.000000000000000 ) ;
#9298 = AXIS2_PLACEMENT_3D ( 'NONE', #6705, #1271, #2814 ) ;
#9299 = FACE_OUTER_BOUND ( 'NONE', #8443, .T. ) ;
#9300 = CARTESIAN_POINT ( 'NONE',  ( 4.093910474793799992, 3.850000000000010303, 8.893318922984189356 ) ) ;
#9301 = EDGE_CURVE ( 'NONE', #7638, #4552, #9273, .T. ) ;
#9302 = UNCERTAINTY_MEASURE_WITH_UNIT (LENGTH_MEASURE( 1.000000000000000082E-05 ), #3811, 'distance_accuracy_value', 'NONE');
#9303 = MECHANICAL_DESIGN_GEOMETRIC_PRESENTATION_REPRESENTATION (  '', ( #2312 ), #1660 ) ;
#9304 = FACE_OUTER_BOUND ( 'NONE', #6658, .T. ) ;
#9305 = SURFACE_SIDE_STYLE ('',( #3763 ) ) ;
#9306 = AXIS2_PLACEMENT_3D ( 'NONE', #1967, #1046, #1855 ) ;
#9307 = ORIENTED_EDGE ( 'NONE', *, *, #3691, .T. ) ;
#9308 =( BOUNDED_CURVE ( )  B_SPLINE_CURVE ( 3, ( #2640, #4966, #8198, #986 ),
 .UNSPECIFIED., .F., .T. ) 
 B_SPLINE_CURVE_WITH_KNOTS ( ( 4, 4 ),
 ( 3.152431614607970722, 3.305761861899165321 ),
 .UNSPECIFIED. ) 
 CURVE ( )  GEOMETRIC_REPRESENTATION_ITEM ( )  RATIONAL_B_SPLINE_CURVE ( ( 1.000000000000000000, 0.9980417790144403556, 0.9980417790144403556, 1.000000000000000000 ) ) 
 REPRESENTATION_ITEM ( '' )  );
#9309 = CARTESIAN_POINT ( 'NONE',  ( -4.200000000000000178, 3.850000000000010303, 8.800000000000009592 ) ) ;
#9310 = DIRECTION ( 'NONE',  ( -6.323770134184271214E-17, -0.9848077530122081313, -0.1736481776669300259 ) ) ;
#9311 = VERTEX_POINT ( 'NONE', #6111 ) ;
#9312 = AXIS2_PLACEMENT_3D ( 'NONE', #784, #1702, #2479 ) ;
#9313 = UNCERTAINTY_MEASURE_WITH_UNIT (LENGTH_MEASURE( 1.000000000000000082E-05 ), #2662, 'distance_accuracy_value', 'NONE');
#9314 = CARTESIAN_POINT ( 'NONE',  ( 5.450000000000000178, 7.250000000000000000, 0.6500000000000040190 ) ) ;
#9315 = UNCERTAINTY_MEASURE_WITH_UNIT (LENGTH_MEASURE( 1.000000000000000082E-05 ), #1915, 'distance_accuracy_value', 'NONE');
#9316 = CARTESIAN_POINT ( 'NONE',  ( 6.041868568309956444, 4.650000000000009237, 9.481228347016093849 ) ) ;
#9317 = ADVANCED_FACE ( 'NONE', ( #9866 ), #455, .F. ) ;
#9318 = EDGE_CURVE ( 'NONE', #7484, #6359, #7692, .T. ) ;
#9319 = SURFACE_STYLE_FILL_AREA ( #6081 ) ;
#9320 = ORIENTED_EDGE ( 'NONE', *, *, #4842, .T. ) ;
#9321 = CARTESIAN_POINT ( 'NONE',  ( 6.023102752130522042, 6.379062758813174305, 5.679065084668720509 ) ) ;
#9322 = ORIENTED_EDGE ( 'NONE', *, *, #9965, .F. ) ;
#9323 = ORIENTED_EDGE ( 'NONE', *, *, #3313, .T. ) ;
#9324 = DIRECTION ( 'NONE',  ( 0.0000000000000000000, -1.000000000000000000, 0.0000000000000000000 ) ) ;
#9325 = CARTESIAN_POINT ( 'NONE',  ( 3.856060606060600193, -1.265151515151490047, 4.056060606060600371 ) ) ;
#9326 = AXIS2_PLACEMENT_3D ( 'NONE', #7094, #1544, #38 ) ;
#9327 = CARTESIAN_POINT ( 'NONE',  ( 2.500000000000000000, 6.000000000000000000, 10.00000000000000711 ) ) ;
#9328 = ORIENTED_EDGE ( 'NONE', *, *, #8713, .T. ) ;
#9329 = B_SPLINE_CURVE_WITH_KNOTS ( 'NONE', 3,
 ( #1358, #9210, #8476, #3671, #695, #2861 ),
 .UNSPECIFIED., .F., .F.,
 ( 4, 2, 4 ),
 ( 1.734723475976807094E-18, 0.0001521198112224725362, 0.0003042396224449433377 ),
 .UNSPECIFIED. ) ;
#9330 = DIRECTION ( 'NONE',  ( -0.2716300227878299944, -0.06713375248915300075, 0.9600573889080840084 ) ) ;
#9331 = CARTESIAN_POINT ( 'NONE',  ( 1.143990033716242083, 3.850000000000008527, 9.500000000000000000 ) ) ;
#9332 = ORIENTED_EDGE ( 'NONE', *, *, #6469, .T. ) ;
#9333 = CARTESIAN_POINT ( 'NONE',  ( -3.856009966283758139, 3.850000000000008527, 9.500000000000010658 ) ) ;
#9334 = LINE ( 'NONE', #7558, #5021 ) ;
#9335 = PRESENTATION_STYLE_ASSIGNMENT (( #1575 ) ) ;
#9336 = SURFACE_SIDE_STYLE ('',( #7019 ) ) ;
#9337 = EDGE_CURVE ( 'NONE', #4851, #1589, #1695, .T. ) ;
#9338 = AXIS2_PLACEMENT_3D ( 'NONE', #6070, #684, #8465 ) ;
#9339 = CARTESIAN_POINT ( 'NONE',  ( 0.0000000000000000000, 1.560000000000000275, -7.728965982074889342E-15 ) ) ;
#9340 = ORIENTED_EDGE ( 'NONE', *, *, #5085, .T. ) ;
#9341 = CARTESIAN_POINT ( 'NONE',  ( 6.075900883378422712, 6.560463200155849606, 5.313097438219570812 ) ) ;
#9342 = PLANE ( 'NONE',  #6623 ) ;
#9343 = DIRECTION ( 'NONE',  ( 0.0000000000000000000, 0.0000000000000000000, -1.000000000000000000 ) ) ;
#9344 = ORIENTED_EDGE ( 'NONE', *, *, #6021, .T. ) ;
#9345 =( NAMED_UNIT ( * ) PLANE_ANGLE_UNIT ( ) SI_UNIT ( $, .RADIAN. ) );
#9346 = CARTESIAN_POINT ( 'NONE',  ( 9.068650814749700473, 4.650000000000010125, 9.236151811974439241 ) ) ;
#9347 = CONICAL_SURFACE ( 'NONE', #4852, 0.2499999999999997780, 0.4636476084710116075 ) ;
#9348 = AXIS2_PLACEMENT_3D ( 'NONE', #6671, #2580, #5743 ) ;
#9349 = ADVANCED_FACE ( 'NONE', ( #8031 ), #8769, .T. ) ;
#9350 = DIRECTION ( 'NONE',  ( 0.0000000000000000000, 0.0000000000000000000, -1.000000000000000000 ) ) ;
#9351 = PRESENTATION_LAYER_ASSIGNMENT (  '', '', ( #2545 ) ) ;
#9352 = DIRECTION ( 'NONE',  ( 0.0000000000000000000, 0.0000000000000000000, -1.000000000000000000 ) ) ;
#9353 = LINE ( 'NONE', #4602, #3732 ) ;
#9354 = ORIENTED_EDGE ( 'NONE', *, *, #526, .F. ) ;
#9355 = DIRECTION ( 'NONE',  ( 0.0000000000000000000, 0.0000000000000000000, -1.000000000000000000 ) ) ;
#9356 = FACE_OUTER_BOUND ( 'NONE', #3630, .T. ) ;
#9357 = ORIENTED_EDGE ( 'NONE', *, *, #46, .F. ) ;
#9358 = ADVANCED_FACE ( 'NONE', ( #8086 ), #78, .T. ) ;
#9359 = VECTOR ( 'NONE', #7640, 1000.000000000000000 ) ;
#9360 = CARTESIAN_POINT ( 'NONE',  ( 10.00000000000000000, 0.9499999999999999556, 6.200000000000001066 ) ) ;
#9361 =( NAMED_UNIT ( * ) SI_UNIT ( $, .STERADIAN. ) SOLID_ANGLE_UNIT ( ) );
#9362 = CARTESIAN_POINT ( 'NONE',  ( 2.500000000000000000, 4.250000000000031086, 0.7499999999999981126 ) ) ;
#9363 = DIRECTION ( 'NONE',  ( 0.0000000000000000000, 0.0000000000000000000, 1.000000000000000000 ) ) ;
#9364 = FACE_OUTER_BOUND ( 'NONE', #1060, .T. ) ;
#9365 = CARTESIAN_POINT ( 'NONE',  ( 15.00000000000000000, 7.750000000000000000, 6.200000000000001066 ) ) ;
#9366 = ORIENTED_EDGE ( 'NONE', *, *, #4498, .F. ) ;
#9367 = CYLINDRICAL_SURFACE ( 'NONE', #5256, 1.749999999999990230 ) ;
#9368 = ORIENTED_EDGE ( 'NONE', *, *, #2382, .T. ) ;
#9369 = ORIENTED_EDGE ( 'NONE', *, *, #2646, .T. ) ;
#9370 = LINE ( 'NONE', #705, #8022 ) ;
#9371 = CARTESIAN_POINT ( 'NONE',  ( 3.958155913534197712, 6.384612859888997960, 5.465433459372714964 ) ) ;
#9372 = EDGE_CURVE ( 'NONE', #7306, #10163, #1396, .T. ) ;
#9373 = CIRCLE ( 'NONE', #4197, 0.2999999999999999334 ) ;
#9374 = EDGE_CURVE ( 'NONE', #7067, #9615, #4757, .T. ) ;
#9375 = SURFACE_SIDE_STYLE ('',( #2873 ) ) ;
#9376 = DIRECTION ( 'NONE',  ( 1.000000000000000000, 0.0000000000000000000, 0.0000000000000000000 ) ) ;
#9377 = MECHANICAL_DESIGN_GEOMETRIC_PRESENTATION_REPRESENTATION (  '', ( #4881 ), #3708 ) ;
#9378 = VERTEX_POINT ( 'NONE', #9496 ) ;
#9379 = FILL_AREA_STYLE_COLOUR ( '', #10195 ) ;
#9380 = CARTESIAN_POINT ( 'NONE',  ( 1.092568578620797703, 3.850000000000008527, 9.500000000000003553 ) ) ;
#9381 = VECTOR ( 'NONE', #5730, 1000.000000000000000 ) ;
#9382 = ORIENTED_EDGE ( 'NONE', *, *, #9835, .F. ) ;
#9383 = CARTESIAN_POINT ( 'NONE',  ( 2.500000000000000000, 4.250000000000031086, 0.7499999999999990008 ) ) ;
#9384 = CARTESIAN_POINT ( 'NONE',  ( 7.500000000000000000, 2.550000000114664545, 8.099999999999999645 ) ) ;
#9385 = PLANE ( 'NONE',  #7516 ) ;
#9386 = PLANE ( 'NONE',  #9238 ) ;
#9387 = AXIS2_PLACEMENT_3D ( 'NONE', #9104, #1809, #3407 ) ;
#9388 = CYLINDRICAL_SURFACE ( 'NONE', #3542, 1.400000000000000133 ) ;
#9389 = CIRCLE ( 'NONE', #6051, 1.749999999999989342 ) ;
#9390 = LINE ( 'NONE', #4692, #5643 ) ;
#9391 = VERTEX_POINT ( 'NONE', #6364 ) ;
#9392 = ORIENTED_EDGE ( 'NONE', *, *, #556, .F. ) ;
#9393 = CARTESIAN_POINT ( 'NONE',  ( 3.553947254147849844, 6.900000000000019895, 4.004821471746000228 ) ) ;
#9394 = DIRECTION ( 'NONE',  ( -1.000000000000000000, 0.0000000000000000000, 0.0000000000000000000 ) ) ;
#9395 = PRESENTATION_LAYER_ASSIGNMENT (  '', '', ( #2086 ) ) ;
#9396 = ADVANCED_FACE ( 'NONE', ( #3235 ), #2473, .T. ) ;
#9397 = EDGE_LOOP ( 'NONE', ( #6038, #6612 ) ) ;
#9398 = FILL_AREA_STYLE ('',( #3753 ) ) ;
#9399 = LINE ( 'NONE', #678, #8197 ) ;
#9400 = AXIS2_PLACEMENT_3D ( 'NONE', #2169, #4345, #10068 ) ;
#9401 = VECTOR ( 'NONE', #8684, 1000.000000000000000 ) ;
#9402 = DIRECTION ( 'NONE',  ( 0.0000000000000000000, 0.0000000000000000000, -1.000000000000000000 ) ) ;
#9403 = CARTESIAN_POINT ( 'NONE',  ( 0.9938586087084702037, 6.250000000000047073, 5.699344090454424361 ) ) ;
#9404 = CARTESIAN_POINT ( 'NONE',  ( 8.972678822245127250, 6.293409039679361605, 5.495964165887131436 ) ) ;
#9405 = EDGE_CURVE ( 'NONE', #2351, #9002, #4811, .T. ) ;
#9406 = EDGE_CURVE ( 'NONE', #9002, #7176, #9745, .T. ) ;
#9407 = ORIENTED_EDGE ( 'NONE', *, *, #6269, .T. ) ;
#9408 = DIRECTION ( 'NONE',  ( 1.000000000000000000, -1.224646799147353207E-16, 0.0000000000000000000 ) ) ;
#9409 = CARTESIAN_POINT ( 'NONE',  ( -0.9371073885687785099, 4.650000000000010125, 9.314249409997589879 ) ) ;
#9410 = AXIS2_PLACEMENT_3D ( 'NONE', #3319, #4741, #7068 ) ;
#9411 = ORIENTED_EDGE ( 'NONE', *, *, #3462, .F. ) ;
#9412 = PRODUCT_DEFINITION_CONTEXT ( 'detailed design', #2485, 'design' ) ;
#9413 = CARTESIAN_POINT ( 'NONE',  ( -3.991842265004280410, 6.591285235931310993, 5.552530875971460667 ) ) ;
#9414 = DIRECTION ( 'NONE',  ( 0.0000000000000000000, -0.1275217425395260284, 0.9918357753074259486 ) ) ;
#9415 = FACE_OUTER_BOUND ( 'NONE', #9109, .T. ) ;
#9416 = LINE ( 'NONE', #4829, #9077 ) ;
#9417 = EDGE_CURVE ( 'NONE', #1147, #3429, #2392, .T. ) ;
#9418 = ORIENTED_EDGE ( 'NONE', *, *, #6006, .F. ) ;
#9419 = CARTESIAN_POINT ( 'NONE',  ( 7.500000000000000000, 4.250000000000009770, 8.800000000000000711 ) ) ;
#9420 = ORIENTED_EDGE ( 'NONE', *, *, #506, .T. ) ;
#9421 = VERTEX_POINT ( 'NONE', #5899 ) ;
#9422 = SURFACE_STYLE_FILL_AREA ( #5558 ) ;
#9423 = VERTEX_POINT ( 'NONE', #5745 ) ;
#9424 = CARTESIAN_POINT ( 'NONE',  ( -1.449999999999999956, 5.950000000000040146, 3.494824785299559977 ) ) ;
#9425 = VERTEX_POINT ( 'NONE', #2633 ) ;
#9426 = FILL_AREA_STYLE_COLOUR ( '', #9877 ) ;
#9427 = MECHANICAL_DESIGN_GEOMETRIC_PRESENTATION_REPRESENTATION (  '', ( #1786 ), #6424 ) ;
#9428 = CARTESIAN_POINT ( 'NONE',  ( 0.2500000000000000000, 7.750000000000000000, 7.600149882373641713E-15 ) ) ;
#9429 = ADVANCED_FACE ( 'NONE', ( #283 ), #5843, .T. ) ;
#9430 = EDGE_LOOP ( 'NONE', ( #1943, #8659, #4200, #6666 ) ) ;
#9431 = CARTESIAN_POINT ( 'NONE',  ( 2.500000000000000000, 4.250000000000000000, 9.999999999999989342 ) ) ;
#9432 = DIRECTION ( 'NONE',  ( 0.0000000000000000000, 0.0000000000000000000, -1.000000000000000000 ) ) ;
#9433 = ORIENTED_EDGE ( 'NONE', *, *, #1043, .F. ) ;
#9434 = PLANE ( 'NONE',  #4014 ) ;
#9435 = DIRECTION ( 'NONE',  ( 1.000000000000000000, 0.0000000000000000000, 0.0000000000000000000 ) ) ;
#9436 = CARTESIAN_POINT ( 'NONE',  ( 1.075900883378420048, -1.462314593354880232, 5.313097438219579693 ) ) ;
#9437 = AXIS2_PLACEMENT_3D ( 'NONE', #5160, #472, #5834 ) ;
#9438 = FACE_OUTER_BOUND ( 'NONE', #1916, .T. ) ;
#9439 = ORIENTED_EDGE ( 'NONE', *, *, #1460, .T. ) ;
#9440 = ORIENTED_EDGE ( 'NONE', *, *, #2238, .T. ) ;
#9441 = SURFACE_SIDE_STYLE ('',( #2263 ) ) ;
#9442 = CARTESIAN_POINT ( 'NONE',  ( -3.994607792591831519, 6.250000000000031086, 5.499015461808847149 ) ) ;
#9443 = ADVANCED_FACE ( 'NONE', ( #9838 ), #5792, .F. ) ;
#9444 = ADVANCED_FACE ( 'NONE', ( #8187 ), #3541, .T. ) ;
#9445 = LINE ( 'NONE', #1948, #1066 ) ;
#9446 = AXIS2_PLACEMENT_3D ( 'NONE', #8830, #5446, #842 ) ;
#9447 = ORIENTED_EDGE ( 'NONE', *, *, #6293, .F. ) ;
#9448 = CARTESIAN_POINT ( 'NONE',  ( 1.008157734995720034, 6.591285235931310993, 5.552530875971450008 ) ) ;
#9449 = FACE_OUTER_BOUND ( 'NONE', #10058, .T. ) ;
#9450 = TOROIDAL_SURFACE ( 'NONE', #356, 1.600000000000000089, 0.1000000000000000056 ) ;
#9451 = CARTESIAN_POINT ( 'NONE',  ( -1.745164606171810018, 6.973925928331420110, 2.947631442961020198 ) ) ;
#9452 = CARTESIAN_POINT ( 'NONE',  ( 6.448683386022369568, 6.900595781960301878, 3.995523657362071823 ) ) ;
#9453 = CARTESIAN_POINT ( 'NONE',  ( 7.249999999999999112, 4.250000000000031086, -4.349999999999999645 ) ) ;
#9454 = PLANE ( 'NONE',  #4744 ) ;
#9455 = VERTEX_POINT ( 'NONE', #3390 ) ;
#9456 = CARTESIAN_POINT ( 'NONE',  ( 8.970979442870280707, 6.380815304788059805, 5.542356440406270401 ) ) ;
#9457 =( LENGTH_UNIT ( ) NAMED_UNIT ( * ) SI_UNIT ( .MILLI., .METRE. ) );
#9458 = ORIENTED_EDGE ( 'NONE', *, *, #7256, .T. ) ;
#9459 = EDGE_CURVE ( 'NONE', #9906, #8727, #3532, .T. ) ;
#9460 = EDGE_CURVE ( 'NONE', #1270, #1142, #9885, .T. ) ;
#9461 = LINE ( 'NONE', #9505, #9119 ) ;
#9462 = AXIS2_PLACEMENT_3D ( 'NONE', #5478, #3802, #10150 ) ;
#9463 = CARTESIAN_POINT ( 'NONE',  ( 10.00000000000000000, 7.450000000000000178, 6.500000000000000888 ) ) ;
#9464 = ORIENTED_EDGE ( 'NONE', *, *, #9045, .T. ) ;
#9465 = CARTESIAN_POINT ( 'NONE',  ( 1.446052745852149934, 6.900000000000019895, 4.004821471746000228 ) ) ;
#9466 = ORIENTED_EDGE ( 'NONE', *, *, #5502, .F. ) ;
#9467 = VECTOR ( 'NONE', #3666, 1000.000000000000000 ) ;
#9468 = VERTEX_POINT ( 'NONE', #7502 ) ;
#9469 = CARTESIAN_POINT ( 'NONE',  ( 6.107736519411112397, 6.816384655952807847, 5.200576600905339575 ) ) ;
#9470 = PRESENTATION_LAYER_ASSIGNMENT (  '', '', ( #6468 ) ) ;
#9471 =( GEOMETRIC_REPRESENTATION_CONTEXT ( 3 ) GLOBAL_UNCERTAINTY_ASSIGNED_CONTEXT ( ( #8463 ) ) GLOBAL_UNIT_ASSIGNED_CONTEXT ( ( #3405, #3453, #8264 ) ) REPRESENTATION_CONTEXT ( 'NONE', 'WORKASPACE' ) );
#9472 = ORIENTED_EDGE ( 'NONE', *, *, #1546, .F. ) ;
#9473 = EDGE_CURVE ( 'NONE', #5102, #8156, #6701, .T. ) ;
#9474 = CARTESIAN_POINT ( 'NONE',  ( 6.128298252077120090, 6.620978138265459556, 5.127902589497660202 ) ) ;
#9475 = CARTESIAN_POINT ( 'NONE',  ( 15.00000000000000000, 0.0000000000000000000, 0.0000000000000000000 ) ) ;
#9476 = ORIENTED_EDGE ( 'NONE', *, *, #997, .F. ) ;
#9477 = AXIS2_PLACEMENT_3D ( 'NONE', #7196, #4923, #8043 ) ;
#9478 = AXIS2_PLACEMENT_3D ( 'NONE', #6271, #4818, #1599 ) ;
#9479 = CARTESIAN_POINT ( 'NONE',  ( 2.500000000000000000, 4.250000000000009770, 8.800000000000009592 ) ) ;
#9480 = ORIENTED_EDGE ( 'NONE', *, *, #3172, .F. ) ;
#9481 = LINE ( 'NONE', #6452, #6908 ) ;
#9482 = ORIENTED_EDGE ( 'NONE', *, *, #8593, .T. ) ;
#9483 = CARTESIAN_POINT ( 'NONE',  ( 5.937107388568627186, 3.850000000000009415, 9.314249409997643170 ) ) ;
#9484 = LINE ( 'NONE', #4637, #10208 ) ;
#9485 =( BOUNDED_CURVE ( )  B_SPLINE_CURVE ( 3, ( #9341, #7078, #6257, #4004 ),
 .UNSPECIFIED., .F., .T. ) 
 B_SPLINE_CURVE_WITH_KNOTS ( ( 4, 4 ),
 ( 4.150549750469691546, 4.642575810304920836 ),
 .UNSPECIFIED. ) 
 CURVE ( )  GEOMETRIC_REPRESENTATION_ITEM ( )  RATIONAL_B_SPLINE_CURVE ( ( 1.000000000000000000, 0.9799274069394408038, 0.9799274069394408038, 1.000000000000000000 ) ) 
 REPRESENTATION_ITEM ( '' )  );
#9486 = EDGE_CURVE ( 'NONE', #5319, #10041, #3651, .T. ) ;
#9487 = CARTESIAN_POINT ( 'NONE',  ( -3.924099116621577288, 6.782835288287566655, 5.313097438219579693 ) ) ;
#9488 = EDGE_LOOP ( 'NONE', ( #9480, #1680 ) ) ;
#9489 = CARTESIAN_POINT ( 'NONE',  ( 9.006141391221529346, 6.250000000000031974, 5.699344090454331102 ) ) ;
#9490 = CIRCLE ( 'NONE', #547, 1.413776159319739989 ) ;
#9491 = LINE ( 'NONE', #4066, #4547 ) ;
#9492 = CARTESIAN_POINT ( 'NONE',  ( 25.00000000000000000, 7.750000000000000000, 0.4499999999999910183 ) ) ;
#9493 = ORIENTED_EDGE ( 'NONE', *, *, #5172, .T. ) ;
#9494 = CARTESIAN_POINT ( 'NONE',  ( 6.109592952281651002, 6.616355096402059210, 5.194015168276943761 ) ) ;
#9495 = CARTESIAN_POINT ( 'NONE',  ( 10.00000000000000000, 0.0000000000000000000, 0.0000000000000000000 ) ) ;
#9496 = CARTESIAN_POINT ( 'NONE',  ( 6.450000000000000178, 6.900812423267500328, 3.990870176997169949 ) ) ;
#9497 = EDGE_CURVE ( 'NONE', #7540, #3459, #596, .T. ) ;
#9498 = EDGE_CURVE ( 'NONE', #1935, #3840, #1250, .T. ) ;
#9499 = CARTESIAN_POINT ( 'NONE',  ( 6.446052745852149712, 6.900000000000019895, 4.004821471746000228 ) ) ;
#9500 = CARTESIAN_POINT ( 'NONE',  ( 139.0450000000000159, 0.8789603367746769980, 8.000000000000000000 ) ) ;
#9501 = CARTESIAN_POINT ( 'NONE',  ( 8.942782050534042071, 6.518894125889204361, 5.379130966343810272 ) ) ;
#9502 = ORIENTED_EDGE ( 'NONE', *, *, #3757, .T. ) ;
#9503 = DIRECTION ( 'NONE',  ( 0.0000000000000000000, -1.000000000000000000, 0.0000000000000000000 ) ) ;
#9504 = VERTEX_POINT ( 'NONE', #8923 ) ;
#9505 = CARTESIAN_POINT ( 'NONE',  ( 6.999999999999999112, 4.250000000000031086, 0.7499999999999960032 ) ) ;
#9506 = CARTESIAN_POINT ( 'NONE',  ( 8.924099116621579952, 6.560463200155851382, 5.313097438219569923 ) ) ;
#9507 = DIRECTION ( 'NONE',  ( 0.0000000000000000000, -0.1736481776669300259, 0.9848077530122081313 ) ) ;
#9508 = DIRECTION ( 'NONE',  ( -5.152643988049919983E-16, 0.0000000000000000000, -1.000000000000000000 ) ) ;
#9509 = ORIENTED_EDGE ( 'NONE', *, *, #5101, .T. ) ;
#9510 = LINE ( 'NONE', #798, #5758 ) ;
#9511 = ORIENTED_EDGE ( 'NONE', *, *, #4340, .T. ) ;
#9512 = EDGE_CURVE ( 'NONE', #6409, #8013, #1558, .T. ) ;
#9513 = AXIS2_PLACEMENT_3D ( 'NONE', #4445, #5278, #1251 ) ;
#9514 = ORIENTED_EDGE ( 'NONE', *, *, #3386, .F. ) ;
#9515 = FILL_AREA_STYLE_COLOUR ( '', #10008 ) ;
#9516 = CIRCLE ( 'NONE', #10160, 0.09999999999999939493 ) ;
#9517 = ORIENTED_EDGE ( 'NONE', *, *, #9748, .T. ) ;
#9518 = DIRECTION ( 'NONE',  ( -5.152643988049929844E-16, 0.0000000000000000000, -1.000000000000000000 ) ) ;
#9519 = FACE_OUTER_BOUND ( 'NONE', #8127, .T. ) ;
#9520 = B_SPLINE_CURVE_WITH_KNOTS ( 'NONE', 3,
 ( #1487, #9346, #5431, #4597, #4653, #7819 ),
 .UNSPECIFIED., .F., .F.,
 ( 4, 2, 4 ),
 ( 0.0000000000000000000, 0.4556032744928619760, 1.000000000000000000 ),
 .UNSPECIFIED. ) ;
#9521 = ORIENTED_EDGE ( 'NONE', *, *, #4394, .F. ) ;
#9522 = AXIS2_PLACEMENT_3D ( 'NONE', #3832, #8638, #3068 ) ;
#9523 = DIRECTION ( 'NONE',  ( 0.0000000000000000000, 0.0000000000000000000, 1.000000000000000000 ) ) ;
#9524 = CARTESIAN_POINT ( 'NONE',  ( 2.500000000000000000, 5.863267899285899531, 9.314249409997579221 ) ) ;
#9525 = ORIENTED_EDGE ( 'NONE', *, *, #4625, .T. ) ;
#9526 = ADVANCED_FACE ( 'NONE', ( #5566, #4153 ), #105, .T. ) ;
#9527 = EDGE_LOOP ( 'NONE', ( #8927, #4569, #9502, #5524 ) ) ;
#9528 = CARTESIAN_POINT ( 'NONE',  ( 3.890407047718349887, 6.616355096402059210, 5.194015168276943761 ) ) ;
#9529 = COLOUR_RGB ( '',0.2862745098039215508, 0.6431372549019607199, 0.8666666666666666963 ) ;
#9530 = CARTESIAN_POINT ( 'NONE',  ( -2.500000000000000000, 4.250000000000000000, 9.999999999999989342 ) ) ;
#9531 = ORIENTED_EDGE ( 'NONE', *, *, #9805, .F. ) ;
#9532 =( GEOMETRIC_REPRESENTATION_CONTEXT ( 3 ) GLOBAL_UNCERTAINTY_ASSIGNED_CONTEXT ( ( #3500 ) ) GLOBAL_UNIT_ASSIGNED_CONTEXT ( ( #8880, #241, #3346 ) ) REPRESENTATION_CONTEXT ( 'NONE', 'WORKASPACE' ) );
#9533 = CARTESIAN_POINT ( 'NONE',  ( 9.006245792511190729, 6.250000000000031086, 5.665502260967810066 ) ) ;
#9534 = ORIENTED_EDGE ( 'NONE', *, *, #711, .T. ) ;
#9535 = CARTESIAN_POINT ( 'NONE',  ( -2.500000000000000000, 4.250000000000031086, -4.349999999999999645 ) ) ;
#9536 = DIRECTION ( 'NONE',  ( -1.000000000000000000, 0.0000000000000000000, 0.0000000000000000000 ) ) ;
#9537 =( GEOMETRIC_REPRESENTATION_CONTEXT ( 3 ) GLOBAL_UNCERTAINTY_ASSIGNED_CONTEXT ( ( #9313 ) ) GLOBAL_UNIT_ASSIGNED_CONTEXT ( ( #2662, #4309, #461 ) ) REPRESENTATION_CONTEXT ( 'NONE', 'WORKASPACE' ) );
#9538 = DIRECTION ( 'NONE',  ( -0.8660254037844391517, -0.4999999999999990563, 0.0000000000000000000 ) ) ;
#9539 = EDGE_CURVE ( 'NONE', #3201, #8032, #9625, .T. ) ;
#9540 = LINE ( 'NONE', #7084, #7158 ) ;
#9541 = CARTESIAN_POINT ( 'NONE',  ( 10.00000000000000000, 7.450000000000000178, 6.200000000000001066 ) ) ;
#9542 = AXIS2_PLACEMENT_3D ( 'NONE', #630, #10199, #8453 ) ;
#9543 = VECTOR ( 'NONE', #10084, 1000.000000000000000 ) ;
#9544 = VECTOR ( 'NONE', #1994, 1000.000000000000000 ) ;
#9545 = ORIENTED_EDGE ( 'NONE', *, *, #1244, .F. ) ;
#9546 = MECHANICAL_DESIGN_GEOMETRIC_PRESENTATION_REPRESENTATION (  '', ( #9705 ), #130 ) ;
#9547 = SURFACE_SIDE_STYLE ('',( #1649 ) ) ;
#9548 = VECTOR ( 'NONE', #8922, 1000.000000000000000 ) ;
#9549 = DIRECTION ( 'NONE',  ( -1.000000000000000000, 0.0000000000000000000, 0.0000000000000000000 ) ) ;
#9550 = CARTESIAN_POINT ( 'NONE',  ( 1.005392207408169147, 6.250000000000031974, 5.499015461808848926 ) ) ;
#9551 = ADVANCED_FACE ( 'NONE', ( #6498 ), #281, .T. ) ;
#9552 = ORIENTED_EDGE ( 'NONE', *, *, #8116, .T. ) ;
#9553 = CARTESIAN_POINT ( 'NONE',  ( 9.550000000000000711, 6.250000000000031086, 0.6500000000000020206 ) ) ;
#9555 = EDGE_CURVE ( 'NONE', #7786, #1147, #7907, .T. ) ;
#9554 = SURFACE_STYLE_FILL_AREA ( #3974 ) ;
#9556 =( GEOMETRIC_REPRESENTATION_CONTEXT ( 3 ) GLOBAL_UNCERTAINTY_ASSIGNED_CONTEXT ( ( #597 ) ) GLOBAL_UNIT_ASSIGNED_CONTEXT ( ( #7427, #6807, #1268 ) ) REPRESENTATION_CONTEXT ( 'NONE', 'WORKASPACE' ) );
#9557 = ORIENTED_EDGE ( 'NONE', *, *, #6869, .T. ) ;
#9558 = STYLED_ITEM ( 'NONE', ( #2035 ), #2016 ) ;
#9559 = FACE_OUTER_BOUND ( 'NONE', #5920, .T. ) ;
#9560 = LINE ( 'NONE', #6486, #4813 ) ;
#9561 = FACE_OUTER_BOUND ( 'NONE', #4735, .T. ) ;
#9562 = STYLED_ITEM ( 'NONE', ( #5535 ), #2310 ) ;
#9563 = EDGE_CURVE ( 'NONE', #7798, #8756, #4537, .T. ) ;
#9564 =( GEOMETRIC_REPRESENTATION_CONTEXT ( 3 ) GLOBAL_UNCERTAINTY_ASSIGNED_CONTEXT ( ( #2842 ) ) GLOBAL_UNIT_ASSIGNED_CONTEXT ( ( #6521, #5750, #3773 ) ) REPRESENTATION_CONTEXT ( 'NONE', 'WORKASPACE' ) );
#9565 = VERTEX_POINT ( 'NONE', #2561 ) ;
#9566 = EDGE_CURVE ( 'NONE', #6288, #6451, #8278, .T. ) ;
#9567 = ORIENTED_EDGE ( 'NONE', *, *, #692, .T. ) ;
#9568 = EDGE_LOOP ( 'NONE', ( #8653, #4373, #3677, #4364 ) ) ;
#9569 = DIRECTION ( 'NONE',  ( 0.0000000000000000000, 1.000000000000000000, 0.0000000000000000000 ) ) ;
#9570 = ORIENTED_EDGE ( 'NONE', *, *, #5877, .T. ) ;
#9571 = UNCERTAINTY_MEASURE_WITH_UNIT (LENGTH_MEASURE( 1.000000000000000082E-05 ), #9457, 'distance_accuracy_value', 'NONE');
#9572 = PRESENTATION_LAYER_ASSIGNMENT (  '', '', ( #2105 ) ) ;
#9573 = PLANE ( 'NONE',  #4267 ) ;
#9574 = LINE ( 'NONE', #2399, #7382 ) ;
#9575 = ORIENTED_EDGE ( 'NONE', *, *, #9168, .T. ) ;
#9576 = DIRECTION ( 'NONE',  ( 1.717547996016639994E-16, 0.0000000000000000000, 1.000000000000000000 ) ) ;
#9577 = CARTESIAN_POINT ( 'NONE',  ( 10.00000000000000000, 1.800000000000000266, 10.00000000000000000 ) ) ;
#9578 = DIRECTION ( 'NONE',  ( 0.3481553119113969808, -0.8703882797784889824, 0.3481553119113949823 ) ) ;
#9579 = ORIENTED_EDGE ( 'NONE', *, *, #1024, .T. ) ;
#9580 = CARTESIAN_POINT ( 'NONE',  ( 1.038082531322272573, 6.695996851929104210, 5.479691494257481921 ) ) ;
#9581 = PRESENTATION_LAYER_ASSIGNMENT (  '', '', ( #2110 ) ) ;
#9582 = ORIENTED_EDGE ( 'NONE', *, *, #6697, .F. ) ;
#9583 = DIRECTION ( 'NONE',  ( -0.8660254037844380415, 0.5000000000000009992, 0.0000000000000000000 ) ) ;
#9584 = CARTESIAN_POINT ( 'NONE',  ( 9.074407072548709152, 3.850000000000010303, 9.158054070484201503 ) ) ;
#9585 = SURFACE_STYLE_FILL_AREA ( #219 ) ;
#9586 = CARTESIAN_POINT ( 'NONE',  ( 3.957924419191280574, 6.384681414832980018, 5.464040407139520106 ) ) ;
#9587 = EDGE_LOOP ( 'NONE', ( #8055, #5765, #6151 ) ) ;
#9588 = ADVANCED_FACE ( 'NONE', ( #8750 ), #7221, .T. ) ;
#9589 = PRESENTATION_LAYER_ASSIGNMENT (  '', '', ( #1786 ) ) ;
#9590 = EDGE_CURVE ( 'NONE', #2413, #2511, #10005, .T. ) ;
#9591 = ORIENTED_EDGE ( 'NONE', *, *, #1043, .T. ) ;
#9592 = CARTESIAN_POINT ( 'NONE',  ( 5.940892779350019914, 3.850000000000008527, 9.365590064580613827 ) ) ;
#9593 = DIRECTION ( 'NONE',  ( 1.000000000000000000, 0.0000000000000000000, 0.0000000000000000000 ) ) ;
#9594 = CARTESIAN_POINT ( 'NONE',  ( 3.254835393828189982, 6.973925928331420110, 2.947631442961020198 ) ) ;
#9595 = CARTESIAN_POINT ( 'NONE',  ( 0.8992189406417899766, 3.850000000000010303, 8.800000000000009592 ) ) ;
#9596 = AXIS2_PLACEMENT_3D ( 'NONE', #6325, #1456, #4605 ) ;
#9597 = ORIENTED_EDGE ( 'NONE', *, *, #526, .T. ) ;
#9598 = ADVANCED_FACE ( 'NONE', ( #3264 ), #6344, .T. ) ;
#9599 = STYLED_ITEM ( 'NONE', ( #2335 ), #3745 ) ;
#9600 = CARTESIAN_POINT ( 'NONE',  ( 15.00000000000000000, 7.750000000000000000, 5.900000000000000355 ) ) ;
#9601 = DIRECTION ( 'NONE',  ( 0.0000000000000000000, 0.0000000000000000000, -1.000000000000000000 ) ) ;
#9602 =( NAMED_UNIT ( * ) PLANE_ANGLE_UNIT ( ) SI_UNIT ( $, .RADIAN. ) );
#9603 = DIRECTION ( 'NONE',  ( 1.000000000000000000, 0.0000000000000000000, 0.0000000000000000000 ) ) ;
#9604 = ORIENTED_EDGE ( 'NONE', *, *, #8510, .F. ) ;
#9605 = DIRECTION ( 'NONE',  ( 3.641714079092569968E-16, 0.0000000000000000000, -1.000000000000000000 ) ) ;
#9606 =( GEOMETRIC_REPRESENTATION_CONTEXT ( 3 ) GLOBAL_UNCERTAINTY_ASSIGNED_CONTEXT ( ( #4043 ) ) GLOBAL_UNIT_ASSIGNED_CONTEXT ( ( #4452, #8461, #6011 ) ) REPRESENTATION_CONTEXT ( 'NONE', 'WORKASPACE' ) );
#9607 = EDGE_CURVE ( 'NONE', #5734, #8742, #3795, .T. ) ;
#9608 = DIRECTION ( 'NONE',  ( 1.000000000000000000, 0.0000000000000000000, 3.641714079092569968E-16 ) ) ;
#9609 = DIRECTION ( 'NONE',  ( 0.0000000000000000000, -0.06975647374412512203, 0.9975640502598243087 ) ) ;
#9610 = AXIS2_PLACEMENT_3D ( 'NONE', #8254, #1200, #3445 ) ;
#9611 = DIRECTION ( 'NONE',  ( 0.0000000000000000000, 0.0000000000000000000, 1.000000000000000000 ) ) ;
#9612 = AXIS2_PLACEMENT_3D ( 'NONE', #8501, #4491, #9190 ) ;
#9613 = ORIENTED_EDGE ( 'NONE', *, *, #7565, .T. ) ;
#9614 = FACE_OUTER_BOUND ( 'NONE', #8583, .T. ) ;
#9615 = VERTEX_POINT ( 'NONE', #6025 ) ;
#9616 = VERTEX_POINT ( 'NONE', #6756 ) ;
#9617 = CARTESIAN_POINT ( 'NONE',  ( 4.500000000000000888, 6.700487189948059807, 3.990870176997169949 ) ) ;
#9618 = EDGE_LOOP ( 'NONE', ( #1974, #2349, #9613, #9675 ) ) ;
#9619 = CIRCLE ( 'NONE', #1808, 1.749999999999989342 ) ;
#9620 = ADVANCED_FACE ( 'NONE', ( #5823 ), #7028, .T. ) ;
#9621 = CARTESIAN_POINT ( 'NONE',  ( -3.956366721515439888, 6.148436649458580483, 5.454695900211619985 ) ) ;
#9622 = ADVANCED_FACE ( 'NONE', ( #3469 ), #2034, .T. ) ;
#9623 = DIRECTION ( 'NONE',  ( 0.0000000000000000000, 0.0000000000000000000, -1.000000000000000000 ) ) ;
#9624 = ORIENTED_EDGE ( 'NONE', *, *, #5673, .T. ) ;
#9625 = LINE ( 'NONE', #3991, #5210 ) ;
#9626 = DIRECTION ( 'NONE',  ( 0.2716300227878299944, -0.06713375248915300075, 0.9600573889080840084 ) ) ;
#9627 = DIRECTION ( 'NONE',  ( 0.0000000000000000000, 1.000000000000000000, 0.0000000000000000000 ) ) ;
#9628 = ORIENTED_EDGE ( 'NONE', *, *, #2518, .T. ) ;
#9629 = DIRECTION ( 'NONE',  ( 0.4472135950260953119, 0.0000000000000000000, 0.8944271912368472188 ) ) ;
#9630 = VECTOR ( 'NONE', #4739, 1000.000000000000000 ) ;
#9631 = VECTOR ( 'NONE', #6012, 1000.000000000000000 ) ;
#9632 =( BOUNDED_CURVE ( )  B_SPLINE_CURVE ( 3, ( #9252, #4600, #682, #7619 ),
 .UNSPECIFIED., .F., .T. ) 
 B_SPLINE_CURVE_WITH_KNOTS ( ( 4, 4 ),
 ( 2.977423445241608402, 3.130753691978166220 ),
 .UNSPECIFIED. ) 
 CURVE ( )  GEOMETRIC_REPRESENTATION_ITEM ( )  RATIONAL_B_SPLINE_CURVE ( ( 1.000000000000000000, 0.9980417790286001400, 0.9980417790286001400, 1.000000000000000000 ) ) 
 REPRESENTATION_ITEM ( '' )  );
#9633 = ORIENTED_EDGE ( 'NONE', *, *, #2370, .T. ) ;
#9634 = FACE_OUTER_BOUND ( 'NONE', #9568, .T. ) ;
#9635 = CARTESIAN_POINT ( 'NONE',  ( 4.750000000000000000, 7.750000000000000000, 0.4500000000000020095 ) ) ;
#9636 = VECTOR ( 'NONE', #4711, 1000.000000000000000 ) ;
#9637 = CARTESIAN_POINT ( 'NONE',  ( 3.976961065803179984, 6.143414106835629163, 5.701458542790279971 ) ) ;
#9638 = ORIENTED_EDGE ( 'NONE', *, *, #4663, .T. ) ;
#9639 = EDGE_LOOP ( 'NONE', ( #6815, #7157, #6750, #4469, #3455, #6718, #2828 ) ) ;
#9640 = PLANE ( 'NONE',  #5890 ) ;
#9641 = CARTESIAN_POINT ( 'NONE',  ( 9.550000000000000711, 7.750000000000000000, 0.4500000000000020095 ) ) ;
#9642 = DIRECTION ( 'NONE',  ( 0.0000000000000000000, 0.0000000000000000000, 1.000000000000000000 ) ) ;
#9643 = CARTESIAN_POINT ( 'NONE',  ( -3.549999999999999822, -1.462314593354880232, 3.990870176997180607 ) ) ;
#9644 = DIRECTION ( 'NONE',  ( 0.0000000000000000000, 0.0000000000000000000, 1.000000000000000000 ) ) ;
#9645 =( NAMED_UNIT ( * ) SI_UNIT ( $, .STERADIAN. ) SOLID_ANGLE_UNIT ( ) );
#9646 = EDGE_CURVE ( 'NONE', #9112, #6326, #1822, .T. ) ;
#9647 = ORIENTED_EDGE ( 'NONE', *, *, #99, .F. ) ;
#9648 = CARTESIAN_POINT ( 'NONE',  ( 6.143990033716241861, 4.650000000000010125, 9.500000000000000000 ) ) ;
#9649 = SURFACE_STYLE_FILL_AREA ( #3875 ) ;
#9650 = CARTESIAN_POINT ( 'NONE',  ( -4.002308814042750740, 6.250000000000079936, 5.579085650507759730 ) ) ;
#9651 = CARTESIAN_POINT ( 'NONE',  ( -1.449999999999999956, 6.370920840910899940, 3.569044486294639995 ) ) ;
#9652 = ORIENTED_EDGE ( 'NONE', *, *, #10217, .F. ) ;
#9653 = CARTESIAN_POINT ( 'NONE',  ( 6.075900883378422712, 6.560463200155849606, 5.313097438219570812 ) ) ;
#9654 = DIRECTION ( 'NONE',  ( 0.0000000000000000000, 0.0000000000000000000, -1.000000000000000000 ) ) ;
#9655 = EDGE_CURVE ( 'NONE', #2250, #1530, #2712, .T. ) ;
#9656 = B_SPLINE_CURVE_WITH_KNOTS ( 'NONE', 3,
 ( #4419, #1494, #7483, #1276 ),
 .UNSPECIFIED., .F., .F.,
 ( 4, 4 ),
 ( 8.673617379884035472E-19, 0.0001342552420932855849 ),
 .UNSPECIFIED. ) ;
#9657 = TOROIDAL_SURFACE ( 'NONE', #6336, 1.413776159319739989, 0.2000000000000000111 ) ;
#9658 = CARTESIAN_POINT ( 'NONE',  ( 2.500000000000000000, 4.250000000000009770, 8.000000000000000000 ) ) ;
#9659 = CARTESIAN_POINT ( 'NONE',  ( 5.992424242424229774, 10.85606060606060019, -0.7924242424242340377 ) ) ;
#9660 = SURFACE_STYLE_USAGE ( .BOTH. , #1553 ) ;
#9661 = DIRECTION ( 'NONE',  ( 3.641714079092569968E-16, 0.0000000000000000000, -1.000000000000000000 ) ) ;
#9662 = ORIENTED_EDGE ( 'NONE', *, *, #1288, .F. ) ;
#9663 = CARTESIAN_POINT ( 'NONE',  ( 7.500000000000000000, 4.250000000000009770, 9.500000000000000000 ) ) ;
#9664 = EDGE_CURVE ( 'NONE', #3885, #410, #1983, .T. ) ;
#9665 = VERTEX_POINT ( 'NONE', #4417 ) ;
#9666 = CARTESIAN_POINT ( 'NONE',  ( 7.576979650206509653, 6.669166114049719596, 5.694239332014509714 ) ) ;
#9667 = VERTEX_POINT ( 'NONE', #508 ) ;
#9668 = CIRCLE ( 'NONE', #3678, 1.400000000000000133 ) ;
#9669 = CIRCLE ( 'NONE', #730, 1.749999999999999778 ) ;
#9670 = CARTESIAN_POINT ( 'NONE',  ( 4.206355740440960389, 6.087469401107320266, 5.606250910350279781 ) ) ;
#9671 = LINE ( 'NONE', #6394, #3226 ) ;
#9672 = ORIENTED_EDGE ( 'NONE', *, *, #2947, .F. ) ;
#9673 = SURFACE_STYLE_USAGE ( .BOTH. , #858 ) ;
#9674 = DIRECTION ( 'NONE',  ( 0.0000000000000000000, 1.000000000000000000, 0.0000000000000000000 ) ) ;
#9675 = ORIENTED_EDGE ( 'NONE', *, *, #3034, .F. ) ;
#9676 = SURFACE_SIDE_STYLE ('',( #109 ) ) ;
#9677 = VECTOR ( 'NONE', #5517, 1000.000000000000000 ) ;
#9678 = ORIENTED_EDGE ( 'NONE', *, *, #9248, .F. ) ;
#9679 = ADVANCED_FACE ( 'NONE', ( #9364 ), #1408, .T. ) ;
#9680 = ORIENTED_EDGE ( 'NONE', *, *, #5827, .T. ) ;
#9681 =( NAMED_UNIT ( * ) PLANE_ANGLE_UNIT ( ) SI_UNIT ( $, .RADIAN. ) );
#9682 = ADVANCED_FACE ( 'NONE', ( #4510 ), #6910, .T. ) ;
#9683 = CARTESIAN_POINT ( 'NONE',  ( 15.00000000000000000, 1.990236984239069917, 9.700000000000001066 ) ) ;
#9684 = DIRECTION ( 'NONE',  ( 3.641714079092569968E-16, 0.0000000000000000000, -1.000000000000000000 ) ) ;
#9685 = AXIS2_PLACEMENT_3D ( 'NONE', #7423, #1052, #4146 ) ;
#9686 = ORIENTED_EDGE ( 'NONE', *, *, #5587, .F. ) ;
#9687 = VERTEX_POINT ( 'NONE', #4466 ) ;
#9688 = DIRECTION ( 'NONE',  ( 0.0000000000000000000, 0.0000000000000000000, -1.000000000000000000 ) ) ;
#9689 = CYLINDRICAL_SURFACE ( 'NONE', #4862, 0.5999999999999998668 ) ;
#9690 = DIRECTION ( 'NONE',  ( -1.000000000000000000, 0.0000000000000000000, 0.0000000000000000000 ) ) ;
#9691 = CARTESIAN_POINT ( 'NONE',  ( 9.550000000000000711, 6.250000000000031086, 5.700000000000000178 ) ) ;
#9692 = VECTOR ( 'NONE', #6700, 1000.000000000000000 ) ;
#9693 = COLOUR_RGB ( '',0.2862745098039215508, 0.6431372549019607199, 0.8666666666666666963 ) ;
#9694 = ORIENTED_EDGE ( 'NONE', *, *, #8825, .F. ) ;
#9695 = PRESENTATION_LAYER_ASSIGNMENT (  '', '', ( #4035 ) ) ;
#9696 =( NAMED_UNIT ( * ) PLANE_ANGLE_UNIT ( ) SI_UNIT ( $, .RADIAN. ) );
#9697 = ADVANCED_FACE ( 'NONE', ( #9415 ), #4667, .T. ) ;
#9698 = FACE_OUTER_BOUND ( 'NONE', #968, .T. ) ;
#9699 = CARTESIAN_POINT ( 'NONE',  ( 10.00000000000000000, 6.436102000195529804, 9.700000000000001066 ) ) ;
#9700 = ORIENTED_EDGE ( 'NONE', *, *, #2058, .T. ) ;
#9701 = CARTESIAN_POINT ( 'NONE',  ( 0.0000000000000000000, 0.0000000000000000000, -2.576321994024960090E-15 ) ) ;
#9702 = LINE ( 'NONE', #1758, #1570 ) ;
#9703 = AXIS2_PLACEMENT_3D ( 'NONE', #7203, #7100, #8737 ) ;
#9704 = SHAPE_REPRESENTATION ( 'TB002-500-03P_Blue - S', ( #619 ), #6228 ) ;
#9705 = STYLED_ITEM ( 'NONE', ( #428 ), #1620 ) ;
#9706 = AXIS2_PLACEMENT_3D ( 'NONE', #9541, #7818, #6362 ) ;
#9707 =( NAMED_UNIT ( * ) SI_UNIT ( $, .STERADIAN. ) SOLID_ANGLE_UNIT ( ) );
#9708 = EDGE_CURVE ( 'NONE', #7134, #6359, #8037, .T. ) ;
#9709 = CARTESIAN_POINT ( 'NONE',  ( 6.143990033716241861, 3.850000000000008527, 9.500000000000000000 ) ) ;
#9710 = EDGE_CURVE ( 'NONE', #1801, #6240, #6178, .T. ) ;
#9711 = AXIS2_PLACEMENT_3D ( 'NONE', #363, #3466, #4463 ) ;
#9712 = DIRECTION ( 'NONE',  ( 1.717547996016639994E-16, 0.0000000000000000000, 1.000000000000000000 ) ) ;
#9713 = SURFACE_SIDE_STYLE ('',( #3352 ) ) ;
#9714 = ORIENTED_EDGE ( 'NONE', *, *, #9249, .F. ) ;
#9715 = CARTESIAN_POINT ( 'NONE',  ( 2.500000000000000000, 4.250000000000009770, 9.300000000000009592 ) ) ;
#9716 = AXIS2_PLACEMENT_3D ( 'NONE', #8225, #8168, #1064 ) ;
#9717 = VECTOR ( 'NONE', #9414, 1000.000000000000114 ) ;
#9718 = EDGE_LOOP ( 'NONE', ( #7487, #3881, #3116, #6338 ) ) ;
#9719 = FACE_OUTER_BOUND ( 'NONE', #3078, .T. ) ;
#9720 = ORIENTED_EDGE ( 'NONE', *, *, #5149, .T. ) ;
#9721 = CARTESIAN_POINT ( 'NONE',  ( 10.00000000000000000, 7.150000000000000355, 6.500000000000000888 ) ) ;
#9722 = FACE_OUTER_BOUND ( 'NONE', #5563, .T. ) ;
#9723 = ORIENTED_EDGE ( 'NONE', *, *, #8759, .T. ) ;
#9724 = COLOUR_RGB ( '',0.2862745098039215508, 0.6431372549019607199, 0.8666666666666666963 ) ;
#9725 =( LENGTH_UNIT ( ) NAMED_UNIT ( * ) SI_UNIT ( .MILLI., .METRE. ) );
#9726 = EDGE_CURVE ( 'NONE', #2601, #8426, #7360, .T. ) ;
#9727 = VECTOR ( 'NONE', #7972, 1000.000000000000000 ) ;
#9728 = DIRECTION ( 'NONE',  ( 6.323770134184271214E-17, 0.9848077530122081313, 0.1736481776669300259 ) ) ;
#9729 = CARTESIAN_POINT ( 'NONE',  ( 10.00000000000000000, 0.9499999999999999556, 6.200000000000001066 ) ) ;
#9730 = ORIENTED_EDGE ( 'NONE', *, *, #10035, .F. ) ;
#9731 = FILL_AREA_STYLE_COLOUR ( '', #7409 ) ;
#9732 = ORIENTED_EDGE ( 'NONE', *, *, #921, .F. ) ;
#9733 = VERTEX_POINT ( 'NONE', #5346 ) ;
#9734 = VECTOR ( 'NONE', #3995, 1000.000000000000000 ) ;
#9735 = SURFACE_SIDE_STYLE ('',( #1178 ) ) ;
#9736 = PLANE ( 'NONE',  #3760 ) ;
#9737 = ORIENTED_EDGE ( 'NONE', *, *, #955, .F. ) ;
#9738 = ADVANCED_FACE ( 'NONE', ( #648 ), #9213, .F. ) ;
#9739 = ORIENTED_EDGE ( 'NONE', *, *, #6421, .T. ) ;
#9740 = FACE_OUTER_BOUND ( 'NONE', #739, .T. ) ;
#9741 = CARTESIAN_POINT ( 'NONE',  ( -3.856009966283758583, 4.650000000000010125, 9.500000000000010658 ) ) ;
#9742 = DIRECTION ( 'NONE',  ( 0.0000000000000000000, 0.0000000000000000000, 1.000000000000000000 ) ) ;
#9743 = DIRECTION ( 'NONE',  ( 0.0000000000000000000, -0.9848077530122081313, -0.1736481776669300259 ) ) ;
#9744 = CARTESIAN_POINT ( 'NONE',  ( 3.890407047718352551, 6.616355096402057434, 5.194015168276952643 ) ) ;
#9745 = LINE ( 'NONE', #1083, #9207 ) ;
#9746 = AXIS2_PLACEMENT_3D ( 'NONE', #6427, #7935, #738 ) ;
#9747 = ORIENTED_EDGE ( 'NONE', *, *, #5065, .F. ) ;
#9748 = EDGE_CURVE ( 'NONE', #8311, #7582, #5543, .T. ) ;
#9749 =( BOUNDED_CURVE ( )  B_SPLINE_CURVE ( 3, ( #169, #3271, #5923, #4248 ),
 .UNSPECIFIED., .F., .T. ) 
 B_SPLINE_CURVE_WITH_KNOTS ( ( 4, 4 ),
 ( 1.617317421061990945, 1.640609496874660067 ),
 .UNSPECIFIED. ) 
 CURVE ( )  GEOMETRIC_REPRESENTATION_ITEM ( )  RATIONAL_B_SPLINE_CURVE ( ( 1.000000000000000000, 0.9999547904446798308, 0.9999547904446798308, 1.000000000000000000 ) ) 
 REPRESENTATION_ITEM ( '' )  );
#9750 = CARTESIAN_POINT ( 'NONE',  ( 0.0000000000000000000, 4.900000000000000355, 3.275000000000000355 ) ) ;
#9751 = ADVANCED_FACE ( 'NONE', ( #7942 ), #7304, .F. ) ;
#9752 = DIRECTION ( 'NONE',  ( 0.0000000000000000000, -1.000000000000000000, 0.0000000000000000000 ) ) ;
#9753 =( NAMED_UNIT ( * ) SI_UNIT ( $, .STERADIAN. ) SOLID_ANGLE_UNIT ( ) );
#9754 = ORIENTED_EDGE ( 'NONE', *, *, #292, .T. ) ;
#9755 = PLANE ( 'NONE',  #3657 ) ;
#9756 = DIRECTION ( 'NONE',  ( -0.9622281902964742173, 0.0000000000000000000, -0.2722442098535290400 ) ) ;
#9757 = FACE_BOUND ( 'NONE', #6774, .T. ) ;
#9758 = CIRCLE ( 'NONE', #7261, 1.700000000000000178 ) ;
#9759 = LINE ( 'NONE', #1912, #3130 ) ;
#9760 =( LENGTH_UNIT ( ) NAMED_UNIT ( * ) SI_UNIT ( .MILLI., .METRE. ) );
#9761 = SURFACE_STYLE_FILL_AREA ( #6587 ) ;
#9762 = VERTEX_POINT ( 'NONE', #949 ) ;
#9763 = FACE_OUTER_BOUND ( 'NONE', #7751, .T. ) ;
#9764 = FACE_BOUND ( 'NONE', #7654, .T. ) ;
#9765 = VECTOR ( 'NONE', #6840, 1000.000000000000000 ) ;
#9766 = ORIENTED_EDGE ( 'NONE', *, *, #7926, .F. ) ;
#9767 = CARTESIAN_POINT ( 'NONE',  ( 0.0000000000000000000, 0.9399999999999999467, 6.200000000000001066 ) ) ;
#9768 = ORIENTED_EDGE ( 'NONE', *, *, #3596, .F. ) ;
#9769 = ADVANCED_FACE ( 'NONE', ( #4140 ), #6329, .T. ) ;
#9770 = ORIENTED_EDGE ( 'NONE', *, *, #5704, .T. ) ;
#9771 = AXIS2_PLACEMENT_3D ( 'NONE', #1247, #9902, #3600 ) ;
#9772 = CARTESIAN_POINT ( 'NONE',  ( 7.500000000000000000, 2.650000000000010125, 8.099999999999999645 ) ) ;
#9773 = FILL_AREA_STYLE ('',( #9972 ) ) ;
#9774 = CARTESIAN_POINT ( 'NONE',  ( 8.551316613977631320, 6.900595781960301878, 3.995523657362072711 ) ) ;
#9775 = PLANE ( 'NONE',  #8464 ) ;
#9776 = ORIENTED_EDGE ( 'NONE', *, *, #269, .T. ) ;
#9777 = DIRECTION ( 'NONE',  ( 0.0000000000000000000, 0.0000000000000000000, -1.000000000000000000 ) ) ;
#9778 = ORIENTED_EDGE ( 'NONE', *, *, #3431, .T. ) ;
#9779 = VERTEX_POINT ( 'NONE', #3931 ) ;
#9780 = PRESENTATION_LAYER_ASSIGNMENT (  '', '', ( #3958 ) ) ;
#9781 = VECTOR ( 'NONE', #3249, 1000.000000000000000 ) ;
#9782 = ADVANCED_FACE ( 'NONE', ( #2493 ), #244, .T. ) ;
#9783 = CYLINDRICAL_SURFACE ( 'NONE', #7599, 0.5000000000000004441 ) ;
#9784 = B_SPLINE_CURVE_WITH_KNOTS ( 'NONE', 3,
 ( #9279, #6825, #2147, #7696, #5310, #9940, #617, #4323 ),
 .UNSPECIFIED., .F., .F.,
 ( 4, 2, 2, 4 ),
 ( 0.0000000000000000000, 0.1326693844476060091, 0.4942272126317400205, 1.000000000000000000 ),
 .UNSPECIFIED. ) ;
#9785 = VERTEX_POINT ( 'NONE', #5549 ) ;
#9786 = ORIENTED_EDGE ( 'NONE', *, *, #9045, .F. ) ;
#9787 =( GEOMETRIC_REPRESENTATION_CONTEXT ( 3 ) GLOBAL_UNCERTAINTY_ASSIGNED_CONTEXT ( ( #3661 ) ) GLOBAL_UNIT_ASSIGNED_CONTEXT ( ( #3471, #3050, #8332 ) ) REPRESENTATION_CONTEXT ( 'NONE', 'WORKASPACE' ) );
#9788 = FACE_OUTER_BOUND ( 'NONE', #3039, .T. ) ;
#9789 = CIRCLE ( 'NONE', #4304, 0.5000000000000000000 ) ;
#9790 = DIRECTION ( 'NONE',  ( 0.0000000000000000000, 0.0000000000000000000, 1.000000000000000000 ) ) ;
#9791 = DIRECTION ( 'NONE',  ( 0.0000000000000000000, 1.000000000000000000, 0.0000000000000000000 ) ) ;
#9792 = DIRECTION ( 'NONE',  ( 0.0000000000000000000, -1.000000000000000000, 0.0000000000000000000 ) ) ;
#9793 = CARTESIAN_POINT ( 'NONE',  ( 7.500000000000000000, 5.850000000000009415, 8.000000000000000000 ) ) ;
#9794 = EDGE_CURVE ( 'NONE', #3242, #6375, #2272, .T. ) ;
#9795 = ORIENTED_EDGE ( 'NONE', *, *, #3386, .T. ) ;
#9796 = DIRECTION ( 'NONE',  ( -1.000000000000000000, 0.0000000000000000000, 0.0000000000000000000 ) ) ;
#9797 = CARTESIAN_POINT ( 'NONE',  ( 2.500000000000000000, 4.250000000000009770, 8.099999999999999645 ) ) ;
#9798 = CARTESIAN_POINT ( 'NONE',  ( -1.143939393939400029, -1.265151515151490047, 4.056060606060600371 ) ) ;
#9799 = PRESENTATION_STYLE_ASSIGNMENT (( #7245 ) ) ;
#9800 = ORIENTED_EDGE ( 'NONE', *, *, #4904, .F. ) ;
#9801 = LINE ( 'NONE', #442, #5737 ) ;
#9802 = PLANE ( 'NONE',  #1416 ) ;
#9803 = EDGE_CURVE ( 'NONE', #8279, #9468, #610, .T. ) ;
#9804 = FACE_OUTER_BOUND ( 'NONE', #5253, .T. ) ;
#9805 = EDGE_CURVE ( 'NONE', #3324, #7208, #4387, .T. ) ;
#9806 = CARTESIAN_POINT ( 'NONE',  ( 7.500000000000000000, 9.550000000000029132, 2.750000000000000000 ) ) ;
#9807 = VERTEX_POINT ( 'NONE', #4977 ) ;
#9808 = CARTESIAN_POINT ( 'NONE',  ( 3.549999999999999822, 6.301461569844129862, 3.962967587499530264 ) ) ;
#9809 = SURFACE_SIDE_STYLE ('',( #1000 ) ) ;
#9810 = LINE ( 'NONE', #4848, #7723 ) ;
#9811 = VERTEX_POINT ( 'NONE', #9158 ) ;
#9812 = LINE ( 'NONE', #3858, #98 ) ;
#9813 = ORIENTED_EDGE ( 'NONE', *, *, #571, .F. ) ;
#9814 = DIRECTION ( 'NONE',  ( -1.000000000000000000, 0.0000000000000000000, 0.0000000000000000000 ) ) ;
#9815 = VERTEX_POINT ( 'NONE', #1047 ) ;
#9816 = SURFACE_STYLE_FILL_AREA ( #9773 ) ;
#9817 = DIRECTION ( 'NONE',  ( 0.0000000000000000000, 0.0000000000000000000, 1.000000000000000000 ) ) ;
#9818 = CARTESIAN_POINT ( 'NONE',  ( 7.500000000000000000, 4.250000000000009770, 9.314249409997579221 ) ) ;
#9819 = EDGE_CURVE ( 'NONE', #7387, #4482, #5864, .T. ) ;
#9820 = ORIENTED_EDGE ( 'NONE', *, *, #8285, .T. ) ;
#9821 = CIRCLE ( 'NONE', #9180, 0.5000000000000004441 ) ;
#9822 = CARTESIAN_POINT ( 'NONE',  ( -2.500000000000000000, 2.650000000000010125, 9.500000000000010658 ) ) ;
#9823 = ORIENTED_EDGE ( 'NONE', *, *, #7238, .T. ) ;
#9824 = ORIENTED_EDGE ( 'NONE', *, *, #7947, .T. ) ;
#9825 = CARTESIAN_POINT ( 'NONE',  ( 3.994607792362412368, 6.250000000000413891, 5.499015461809751315 ) ) ;
#9826 = VECTOR ( 'NONE', #4542, 1000.000000000000000 ) ;
#9827 = AXIS2_PLACEMENT_3D ( 'NONE', #9904, #3446, #2688 ) ;
#9828 = FACE_OUTER_BOUND ( 'NONE', #3372, .T. ) ;
#9829 = LINE ( 'NONE', #8393, #10034 ) ;
#9830 = ORIENTED_EDGE ( 'NONE', *, *, #8326, .T. ) ;
#9831 = B_SPLINE_CURVE_WITH_KNOTS ( 'NONE', 3,
 ( #6245, #4840, #3166, #6449, #8010, #912 ),
 .UNSPECIFIED., .F., .F.,
 ( 4, 2, 4 ),
 ( 0.0000000000000000000, 0.4556032744928619760, 1.000000000000000000 ),
 .UNSPECIFIED. ) ;
#9832 = EDGE_LOOP ( 'NONE', ( #3807, #5987, #6747, #1051, #4145, #561, #1070 ) ) ;
#9833 = CARTESIAN_POINT ( 'NONE',  ( 3.549999999999999822, 6.900812423267500328, 3.990870176997180607 ) ) ;
#9834 = LINE ( 'NONE', #6614, #2823 ) ;
#9835 = EDGE_CURVE ( 'NONE', #4321, #2142, #5798, .T. ) ;
#9836 = FACE_OUTER_BOUND ( 'NONE', #8405, .T. ) ;
#9837 = CARTESIAN_POINT ( 'NONE',  ( 6.075900883378422712, 6.560463200155849606, 5.313097438219570812 ) ) ;
#9838 = FACE_OUTER_BOUND ( 'NONE', #7899, .T. ) ;
#9839 = AXIS2_PLACEMENT_3D ( 'NONE', #4859, #8028, #178 ) ;
#9840 = CIRCLE ( 'NONE', #5358, 0.2999999999999999334 ) ;
#9841 = VERTEX_POINT ( 'NONE', #5814 ) ;
#9842 = CARTESIAN_POINT ( 'NONE',  ( 6.041868568309951115, 4.650000000000009237, 9.481228347016090297 ) ) ;
#9843 =( LENGTH_UNIT ( ) NAMED_UNIT ( * ) SI_UNIT ( .MILLI., .METRE. ) );
#9844 = CARTESIAN_POINT ( 'NONE',  ( 8.550000000000000711, 5.950000000000040146, 3.291739462922410375 ) ) ;
#9845 = EDGE_CURVE ( 'NONE', #6915, #3581, #4297, .T. ) ;
#9846 = AXIS2_PLACEMENT_3D ( 'NONE', #9086, #385, #8302 ) ;
#9847 = CARTESIAN_POINT ( 'NONE',  ( 8.952762705847680635, 6.457752998433941016, 5.432877601037962911 ) ) ;
#9848 = CARTESIAN_POINT ( 'NONE',  ( 8.856009966283759027, 3.850000000000010303, 9.500000000000000000 ) ) ;
#9849 = ORIENTED_EDGE ( 'NONE', *, *, #7045, .F. ) ;
#9850 = CARTESIAN_POINT ( 'NONE',  ( 2.250000000000000444, 4.250000000000031086, -4.349999999999999645 ) ) ;
#9851 = DIRECTION ( 'NONE',  ( 0.2722442098535290400, 0.0000000000000000000, -0.9622281902964742173 ) ) ;
#9852 =( LENGTH_UNIT ( ) NAMED_UNIT ( * ) SI_UNIT ( .MILLI., .METRE. ) );
#9853 = UNCERTAINTY_MEASURE_WITH_UNIT (LENGTH_MEASURE( 1.000000000000000082E-05 ), #3131, 'distance_accuracy_value', 'NONE');
#9854 = MECHANICAL_DESIGN_GEOMETRIC_PRESENTATION_REPRESENTATION (  '', ( #3047 ), #9537 ) ;
#9855 = FACE_OUTER_BOUND ( 'NONE', #325, .T. ) ;
#9856 = CARTESIAN_POINT ( 'NONE',  ( 7.500000000000000000, 6.250000000000031086, 1.349999999999999867 ) ) ;
#9857 = EDGE_CURVE ( 'NONE', #9762, #2626, #2021, .T. ) ;
#9858 = AXIS2_PLACEMENT_3D ( 'NONE', #3796, #9236, #7807 ) ;
#9859 = CARTESIAN_POINT ( 'NONE',  ( 0.9408890998796609617, 4.650000000000011013, 9.365540160508109224 ) ) ;
#9860 =( NAMED_UNIT ( * ) PLANE_ANGLE_UNIT ( ) SI_UNIT ( $, .RADIAN. ) );
#9861 = ORIENTED_EDGE ( 'NONE', *, *, #5998, .F. ) ;
#9862 = DIRECTION ( 'NONE',  ( 0.0000000000000000000, -1.000000000000000000, 0.0000000000000000000 ) ) ;
#9863 = AXIS2_PLACEMENT_3D ( 'NONE', #4292, #5080, #7574 ) ;
#9864 = LINE ( 'NONE', #1108, #3891 ) ;
#9865 = VERTEX_POINT ( 'NONE', #5027 ) ;
#9866 = FACE_OUTER_BOUND ( 'NONE', #111, .T. ) ;
#9867 = ORIENTED_EDGE ( 'NONE', *, *, #5781, .T. ) ;
#9868 = DIRECTION ( 'NONE',  ( 0.0000000000000000000, 0.0000000000000000000, 1.000000000000000000 ) ) ;
#9869 = SURFACE_STYLE_FILL_AREA ( #6703 ) ;
#9870 = CIRCLE ( 'NONE', #1747, 0.2999999999999999334 ) ;
#9871 = ORIENTED_EDGE ( 'NONE', *, *, #805, .T. ) ;
#9872 = CARTESIAN_POINT ( 'NONE',  ( -2.500000000000000000, 2.500000000000010214, 9.999999999999982236 ) ) ;
#9873 = ADVANCED_FACE ( 'NONE', ( #8371 ), #1210, .T. ) ;
#9874 = ADVANCED_FACE ( 'NONE', ( #1968 ), #4220, .T. ) ;
#9875 = SURFACE_STYLE_USAGE ( .BOTH. , #8167 ) ;
#9876 = CARTESIAN_POINT ( 'NONE',  ( 7.500000000000000000, 4.250000000000009770, 9.500000000000000000 ) ) ;
#9877 = COLOUR_RGB ( '',0.2862745098039215508, 0.6431372549019607199, 0.8666666666666666963 ) ;
#9878 = LINE ( 'NONE', #2769, #2164 ) ;
#9879 = ORIENTED_EDGE ( 'NONE', *, *, #4429, .T. ) ;
#9880 = SURFACE_STYLE_FILL_AREA ( #1172 ) ;
#9881 = ORIENTED_EDGE ( 'NONE', *, *, #5747, .F. ) ;
#9882 = ORIENTED_EDGE ( 'NONE', *, *, #5163, .F. ) ;
#9883 = CARTESIAN_POINT ( 'NONE',  ( -4.549999999999999822, 5.950000000000040146, 0.6500000000000289990 ) ) ;
#9884 = FACE_OUTER_BOUND ( 'NONE', #5947, .T. ) ;
#9885 = B_SPLINE_CURVE_WITH_KNOTS ( 'NONE', 3,
 ( #8975, #336, #3438, #4327, #1896, #6620 ),
 .UNSPECIFIED., .F., .F.,
 ( 4, 2, 4 ),
 ( 0.0000000000000000000, 0.5443967235633909718, 1.000000000000000000 ),
 .UNSPECIFIED. ) ;
#9886 = AXIS2_PLACEMENT_3D ( 'NONE', #1685, #3509, #8214 ) ;
#9887 = CYLINDRICAL_SURFACE ( 'NONE', #6929, 1.399999999999999911 ) ;
#9888 = ORIENTED_EDGE ( 'NONE', *, *, #7415, .T. ) ;
#9889 = VERTEX_POINT ( 'NONE', #1102 ) ;
#9890 = CARTESIAN_POINT ( 'NONE',  ( 4.062892611435058754, 3.850000000000010303, 9.314249409999350249 ) ) ;
#9891 = CARTESIAN_POINT ( 'NONE',  ( 8.553947254147852064, 6.900000000000019895, 4.004821471746000228 ) ) ;
#9892 = ORIENTED_EDGE ( 'NONE', *, *, #3013, .T. ) ;
#9893 = DIRECTION ( 'NONE',  ( 5.152643988049929844E-16, 0.0000000000000000000, 1.000000000000000000 ) ) ;
#9894 = AXIS2_PLACEMENT_3D ( 'NONE', #2855, #9254, #6015 ) ;
#9895 = CARTESIAN_POINT ( 'NONE',  ( 7.500000000000000000, 4.250000000000000000, 10.00000000000000000 ) ) ;
#9896 = LINE ( 'NONE', #4326, #8558 ) ;
#9897 = DIRECTION ( 'NONE',  ( 0.0000000000000000000, 0.0000000000000000000, 1.000000000000000000 ) ) ;
#9898 = ADVANCED_FACE ( 'NONE', ( #5186 ), #6586, .T. ) ;
#9899 = EDGE_CURVE ( 'NONE', #1092, #1508, #7468, .T. ) ;
#9900 = VERTEX_POINT ( 'NONE', #2777 ) ;
#9901 = UNCERTAINTY_MEASURE_WITH_UNIT (LENGTH_MEASURE( 1.000000000000000082E-05 ), #3992, 'distance_accuracy_value', 'NONE');
#9902 = DIRECTION ( 'NONE',  ( 0.0000000000000000000, 0.0000000000000000000, 1.000000000000000000 ) ) ;
#9903 = DIRECTION ( 'NONE',  ( -5.580452358381269806E-16, 1.000000000000000000, 0.0000000000000000000 ) ) ;
#9904 = CARTESIAN_POINT ( 'NONE',  ( 7.500000000000000000, 4.250000000000009770, 9.300000000000000711 ) ) ;
#9905 = CARTESIAN_POINT ( 'NONE',  ( 9.034292344244924777, 3.850000000000010303, 9.413932751395408971 ) ) ;
#9906 = VERTEX_POINT ( 'NONE', #1885 ) ;
#9907 = DIRECTION ( 'NONE',  ( -0.2716300227878299944, -0.06713375248915300075, 0.9600573889080840084 ) ) ;
#9908 = AXIS2_PLACEMENT_3D ( 'NONE', #1068, #8955, #1225 ) ;
#9909 = PRODUCT_DEFINITION_FORMATION_WITH_SPECIFIED_SOURCE ( 'ANY', '', #1768, .NOT_KNOWN. ) ;
#9910 = EDGE_CURVE ( 'NONE', #2860, #5319, #9829, .T. ) ;
#9911 = DIRECTION ( 'NONE',  ( -1.000000000000000000, 0.0000000000000000000, -3.641714079092569968E-16 ) ) ;
#9912 = UNCERTAINTY_MEASURE_WITH_UNIT (LENGTH_MEASURE( 1.000000000000000082E-05 ), #8672, 'distance_accuracy_value', 'NONE');
#9913 = SURFACE_STYLE_USAGE ( .BOTH. , #9305 ) ;
#9914 = ORIENTED_EDGE ( 'NONE', *, *, #4085, .F. ) ;
#9915 = CARTESIAN_POINT ( 'NONE',  ( -1.030138328475444620, 6.381146321193679860, 5.536094731138470060 ) ) ;
#9916 = CARTESIAN_POINT ( 'NONE',  ( 10.30499999999999972, 1.726091832102840007, 0.0000000000000000000 ) ) ;
#9917 = VERTEX_POINT ( 'NONE', #9128 ) ;
#9918 = VERTEX_POINT ( 'NONE', #6821 ) ;
#9919 = EDGE_CURVE ( 'NONE', #206, #26, #1129, .T. ) ;
#9920 =( LENGTH_UNIT ( ) NAMED_UNIT ( * ) SI_UNIT ( .MILLI., .METRE. ) );
#9921 = EDGE_LOOP ( 'NONE', ( #895, #1497, #2138, #6331 ) ) ;
#9922 = DIRECTION ( 'NONE',  ( 0.0000000000000000000, 1.000000000000000000, 0.0000000000000000000 ) ) ;
#9923 = DIRECTION ( 'NONE',  ( -0.9284766908852591927, 0.3713906763541040545, 1.594703279778140325E-16 ) ) ;
#9924 = COLOUR_RGB ( '',0.2862745098039215508, 0.6431372549019607199, 0.8666666666666666963 ) ;
#9925 = CYLINDRICAL_SURFACE ( 'NONE', #4652, 0.2999999999999999334 ) ;
#9926 = EDGE_LOOP ( 'NONE', ( #6980, #3263, #9647, #2393, #6247, #8217, #9956, #4121, #7946, #7867, #7128, #5086, #5483, #6132, #2998 ) ) ;
#9927 = CARTESIAN_POINT ( 'NONE',  ( 0.5500000000000000444, 1.652376043070270084, 6.200000000000001066 ) ) ;
#9928 = ORIENTED_EDGE ( 'NONE', *, *, #10137, .T. ) ;
#9929 = ORIENTED_EDGE ( 'NONE', *, *, #692, .F. ) ;
#9930 = CARTESIAN_POINT ( 'NONE',  ( 10.00000000000000000, 7.150000000000000355, 6.500000000000000888 ) ) ;
#9931 = DIRECTION ( 'NONE',  ( 0.0000000000000000000, 1.000000000000000000, 0.0000000000000000000 ) ) ;
#9932 = EDGE_CURVE ( 'NONE', #7742, #2396, #560, .T. ) ;
#9933 = ADVANCED_FACE ( 'NONE', ( #4265 ), #5260, .F. ) ;
#9934 = AXIS2_PLACEMENT_3D ( 'NONE', #7665, #3611, #4402 ) ;
#9935 = DIRECTION ( 'NONE',  ( 0.0000000000000000000, -1.000000000000000000, 0.0000000000000000000 ) ) ;
#9936 = CARTESIAN_POINT ( 'NONE',  ( 10.00000000000000000, 1.800000000000000266, 10.00000000000000000 ) ) ;
#9937 = ORIENTED_EDGE ( 'NONE', *, *, #7713, .T. ) ;
#9938 = EDGE_LOOP ( 'NONE', ( #1781, #8286, #6665, #5110 ) ) ;
#9939 = CARTESIAN_POINT ( 'NONE',  ( 8.550000000000000711, 6.700487189948059807, 3.990870176997169949 ) ) ;
#9940 = CARTESIAN_POINT ( 'NONE',  ( 4.005306635626549649, 6.250000000000079936, 5.631641418841230262 ) ) ;
#9941 = ORIENTED_EDGE ( 'NONE', *, *, #6779, .T. ) ;
#9942 = VECTOR ( 'NONE', #7403, 1000.000000000000000 ) ;
#9943 = LINE ( 'NONE', #7603, #7504 ) ;
#9944 = AXIS2_PLACEMENT_3D ( 'NONE', #983, #6520, #9796 ) ;
#9945 = CARTESIAN_POINT ( 'NONE',  ( 0.0000000000000000000, 7.750000000000000000, 2.576321994025010183E-15 ) ) ;
#9946 = VECTOR ( 'NONE', #5787, 1000.000000000000000 ) ;
#9947 = ORIENTED_EDGE ( 'NONE', *, *, #7477, .T. ) ;
#9948 = CARTESIAN_POINT ( 'NONE',  ( 1.449999999999999956, 5.950000000000040146, 3.494824785299559977 ) ) ;
#9949 = SURFACE_STYLE_FILL_AREA ( #2638 ) ;
#9950 = FILL_AREA_STYLE ('',( #2061 ) ) ;
#9951 = CARTESIAN_POINT ( 'NONE',  ( 5.906089525206200008, 3.850000000000010303, 8.893318922984189356 ) ) ;
#9952 = CYLINDRICAL_SURFACE ( 'NONE', #7061, 1.749999999999990230 ) ;
#9953 = EDGE_CURVE ( 'NONE', #7321, #10105, #3297, .T. ) ;
#9954 = CONICAL_SURFACE ( 'NONE', #4481, 0.2500000000000002220, 0.4636476084710116075 ) ;
#9955 = EDGE_CURVE ( 'NONE', #7577, #4258, #8240, .T. ) ;
#9956 = ORIENTED_EDGE ( 'NONE', *, *, #9259, .T. ) ;
#9957 =( NAMED_UNIT ( * ) PLANE_ANGLE_UNIT ( ) SI_UNIT ( $, .RADIAN. ) );
#9958 = VECTOR ( 'NONE', #6143, 1000.000000000000000 ) ;
#9959 = CONICAL_SURFACE ( 'NONE', #4116, 0.2499999999999997780, 0.4636476084710116075 ) ;
#9960 = PRESENTATION_STYLE_ASSIGNMENT (( #6113 ) ) ;
#9961 = AXIS2_PLACEMENT_3D ( 'NONE', #1206, #8499, #1481 ) ;
#9962 = CARTESIAN_POINT ( 'NONE',  ( 1.041844086465574026, 6.384612859889100989, 5.465433459372669667 ) ) ;
#9963 = CARTESIAN_POINT ( 'NONE',  ( -0.9255929274512909588, 3.850000000000010303, 9.158054070484210385 ) ) ;
#9964 = CYLINDRICAL_SURFACE ( 'NONE', #9894, 1.749999999999990230 ) ;
#9965 = EDGE_CURVE ( 'NONE', #2191, #6505, #2077, .T. ) ;
#9966 = VERTEX_POINT ( 'NONE', #2827 ) ;
#9967 = CARTESIAN_POINT ( 'NONE',  ( 9.093910474793799992, 4.650000000000010125, 8.893318922984189356 ) ) ;
#9968 = PLANE ( 'NONE',  #4596 ) ;
#9969 = VERTEX_POINT ( 'NONE', #5209 ) ;
#9970 = DIRECTION ( 'NONE',  ( 0.0000000000000000000, 1.000000000000000000, 0.0000000000000000000 ) ) ;
#9971 = DIRECTION ( 'NONE',  ( -1.000000000000000000, 0.0000000000000000000, 0.0000000000000000000 ) ) ;
#9972 = FILL_AREA_STYLE_COLOUR ( '', #9044 ) ;
#9973 =( NAMED_UNIT ( * ) SI_UNIT ( $, .STERADIAN. ) SOLID_ANGLE_UNIT ( ) );
#9974 = SURFACE_STYLE_USAGE ( .BOTH. , #8432 ) ;
#9975 = EDGE_CURVE ( 'NONE', #5454, #9081, #3638, .T. ) ;
#9976 = VERTEX_POINT ( 'NONE', #1328 ) ;
#9977 = DIRECTION ( 'NONE',  ( -5.152643988049929844E-16, 0.0000000000000000000, -1.000000000000000000 ) ) ;
#9978 = ORIENTED_EDGE ( 'NONE', *, *, #7279, .T. ) ;
#9979 = ORIENTED_EDGE ( 'NONE', *, *, #161, .T. ) ;
#9980 = CARTESIAN_POINT ( 'NONE',  ( 4.093910474793799992, 4.650000000000010125, 8.893318922984189356 ) ) ;
#9981 = LINE ( 'NONE', #3782, #8220 ) ;
#9982 = CARTESIAN_POINT ( 'NONE',  ( 6.008157734995720034, 6.591285235931310993, 5.552530875971450008 ) ) ;
#9983 = EDGE_LOOP ( 'NONE', ( #5659, #4983, #3957, #2584 ) ) ;
#9984 = VECTOR ( 'NONE', #7458, 1000.000000000000000 ) ;
#9985 = ORIENTED_EDGE ( 'NONE', *, *, #6097, .T. ) ;
#9986 = CARTESIAN_POINT ( 'NONE',  ( 8.892263480588887603, 6.816384655952809624, 5.200576600905333358 ) ) ;
#9987 = FACE_OUTER_BOUND ( 'NONE', #9938, .T. ) ;
#9988 = ADVANCED_FACE ( 'NONE', ( #4479 ), #4427, .T. ) ;
#9989 = ORIENTED_EDGE ( 'NONE', *, *, #8389, .F. ) ;
#9990 = ADVANCED_FACE ( 'NONE', ( #5508, #1564, #3073 ), #5409, .T. ) ;
#9991 = FACE_OUTER_BOUND ( 'NONE', #2317, .T. ) ;
#9992 = DIRECTION ( 'NONE',  ( 0.0000000000000000000, 0.0000000000000000000, -1.000000000000000000 ) ) ;
#9993 = CARTESIAN_POINT ( 'NONE',  ( 0.3549999999999999822, 0.7350406544375860385, 6.200000000000001066 ) ) ;
#9994 = MECHANICAL_DESIGN_GEOMETRIC_PRESENTATION_REPRESENTATION (  '', ( #422 ), #3842 ) ;
#9995 = EDGE_LOOP ( 'NONE', ( #4574, #2290, #6931, #4672 ) ) ;
#9996 = DIRECTION ( 'NONE',  ( 0.0000000000000000000, 0.0000000000000000000, 1.000000000000000000 ) ) ;
#9997 = DIRECTION ( 'NONE',  ( 0.0000000000000000000, -1.000000000000000000, -3.965082230804152702E-15 ) ) ;
#9998 = DIRECTION ( 'NONE',  ( 0.0000000000000000000, -1.000000000000000000, -3.965082230804130614E-15 ) ) ;
#9999 = EDGE_CURVE ( 'NONE', #4315, #8065, #3384, .T. ) ;
#10000 = CARTESIAN_POINT ( 'NONE',  ( 3.969861671524563373, 6.381146321193676307, 5.536094731138513581 ) ) ;
#10001 = MECHANICAL_DESIGN_GEOMETRIC_PRESENTATION_REPRESENTATION (  '', ( #4020 ), #8523 ) ;
#10002 = ORIENTED_EDGE ( 'NONE', *, *, #3560, .T. ) ;
#10003 = LINE ( 'NONE', #5280, #3553 ) ;
#10004 = VECTOR ( 'NONE', #6000, 1000.000000000000000 ) ;
#10005 = B_SPLINE_CURVE_WITH_KNOTS ( 'NONE', 3,
 ( #3366, #6549, #4737, #3945, #3165, #2452 ),
 .UNSPECIFIED., .F., .F.,
 ( 4, 2, 4 ),
 ( 0.0000000000000000000, 0.4556032744929219835, 1.000000000000000000 ),
 .UNSPECIFIED. ) ;
#10006 = EDGE_CURVE ( 'NONE', #2261, #1995, #1513, .T. ) ;
#10007 = FILL_AREA_STYLE_COLOUR ( '', #5957 ) ;
#10008 = COLOUR_RGB ( '',0.2862745098039215508, 0.6431372549019607199, 0.8666666666666666963 ) ;
#10009 = FACE_OUTER_BOUND ( 'NONE', #1464, .T. ) ;
#10010 = UNCERTAINTY_MEASURE_WITH_UNIT (LENGTH_MEASURE( 1.000000000000000082E-05 ), #8775, 'distance_accuracy_value', 'NONE');
#10011 = SURFACE_STYLE_FILL_AREA ( #4454 ) ;
#10012 = EDGE_LOOP ( 'NONE', ( #8870, #371, #6384, #750, #2605, #8390, #5872, #8771 ) ) ;
#10013 = DIRECTION ( 'NONE',  ( 0.0000000000000000000, 0.0000000000000000000, 1.000000000000000000 ) ) ;
#10014 = DIRECTION ( 'NONE',  ( 1.000000000000000000, 0.0000000000000000000, 0.0000000000000000000 ) ) ;
#10015 = EDGE_LOOP ( 'NONE', ( #8354, #3679, #474, #1291 ) ) ;
#10016 = PRESENTATION_LAYER_ASSIGNMENT (  '', '', ( #6037 ) ) ;
#10017 = UNCERTAINTY_MEASURE_WITH_UNIT (LENGTH_MEASURE( 1.000000000000000082E-05 ), #5636, 'distance_accuracy_value', 'NONE');
#10018 = ADVANCED_FACE ( 'NONE', ( #4676 ), #3876, .T. ) ;
#10019 = ADVANCED_FACE ( 'NONE', ( #10184, #3120, #2190 ), #6291, .F. ) ;
#10020 = VECTOR ( 'NONE', #4368, 1000.000000000000000 ) ;
#10021 = FACE_OUTER_BOUND ( 'NONE', #8538, .T. ) ;
#10022 = CARTESIAN_POINT ( 'NONE',  ( 1.041844086465574692, 6.384612859889100100, 5.465433459372670555 ) ) ;
#10023 = CARTESIAN_POINT ( 'NONE',  ( -2.500000000000000000, 4.250000000000031086, -4.349999999999999645 ) ) ;
#10024 = CARTESIAN_POINT ( 'NONE',  ( 0.0000000000000000000, 7.450000000000000178, 6.500000000000009770 ) ) ;
#10025 = FILL_AREA_STYLE ('',( #8385 ) ) ;
#10026 = ORIENTED_EDGE ( 'NONE', *, *, #99, .T. ) ;
#10027 = PRESENTATION_STYLE_ASSIGNMENT (( #3829 ) ) ;
#10028 = VERTEX_POINT ( 'NONE', #7905 ) ;
#10029 = VECTOR ( 'NONE', #8860, 1000.000000000000000 ) ;
#10030 = VECTOR ( 'NONE', #4496, 1000.000000000000000 ) ;
#10031 = ORIENTED_EDGE ( 'NONE', *, *, #139, .F. ) ;
#10032 = CARTESIAN_POINT ( 'NONE',  ( -1.023374573466581117, 6.471519187295013964, 5.653980163196915321 ) ) ;
#10033 = LINE ( 'NONE', #5405, #4550 ) ;
#10034 = VECTOR ( 'NONE', #3531, 1000.000000000000000 ) ;
#10035 = EDGE_CURVE ( 'NONE', #9391, #7959, #6192, .T. ) ;
#10036 = CYLINDRICAL_SURFACE ( 'NONE', #3430, 0.5999999999999998668 ) ;
#10037 = DIRECTION ( 'NONE',  ( 0.0000000000000000000, -1.000000000000000000, 0.0000000000000000000 ) ) ;
#10038 = VERTEX_POINT ( 'NONE', #9424 ) ;
#10039 = AXIS2_PLACEMENT_3D ( 'NONE', #6667, #5111, #9082 ) ;
#10040 = VECTOR ( 'NONE', #8818, 1000.000000000000000 ) ;
#10041 = VERTEX_POINT ( 'NONE', #4628 ) ;
#10042 = CARTESIAN_POINT ( 'NONE',  ( 10.36999999999999922, 0.8864914703891380032, 6.200000000000001066 ) ) ;
#10043 = ORIENTED_EDGE ( 'NONE', *, *, #9563, .T. ) ;
#10044 = AXIS2_PLACEMENT_3D ( 'NONE', #8681, #1549, #6854 ) ;
#10045 = CARTESIAN_POINT ( 'NONE',  ( -2.500000000000000000, 4.250000000000031086, -5.204170427930419706E-15 ) ) ;
#10046 = DIRECTION ( 'NONE',  ( 0.2716300227878299944, 0.06713375248915300075, -0.9600573889080840084 ) ) ;
#10047 = DIRECTION ( 'NONE',  ( -1.000000000000000000, 0.0000000000000000000, 0.0000000000000000000 ) ) ;
#10048 = CIRCLE ( 'NONE', #776, 0.2499999999999997780 ) ;
#10049 = DIRECTION ( 'NONE',  ( 0.0000000000000000000, 0.0000000000000000000, -1.000000000000000000 ) ) ;
#10050 = EDGE_CURVE ( 'NONE', #7342, #2614, #708, .T. ) ;
#10051 = DIRECTION ( 'NONE',  ( 0.0000000000000000000, 0.0000000000000000000, -1.000000000000000000 ) ) ;
#10052 = ORIENTED_EDGE ( 'NONE', *, *, #9607, .T. ) ;
#10053 = CARTESIAN_POINT ( 'NONE',  ( -5.000000000000000000, 7.450000000000000178, 6.500000000000009770 ) ) ;
#10054 = CARTESIAN_POINT ( 'NONE',  ( 9.205878195200131842, 6.087585864700089999, 5.702659885757020319 ) ) ;
#10055 = CARTESIAN_POINT ( 'NONE',  ( 3.549999999999999822, 6.370920840910899940, 3.569044486294639995 ) ) ;
#10056 = CONICAL_SURFACE ( 'NONE', #124, 0.2500000000000002220, 0.4636476084710116075 ) ;
#10057 = CARTESIAN_POINT ( 'NONE',  ( 5.912962694865610658, 3.850000000000010303, 8.986637655680240755 ) ) ;
#10058 = EDGE_LOOP ( 'NONE', ( #3619, #8115, #5971, #5299, #2383, #8275 ) ) ;
#10059 = PLANE ( 'NONE',  #2371 ) ;
#10060 = CARTESIAN_POINT ( 'NONE',  ( 6.450000000000000178, 6.301461569844129862, 3.962967587499520050 ) ) ;
#10061 = CARTESIAN_POINT ( 'NONE',  ( 6.005392207408168481, 6.250000000000030198, 5.499015461808848038 ) ) ;
#10062 = COLOUR_RGB ( '',0.2862745098039215508, 0.6431372549019607199, 0.8666666666666666963 ) ;
#10063 = EDGE_CURVE ( 'NONE', #5356, #1979, #6033, .T. ) ;
#10064 = EDGE_CURVE ( 'NONE', #4900, #4321, #4389, .T. ) ;
#10065 = FACE_OUTER_BOUND ( 'NONE', #4777, .T. ) ;
#10066 = CARTESIAN_POINT ( 'NONE',  ( 7.500000000000000000, 2.550000000114664545, 8.099999999999999645 ) ) ;
#10067 = DIRECTION ( 'NONE',  ( 0.0000000000000000000, 0.0000000000000000000, 1.000000000000000000 ) ) ;
#10068 = DIRECTION ( 'NONE',  ( 0.0000000000000000000, 0.0000000000000000000, 1.000000000000000000 ) ) ;
#10069 = VERTEX_POINT ( 'NONE', #8006 ) ;
#10070 = CARTESIAN_POINT ( 'NONE',  ( 7.500000000000000000, 5.850000000000009415, 8.099999999999999645 ) ) ;
#10071 = DIRECTION ( 'NONE',  ( 0.0000000000000000000, -1.000000000000000000, 0.0000000000000000000 ) ) ;
#10072 = ORIENTED_EDGE ( 'NONE', *, *, #6280, .T. ) ;
#10073 =( GEOMETRIC_REPRESENTATION_CONTEXT ( 3 ) GLOBAL_UNCERTAINTY_ASSIGNED_CONTEXT ( ( #9571 ) ) GLOBAL_UNIT_ASSIGNED_CONTEXT ( ( #9457, #886, #137 ) ) REPRESENTATION_CONTEXT ( 'NONE', 'WORKASPACE' ) );
#10074 = DIRECTION ( 'NONE',  ( 0.0000000000000000000, 0.0000000000000000000, 1.000000000000000000 ) ) ;
#10075 = CARTESIAN_POINT ( 'NONE',  ( 4.549999999999999822, 6.250000000000031086, 0.7500000000000019984 ) ) ;
#10076 = DIRECTION ( 'NONE',  ( 0.0000000000000000000, -1.000000000000000000, 0.0000000000000000000 ) ) ;
#10077 = VERTEX_POINT ( 'NONE', #3209 ) ;
#10078 = CARTESIAN_POINT ( 'NONE',  ( 1.030138328475294074, 6.381146321193631010, 5.536094731139376002 ) ) ;
#10079 = CIRCLE ( 'NONE', #5109, 1.599999999999999867 ) ;
#10080 = ORIENTED_EDGE ( 'NONE', *, *, #7394, .F. ) ;
#10081 = ADVANCED_FACE ( 'NONE', ( #9519 ), #6062, .T. ) ;
#10082 = VERTEX_POINT ( 'NONE', #1722 ) ;
#10083 = CARTESIAN_POINT ( 'NONE',  ( 0.0000000000000000000, 0.1499999999999999944, 6.700000000000000178 ) ) ;
#10084 = DIRECTION ( 'NONE',  ( 1.000000000000000000, 0.0000000000000000000, -4.231032868236119855E-16 ) ) ;
#10085 = ORIENTED_EDGE ( 'NONE', *, *, #8477, .F. ) ;
#10086 = LINE ( 'NONE', #6195, #8883 ) ;
#10087 = FILL_AREA_STYLE ('',( #6723 ) ) ;
#10088 = B_SPLINE_CURVE_WITH_KNOTS ( 'NONE', 3,
 ( #2775, #6662, #7383, #2721, #9016, #2825 ),
 .UNSPECIFIED., .F., .F.,
 ( 4, 2, 4 ),
 ( 3.520921088894627248E-13, 0.0002833862364401000295, 0.0005667724725281080055 ),
 .UNSPECIFIED. ) ;
#10089 = ORIENTED_EDGE ( 'NONE', *, *, #9188, .T. ) ;
#10090 = DIRECTION ( 'NONE',  ( 0.0000000000000000000, -1.000000000000000000, 0.0000000000000000000 ) ) ;
#10091 = EDGE_CURVE ( 'NONE', #3569, #410, #9671, .T. ) ;
#10092 = CARTESIAN_POINT ( 'NONE',  ( -0.4499999999999990119, 6.250000000000031086, 5.700000000000000178 ) ) ;
#10093 = FACE_OUTER_BOUND ( 'NONE', #6043, .T. ) ;
#10094 = SHAPE_REPRESENTATION ( 'TB002-500-02P_Blue - S', ( #619 ), #9556 ) ;
#10095 = AXIS2_PLACEMENT_3D ( 'NONE', #2372, #2323, #3144 ) ;
#10096 =( LENGTH_UNIT ( ) NAMED_UNIT ( * ) SI_UNIT ( .MILLI., .METRE. ) );
#10097 = CARTESIAN_POINT ( 'NONE',  ( 4.549999999999999822, 6.250000000000031086, 0.6500000000000020206 ) ) ;
#10098 = ORIENTED_EDGE ( 'NONE', *, *, #2576, .T. ) ;
#10099 = CARTESIAN_POINT ( 'NONE',  ( 10.00000000000000000, 7.150000000000000355, 6.500000000000000888 ) ) ;
#10100 = PRESENTATION_LAYER_ASSIGNMENT (  '', '', ( #6949 ) ) ;
#10101 = CARTESIAN_POINT ( 'NONE',  ( 10.00000000000000000, 0.9499999999999999556, 6.200000000000001066 ) ) ;
#10102 = FACE_OUTER_BOUND ( 'NONE', #424, .T. ) ;
#10103 = CARTESIAN_POINT ( 'NONE',  ( -1.023037524295969947, 6.379043491581979808, 5.701173905684830068 ) ) ;
#10104 = EDGE_CURVE ( 'NONE', #9785, #786, #9574, .T. ) ;
#10105 = VERTEX_POINT ( 'NONE', #1621 ) ;
#10106 = CARTESIAN_POINT ( 'NONE',  ( 3.924099116621577288, 6.560463200155849606, 5.313097438219570812 ) ) ;
#10107 = CIRCLE ( 'NONE', #6154, 1.599999999999999867 ) ;
#10108 = CARTESIAN_POINT ( 'NONE',  ( -1.143939393939400029, -1.265151515151490047, 2.293939393939409932 ) ) ;
#10109 = VECTOR ( 'NONE', #2941, 1000.000000000000000 ) ;
#10110 = PRESENTATION_STYLE_ASSIGNMENT (( #6942 ) ) ;
#10111 = DIRECTION ( 'NONE',  ( 1.000000000000000000, 0.0000000000000000000, 0.0000000000000000000 ) ) ;
#10112 = AXIS2_PLACEMENT_3D ( 'NONE', #7853, #261, #3317 ) ;
#10113 = CARTESIAN_POINT ( 'NONE',  ( 10.50000000000000000, 0.6613248654051859798, 0.0000000000000000000 ) ) ;
#10114 = CARTESIAN_POINT ( 'NONE',  ( 8.994607792362456777, 6.250000000000374811, 5.499015461809751315 ) ) ;
#10115 = VECTOR ( 'NONE', #4241, 1000.000000000000000 ) ;
#10116 = EDGE_CURVE ( 'NONE', #6275, #7978, #9075, .T. ) ;
#10117 = VERTEX_POINT ( 'NONE', #256 ) ;
#10118 = CARTESIAN_POINT ( 'NONE',  ( 2.250000000000000444, 4.250000000000031086, -4.349999999999999645 ) ) ;
#10120 = EDGE_CURVE ( 'NONE', #3533, #7742, #9870, .T. ) ;
#10119 = DIRECTION ( 'NONE',  ( 1.000000000000000000, 0.0000000000000000000, 0.0000000000000000000 ) ) ;
#10121 = ORIENTED_EDGE ( 'NONE', *, *, #6064, .T. ) ;
#10122 = VECTOR ( 'NONE', #2426, 1000.000000000000000 ) ;
#10123 = UNCERTAINTY_MEASURE_WITH_UNIT (LENGTH_MEASURE( 1.000000000000000082E-05 ), #1713, 'distance_accuracy_value', 'NONE');
#10124 = CARTESIAN_POINT ( 'NONE',  ( 1.022614399924369977, 6.143310571542220266, 5.618793688040031320 ) ) ;
#10125 = SURFACE_STYLE_USAGE ( .BOTH. , #6956 ) ;
#10126 = UNCERTAINTY_MEASURE_WITH_UNIT (LENGTH_MEASURE( 1.000000000000000082E-05 ), #2804, 'distance_accuracy_value', 'NONE');
#10127 = CARTESIAN_POINT ( 'NONE',  ( -1.027321177766340021, 6.293409039702020813, 5.495964165885547814 ) ) ;
#10128 = ORIENTED_EDGE ( 'NONE', *, *, #3102, .T. ) ;
#10129 = LINE ( 'NONE', #5401, #3914 ) ;
#10130 = VERTEX_POINT ( 'NONE', #4938 ) ;
#10131 = ORIENTED_EDGE ( 'NONE', *, *, #7902, .F. ) ;
#10132 = DIRECTION ( 'NONE',  ( 0.0000000000000000000, 0.0000000000000000000, 1.000000000000000000 ) ) ;
#10133 = CARTESIAN_POINT ( 'NONE',  ( -1.092568578620791486, 4.650000000000011902, 9.500000000000012434 ) ) ;
#10134 =( BOUNDED_SURFACE ( )  B_SPLINE_SURFACE ( 3, 2, ( 
 ( #8136, #6572, #9028 ),
 ( #2527, #7397, #2472 ),
 ( #929, #4860, #7337 ),
 ( #1138, #8030, #6516 ) ),
 .UNSPECIFIED., .F., .F., .F. ) 
 B_SPLINE_SURFACE_WITH_KNOTS ( ( 4, 4 ),
 ( 3, 3 ),
 ( 0.0000000000000000000, 1.000000000000000000 ),
 ( 0.0000000000000000000, 1.000000000000000000 ),
 .UNSPECIFIED. ) 
 GEOMETRIC_REPRESENTATION_ITEM ( )  RATIONAL_B_SPLINE_SURFACE ( (
 ( 1.000000000000000000, 0.7864262337499590139, 1.000000000000000000),
 ( 1.000000000000000000, 0.7864474701795289846, 1.000000000000000000),
 ( 1.000000000000000000, 0.7861046529251329851, 1.000000000000000000),
 ( 1.000000000000000000, 0.7854013110680500009, 1.000000000000000000) ) ) 
 REPRESENTATION_ITEM ( '' )  SURFACE ( )  );
#10135 = DIRECTION ( 'NONE',  ( -1.000000000000000000, 0.0000000000000000000, 0.0000000000000000000 ) ) ;
#10136 = VERTEX_POINT ( 'NONE', #4784 ) ;
#10137 = EDGE_CURVE ( 'NONE', #6082, #555, #5281, .T. ) ;
#10138 = CARTESIAN_POINT ( 'NONE',  ( 6.302467390493500687, 6.864512672020650186, 4.512313905521380342 ) ) ;
#10139 = PLANE ( 'NONE',  #5977 ) ;
#10140 = ORIENTED_EDGE ( 'NONE', *, *, #9191, .T. ) ;
#10141 = LINE ( 'NONE', #2251, #155 ) ;
#10142 = CARTESIAN_POINT ( 'NONE',  ( 5.993858608708461766, 6.250000000000034639, 5.699344090454418144 ) ) ;
#10143 = FACE_OUTER_BOUND ( 'NONE', #2432, .T. ) ;
#10144 = FILL_AREA_STYLE_COLOUR ( '', #1284 ) ;
#10145 = DIRECTION ( 'NONE',  ( 1.000000000000000000, 2.232180943352509796E-16, 0.0000000000000000000 ) ) ;
#10146 = AXIS2_PLACEMENT_3D ( 'NONE', #2534, #5698, #7822 ) ;
#10147 = DIRECTION ( 'NONE',  ( 0.0000000000000000000, 0.0000000000000000000, 1.000000000000000000 ) ) ;
#10148 = EDGE_LOOP ( 'NONE', ( #1302, #541, #9148, #140 ) ) ;
#10149 = EDGE_CURVE ( 'NONE', #1556, #2351, #1674, .T. ) ;
#10150 = DIRECTION ( 'NONE',  ( 0.0000000000000000000, 0.0000000000000000000, -1.000000000000000000 ) ) ;
#10151 = EDGE_LOOP ( 'NONE', ( #4295, #7076 ) ) ;
#10152 = CARTESIAN_POINT ( 'NONE',  ( -2.500000000000000000, 9.550000000000029132, 2.750000000000000000 ) ) ;
#10153 = PLANE ( 'NONE',  #7340 ) ;
#10154 = ORIENTED_EDGE ( 'NONE', *, *, #8421, .F. ) ;
#10155 =( LENGTH_UNIT ( ) NAMED_UNIT ( * ) SI_UNIT ( .MILLI., .METRE. ) );
#10156 = PLANE ( 'NONE',  #2717 ) ;
#10157 = ADVANCED_FACE ( 'NONE', ( #2558 ), #5716, .T. ) ;
#10158 = DIRECTION ( 'NONE',  ( 1.000000000000000000, 0.0000000000000000000, 0.0000000000000000000 ) ) ;
#10159 = AXIS2_PLACEMENT_3D ( 'NONE', #5896, #6569, #4273 ) ;
#10160 = AXIS2_PLACEMENT_3D ( 'NONE', #6301, #4847, #8654 ) ;
#10161 = CARTESIAN_POINT ( 'NONE',  ( -4.644999999999999574, 0.7350406544375860385, -5.152643988049929647E-15 ) ) ;
#10162 = CARTESIAN_POINT ( 'NONE',  ( 8.961427646674051672, 6.340242470895590010, 5.485183436963620096 ) ) ;
#10163 = VERTEX_POINT ( 'NONE', #5771 ) ;
#10164 = DIRECTION ( 'NONE',  ( -0.9622281902964742173, 0.0000000000000000000, -0.2722442098535290400 ) ) ;
#10165 = CARTESIAN_POINT ( 'NONE',  ( -1.041868568310512222, 3.850000000000009859, 9.481228347016314117 ) ) ;
#10166 = EDGE_LOOP ( 'NONE', ( #4814, #7998, #820, #3830 ) ) ;
#10167 = B_SPLINE_CURVE_WITH_KNOTS ( 'NONE', 3,
 ( #10022, #9263, #8579, #5345 ),
 .UNSPECIFIED., .F., .F.,
 ( 4, 4 ),
 ( 8.451082728519452952E-14, 0.0002372982933281728851 ),
 .UNSPECIFIED. ) ;
#10168 = AXIS2_PLACEMENT_3D ( 'NONE', #608, #7545, #6133 ) ;
#10169 = ADVANCED_FACE ( 'NONE', ( #4890 ), #8899, .T. ) ;
#10170 = CARTESIAN_POINT ( 'NONE',  ( 3.907431421379208736, 4.650000000000011902, 9.500000000000010658 ) ) ;
#10171 = CARTESIAN_POINT ( 'NONE',  ( 5.993858608708464430, 6.250000000000039968, 5.699344090454418144 ) ) ;
#10172 = FACE_OUTER_BOUND ( 'NONE', #7406, .T. ) ;
#10173 =( LENGTH_UNIT ( ) NAMED_UNIT ( * ) SI_UNIT ( .MILLI., .METRE. ) );
#10174 =( NAMED_UNIT ( * ) PLANE_ANGLE_UNIT ( ) SI_UNIT ( $, .RADIAN. ) );
#10175 = ORIENTED_EDGE ( 'NONE', *, *, #7573, .T. ) ;
#10176 = ORIENTED_EDGE ( 'NONE', *, *, #5460, .T. ) ;
#10177 = VERTEX_POINT ( 'NONE', #907 ) ;
#10178 = LINE ( 'NONE', #3020, #5202 ) ;
#10179 = CARTESIAN_POINT ( 'NONE',  ( -0.9408927793500079240, 4.650000000000010125, 9.365590064580594287 ) ) ;
#10180 = STYLED_ITEM ( 'NONE', ( #1733 ), #177 ) ;
#10181 = EDGE_CURVE ( 'NONE', #4346, #580, #8064, .T. ) ;
#10182 = DIRECTION ( 'NONE',  ( 0.0000000000000000000, 1.000000000000000000, 0.0000000000000000000 ) ) ;
#10183 = EDGE_CURVE ( 'NONE', #426, #553, #7316, .T. ) ;
#10184 = FACE_OUTER_BOUND ( 'NONE', #4302, .T. ) ;
#10185 = VECTOR ( 'NONE', #7836, 1000.000000000000000 ) ;
#10186 = ORIENTED_EDGE ( 'NONE', *, *, #6904, .F. ) ;
#10187 = B_SPLINE_CURVE_WITH_KNOTS ( 'NONE', 3,
 ( #3868, #7144, #5540, #3924, #39, #5495 ),
 .UNSPECIFIED., .F., .F.,
 ( 4, 2, 4 ),
 ( 1.951563910473907981E-18, 0.0001521198112224508251, 0.0003042396224448996986 ),
 .UNSPECIFIED. ) ;
#10188 = MECHANICAL_DESIGN_GEOMETRIC_PRESENTATION_REPRESENTATION (  '', ( #4396 ), #2247 ) ;
#10189 = ORIENTED_EDGE ( 'NONE', *, *, #7021, .T. ) ;
#10190 = CARTESIAN_POINT ( 'NONE',  ( -4.100781059358210356, 4.650000000000010125, 8.800000000000009592 ) ) ;
#10191 = PLANE ( 'NONE',  #252 ) ;
#10192 = LINE ( 'NONE', #7964, #4354 ) ;
#10193 = LINE ( 'NONE', #6099, #7865 ) ;
#10194 =( BOUNDED_CURVE ( )  B_SPLINE_CURVE ( 3, ( #1931, #9774, #4255, #8904 ),
 .UNSPECIFIED., .F., .T. ) 
 B_SPLINE_CURVE_WITH_KNOTS ( ( 4, 4 ),
 ( 4.758910074651783617, 4.782202150464470058 ),
 .UNSPECIFIED. ) 
 CURVE ( )  GEOMETRIC_REPRESENTATION_ITEM ( )  RATIONAL_B_SPLINE_CURVE ( ( 1.000000000000000000, 0.9999547904446798308, 0.9999547904446798308, 1.000000000000000000 ) ) 
 REPRESENTATION_ITEM ( '' )  );
#10195 = COLOUR_RGB ( '',0.2862745098039215508, 0.6431372549019607199, 0.8666666666666666963 ) ;
#10196 = MECHANICAL_DESIGN_GEOMETRIC_PRESENTATION_REPRESENTATION (  '', ( #5056 ), #759 ) ;
#10197 = ORIENTED_EDGE ( 'NONE', *, *, #5353, .T. ) ;
#10198 = CARTESIAN_POINT ( 'NONE',  ( 1.446052745852149934, 6.900000000000019895, 4.004821471746000228 ) ) ;
#10199 = DIRECTION ( 'NONE',  ( 0.0000000000000000000, -1.000000000000000000, 0.0000000000000000000 ) ) ;
#10200 = DIRECTION ( 'NONE',  ( 0.0000000000000000000, -1.000000000000000000, 0.0000000000000000000 ) ) ;
#10201 = DIRECTION ( 'NONE',  ( -5.152643988049929844E-16, 0.0000000000000000000, -1.000000000000000000 ) ) ;
#10202 = VECTOR ( 'NONE', #9008, 1000.000000000000114 ) ;
#10203 = VERTEX_POINT ( 'NONE', #102 ) ;
#10204 = DIRECTION ( 'NONE',  ( 0.0000000000000000000, 0.0000000000000000000, -1.000000000000000000 ) ) ;
#10205 = ADVANCED_FACE ( 'NONE', ( #9722 ), #2609, .T. ) ;
#10206 = DIRECTION ( 'NONE',  ( -0.3481553119113940387, 0.8703882797784900927, 0.3481553119113949823 ) ) ;
#10207 = EDGE_CURVE ( 'NONE', #377, #9665, #3904, .T. ) ;
#10208 = VECTOR ( 'NONE', #1433, 1000.000000000000227 ) ;
#10209 = CARTESIAN_POINT ( 'NONE',  ( 4.549999999999999822, 7.750000000000000000, 0.4499999999999990119 ) ) ;
#10210 = SURFACE_STYLE_USAGE ( .BOTH. , #7037 ) ;
#10211 = LINE ( 'NONE', #4761, #2028 ) ;
#10212 = CARTESIAN_POINT ( 'NONE',  ( 1.449999999999999956, 5.950000000000040146, 3.291739462922410375 ) ) ;
#10213 = VERTEX_POINT ( 'NONE', #9004 ) ;
#10214 = CARTESIAN_POINT ( 'NONE',  ( -0.5000000000000000000, 6.221952518161529611, 5.100000000000011191 ) ) ;
#10215 = DIRECTION ( 'NONE',  ( 0.0000000000000000000, 0.0000000000000000000, -1.000000000000000000 ) ) ;
#10216 = AXIS2_PLACEMENT_3D ( 'NONE', #9383, #7752, #8598 ) ;
#10217 = EDGE_CURVE ( 'NONE', #1766, #364, #1914, .T. ) ;
#10218 = ORIENTED_EDGE ( 'NONE', *, *, #7607, .T. ) ;
#10219 = VECTOR ( 'NONE', #9977, 1000.000000000000000 ) ;
#10220 = FILL_AREA_STYLE_COLOUR ( '', #2588 ) ;
#10221 = DIRECTION ( 'NONE',  ( 0.0000000000000000000, 0.0000000000000000000, -1.000000000000000000 ) ) ;
#10222 = ORIENTED_EDGE ( 'NONE', *, *, #5375, .T. ) ;
#10223 = NEXT_ASSEMBLY_USAGE_OCCURRENCE ( 'NAUO1', ' ', ' ', #1082, #6139, $ ) ;
#10224 = NEXT_ASSEMBLY_USAGE_OCCURRENCE ( 'NAUO2', ' ', ' ', #1082, #5824, $ ) ;
ENDSEC;
END-ISO-10303-21;
