ISO-10303-21;
HEADER;
/* Generated by software containing ST-Developer
 * from STEP Tools, Inc. (www.steptools.com) 
 */

FILE_DESCRIPTION(
/* description */ (''),
/* implementation_level */ '2;1');

FILE_NAME(
/* name */ 'L:\\DFP\\WCM2012F2SF-20181108 NO LINE.stp',
/* time_stamp */ '2018-11-06T15:32:04+08:00',
/* author */ ('louklo'),
/* organization */ ('unknown'),
/* preprocessor_version */ 'ST-DEVELOPER v16.1',
/* originating_system */ 'Autodesk Inventor 2016',
/* authorisation */ '');

FILE_SCHEMA (('AUTOMOTIVE_DESIGN { 1 0 10303 214 3 1 1 }'));
ENDSEC;

DATA;
#10=MECHANICAL_DESIGN_GEOMETRIC_PRESENTATION_REPRESENTATION('',(#17,#18,
#19,#20,#21,#22,#23,#24),#4644);
#11=ELLIPSE('',#2849,0.0141421356240853,0.0100000000002535);
#12=ELLIPSE('',#2850,0.014142135624026,0.0100000000002255);
#13=ELLIPSE('',#2892,0.0141421356240358,0.0100000000002207);
#14=ELLIPSE('',#2893,0.0141421356240375,0.0100000000002365);
#15=SHAPE_REPRESENTATION_RELATIONSHIP('SRR','None',#4653,#16);
#16=ADVANCED_BREP_SHAPE_REPRESENTATION('',(#25,#26,#27,#28,#29,#30,#31,
#32),#4643);
#17=STYLED_ITEM('',(#4663),#25);
#18=STYLED_ITEM('',(#4663),#26);
#19=STYLED_ITEM('',(#4664),#27);
#20=STYLED_ITEM('',(#4665),#28);
#21=STYLED_ITEM('',(#4664),#29);
#22=STYLED_ITEM('',(#4664),#30);
#23=STYLED_ITEM('',(#4663),#31);
#24=STYLED_ITEM('',(#4663),#32);
#25=MANIFOLD_SOLID_BREP('\X2\5BE69AD4\X0\1',#2719);
#26=MANIFOLD_SOLID_BREP('\X2\5BE69AD4\X0\2',#2720);
#27=MANIFOLD_SOLID_BREP('\X2\5BE69AD4\X0\3',#2721);
#28=MANIFOLD_SOLID_BREP('\X2\5BE69AD4\X0\4',#2722);
#29=MANIFOLD_SOLID_BREP('\X2\5BE69AD4\X0\5',#2723);
#30=MANIFOLD_SOLID_BREP('\X2\5BE69AD4\X0\6',#2724);
#31=MANIFOLD_SOLID_BREP('\X2\5BE69AD4\X0\7',#2725);
#32=MANIFOLD_SOLID_BREP('\X2\5BE69AD4\X0\8',#2726);
#33=PLANE('',#2733);
#34=PLANE('',#2738);
#35=PLANE('',#2739);
#36=PLANE('',#2740);
#37=PLANE('',#2744);
#38=PLANE('',#2754);
#39=PLANE('',#2755);
#40=PLANE('',#2763);
#41=PLANE('',#2770);
#42=PLANE('',#2771);
#43=PLANE('',#2773);
#44=PLANE('',#2778);
#45=PLANE('',#2788);
#46=PLANE('',#2789);
#47=PLANE('',#2791);
#48=PLANE('',#2799);
#49=PLANE('',#2800);
#50=PLANE('',#2807);
#51=PLANE('',#2808);
#52=PLANE('',#2809);
#53=PLANE('',#2810);
#54=PLANE('',#2815);
#55=PLANE('',#2818);
#56=PLANE('',#2823);
#57=PLANE('',#2826);
#58=PLANE('',#2827);
#59=PLANE('',#2828);
#60=PLANE('',#2829);
#61=PLANE('',#2833);
#62=PLANE('',#2837);
#63=PLANE('',#2838);
#64=PLANE('',#2843);
#65=PLANE('',#2844);
#66=PLANE('',#2855);
#67=PLANE('',#2859);
#68=PLANE('',#2862);
#69=PLANE('',#2864);
#70=PLANE('',#2866);
#71=PLANE('',#2867);
#72=PLANE('',#2870);
#73=PLANE('',#2871);
#74=PLANE('',#2872);
#75=PLANE('',#2876);
#76=PLANE('',#2880);
#77=PLANE('',#2881);
#78=PLANE('',#2886);
#79=PLANE('',#2887);
#80=PLANE('',#2898);
#81=PLANE('',#2902);
#82=PLANE('',#2905);
#83=PLANE('',#2907);
#84=PLANE('',#2909);
#85=PLANE('',#2910);
#86=PLANE('',#2913);
#87=PLANE('',#2919);
#88=PLANE('',#2924);
#89=PLANE('',#2925);
#90=PLANE('',#2927);
#91=PLANE('',#2931);
#92=PLANE('',#2941);
#93=PLANE('',#2942);
#94=PLANE('',#2948);
#95=PLANE('',#2953);
#96=PLANE('',#2954);
#97=PLANE('',#2957);
#98=PLANE('',#2962);
#99=PLANE('',#2970);
#100=PLANE('',#2971);
#101=SPHERICAL_SURFACE('',#2732,0.00999999999975488);
#102=SPHERICAL_SURFACE('',#2735,0.0099999999999299);
#103=SPHERICAL_SURFACE('',#2741,0.0100000000001702);
#104=SPHERICAL_SURFACE('',#2745,0.00999999999946053);
#105=SPHERICAL_SURFACE('',#2749,0.00999999999886915);
#106=SPHERICAL_SURFACE('',#2762,0.00999999999990953);
#107=SPHERICAL_SURFACE('',#2767,0.00999999999989611);
#108=SPHERICAL_SURFACE('',#2774,0.00999999999991652);
#109=SPHERICAL_SURFACE('',#2779,0.00999999999989292);
#110=SPHERICAL_SURFACE('',#2783,0.00999999999996611);
#111=SPHERICAL_SURFACE('',#2793,0.00999999999999704);
#112=SPHERICAL_SURFACE('',#2796,0.00999999999999264);
#113=SPHERICAL_SURFACE('',#2803,0.0100000000000106);
#114=SPHERICAL_SURFACE('',#2805,0.0100000000000052);
#115=SPHERICAL_SURFACE('',#2918,0.00999999999992044);
#116=SPHERICAL_SURFACE('',#2921,0.00999999999924382);
#117=SPHERICAL_SURFACE('',#2928,0.0100000000002689);
#118=SPHERICAL_SURFACE('',#2932,0.0100000000001768);
#119=SPHERICAL_SURFACE('',#2936,0.0100000000003547);
#120=SPHERICAL_SURFACE('',#2947,0.00999999999999905);
#121=SPHERICAL_SURFACE('',#2950,0.0100000000000194);
#122=SPHERICAL_SURFACE('',#2958,0.0100000000000085);
#123=SPHERICAL_SURFACE('',#2963,0.00999999999999087);
#124=SPHERICAL_SURFACE('',#2965,0.00999999999999684);
#125=CIRCLE('',#2730,0.010000000000512);
#126=CIRCLE('',#2731,0.0100000000005133);
#127=CIRCLE('',#2742,0.0100000000005093);
#128=CIRCLE('',#2746,0.0100000000012885);
#129=CIRCLE('',#2747,0.0100000000005074);
#130=CIRCLE('',#2750,0.0100000000012544);
#131=CIRCLE('',#2757,0.0100000000004819);
#132=CIRCLE('',#2758,0.010000000000557);
#133=CIRCLE('',#2760,0.0100000000005114);
#134=CIRCLE('',#2761,0.0100000000005131);
#135=CIRCLE('',#2765,0.0100000000004833);
#136=CIRCLE('',#2766,0.01000000000048);
#137=CIRCLE('',#2772,0.0100000000004938);
#138=CIRCLE('',#2775,0.0100000000005563);
#139=CIRCLE('',#2776,0.0100000000005096);
#140=CIRCLE('',#2780,0.010000000000506);
#141=CIRCLE('',#2781,0.0100000000005252);
#142=CIRCLE('',#2784,0.010000000000397);
#143=CIRCLE('',#2794,0.0100000000000016);
#144=CIRCLE('',#2798,0.0100000000000047);
#145=CIRCLE('',#2811,0.0200000000004116);
#146=CIRCLE('',#2812,0.0199999999999153);
#147=CIRCLE('',#2813,0.0200000000001314);
#148=CIRCLE('',#2814,0.0200000000001921);
#149=CIRCLE('',#2817,0.0200000000004066);
#150=CIRCLE('',#2820,0.0200000000002108);
#151=CIRCLE('',#2822,0.0200000000001277);
#152=CIRCLE('',#2825,0.0199999999995959);
#153=CIRCLE('',#2830,0.0100000000005032);
#154=CIRCLE('',#2831,0.0100000000004799);
#155=CIRCLE('',#2832,0.0100000000004855);
#156=CIRCLE('',#2834,0.0100000000004876);
#157=CIRCLE('',#2835,0.010000000000479);
#158=CIRCLE('',#2842,0.0100000000004801);
#159=CIRCLE('',#2845,0.0100000000004761);
#160=CIRCLE('',#2846,0.0100000000004886);
#161=CIRCLE('',#2847,0.0100000000004949);
#162=CIRCLE('',#2852,0.0100000000004744);
#163=CIRCLE('',#2856,0.010000000000472);
#164=CIRCLE('',#2858,0.0100000000004761);
#165=CIRCLE('',#2861,0.0100000000004935);
#166=CIRCLE('',#2863,0.0100000000004736);
#167=CIRCLE('',#2873,0.0100000000004804);
#168=CIRCLE('',#2874,0.0100000000004847);
#169=CIRCLE('',#2875,0.0100000000004771);
#170=CIRCLE('',#2877,0.0100000000004776);
#171=CIRCLE('',#2878,0.010000000000477);
#172=CIRCLE('',#2885,0.0100000000004769);
#173=CIRCLE('',#2888,0.0100000000004786);
#174=CIRCLE('',#2889,0.010000000000477);
#175=CIRCLE('',#2890,0.0100000000004826);
#176=CIRCLE('',#2895,0.0100000000004732);
#177=CIRCLE('',#2899,0.0100000000004785);
#178=CIRCLE('',#2901,0.0100000000004713);
#179=CIRCLE('',#2904,0.0100000000004736);
#180=CIRCLE('',#2906,0.0100000000004782);
#181=CIRCLE('',#2916,0.0100000000000009);
#182=CIRCLE('',#2917,0.0100000000000058);
#183=CIRCLE('',#2926,0.0100000000126646);
#184=CIRCLE('',#2929,0.0100000000000021);
#185=CIRCLE('',#2933,0.0100000000120809);
#186=CIRCLE('',#2934,0.0100000000006015);
#187=CIRCLE('',#2937,0.010000000000592);
#188=CIRCLE('',#2944,0.0100000000000492);
#189=CIRCLE('',#2946,0.0100000000000095);
#190=CIRCLE('',#2955,0.0100000000008511);
#191=CIRCLE('',#2956,0.0100000000004608);
#192=CIRCLE('',#2959,0.0100000000000515);
#193=CIRCLE('',#2960,0.010000000000002);
#194=CIRCLE('',#2966,0.0100000000009538);
#195=FACE_OUTER_BOUND('',#365,.T.);
#196=FACE_OUTER_BOUND('',#366,.T.);
#197=FACE_OUTER_BOUND('',#367,.T.);
#198=FACE_OUTER_BOUND('',#368,.T.);
#199=FACE_OUTER_BOUND('',#369,.T.);
#200=FACE_OUTER_BOUND('',#370,.T.);
#201=FACE_OUTER_BOUND('',#371,.T.);
#202=FACE_OUTER_BOUND('',#372,.T.);
#203=FACE_OUTER_BOUND('',#373,.T.);
#204=FACE_OUTER_BOUND('',#374,.T.);
#205=FACE_OUTER_BOUND('',#375,.T.);
#206=FACE_OUTER_BOUND('',#376,.T.);
#207=FACE_OUTER_BOUND('',#377,.T.);
#208=FACE_OUTER_BOUND('',#378,.T.);
#209=FACE_OUTER_BOUND('',#379,.T.);
#210=FACE_OUTER_BOUND('',#380,.T.);
#211=FACE_OUTER_BOUND('',#381,.T.);
#212=FACE_OUTER_BOUND('',#382,.T.);
#213=FACE_OUTER_BOUND('',#383,.T.);
#214=FACE_OUTER_BOUND('',#384,.T.);
#215=FACE_OUTER_BOUND('',#385,.T.);
#216=FACE_OUTER_BOUND('',#386,.T.);
#217=FACE_OUTER_BOUND('',#387,.T.);
#218=FACE_OUTER_BOUND('',#388,.T.);
#219=FACE_OUTER_BOUND('',#389,.T.);
#220=FACE_OUTER_BOUND('',#390,.T.);
#221=FACE_OUTER_BOUND('',#391,.T.);
#222=FACE_OUTER_BOUND('',#392,.T.);
#223=FACE_OUTER_BOUND('',#393,.T.);
#224=FACE_OUTER_BOUND('',#394,.T.);
#225=FACE_OUTER_BOUND('',#395,.T.);
#226=FACE_OUTER_BOUND('',#396,.T.);
#227=FACE_OUTER_BOUND('',#397,.T.);
#228=FACE_OUTER_BOUND('',#398,.T.);
#229=FACE_OUTER_BOUND('',#399,.T.);
#230=FACE_OUTER_BOUND('',#400,.T.);
#231=FACE_OUTER_BOUND('',#401,.T.);
#232=FACE_OUTER_BOUND('',#402,.T.);
#233=FACE_OUTER_BOUND('',#403,.T.);
#234=FACE_OUTER_BOUND('',#404,.T.);
#235=FACE_OUTER_BOUND('',#405,.T.);
#236=FACE_OUTER_BOUND('',#406,.T.);
#237=FACE_OUTER_BOUND('',#407,.T.);
#238=FACE_OUTER_BOUND('',#408,.T.);
#239=FACE_OUTER_BOUND('',#409,.T.);
#240=FACE_OUTER_BOUND('',#410,.T.);
#241=FACE_OUTER_BOUND('',#411,.T.);
#242=FACE_OUTER_BOUND('',#412,.T.);
#243=FACE_OUTER_BOUND('',#413,.T.);
#244=FACE_OUTER_BOUND('',#414,.T.);
#245=FACE_OUTER_BOUND('',#415,.T.);
#246=FACE_OUTER_BOUND('',#416,.T.);
#247=FACE_OUTER_BOUND('',#417,.T.);
#248=FACE_OUTER_BOUND('',#418,.T.);
#249=FACE_OUTER_BOUND('',#419,.T.);
#250=FACE_OUTER_BOUND('',#420,.T.);
#251=FACE_OUTER_BOUND('',#421,.T.);
#252=FACE_OUTER_BOUND('',#422,.T.);
#253=FACE_OUTER_BOUND('',#423,.T.);
#254=FACE_OUTER_BOUND('',#424,.T.);
#255=FACE_OUTER_BOUND('',#425,.T.);
#256=FACE_OUTER_BOUND('',#426,.T.);
#257=FACE_OUTER_BOUND('',#427,.T.);
#258=FACE_OUTER_BOUND('',#428,.T.);
#259=FACE_OUTER_BOUND('',#429,.T.);
#260=FACE_OUTER_BOUND('',#430,.T.);
#261=FACE_OUTER_BOUND('',#431,.T.);
#262=FACE_OUTER_BOUND('',#432,.T.);
#263=FACE_OUTER_BOUND('',#433,.T.);
#264=FACE_OUTER_BOUND('',#434,.T.);
#265=FACE_OUTER_BOUND('',#435,.T.);
#266=FACE_OUTER_BOUND('',#436,.T.);
#267=FACE_OUTER_BOUND('',#437,.T.);
#268=FACE_OUTER_BOUND('',#438,.T.);
#269=FACE_OUTER_BOUND('',#439,.T.);
#270=FACE_OUTER_BOUND('',#440,.T.);
#271=FACE_OUTER_BOUND('',#441,.T.);
#272=FACE_OUTER_BOUND('',#442,.T.);
#273=FACE_OUTER_BOUND('',#443,.T.);
#274=FACE_OUTER_BOUND('',#444,.T.);
#275=FACE_OUTER_BOUND('',#445,.T.);
#276=FACE_OUTER_BOUND('',#446,.T.);
#277=FACE_OUTER_BOUND('',#447,.T.);
#278=FACE_OUTER_BOUND('',#448,.T.);
#279=FACE_OUTER_BOUND('',#449,.T.);
#280=FACE_OUTER_BOUND('',#450,.T.);
#281=FACE_OUTER_BOUND('',#451,.T.);
#282=FACE_OUTER_BOUND('',#452,.T.);
#283=FACE_OUTER_BOUND('',#453,.T.);
#284=FACE_OUTER_BOUND('',#454,.T.);
#285=FACE_OUTER_BOUND('',#455,.T.);
#286=FACE_OUTER_BOUND('',#456,.T.);
#287=FACE_OUTER_BOUND('',#457,.T.);
#288=FACE_OUTER_BOUND('',#458,.T.);
#289=FACE_OUTER_BOUND('',#459,.T.);
#290=FACE_OUTER_BOUND('',#460,.T.);
#291=FACE_OUTER_BOUND('',#461,.T.);
#292=FACE_OUTER_BOUND('',#462,.T.);
#293=FACE_OUTER_BOUND('',#463,.T.);
#294=FACE_OUTER_BOUND('',#464,.T.);
#295=FACE_OUTER_BOUND('',#465,.T.);
#296=FACE_OUTER_BOUND('',#466,.T.);
#297=FACE_OUTER_BOUND('',#467,.T.);
#298=FACE_OUTER_BOUND('',#468,.T.);
#299=FACE_OUTER_BOUND('',#469,.T.);
#300=FACE_OUTER_BOUND('',#470,.T.);
#301=FACE_OUTER_BOUND('',#471,.T.);
#302=FACE_OUTER_BOUND('',#472,.T.);
#303=FACE_OUTER_BOUND('',#473,.T.);
#304=FACE_OUTER_BOUND('',#474,.T.);
#305=FACE_OUTER_BOUND('',#475,.T.);
#306=FACE_OUTER_BOUND('',#476,.T.);
#307=FACE_OUTER_BOUND('',#477,.T.);
#308=FACE_OUTER_BOUND('',#478,.T.);
#309=FACE_OUTER_BOUND('',#479,.T.);
#310=FACE_OUTER_BOUND('',#480,.T.);
#311=FACE_OUTER_BOUND('',#481,.T.);
#312=FACE_OUTER_BOUND('',#482,.T.);
#313=FACE_OUTER_BOUND('',#483,.T.);
#314=FACE_OUTER_BOUND('',#484,.T.);
#315=FACE_OUTER_BOUND('',#485,.T.);
#316=FACE_OUTER_BOUND('',#486,.T.);
#317=FACE_OUTER_BOUND('',#487,.T.);
#318=FACE_OUTER_BOUND('',#488,.T.);
#319=FACE_OUTER_BOUND('',#489,.T.);
#320=FACE_OUTER_BOUND('',#490,.T.);
#321=FACE_OUTER_BOUND('',#491,.T.);
#322=FACE_OUTER_BOUND('',#492,.T.);
#323=FACE_OUTER_BOUND('',#493,.T.);
#324=FACE_OUTER_BOUND('',#494,.T.);
#325=FACE_OUTER_BOUND('',#495,.T.);
#326=FACE_OUTER_BOUND('',#496,.T.);
#327=FACE_OUTER_BOUND('',#497,.T.);
#328=FACE_OUTER_BOUND('',#498,.T.);
#329=FACE_OUTER_BOUND('',#499,.T.);
#330=FACE_OUTER_BOUND('',#500,.T.);
#331=FACE_OUTER_BOUND('',#501,.T.);
#332=FACE_OUTER_BOUND('',#502,.T.);
#333=FACE_OUTER_BOUND('',#503,.T.);
#334=FACE_OUTER_BOUND('',#504,.T.);
#335=FACE_OUTER_BOUND('',#505,.T.);
#336=FACE_OUTER_BOUND('',#506,.T.);
#337=FACE_OUTER_BOUND('',#507,.T.);
#338=FACE_OUTER_BOUND('',#508,.T.);
#339=FACE_OUTER_BOUND('',#509,.T.);
#340=FACE_OUTER_BOUND('',#510,.T.);
#341=FACE_OUTER_BOUND('',#511,.T.);
#342=FACE_OUTER_BOUND('',#512,.T.);
#343=FACE_OUTER_BOUND('',#513,.T.);
#344=FACE_OUTER_BOUND('',#514,.T.);
#345=FACE_OUTER_BOUND('',#515,.T.);
#346=FACE_OUTER_BOUND('',#516,.T.);
#347=FACE_OUTER_BOUND('',#517,.T.);
#348=FACE_OUTER_BOUND('',#518,.T.);
#349=FACE_OUTER_BOUND('',#519,.T.);
#350=FACE_OUTER_BOUND('',#520,.T.);
#351=FACE_OUTER_BOUND('',#521,.T.);
#352=FACE_OUTER_BOUND('',#522,.T.);
#353=FACE_OUTER_BOUND('',#523,.T.);
#354=FACE_OUTER_BOUND('',#524,.T.);
#355=FACE_OUTER_BOUND('',#525,.T.);
#356=FACE_OUTER_BOUND('',#526,.T.);
#357=FACE_OUTER_BOUND('',#527,.T.);
#358=FACE_OUTER_BOUND('',#528,.T.);
#359=FACE_OUTER_BOUND('',#529,.T.);
#360=FACE_OUTER_BOUND('',#530,.T.);
#361=FACE_OUTER_BOUND('',#531,.T.);
#362=FACE_OUTER_BOUND('',#532,.T.);
#363=FACE_OUTER_BOUND('',#533,.T.);
#364=FACE_OUTER_BOUND('',#534,.T.);
#365=EDGE_LOOP('',(#1699,#1700,#1701,#1702));
#366=EDGE_LOOP('',(#1703,#1704,#1705,#1706));
#367=EDGE_LOOP('',(#1707,#1708,#1709));
#368=EDGE_LOOP('',(#1710,#1711,#1712,#1713));
#369=EDGE_LOOP('',(#1714,#1715,#1716,#1717));
#370=EDGE_LOOP('',(#1718,#1719,#1720));
#371=EDGE_LOOP('',(#1721,#1722,#1723,#1724));
#372=EDGE_LOOP('',(#1725,#1726,#1727,#1728));
#373=EDGE_LOOP('',(#1729,#1730,#1731,#1732));
#374=EDGE_LOOP('',(#1733,#1734,#1735,#1736,#1737,#1738,#1739,#1740,#1741,
#1742));
#375=EDGE_LOOP('',(#1743,#1744,#1745,#1746));
#376=EDGE_LOOP('',(#1747,#1748,#1749));
#377=EDGE_LOOP('',(#1750,#1751,#1752,#1753));
#378=EDGE_LOOP('',(#1754,#1755,#1756,#1757));
#379=EDGE_LOOP('',(#1758,#1759,#1760));
#380=EDGE_LOOP('',(#1761,#1762,#1763,#1764));
#381=EDGE_LOOP('',(#1765,#1766,#1767));
#382=EDGE_LOOP('',(#1768,#1769,#1770,#1771));
#383=EDGE_LOOP('',(#1772,#1773,#1774,#1775));
#384=EDGE_LOOP('',(#1776,#1777,#1778,#1779));
#385=EDGE_LOOP('',(#1780,#1781,#1782,#1783,#1784));
#386=EDGE_LOOP('',(#1785,#1786,#1787,#1788));
#387=EDGE_LOOP('',(#1789,#1790,#1791,#1792));
#388=EDGE_LOOP('',(#1793,#1794,#1795,#1796));
#389=EDGE_LOOP('',(#1797,#1798,#1799));
#390=EDGE_LOOP('',(#1800,#1801,#1802,#1803));
#391=EDGE_LOOP('',(#1804,#1805,#1806,#1807));
#392=EDGE_LOOP('',(#1808,#1809,#1810));
#393=EDGE_LOOP('',(#1811,#1812,#1813,#1814));
#394=EDGE_LOOP('',(#1815,#1816,#1817,#1818));
#395=EDGE_LOOP('',(#1819,#1820,#1821,#1822));
#396=EDGE_LOOP('',(#1823,#1824,#1825,#1826,#1827,#1828,#1829,#1830,#1831,
#1832));
#397=EDGE_LOOP('',(#1833,#1834,#1835,#1836));
#398=EDGE_LOOP('',(#1837,#1838,#1839));
#399=EDGE_LOOP('',(#1840,#1841,#1842,#1843));
#400=EDGE_LOOP('',(#1844,#1845,#1846,#1847));
#401=EDGE_LOOP('',(#1848,#1849,#1850));
#402=EDGE_LOOP('',(#1851,#1852,#1853,#1854));
#403=EDGE_LOOP('',(#1855,#1856,#1857));
#404=EDGE_LOOP('',(#1858,#1859,#1860,#1861));
#405=EDGE_LOOP('',(#1862,#1863,#1864,#1865));
#406=EDGE_LOOP('',(#1866,#1867,#1868,#1869));
#407=EDGE_LOOP('',(#1870,#1871,#1872,#1873,#1874));
#408=EDGE_LOOP('',(#1875,#1876,#1877,#1878));
#409=EDGE_LOOP('',(#1879,#1880,#1881,#1882));
#410=EDGE_LOOP('',(#1883,#1884,#1885,#1886));
#411=EDGE_LOOP('',(#1887,#1888,#1889,#1890));
#412=EDGE_LOOP('',(#1891,#1892,#1893));
#413=EDGE_LOOP('',(#1894,#1895,#1896,#1897));
#414=EDGE_LOOP('',(#1898,#1899,#1900));
#415=EDGE_LOOP('',(#1901,#1902,#1903,#1904));
#416=EDGE_LOOP('',(#1905,#1906,#1907,#1908));
#417=EDGE_LOOP('',(#1909,#1910,#1911,#1912));
#418=EDGE_LOOP('',(#1913,#1914,#1915,#1916));
#419=EDGE_LOOP('',(#1917,#1918,#1919,#1920));
#420=EDGE_LOOP('',(#1921,#1922,#1923));
#421=EDGE_LOOP('',(#1924,#1925,#1926,#1927));
#422=EDGE_LOOP('',(#1928,#1929,#1930));
#423=EDGE_LOOP('',(#1931,#1932,#1933,#1934));
#424=EDGE_LOOP('',(#1935,#1936,#1937,#1938));
#425=EDGE_LOOP('',(#1939,#1940,#1941,#1942));
#426=EDGE_LOOP('',(#1943,#1944,#1945,#1946,#1947,#1948,#1949,#1950));
#427=EDGE_LOOP('',(#1951,#1952,#1953,#1954,#1955,#1956,#1957,#1958));
#428=EDGE_LOOP('',(#1959,#1960,#1961,#1962));
#429=EDGE_LOOP('',(#1963,#1964,#1965,#1966));
#430=EDGE_LOOP('',(#1967,#1968,#1969,#1970));
#431=EDGE_LOOP('',(#1971,#1972,#1973,#1974));
#432=EDGE_LOOP('',(#1975,#1976,#1977,#1978));
#433=EDGE_LOOP('',(#1979,#1980,#1981,#1982));
#434=EDGE_LOOP('',(#1983,#1984,#1985,#1986));
#435=EDGE_LOOP('',(#1987,#1988,#1989,#1990));
#436=EDGE_LOOP('',(#1991,#1992,#1993,#1994,#1995,#1996,#1997,#1998));
#437=EDGE_LOOP('',(#1999,#2000,#2001,#2002,#2003,#2004,#2005,#2006,#2007));
#438=EDGE_LOOP('',(#2008,#2009,#2010,#2011,#2012,#2013,#2014,#2015,#2016,
#2017));
#439=EDGE_LOOP('',(#2018,#2019,#2020,#2021));
#440=EDGE_LOOP('',(#2022,#2023,#2024,#2025));
#441=EDGE_LOOP('',(#2026,#2027,#2028,#2029));
#442=EDGE_LOOP('',(#2030,#2031,#2032,#2033));
#443=EDGE_LOOP('',(#2034,#2035,#2036,#2037));
#444=EDGE_LOOP('',(#2038,#2039,#2040,#2041));
#445=EDGE_LOOP('',(#2042,#2043,#2044,#2045,#2046));
#446=EDGE_LOOP('',(#2047,#2048,#2049,#2050));
#447=EDGE_LOOP('',(#2051,#2052,#2053,#2054,#2055,#2056,#2057,#2058));
#448=EDGE_LOOP('',(#2059,#2060,#2061,#2062,#2063,#2064));
#449=EDGE_LOOP('',(#2065,#2066,#2067));
#450=EDGE_LOOP('',(#2068,#2069,#2070));
#451=EDGE_LOOP('',(#2071,#2072,#2073,#2074,#2075));
#452=EDGE_LOOP('',(#2076,#2077,#2078,#2079));
#453=EDGE_LOOP('',(#2080,#2081,#2082,#2083));
#454=EDGE_LOOP('',(#2084,#2085,#2086,#2087));
#455=EDGE_LOOP('',(#2088,#2089,#2090,#2091));
#456=EDGE_LOOP('',(#2092,#2093,#2094,#2095,#2096,#2097,#2098,#2099,#2100,
#2101));
#457=EDGE_LOOP('',(#2102,#2103,#2104,#2105,#2106,#2107,#2108,#2109,#2110,
#2111,#2112,#2113,#2114));
#458=EDGE_LOOP('',(#2115,#2116,#2117,#2118));
#459=EDGE_LOOP('',(#2119,#2120,#2121,#2122));
#460=EDGE_LOOP('',(#2123,#2124,#2125,#2126));
#461=EDGE_LOOP('',(#2127,#2128,#2129,#2130));
#462=EDGE_LOOP('',(#2131,#2132,#2133,#2134));
#463=EDGE_LOOP('',(#2135,#2136,#2137,#2138,#2139,#2140,#2141,#2142,#2143,
#2144));
#464=EDGE_LOOP('',(#2145,#2146,#2147,#2148,#2149,#2150,#2151,#2152,#2153));
#465=EDGE_LOOP('',(#2154,#2155,#2156,#2157,#2158,#2159,#2160,#2161,#2162,
#2163));
#466=EDGE_LOOP('',(#2164,#2165,#2166,#2167));
#467=EDGE_LOOP('',(#2168,#2169,#2170,#2171));
#468=EDGE_LOOP('',(#2172,#2173,#2174,#2175));
#469=EDGE_LOOP('',(#2176,#2177,#2178,#2179));
#470=EDGE_LOOP('',(#2180,#2181,#2182,#2183));
#471=EDGE_LOOP('',(#2184,#2185,#2186,#2187));
#472=EDGE_LOOP('',(#2188,#2189,#2190,#2191,#2192));
#473=EDGE_LOOP('',(#2193,#2194,#2195,#2196));
#474=EDGE_LOOP('',(#2197,#2198,#2199,#2200,#2201,#2202,#2203,#2204));
#475=EDGE_LOOP('',(#2205,#2206,#2207,#2208,#2209,#2210));
#476=EDGE_LOOP('',(#2211,#2212,#2213));
#477=EDGE_LOOP('',(#2214,#2215,#2216));
#478=EDGE_LOOP('',(#2217,#2218,#2219,#2220,#2221));
#479=EDGE_LOOP('',(#2222,#2223,#2224,#2225));
#480=EDGE_LOOP('',(#2226,#2227,#2228,#2229));
#481=EDGE_LOOP('',(#2230,#2231,#2232,#2233));
#482=EDGE_LOOP('',(#2234,#2235,#2236,#2237));
#483=EDGE_LOOP('',(#2238,#2239,#2240,#2241,#2242,#2243,#2244,#2245,#2246,
#2247));
#484=EDGE_LOOP('',(#2248,#2249,#2250,#2251,#2252,#2253,#2254,#2255,#2256,
#2257,#2258,#2259,#2260));
#485=EDGE_LOOP('',(#2261,#2262,#2263,#2264));
#486=EDGE_LOOP('',(#2265,#2266,#2267,#2268));
#487=EDGE_LOOP('',(#2269,#2270,#2271,#2272));
#488=EDGE_LOOP('',(#2273,#2274,#2275,#2276));
#489=EDGE_LOOP('',(#2277,#2278,#2279,#2280));
#490=EDGE_LOOP('',(#2281,#2282,#2283,#2284,#2285,#2286,#2287,#2288,#2289,
#2290));
#491=EDGE_LOOP('',(#2291,#2292,#2293,#2294));
#492=EDGE_LOOP('',(#2295,#2296,#2297,#2298));
#493=EDGE_LOOP('',(#2299,#2300,#2301));
#494=EDGE_LOOP('',(#2302,#2303,#2304,#2305));
#495=EDGE_LOOP('',(#2306,#2307,#2308,#2309));
#496=EDGE_LOOP('',(#2310,#2311,#2312));
#497=EDGE_LOOP('',(#2313,#2314,#2315,#2316));
#498=EDGE_LOOP('',(#2317,#2318,#2319,#2320));
#499=EDGE_LOOP('',(#2321,#2322,#2323,#2324));
#500=EDGE_LOOP('',(#2325,#2326,#2327,#2328,#2329,#2330,#2331,#2332,#2333,
#2334));
#501=EDGE_LOOP('',(#2335,#2336,#2337,#2338));
#502=EDGE_LOOP('',(#2339,#2340,#2341));
#503=EDGE_LOOP('',(#2342,#2343,#2344,#2345));
#504=EDGE_LOOP('',(#2346,#2347,#2348,#2349));
#505=EDGE_LOOP('',(#2350,#2351,#2352));
#506=EDGE_LOOP('',(#2353,#2354,#2355,#2356));
#507=EDGE_LOOP('',(#2357,#2358,#2359));
#508=EDGE_LOOP('',(#2360,#2361,#2362,#2363));
#509=EDGE_LOOP('',(#2364,#2365,#2366,#2367));
#510=EDGE_LOOP('',(#2368,#2369,#2370,#2371));
#511=EDGE_LOOP('',(#2372,#2373,#2374,#2375,#2376));
#512=EDGE_LOOP('',(#2377,#2378,#2379,#2380));
#513=EDGE_LOOP('',(#2381,#2382,#2383,#2384));
#514=EDGE_LOOP('',(#2385,#2386,#2387,#2388));
#515=EDGE_LOOP('',(#2389,#2390,#2391));
#516=EDGE_LOOP('',(#2392,#2393,#2394,#2395));
#517=EDGE_LOOP('',(#2396,#2397,#2398,#2399));
#518=EDGE_LOOP('',(#2400,#2401,#2402));
#519=EDGE_LOOP('',(#2403,#2404,#2405,#2406));
#520=EDGE_LOOP('',(#2407,#2408,#2409,#2410));
#521=EDGE_LOOP('',(#2411,#2412,#2413,#2414));
#522=EDGE_LOOP('',(#2415,#2416,#2417,#2418,#2419,#2420,#2421,#2422,#2423,
#2424));
#523=EDGE_LOOP('',(#2425,#2426,#2427,#2428));
#524=EDGE_LOOP('',(#2429,#2430,#2431));
#525=EDGE_LOOP('',(#2432,#2433,#2434,#2435));
#526=EDGE_LOOP('',(#2436,#2437,#2438,#2439));
#527=EDGE_LOOP('',(#2440,#2441,#2442));
#528=EDGE_LOOP('',(#2443,#2444,#2445,#2446));
#529=EDGE_LOOP('',(#2447,#2448,#2449));
#530=EDGE_LOOP('',(#2450,#2451,#2452,#2453));
#531=EDGE_LOOP('',(#2454,#2455,#2456,#2457));
#532=EDGE_LOOP('',(#2458,#2459,#2460,#2461));
#533=EDGE_LOOP('',(#2462,#2463,#2464,#2465,#2466));
#534=EDGE_LOOP('',(#2467,#2468,#2469,#2470));
#535=LINE('',#3704,#769);
#536=LINE('',#3709,#770);
#537=LINE('',#3713,#771);
#538=LINE('',#3716,#772);
#539=LINE('',#3724,#773);
#540=LINE('',#3725,#774);
#541=LINE('',#3732,#775);
#542=LINE('',#3742,#776);
#543=LINE('',#3744,#777);
#544=LINE('',#3750,#778);
#545=LINE('',#3752,#779);
#546=LINE('',#3758,#780);
#547=LINE('',#3759,#781);
#548=LINE('',#3762,#782);
#549=LINE('',#3768,#783);
#550=LINE('',#3774,#784);
#551=LINE('',#3779,#785);
#552=LINE('',#3787,#786);
#553=LINE('',#3790,#787);
#554=LINE('',#3791,#788);
#555=LINE('',#3801,#789);
#556=LINE('',#3809,#790);
#557=LINE('',#3811,#791);
#558=LINE('',#3812,#792);
#559=LINE('',#3814,#793);
#560=LINE('',#3822,#794);
#561=LINE('',#3825,#795);
#562=LINE('',#3829,#796);
#563=LINE('',#3832,#797);
#564=LINE('',#3840,#798);
#565=LINE('',#3841,#799);
#566=LINE('',#3847,#800);
#567=LINE('',#3854,#801);
#568=LINE('',#3856,#802);
#569=LINE('',#3862,#803);
#570=LINE('',#3864,#804);
#571=LINE('',#3870,#805);
#572=LINE('',#3871,#806);
#573=LINE('',#3874,#807);
#574=LINE('',#3878,#808);
#575=LINE('',#3884,#809);
#576=LINE('',#3889,#810);
#577=LINE('',#3895,#811);
#578=LINE('',#3898,#812);
#579=LINE('',#3899,#813);
#580=LINE('',#3909,#814);
#581=LINE('',#3917,#815);
#582=LINE('',#3919,#816);
#583=LINE('',#3920,#817);
#584=LINE('',#3922,#818);
#585=LINE('',#3932,#819);
#586=LINE('',#3937,#820);
#587=LINE('',#3940,#821);
#588=LINE('',#3942,#822);
#589=LINE('',#3943,#823);
#590=LINE('',#3953,#824);
#591=LINE('',#3965,#825);
#592=LINE('',#3972,#826);
#593=LINE('',#3975,#827);
#594=LINE('',#3978,#828);
#595=LINE('',#3979,#829);
#596=LINE('',#3983,#830);
#597=LINE('',#3985,#831);
#598=LINE('',#3987,#832);
#599=LINE('',#3988,#833);
#600=LINE('',#4002,#834);
#601=LINE('',#4015,#835);
#602=LINE('',#4021,#836);
#603=LINE('',#4022,#837);
#604=LINE('',#4025,#838);
#605=LINE('',#4032,#839);
#606=LINE('',#4036,#840);
#607=LINE('',#4040,#841);
#608=LINE('',#4043,#842);
#609=LINE('',#4046,#843);
#610=LINE('',#4048,#844);
#611=LINE('',#4049,#845);
#612=LINE('',#4052,#846);
#613=LINE('',#4055,#847);
#614=LINE('',#4058,#848);
#615=LINE('',#4059,#849);
#616=LINE('',#4062,#850);
#617=LINE('',#4067,#851);
#618=LINE('',#4070,#852);
#619=LINE('',#4071,#853);
#620=LINE('',#4075,#854);
#621=LINE('',#4080,#855);
#622=LINE('',#4082,#856);
#623=LINE('',#4084,#857);
#624=LINE('',#4086,#858);
#625=LINE('',#4088,#859);
#626=LINE('',#4090,#860);
#627=LINE('',#4092,#861);
#628=LINE('',#4094,#862);
#629=LINE('',#4095,#863);
#630=LINE('',#4099,#864);
#631=LINE('',#4103,#865);
#632=LINE('',#4109,#866);
#633=LINE('',#4116,#867);
#634=LINE('',#4123,#868);
#635=LINE('',#4126,#869);
#636=LINE('',#4128,#870);
#637=LINE('',#4129,#871);
#638=LINE('',#4132,#872);
#639=LINE('',#4133,#873);
#640=LINE('',#4136,#874);
#641=LINE('',#4138,#875);
#642=LINE('',#4139,#876);
#643=LINE('',#4150,#877);
#644=LINE('',#4154,#878);
#645=LINE('',#4155,#879);
#646=LINE('',#4160,#880);
#647=LINE('',#4164,#881);
#648=LINE('',#4170,#882);
#649=LINE('',#4174,#883);
#650=LINE('',#4175,#884);
#651=LINE('',#4179,#885);
#652=LINE('',#4181,#886);
#653=LINE('',#4184,#887);
#654=LINE('',#4185,#888);
#655=LINE('',#4188,#889);
#656=LINE('',#4192,#890);
#657=LINE('',#4196,#891);
#658=LINE('',#4197,#892);
#659=LINE('',#4200,#893);
#660=LINE('',#4204,#894);
#661=LINE('',#4210,#895);
#662=LINE('',#4216,#896);
#663=LINE('',#4219,#897);
#664=LINE('',#4221,#898);
#665=LINE('',#4224,#899);
#666=LINE('',#4225,#900);
#667=LINE('',#4228,#901);
#668=LINE('',#4230,#902);
#669=LINE('',#4231,#903);
#670=LINE('',#4244,#904);
#671=LINE('',#4246,#905);
#672=LINE('',#4248,#906);
#673=LINE('',#4250,#907);
#674=LINE('',#4252,#908);
#675=LINE('',#4254,#909);
#676=LINE('',#4256,#910);
#677=LINE('',#4258,#911);
#678=LINE('',#4259,#912);
#679=LINE('',#4263,#913);
#680=LINE('',#4267,#914);
#681=LINE('',#4274,#915);
#682=LINE('',#4280,#916);
#683=LINE('',#4287,#917);
#684=LINE('',#4290,#918);
#685=LINE('',#4292,#919);
#686=LINE('',#4293,#920);
#687=LINE('',#4296,#921);
#688=LINE('',#4297,#922);
#689=LINE('',#4300,#923);
#690=LINE('',#4302,#924);
#691=LINE('',#4303,#925);
#692=LINE('',#4314,#926);
#693=LINE('',#4318,#927);
#694=LINE('',#4319,#928);
#695=LINE('',#4324,#929);
#696=LINE('',#4328,#930);
#697=LINE('',#4334,#931);
#698=LINE('',#4336,#932);
#699=LINE('',#4339,#933);
#700=LINE('',#4343,#934);
#701=LINE('',#4345,#935);
#702=LINE('',#4348,#936);
#703=LINE('',#4349,#937);
#704=LINE('',#4353,#938);
#705=LINE('',#4356,#939);
#706=LINE('',#4360,#940);
#707=LINE('',#4361,#941);
#708=LINE('',#4364,#942);
#709=LINE('',#4368,#943);
#710=LINE('',#4372,#944);
#711=LINE('',#4378,#945);
#712=LINE('',#4383,#946);
#713=LINE('',#4385,#947);
#714=LINE('',#4388,#948);
#715=LINE('',#4389,#949);
#716=LINE('',#4392,#950);
#717=LINE('',#4394,#951);
#718=LINE('',#4395,#952);
#719=LINE('',#4412,#953);
#720=LINE('',#4417,#954);
#721=LINE('',#4421,#955);
#722=LINE('',#4424,#956);
#723=LINE('',#4432,#957);
#724=LINE('',#4433,#958);
#725=LINE('',#4443,#959);
#726=LINE('',#4450,#960);
#727=LINE('',#4452,#961);
#728=LINE('',#4458,#962);
#729=LINE('',#4460,#963);
#730=LINE('',#4466,#964);
#731=LINE('',#4467,#965);
#732=LINE('',#4470,#966);
#733=LINE('',#4476,#967);
#734=LINE('',#4480,#968);
#735=LINE('',#4485,#969);
#736=LINE('',#4493,#970);
#737=LINE('',#4496,#971);
#738=LINE('',#4497,#972);
#739=LINE('',#4507,#973);
#740=LINE('',#4515,#974);
#741=LINE('',#4517,#975);
#742=LINE('',#4518,#976);
#743=LINE('',#4520,#977);
#744=LINE('',#4530,#978);
#745=LINE('',#4533,#979);
#746=LINE('',#4537,#980);
#747=LINE('',#4542,#981);
#748=LINE('',#4550,#982);
#749=LINE('',#4551,#983);
#750=LINE('',#4558,#984);
#751=LINE('',#4568,#985);
#752=LINE('',#4570,#986);
#753=LINE('',#4576,#987);
#754=LINE('',#4578,#988);
#755=LINE('',#4584,#989);
#756=LINE('',#4585,#990);
#757=LINE('',#4588,#991);
#758=LINE('',#4592,#992);
#759=LINE('',#4596,#993);
#760=LINE('',#4601,#994);
#761=LINE('',#4607,#995);
#762=LINE('',#4610,#996);
#763=LINE('',#4611,#997);
#764=LINE('',#4625,#998);
#765=LINE('',#4633,#999);
#766=LINE('',#4635,#1000);
#767=LINE('',#4636,#1001);
#768=LINE('',#4638,#1002);
#769=VECTOR('',#2976,0.14);
#770=VECTOR('',#2977,0.14);
#771=VECTOR('',#2980,0.48000000000002);
#772=VECTOR('',#2983,0.48000000000002);
#773=VECTOR('',#2990,0.48000000000002);
#774=VECTOR('',#2991,0.14);
#775=VECTOR('',#2994,0.14);
#776=VECTOR('',#2999,0.26585786437613);
#777=VECTOR('',#3000,0.26585786437613);
#778=VECTOR('',#3003,0.490000000000009);
#779=VECTOR('',#3004,0.490000000000009);
#780=VECTOR('',#3007,0.490000000000009);
#781=VECTOR('',#3008,0.14);
#782=VECTOR('',#3011,0.265857864376131);
#783=VECTOR('',#3012,0.316984848098396);
#784=VECTOR('',#3013,0.25585786437614);
#785=VECTOR('',#3016,0.14);
#786=VECTOR('',#3023,0.14);
#787=VECTOR('',#3026,0.14);
#788=VECTOR('',#3027,0.25585786437614);
#789=VECTOR('',#3036,0.25585786437614);
#790=VECTOR('',#3043,0.14);
#791=VECTOR('',#3046,0.316984848098395);
#792=VECTOR('',#3047,0.316984848098396);
#793=VECTOR('',#3050,0.14);
#794=VECTOR('',#3059,0.14);
#795=VECTOR('',#3062,0.14);
#796=VECTOR('',#3065,0.47999999999999);
#797=VECTOR('',#3068,0.47999999999999);
#798=VECTOR('',#3075,0.14);
#799=VECTOR('',#3076,0.47999999999999);
#800=VECTOR('',#3083,0.14);
#801=VECTOR('',#3088,0.26585786437613);
#802=VECTOR('',#3089,0.26585786437613);
#803=VECTOR('',#3092,0.490000000000009);
#804=VECTOR('',#3093,0.490000000000009);
#805=VECTOR('',#3096,0.490000000000009);
#806=VECTOR('',#3097,0.14);
#807=VECTOR('',#3100,0.265857864376131);
#808=VECTOR('',#3103,0.25585786437625);
#809=VECTOR('',#3104,0.316984848098502);
#810=VECTOR('',#3107,0.14);
#811=VECTOR('',#3116,0.14);
#812=VECTOR('',#3119,0.25585786437625);
#813=VECTOR('',#3120,0.14);
#814=VECTOR('',#3129,0.25585786437626);
#815=VECTOR('',#3136,0.14);
#816=VECTOR('',#3139,0.316984848098502);
#817=VECTOR('',#3140,0.316984848098516);
#818=VECTOR('',#3143,0.14);
#819=VECTOR('',#3150,0.38999999999927);
#820=VECTOR('',#3151,0.38999999999928);
#821=VECTOR('',#3154,1.18);
#822=VECTOR('',#3155,1.18);
#823=VECTOR('',#3156,0.39000000000072);
#824=VECTOR('',#3159,0.39000000000073);
#825=VECTOR('',#3166,1.18);
#826=VECTOR('',#3171,1.97999999999999);
#827=VECTOR('',#3174,1.97999999999999);
#828=VECTOR('',#3177,1.97999999999999);
#829=VECTOR('',#3178,0.38999999999927);
#830=VECTOR('',#3181,1.18);
#831=VECTOR('',#3182,0.39000000000072);
#832=VECTOR('',#3183,1.18);
#833=VECTOR('',#3184,0.38999999999928);
#834=VECTOR('',#3189,0.39000000000073);
#835=VECTOR('',#3194,1.18);
#836=VECTOR('',#3199,1.98);
#837=VECTOR('',#3200,1.98);
#838=VECTOR('',#3205,1.98);
#839=VECTOR('',#3212,0.699999999999818);
#840=VECTOR('',#3215,0.26000000000002);
#841=VECTOR('',#3218,0.699999999999818);
#842=VECTOR('',#3221,0.26000000000002);
#843=VECTOR('',#3224,0.99999999999977);
#844=VECTOR('',#3225,0.26);
#845=VECTOR('',#3226,0.99999999999977);
#846=VECTOR('',#3229,0.99999999999978);
#847=VECTOR('',#3232,0.99999999999978);
#848=VECTOR('',#3235,0.99999999999978);
#849=VECTOR('',#3236,0.26000000000001);
#850=VECTOR('',#3239,0.99999999999978);
#851=VECTOR('',#3246,0.99999999999977);
#852=VECTOR('',#3249,0.99999999999977);
#853=VECTOR('',#3250,0.699999999999818);
#854=VECTOR('',#3257,0.699999999999818);
#855=VECTOR('',#3262,0.250000000000001);
#856=VECTOR('',#3263,0.265857864376358);
#857=VECTOR('',#3264,0.650000000000002);
#858=VECTOR('',#3265,1.18000000000006);
#859=VECTOR('',#3266,0.40000000000068);
#860=VECTOR('',#3267,0.250000000001072);
#861=VECTOR('',#3268,0.265857864376358);
#862=VECTOR('',#3269,0.250000000000001);
#863=VECTOR('',#3270,0.64828427124553);
#864=VECTOR('',#3273,0.490000000000009);
#865=VECTOR('',#3276,0.25585786437614);
#866=VECTOR('',#3277,0.316984848098184);
#867=VECTOR('',#3280,0.48000000000001);
#868=VECTOR('',#3287,0.0500000000010914);
#869=VECTOR('',#3290,0.0500000000010914);
#870=VECTOR('',#3293,0.250000000000003);
#871=VECTOR('',#3294,0.250000000000178);
#872=VECTOR('',#3297,0.25585786437614);
#873=VECTOR('',#3298,0.250000000000003);
#874=VECTOR('',#3301,0.25);
#875=VECTOR('',#3302,0.249999999999997);
#876=VECTOR('',#3303,0.316984848098344);
#877=VECTOR('',#3310,0.650000000001786);
#878=VECTOR('',#3315,0.650000000001056);
#879=VECTOR('',#3316,0.47999999999999);
#880=VECTOR('',#3321,0.47999999999999);
#881=VECTOR('',#3324,1.18000000000006);
#882=VECTOR('',#3331,0.299999999999954);
#883=VECTOR('',#3334,0.049999999999955);
#884=VECTOR('',#3335,0.179999999998927);
#885=VECTOR('',#3340,0.00999999999981988);
#886=VECTOR('',#3343,0.01000000000018);
#887=VECTOR('',#3346,0.39999999999996);
#888=VECTOR('',#3347,0.250000000001072);
#889=VECTOR('',#3350,0.049999999999954);
#890=VECTOR('',#3355,0.649999999999996);
#891=VECTOR('',#3360,0.650000000000726);
#892=VECTOR('',#3361,0.47999999999999);
#893=VECTOR('',#3364,0.650000000000722);
#894=VECTOR('',#3369,0.490000000000009);
#895=VECTOR('',#3370,0.316984848098341);
#896=VECTOR('',#3371,0.25585786437625);
#897=VECTOR('',#3376,0.250000000000178);
#898=VECTOR('',#3379,0.250000000000003);
#899=VECTOR('',#3382,0.250000000000003);
#900=VECTOR('',#3383,0.25585786437625);
#901=VECTOR('',#3386,0.25);
#902=VECTOR('',#3387,0.316984848098341);
#903=VECTOR('',#3388,0.249999999999997);
#904=VECTOR('',#3397,0.64828427124553);
#905=VECTOR('',#3398,0.250000000000001);
#906=VECTOR('',#3399,0.265857864376357);
#907=VECTOR('',#3400,0.250000000001072);
#908=VECTOR('',#3401,0.40000000000068);
#909=VECTOR('',#3402,1.18000000000006);
#910=VECTOR('',#3403,0.650000000000002);
#911=VECTOR('',#3404,0.265857864376357);
#912=VECTOR('',#3405,0.250000000000001);
#913=VECTOR('',#3408,0.49000000000001);
#914=VECTOR('',#3411,0.480000000000017);
#915=VECTOR('',#3414,0.31698484809816);
#916=VECTOR('',#3415,0.255857864376139);
#917=VECTOR('',#3422,0.0500000000013188);
#918=VECTOR('',#3425,0.0500000000013188);
#919=VECTOR('',#3428,0.250000000000178);
#920=VECTOR('',#3429,0.250000000000003);
#921=VECTOR('',#3432,0.250000000000003);
#922=VECTOR('',#3433,0.255857864376139);
#923=VECTOR('',#3436,0.25);
#924=VECTOR('',#3437,0.316984848098321);
#925=VECTOR('',#3438,0.249999999999997);
#926=VECTOR('',#3445,0.650000000001786);
#927=VECTOR('',#3450,0.650000000001056);
#928=VECTOR('',#3451,0.479999999999988);
#929=VECTOR('',#3456,1.18000000000006);
#930=VECTOR('',#3459,0.479999999999992);
#931=VECTOR('',#3466,0.1799999999987);
#932=VECTOR('',#3467,0.049999999999954);
#933=VECTOR('',#3470,0.299999999999955);
#934=VECTOR('',#3475,0.00999999999981988);
#935=VECTOR('',#3478,0.01000000000018);
#936=VECTOR('',#3481,0.39999999999996);
#937=VECTOR('',#3482,0.250000000001072);
#938=VECTOR('',#3487,0.049999999999955);
#939=VECTOR('',#3490,0.649999999999996);
#940=VECTOR('',#3495,0.650000000000726);
#941=VECTOR('',#3496,0.479999999999992);
#942=VECTOR('',#3499,0.650000000000722);
#943=VECTOR('',#3504,0.490000000000009);
#944=VECTOR('',#3507,0.255857864376253);
#945=VECTOR('',#3508,0.316984848098372);
#946=VECTOR('',#3511,0.250000000000178);
#947=VECTOR('',#3514,0.250000000000003);
#948=VECTOR('',#3517,0.255857864376253);
#949=VECTOR('',#3518,0.250000000000003);
#950=VECTOR('',#3521,0.25);
#951=VECTOR('',#3522,0.249999999999997);
#952=VECTOR('',#3523,0.316984848098371);
#953=VECTOR('',#3532,0.14);
#954=VECTOR('',#3533,0.14);
#955=VECTOR('',#3536,0.480000000000016);
#956=VECTOR('',#3539,0.480000000000016);
#957=VECTOR('',#3546,0.14);
#958=VECTOR('',#3547,0.480000000000016);
#959=VECTOR('',#3550,0.14);
#960=VECTOR('',#3555,0.265857864376222);
#961=VECTOR('',#3556,0.265857864376222);
#962=VECTOR('',#3559,0.489999999999955);
#963=VECTOR('',#3560,0.489999999999954);
#964=VECTOR('',#3563,0.489999999999954);
#965=VECTOR('',#3564,0.14);
#966=VECTOR('',#3567,0.265857864376222);
#967=VECTOR('',#3568,0.255857864376139);
#968=VECTOR('',#3571,0.316984848098074);
#969=VECTOR('',#3574,0.14);
#970=VECTOR('',#3581,0.14);
#971=VECTOR('',#3584,0.255857864376139);
#972=VECTOR('',#3585,0.14);
#973=VECTOR('',#3594,0.255857864376139);
#974=VECTOR('',#3601,0.14);
#975=VECTOR('',#3604,0.316984848098074);
#976=VECTOR('',#3605,0.316984848098075);
#977=VECTOR('',#3608,0.14);
#978=VECTOR('',#3615,0.14);
#979=VECTOR('',#3618,0.14);
#980=VECTOR('',#3621,0.479999999999991);
#981=VECTOR('',#3622,0.479999999999986);
#982=VECTOR('',#3629,0.479999999999986);
#983=VECTOR('',#3630,0.14);
#984=VECTOR('',#3633,0.14);
#985=VECTOR('',#3638,0.265857864376223);
#986=VECTOR('',#3639,0.265857864376222);
#987=VECTOR('',#3642,0.489999999999954);
#988=VECTOR('',#3643,0.489999999999955);
#989=VECTOR('',#3646,0.489999999999955);
#990=VECTOR('',#3647,0.14);
#991=VECTOR('',#3650,0.265857864376223);
#992=VECTOR('',#3653,0.31698484809835);
#993=VECTOR('',#3656,0.255857864376253);
#994=VECTOR('',#3659,0.14);
#995=VECTOR('',#3668,0.14);
#996=VECTOR('',#3671,0.14);
#997=VECTOR('',#3672,0.255857864376253);
#998=VECTOR('',#3677,0.255857864376253);
#999=VECTOR('',#3684,0.14);
#1000=VECTOR('',#3687,0.316984848098356);
#1001=VECTOR('',#3688,0.31698484809835);
#1002=VECTOR('',#3691,0.14);
#1003=(
BOUNDED_CURVE()
B_SPLINE_CURVE(2,(#3700,#3701,#3702),.UNSPECIFIED.,.F.,.F.)
B_SPLINE_CURVE_WITH_KNOTS((3,3),(-0.785398163398347,0.785398163396549),
 .UNSPECIFIED.)
CURVE()
GEOMETRIC_REPRESENTATION_ITEM()
RATIONAL_B_SPLINE_CURVE((1.,0.707106781175943,1.))
REPRESENTATION_ITEM('')
);
#1004=(
BOUNDED_CURVE()
B_SPLINE_CURVE(2,(#3706,#3707,#3708),.UNSPECIFIED.,.F.,.F.)
B_SPLINE_CURVE_WITH_KNOTS((3,3),(1.00994138202481E-12,1.5707963267949),
 .UNSPECIFIED.)
CURVE()
GEOMETRIC_REPRESENTATION_ITEM()
RATIONAL_B_SPLINE_CURVE((1.,0.707106781175943,1.))
REPRESENTATION_ITEM('')
);
#1005=(
BOUNDED_CURVE()
B_SPLINE_CURVE(2,(#3719,#3720,#3721),.UNSPECIFIED.,.F.,.F.)
B_SPLINE_CURVE_WITH_KNOTS((3,3),(2.9726E-12,1.5707963267949),
 .UNSPECIFIED.)
CURVE()
GEOMETRIC_REPRESENTATION_ITEM()
RATIONAL_B_SPLINE_CURVE((1.,0.707106781158344,1.))
REPRESENTATION_ITEM('')
);
#1006=(
BOUNDED_CURVE()
B_SPLINE_CURVE(2,(#3728,#3729,#3730),.UNSPECIFIED.,.F.,.F.)
B_SPLINE_CURVE_WITH_KNOTS((3,3),(-0.78539816339837,0.785398163396527),
 .UNSPECIFIED.)
CURVE()
GEOMETRIC_REPRESENTATION_ITEM()
RATIONAL_B_SPLINE_CURVE((1.,0.707106781175943,1.))
REPRESENTATION_ITEM('')
);
#1007=(
BOUNDED_CURVE()
B_SPLINE_CURVE(2,(#3733,#3734,#3735),.UNSPECIFIED.,.F.,.F.)
B_SPLINE_CURVE_WITH_KNOTS((3,3),(1.00994138202481E-12,1.5707963267949),
 .UNSPECIFIED.)
CURVE()
GEOMETRIC_REPRESENTATION_ITEM()
RATIONAL_B_SPLINE_CURVE((1.,0.707106781175943,1.))
REPRESENTATION_ITEM('')
);
#1008=(
BOUNDED_CURVE()
B_SPLINE_CURVE(2,(#3737,#3738,#3739),.UNSPECIFIED.,.F.,.F.)
B_SPLINE_CURVE_WITH_KNOTS((3,3),(0.,1.5707963267949),.UNSPECIFIED.)
CURVE()
GEOMETRIC_REPRESENTATION_ITEM()
RATIONAL_B_SPLINE_CURVE((1.,0.707106781157818,1.))
REPRESENTATION_ITEM('')
);
#1009=(
BOUNDED_CURVE()
B_SPLINE_CURVE(2,(#3745,#3746,#3747),.UNSPECIFIED.,.F.,.F.)
B_SPLINE_CURVE_WITH_KNOTS((3,3),(2.21483690152538E-17,1.57079632679192),
 .UNSPECIFIED.)
CURVE()
GEOMETRIC_REPRESENTATION_ITEM()
RATIONAL_B_SPLINE_CURVE((1.,0.707106781158344,1.))
REPRESENTATION_ITEM('')
);
#1010=(
BOUNDED_CURVE()
B_SPLINE_CURVE(2,(#3753,#3754,#3755),.UNSPECIFIED.,.F.,.F.)
B_SPLINE_CURVE_WITH_KNOTS((3,3),(0.,1.5707963267949),.UNSPECIFIED.)
CURVE()
GEOMETRIC_REPRESENTATION_ITEM()
RATIONAL_B_SPLINE_CURVE((1.,0.707106781157819,1.))
REPRESENTATION_ITEM('')
);
#1011=(
BOUNDED_CURVE()
B_SPLINE_CURVE(2,(#3764,#3765,#3766),.UNSPECIFIED.,.F.,.F.)
B_SPLINE_CURVE_WITH_KNOTS((3,3),(-0.392699081699759,0.392699081697689),
 .UNSPECIFIED.)
CURVE()
GEOMETRIC_REPRESENTATION_ITEM()
RATIONAL_B_SPLINE_CURVE((1.,0.92387953201979,1.))
REPRESENTATION_ITEM('')
);
#1012=(
BOUNDED_CURVE()
B_SPLINE_CURVE(2,(#3770,#3771,#3772),.UNSPECIFIED.,.F.,.F.)
B_SPLINE_CURVE_WITH_KNOTS((3,3),(-0.392699081699807,0.392699081697641),
 .UNSPECIFIED.)
CURVE()
GEOMETRIC_REPRESENTATION_ITEM()
RATIONAL_B_SPLINE_CURVE((1.,0.92387953238282,1.))
REPRESENTATION_ITEM('')
);
#1013=(
BOUNDED_CURVE()
B_SPLINE_CURVE(2,(#3775,#3776,#3777),.UNSPECIFIED.,.F.,.F.)
B_SPLINE_CURVE_WITH_KNOTS((3,3),(-0.785398163398347,0.78539816339655),
 .UNSPECIFIED.)
CURVE()
GEOMETRIC_REPRESENTATION_ITEM()
RATIONAL_B_SPLINE_CURVE((1.,0.707106781175943,1.))
REPRESENTATION_ITEM('')
);
#1014=(
BOUNDED_CURVE()
B_SPLINE_CURVE(2,(#3782,#3783,#3784),.UNSPECIFIED.,.F.,.F.)
B_SPLINE_CURVE_WITH_KNOTS((3,3),(1.00994138202481E-12,1.5707963267949),
 .UNSPECIFIED.)
CURVE()
GEOMETRIC_REPRESENTATION_ITEM()
RATIONAL_B_SPLINE_CURVE((1.,0.707106781175943,1.))
REPRESENTATION_ITEM('')
);
#1015=(
BOUNDED_CURVE()
B_SPLINE_CURVE(2,(#3794,#3795,#3796),.UNSPECIFIED.,.F.,.F.)
B_SPLINE_CURVE_WITH_KNOTS((3,3),(1.00994138202481E-12,0.785398163397448),
 .UNSPECIFIED.)
CURVE()
GEOMETRIC_REPRESENTATION_ITEM()
RATIONAL_B_SPLINE_CURVE((1.,0.92387953238282,1.))
REPRESENTATION_ITEM('')
);
#1016=(
BOUNDED_CURVE()
B_SPLINE_CURVE(2,(#3805,#3806,#3807),.UNSPECIFIED.,.F.,.F.)
B_SPLINE_CURVE_WITH_KNOTS((3,3),(1.01000208630238E-12,0.785398163397448),
 .UNSPECIFIED.)
CURVE()
GEOMETRIC_REPRESENTATION_ITEM()
RATIONAL_B_SPLINE_CURVE((1.,0.92387953201979,1.))
REPRESENTATION_ITEM('')
);
#1017=(
BOUNDED_CURVE()
B_SPLINE_CURVE(2,(#3835,#3836,#3837),.UNSPECIFIED.,.F.,.F.)
B_SPLINE_CURVE_WITH_KNOTS((3,3),(0.,1.5707963267949),.UNSPECIFIED.)
CURVE()
GEOMETRIC_REPRESENTATION_ITEM()
RATIONAL_B_SPLINE_CURVE((1.,0.707106781185179,1.))
REPRESENTATION_ITEM('')
);
#1018=(
BOUNDED_CURVE()
B_SPLINE_CURVE(2,(#3849,#3850,#3851),.UNSPECIFIED.,.F.,.F.)
B_SPLINE_CURVE_WITH_KNOTS((3,3),(0.,1.5707963267949),.UNSPECIFIED.)
CURVE()
GEOMETRIC_REPRESENTATION_ITEM()
RATIONAL_B_SPLINE_CURVE((1.,0.707106781185178,1.))
REPRESENTATION_ITEM('')
);
#1019=(
BOUNDED_CURVE()
B_SPLINE_CURVE(2,(#3857,#3858,#3859),.UNSPECIFIED.,.F.,.F.)
B_SPLINE_CURVE_WITH_KNOTS((3,3),(0.,1.5707963267949),.UNSPECIFIED.)
CURVE()
GEOMETRIC_REPRESENTATION_ITEM()
RATIONAL_B_SPLINE_CURVE((1.,0.707106781185178,1.))
REPRESENTATION_ITEM('')
);
#1020=(
BOUNDED_CURVE()
B_SPLINE_CURVE(2,(#3865,#3866,#3867),.UNSPECIFIED.,.F.,.F.)
B_SPLINE_CURVE_WITH_KNOTS((3,3),(0.,1.5707963267949),.UNSPECIFIED.)
CURVE()
GEOMETRIC_REPRESENTATION_ITEM()
RATIONAL_B_SPLINE_CURVE((1.,0.707106781185179,1.))
REPRESENTATION_ITEM('')
);
#1021=(
BOUNDED_CURVE()
B_SPLINE_CURVE(2,(#3880,#3881,#3882),.UNSPECIFIED.,.F.,.F.)
B_SPLINE_CURVE_WITH_KNOTS((3,3),(-0.392699081695597,0.392699081698836),
 .UNSPECIFIED.)
CURVE()
GEOMETRIC_REPRESENTATION_ITEM()
RATIONAL_B_SPLINE_CURVE((1.,0.92387953226215,1.))
REPRESENTATION_ITEM('')
);
#1022=(
BOUNDED_CURVE()
B_SPLINE_CURVE(2,(#3885,#3886,#3887),.UNSPECIFIED.,.F.,.F.)
B_SPLINE_CURVE_WITH_KNOTS((3,3),(-0.392699081698564,0.392699081702904),
 .UNSPECIFIED.)
CURVE()
GEOMETRIC_REPRESENTATION_ITEM()
RATIONAL_B_SPLINE_CURVE((1.,0.923879532494308,1.))
REPRESENTATION_ITEM('')
);
#1023=(
BOUNDED_CURVE()
B_SPLINE_CURVE(2,(#3902,#3903,#3904),.UNSPECIFIED.,.F.,.F.)
B_SPLINE_CURVE_WITH_KNOTS((3,3),(0.,0.785398163394248),.UNSPECIFIED.)
CURVE()
GEOMETRIC_REPRESENTATION_ITEM()
RATIONAL_B_SPLINE_CURVE((1.,0.92387953226215,1.))
REPRESENTATION_ITEM('')
);
#1024=(
BOUNDED_CURVE()
B_SPLINE_CURVE(2,(#3913,#3914,#3915),.UNSPECIFIED.,.F.,.F.)
B_SPLINE_CURVE_WITH_KNOTS((3,3),(0.,0.785398163397263),.UNSPECIFIED.)
CURVE()
GEOMETRIC_REPRESENTATION_ITEM()
RATIONAL_B_SPLINE_CURVE((1.,0.92387953250903,1.))
REPRESENTATION_ITEM('')
);
#1025=(
BOUNDED_CURVE()
B_SPLINE_CURVE(2,(#3928,#3929,#3930),.UNSPECIFIED.,.F.,.F.)
B_SPLINE_CURVE_WITH_KNOTS((3,3),(-0.785398163397554,0.785398163397343),
 .UNSPECIFIED.)
CURVE()
GEOMETRIC_REPRESENTATION_ITEM()
RATIONAL_B_SPLINE_CURVE((1.,0.707106781185186,1.))
REPRESENTATION_ITEM('')
);
#1026=(
BOUNDED_CURVE()
B_SPLINE_CURVE(2,(#3934,#3935,#3936),.UNSPECIFIED.,.F.,.F.)
B_SPLINE_CURVE_WITH_KNOTS((3,3),(-0.785398163397559,0.785398163397337),
 .UNSPECIFIED.)
CURVE()
GEOMETRIC_REPRESENTATION_ITEM()
RATIONAL_B_SPLINE_CURVE((1.,0.707106781185186,1.))
REPRESENTATION_ITEM('')
);
#1027=(
BOUNDED_CURVE()
B_SPLINE_CURVE(2,(#3946,#3947,#3948),.UNSPECIFIED.,.F.,.F.)
B_SPLINE_CURVE_WITH_KNOTS((3,3),(-0.785398163397543,0.785398163397332),
 .UNSPECIFIED.)
CURVE()
GEOMETRIC_REPRESENTATION_ITEM()
RATIONAL_B_SPLINE_CURVE((1.,0.707106781185167,1.))
REPRESENTATION_ITEM('')
);
#1028=(
BOUNDED_CURVE()
B_SPLINE_CURVE(2,(#3950,#3951,#3952),.UNSPECIFIED.,.F.,.F.)
B_SPLINE_CURVE_WITH_KNOTS((3,3),(-0.785398163397568,0.785398163397306),
 .UNSPECIFIED.)
CURVE()
GEOMETRIC_REPRESENTATION_ITEM()
RATIONAL_B_SPLINE_CURVE((1.,0.707106781185203,1.))
REPRESENTATION_ITEM('')
);
#1029=(
BOUNDED_CURVE()
B_SPLINE_CURVE(2,(#3956,#3957,#3958),.UNSPECIFIED.,.F.,.F.)
B_SPLINE_CURVE_WITH_KNOTS((3,3),(-0.785398163397527,0.78539816339737),
 .UNSPECIFIED.)
CURVE()
GEOMETRIC_REPRESENTATION_ITEM()
RATIONAL_B_SPLINE_CURVE((1.,0.70710678118514,1.))
REPRESENTATION_ITEM('')
);
#1030=(
BOUNDED_CURVE()
B_SPLINE_CURVE(2,(#3962,#3963,#3964),.UNSPECIFIED.,.F.,.F.)
B_SPLINE_CURVE_WITH_KNOTS((3,3),(-0.78539816339737,0.785398163397527),
 .UNSPECIFIED.)
CURVE()
GEOMETRIC_REPRESENTATION_ITEM()
RATIONAL_B_SPLINE_CURVE((1.,0.707106781185205,1.))
REPRESENTATION_ITEM('')
);
#1031=(
BOUNDED_CURVE()
B_SPLINE_CURVE(2,(#3967,#3968,#3969),.UNSPECIFIED.,.F.,.F.)
B_SPLINE_CURVE_WITH_KNOTS((3,3),(-0.785398163397426,0.785398163397448),
 .UNSPECIFIED.)
CURVE()
GEOMETRIC_REPRESENTATION_ITEM()
RATIONAL_B_SPLINE_CURVE((1.,0.707106781186569,1.))
REPRESENTATION_ITEM('')
);
#1032=(
BOUNDED_CURVE()
B_SPLINE_CURVE(2,(#3990,#3991,#3992),.UNSPECIFIED.,.F.,.F.)
B_SPLINE_CURVE_WITH_KNOTS((3,3),(-0.785398163397554,0.785398163397321),
 .UNSPECIFIED.)
CURVE()
GEOMETRIC_REPRESENTATION_ITEM()
RATIONAL_B_SPLINE_CURVE((1.,0.707106781185167,1.))
REPRESENTATION_ITEM('')
);
#1033=(
BOUNDED_CURVE()
B_SPLINE_CURVE(2,(#3993,#3994,#3995),.UNSPECIFIED.,.F.,.F.)
B_SPLINE_CURVE_WITH_KNOTS((3,3),(-0.785398163397568,0.785398163397306),
 .UNSPECIFIED.)
CURVE()
GEOMETRIC_REPRESENTATION_ITEM()
RATIONAL_B_SPLINE_CURVE((1.,0.707106781185148,1.))
REPRESENTATION_ITEM('')
);
#1034=(
BOUNDED_CURVE()
B_SPLINE_CURVE(2,(#3998,#3999,#4000),.UNSPECIFIED.,.F.,.F.)
B_SPLINE_CURVE_WITH_KNOTS((3,3),(-0.785398163397543,0.785398163397365),
 .UNSPECIFIED.)
CURVE()
GEOMETRIC_REPRESENTATION_ITEM()
RATIONAL_B_SPLINE_CURVE((1.,0.707106781185163,1.))
REPRESENTATION_ITEM('')
);
#1035=(
BOUNDED_CURVE()
B_SPLINE_CURVE(2,(#4003,#4004,#4005),.UNSPECIFIED.,.F.,.F.)
B_SPLINE_CURVE_WITH_KNOTS((3,3),(-0.785398163397551,0.785398163397356),
 .UNSPECIFIED.)
CURVE()
GEOMETRIC_REPRESENTATION_ITEM()
RATIONAL_B_SPLINE_CURVE((1.,0.707106781185172,1.))
REPRESENTATION_ITEM('')
);
#1036=(
BOUNDED_CURVE()
B_SPLINE_CURVE(2,(#4007,#4008,#4009),.UNSPECIFIED.,.F.,.F.)
B_SPLINE_CURVE_WITH_KNOTS((3,3),(-0.785398163397349,0.78539816339737),
 .UNSPECIFIED.)
CURVE()
GEOMETRIC_REPRESENTATION_ITEM()
RATIONAL_B_SPLINE_CURVE((1.,0.707106781185225,1.))
REPRESENTATION_ITEM('')
);
#1037=(
BOUNDED_CURVE()
B_SPLINE_CURVE(2,(#4012,#4013,#4014),.UNSPECIFIED.,.F.,.F.)
B_SPLINE_CURVE_WITH_KNOTS((3,3),(-0.78539816339737,0.785398163397527),
 .UNSPECIFIED.)
CURVE()
GEOMETRIC_REPRESENTATION_ITEM()
RATIONAL_B_SPLINE_CURVE((1.,0.707106781185205,1.))
REPRESENTATION_ITEM('')
);
#1038=(
BOUNDED_CURVE()
B_SPLINE_CURVE(2,(#4017,#4018,#4019),.UNSPECIFIED.,.F.,.F.)
B_SPLINE_CURVE_WITH_KNOTS((3,3),(-0.78539816339744,0.785398163397456),
 .UNSPECIFIED.)
CURVE()
GEOMETRIC_REPRESENTATION_ITEM()
RATIONAL_B_SPLINE_CURVE((1.,0.707106781186529,1.))
REPRESENTATION_ITEM('')
);
#1039=(
BOUNDED_CURVE()
B_SPLINE_CURVE(2,(#4105,#4106,#4107),.UNSPECIFIED.,.F.,.F.)
B_SPLINE_CURVE_WITH_KNOTS((3,3),(-0.392699081697653,0.392699081699795),
 .UNSPECIFIED.)
CURVE()
GEOMETRIC_REPRESENTATION_ITEM()
RATIONAL_B_SPLINE_CURVE((1.,0.923879532259352,1.))
REPRESENTATION_ITEM('')
);
#1040=(
BOUNDED_CURVE()
B_SPLINE_CURVE(2,(#4110,#4111,#4112),.UNSPECIFIED.,.F.,.F.)
B_SPLINE_CURVE_WITH_KNOTS((3,3),(-0.392699081729857,0.392699081699747),
 .UNSPECIFIED.)
CURVE()
GEOMETRIC_REPRESENTATION_ITEM()
RATIONAL_B_SPLINE_CURVE((1.,0.923879532332853,1.))
REPRESENTATION_ITEM('')
);
#1041=(
BOUNDED_CURVE()
B_SPLINE_CURVE(2,(#4141,#4142,#4143),.UNSPECIFIED.,.F.,.F.)
B_SPLINE_CURVE_WITH_KNOTS((3,3),(-0.392699081697653,0.392699081699795),
 .UNSPECIFIED.)
CURVE()
GEOMETRIC_REPRESENTATION_ITEM()
RATIONAL_B_SPLINE_CURVE((1.,0.923879532259352,1.))
REPRESENTATION_ITEM('')
);
#1042=(
BOUNDED_CURVE()
B_SPLINE_CURVE(2,(#4145,#4146,#4147),.UNSPECIFIED.,.F.,.F.)
B_SPLINE_CURVE_WITH_KNOTS((3,3),(-0.392699081681624,0.392699081699747),
 .UNSPECIFIED.)
CURVE()
GEOMETRIC_REPRESENTATION_ITEM()
RATIONAL_B_SPLINE_CURVE((1.,0.9238795324538,1.))
REPRESENTATION_ITEM('')
);
#1043=(
BOUNDED_CURVE()
B_SPLINE_CURVE(2,(#4206,#4207,#4208),.UNSPECIFIED.,.F.,.F.)
B_SPLINE_CURVE_WITH_KNOTS((3,3),(-0.392699081702904,0.392699081698564),
 .UNSPECIFIED.)
CURVE()
GEOMETRIC_REPRESENTATION_ITEM()
RATIONAL_B_SPLINE_CURVE((1.,0.923879532494308,1.))
REPRESENTATION_ITEM('')
);
#1044=(
BOUNDED_CURVE()
B_SPLINE_CURVE(2,(#4212,#4213,#4214),.UNSPECIFIED.,.F.,.F.)
B_SPLINE_CURVE_WITH_KNOTS((3,3),(-0.392699081698836,0.392699081695597),
 .UNSPECIFIED.)
CURVE()
GEOMETRIC_REPRESENTATION_ITEM()
RATIONAL_B_SPLINE_CURVE((1.,0.92387953226215,1.))
REPRESENTATION_ITEM('')
);
#1045=(
BOUNDED_CURVE()
B_SPLINE_CURVE(2,(#4233,#4234,#4235),.UNSPECIFIED.,.F.,.F.)
B_SPLINE_CURVE_WITH_KNOTS((3,3),(-0.392699081695597,0.392699081698836),
 .UNSPECIFIED.)
CURVE()
GEOMETRIC_REPRESENTATION_ITEM()
RATIONAL_B_SPLINE_CURVE((1.,0.92387953226215,1.))
REPRESENTATION_ITEM('')
);
#1046=(
BOUNDED_CURVE()
B_SPLINE_CURVE(2,(#4237,#4238,#4239),.UNSPECIFIED.,.F.,.F.)
B_SPLINE_CURVE_WITH_KNOTS((3,3),(-0.392699081698564,0.392699081702904),
 .UNSPECIFIED.)
CURVE()
GEOMETRIC_REPRESENTATION_ITEM()
RATIONAL_B_SPLINE_CURVE((1.,0.923879532494308,1.))
REPRESENTATION_ITEM('')
);
#1047=(
BOUNDED_CURVE()
B_SPLINE_CURVE(2,(#4270,#4271,#4272),.UNSPECIFIED.,.F.,.F.)
B_SPLINE_CURVE_WITH_KNOTS((3,3),(-0.392699081730014,0.39269908169959),
 .UNSPECIFIED.)
CURVE()
GEOMETRIC_REPRESENTATION_ITEM()
RATIONAL_B_SPLINE_CURVE((1.,0.923879532332853,1.))
REPRESENTATION_ITEM('')
);
#1048=(
BOUNDED_CURVE()
B_SPLINE_CURVE(2,(#4276,#4277,#4278),.UNSPECIFIED.,.F.,.F.)
B_SPLINE_CURVE_WITH_KNOTS((3,3),(-0.39269908169781,0.392699081699638),
 .UNSPECIFIED.)
CURVE()
GEOMETRIC_REPRESENTATION_ITEM()
RATIONAL_B_SPLINE_CURVE((1.,0.923879532259352,1.))
REPRESENTATION_ITEM('')
);
#1049=(
BOUNDED_CURVE()
B_SPLINE_CURVE(2,(#4305,#4306,#4307),.UNSPECIFIED.,.F.,.F.)
B_SPLINE_CURVE_WITH_KNOTS((3,3),(-0.39269908169781,0.392699081699638),
 .UNSPECIFIED.)
CURVE()
GEOMETRIC_REPRESENTATION_ITEM()
RATIONAL_B_SPLINE_CURVE((1.,0.923879532259352,1.))
REPRESENTATION_ITEM('')
);
#1050=(
BOUNDED_CURVE()
B_SPLINE_CURVE(2,(#4309,#4310,#4311),.UNSPECIFIED.,.F.,.F.)
B_SPLINE_CURVE_WITH_KNOTS((3,3),(-0.392699081681781,0.39269908169959),
 .UNSPECIFIED.)
CURVE()
GEOMETRIC_REPRESENTATION_ITEM()
RATIONAL_B_SPLINE_CURVE((1.,0.9238795324538,1.))
REPRESENTATION_ITEM('')
);
#1051=(
BOUNDED_CURVE()
B_SPLINE_CURVE(2,(#4374,#4375,#4376),.UNSPECIFIED.,.F.,.F.)
B_SPLINE_CURVE_WITH_KNOTS((3,3),(-0.39269908169868,0.392699081695754),
 .UNSPECIFIED.)
CURVE()
GEOMETRIC_REPRESENTATION_ITEM()
RATIONAL_B_SPLINE_CURVE((1.,0.92387953226215,1.))
REPRESENTATION_ITEM('')
);
#1052=(
BOUNDED_CURVE()
B_SPLINE_CURVE(2,(#4379,#4380,#4381),.UNSPECIFIED.,.F.,.F.)
B_SPLINE_CURVE_WITH_KNOTS((3,3),(-0.392699081702747,0.39269908169872),
 .UNSPECIFIED.)
CURVE()
GEOMETRIC_REPRESENTATION_ITEM()
RATIONAL_B_SPLINE_CURVE((1.,0.923879532494308,1.))
REPRESENTATION_ITEM('')
);
#1053=(
BOUNDED_CURVE()
B_SPLINE_CURVE(2,(#4397,#4398,#4399),.UNSPECIFIED.,.F.,.F.)
B_SPLINE_CURVE_WITH_KNOTS((3,3),(-0.392699081695754,0.39269908169868),
 .UNSPECIFIED.)
CURVE()
GEOMETRIC_REPRESENTATION_ITEM()
RATIONAL_B_SPLINE_CURVE((1.,0.92387953226215,1.))
REPRESENTATION_ITEM('')
);
#1054=(
BOUNDED_CURVE()
B_SPLINE_CURVE(2,(#4401,#4402,#4403),.UNSPECIFIED.,.F.,.F.)
B_SPLINE_CURVE_WITH_KNOTS((3,3),(-0.39269908169872,0.392699081702747),
 .UNSPECIFIED.)
CURVE()
GEOMETRIC_REPRESENTATION_ITEM()
RATIONAL_B_SPLINE_CURVE((1.,0.923879532494308,1.))
REPRESENTATION_ITEM('')
);
#1055=(
BOUNDED_CURVE()
B_SPLINE_CURVE(2,(#4408,#4409,#4410),.UNSPECIFIED.,.F.,.F.)
B_SPLINE_CURVE_WITH_KNOTS((3,3),(-0.785398163398178,0.785398163397562),
 .UNSPECIFIED.)
CURVE()
GEOMETRIC_REPRESENTATION_ITEM()
RATIONAL_B_SPLINE_CURVE((1.,0.70710678115764,1.))
REPRESENTATION_ITEM('')
);
#1056=(
BOUNDED_CURVE()
B_SPLINE_CURVE(2,(#4414,#4415,#4416),.UNSPECIFIED.,.F.,.F.)
B_SPLINE_CURVE_WITH_KNOTS((3,3),(0.,1.5707963267949),.UNSPECIFIED.)
CURVE()
GEOMETRIC_REPRESENTATION_ITEM()
RATIONAL_B_SPLINE_CURVE((1.,0.707106781157841,1.))
REPRESENTATION_ITEM('')
);
#1057=(
BOUNDED_CURVE()
B_SPLINE_CURVE(2,(#4427,#4428,#4429),.UNSPECIFIED.,.F.,.F.)
B_SPLINE_CURVE_WITH_KNOTS((3,3),(2.9726E-12,1.5707963267949),
 .UNSPECIFIED.)
CURVE()
GEOMETRIC_REPRESENTATION_ITEM()
RATIONAL_B_SPLINE_CURVE((1.,0.707106781158344,1.))
REPRESENTATION_ITEM('')
);
#1058=(
BOUNDED_CURVE()
B_SPLINE_CURVE(2,(#4436,#4437,#4438),.UNSPECIFIED.,.F.,.F.)
B_SPLINE_CURVE_WITH_KNOTS((3,3),(-0.785398163397357,0.785398163396696),
 .UNSPECIFIED.)
CURVE()
GEOMETRIC_REPRESENTATION_ITEM()
RATIONAL_B_SPLINE_CURVE((1.,0.707106781157946,1.))
REPRESENTATION_ITEM('')
);
#1059=(
BOUNDED_CURVE()
B_SPLINE_CURVE(2,(#4440,#4441,#4442),.UNSPECIFIED.,.F.,.F.)
B_SPLINE_CURVE_WITH_KNOTS((3,3),(8.4109348515358E-13,1.57079632679489),
 .UNSPECIFIED.)
CURVE()
GEOMETRIC_REPRESENTATION_ITEM()
RATIONAL_B_SPLINE_CURVE((1.,0.707106781157992,1.))
REPRESENTATION_ITEM('')
);
#1060=(
BOUNDED_CURVE()
B_SPLINE_CURVE(2,(#4445,#4446,#4447),.UNSPECIFIED.,.F.,.F.)
B_SPLINE_CURVE_WITH_KNOTS((3,3),(0.,1.5707963267949),.UNSPECIFIED.)
CURVE()
GEOMETRIC_REPRESENTATION_ITEM()
RATIONAL_B_SPLINE_CURVE((1.,0.707106781157818,1.))
REPRESENTATION_ITEM('')
);
#1061=(
BOUNDED_CURVE()
B_SPLINE_CURVE(2,(#4453,#4454,#4455),.UNSPECIFIED.,.F.,.F.)
B_SPLINE_CURVE_WITH_KNOTS((3,3),(2.21483689703873E-17,1.57079632679192),
 .UNSPECIFIED.)
CURVE()
GEOMETRIC_REPRESENTATION_ITEM()
RATIONAL_B_SPLINE_CURVE((1.,0.707106781158344,1.))
REPRESENTATION_ITEM('')
);
#1062=(
BOUNDED_CURVE()
B_SPLINE_CURVE(2,(#4461,#4462,#4463),.UNSPECIFIED.,.F.,.F.)
B_SPLINE_CURVE_WITH_KNOTS((3,3),(0.,1.5707963267949),.UNSPECIFIED.)
CURVE()
GEOMETRIC_REPRESENTATION_ITEM()
RATIONAL_B_SPLINE_CURVE((1.,0.707106781157819,1.))
REPRESENTATION_ITEM('')
);
#1063=(
BOUNDED_CURVE()
B_SPLINE_CURVE(2,(#4472,#4473,#4474),.UNSPECIFIED.,.F.,.F.)
B_SPLINE_CURVE_WITH_KNOTS((3,3),(-0.785398163398178,0.785398163397562),
 .UNSPECIFIED.)
CURVE()
GEOMETRIC_REPRESENTATION_ITEM()
RATIONAL_B_SPLINE_CURVE((1.,0.70710678115764,1.))
REPRESENTATION_ITEM('')
);
#1064=(
BOUNDED_CURVE()
B_SPLINE_CURVE(2,(#4481,#4482,#4483),.UNSPECIFIED.,.F.,.F.)
B_SPLINE_CURVE_WITH_KNOTS((3,3),(-0.392699081698746,0.392699081694388),
 .UNSPECIFIED.)
CURVE()
GEOMETRIC_REPRESENTATION_ITEM()
RATIONAL_B_SPLINE_CURVE((1.,0.923879532007595,1.))
REPRESENTATION_ITEM('')
);
#1065=(
BOUNDED_CURVE()
B_SPLINE_CURVE(2,(#4488,#4489,#4490),.UNSPECIFIED.,.F.,.F.)
B_SPLINE_CURVE_WITH_KNOTS((3,3),(0.,1.5707963267949),.UNSPECIFIED.)
CURVE()
GEOMETRIC_REPRESENTATION_ITEM()
RATIONAL_B_SPLINE_CURVE((1.,0.707106781157841,1.))
REPRESENTATION_ITEM('')
);
#1066=(
BOUNDED_CURVE()
B_SPLINE_CURVE(2,(#4502,#4503,#4504),.UNSPECIFIED.,.F.,.F.)
B_SPLINE_CURVE_WITH_KNOTS((3,3),(0.,1.5707963267949),.UNSPECIFIED.)
CURVE()
GEOMETRIC_REPRESENTATION_ITEM()
RATIONAL_B_SPLINE_CURVE((1.,0.707106781186555,1.))
REPRESENTATION_ITEM('')
);
#1067=(
BOUNDED_CURVE()
B_SPLINE_CURVE(2,(#4511,#4512,#4513),.UNSPECIFIED.,.F.,.F.)
B_SPLINE_CURVE_WITH_KNOTS((3,3),(4.32664429455992E-12,0.785398163397446),
 .UNSPECIFIED.)
CURVE()
GEOMETRIC_REPRESENTATION_ITEM()
RATIONAL_B_SPLINE_CURVE((1.,0.923879532007551,1.))
REPRESENTATION_ITEM('')
);
#1068=(
BOUNDED_CURVE()
B_SPLINE_CURVE(2,(#4526,#4527,#4528),.UNSPECIFIED.,.F.,.F.)
B_SPLINE_CURVE_WITH_KNOTS((3,3),(-0.785398163397321,0.785398163397554),
 .UNSPECIFIED.)
CURVE()
GEOMETRIC_REPRESENTATION_ITEM()
RATIONAL_B_SPLINE_CURVE((1.,0.707106781185167,1.))
REPRESENTATION_ITEM('')
);
#1069=(
BOUNDED_CURVE()
B_SPLINE_CURVE(2,(#4538,#4539,#4540),.UNSPECIFIED.,.F.,.F.)
B_SPLINE_CURVE_WITH_KNOTS((3,3),(0.,1.5707963267949),.UNSPECIFIED.)
CURVE()
GEOMETRIC_REPRESENTATION_ITEM()
RATIONAL_B_SPLINE_CURVE((1.,0.707106781186554,1.))
REPRESENTATION_ITEM('')
);
#1070=(
BOUNDED_CURVE()
B_SPLINE_CURVE(2,(#4545,#4546,#4547),.UNSPECIFIED.,.F.,.F.)
B_SPLINE_CURVE_WITH_KNOTS((3,3),(0.,1.5707963267949),.UNSPECIFIED.)
CURVE()
GEOMETRIC_REPRESENTATION_ITEM()
RATIONAL_B_SPLINE_CURVE((1.,0.707106781185179,1.))
REPRESENTATION_ITEM('')
);
#1071=(
BOUNDED_CURVE()
B_SPLINE_CURVE(2,(#4554,#4555,#4556),.UNSPECIFIED.,.F.,.F.)
B_SPLINE_CURVE_WITH_KNOTS((3,3),(-0.785398163397343,0.785398163397554),
 .UNSPECIFIED.)
CURVE()
GEOMETRIC_REPRESENTATION_ITEM()
RATIONAL_B_SPLINE_CURVE((1.,0.707106781185186,1.))
REPRESENTATION_ITEM('')
);
#1072=(
BOUNDED_CURVE()
B_SPLINE_CURVE(2,(#4559,#4560,#4561),.UNSPECIFIED.,.F.,.F.)
B_SPLINE_CURVE_WITH_KNOTS((3,3),(0.,1.57079632679488),.UNSPECIFIED.)
CURVE()
GEOMETRIC_REPRESENTATION_ITEM()
RATIONAL_B_SPLINE_CURVE((1.,0.707106781185194,1.))
REPRESENTATION_ITEM('')
);
#1073=(
BOUNDED_CURVE()
B_SPLINE_CURVE(2,(#4563,#4564,#4565),.UNSPECIFIED.,.F.,.F.)
B_SPLINE_CURVE_WITH_KNOTS((3,3),(0.,1.5707963267949),.UNSPECIFIED.)
CURVE()
GEOMETRIC_REPRESENTATION_ITEM()
RATIONAL_B_SPLINE_CURVE((1.,0.707106781185178,1.))
REPRESENTATION_ITEM('')
);
#1074=(
BOUNDED_CURVE()
B_SPLINE_CURVE(2,(#4571,#4572,#4573),.UNSPECIFIED.,.F.,.F.)
B_SPLINE_CURVE_WITH_KNOTS((3,3),(2.49565672957114E-28,1.5707963267949),
 .UNSPECIFIED.)
CURVE()
GEOMETRIC_REPRESENTATION_ITEM()
RATIONAL_B_SPLINE_CURVE((1.,0.707106781185178,1.))
REPRESENTATION_ITEM('')
);
#1075=(
BOUNDED_CURVE()
B_SPLINE_CURVE(2,(#4579,#4580,#4581),.UNSPECIFIED.,.F.,.F.)
B_SPLINE_CURVE_WITH_KNOTS((3,3),(0.,1.5707963267949),.UNSPECIFIED.)
CURVE()
GEOMETRIC_REPRESENTATION_ITEM()
RATIONAL_B_SPLINE_CURVE((1.,0.707106781185179,1.))
REPRESENTATION_ITEM('')
);
#1076=(
BOUNDED_CURVE()
B_SPLINE_CURVE(2,(#4597,#4598,#4599),.UNSPECIFIED.,.F.,.F.)
B_SPLINE_CURVE_WITH_KNOTS((3,3),(-0.785398163397321,0.785398163397576),
 .UNSPECIFIED.)
CURVE()
GEOMETRIC_REPRESENTATION_ITEM()
RATIONAL_B_SPLINE_CURVE((1.,0.707106781185186,1.))
REPRESENTATION_ITEM('')
);
#1077=(
BOUNDED_CURVE()
B_SPLINE_CURVE(2,(#4614,#4615,#4616),.UNSPECIFIED.,.F.,.F.)
B_SPLINE_CURVE_WITH_KNOTS((3,3),(0.,0.785398163397448),.UNSPECIFIED.)
CURVE()
GEOMETRIC_REPRESENTATION_ITEM()
RATIONAL_B_SPLINE_CURVE((1.,0.923879532510738,1.))
REPRESENTATION_ITEM('')
);
#1078=(
BOUNDED_CURVE()
B_SPLINE_CURVE(2,(#4618,#4619,#4620),.UNSPECIFIED.,.F.,.F.)
B_SPLINE_CURVE_WITH_KNOTS((3,3),(0.,1.5707963267949),.UNSPECIFIED.)
CURVE()
GEOMETRIC_REPRESENTATION_ITEM()
RATIONAL_B_SPLINE_CURVE((1.,0.707106781185806,1.))
REPRESENTATION_ITEM('')
);
#1079=(
BOUNDED_CURVE()
B_SPLINE_CURVE(2,(#4621,#4622,#4623),.UNSPECIFIED.,.F.,.F.)
B_SPLINE_CURVE_WITH_KNOTS((3,3),(0.,1.5707963267949),.UNSPECIFIED.)
CURVE()
GEOMETRIC_REPRESENTATION_ITEM()
RATIONAL_B_SPLINE_CURVE((1.,0.707106781186555,1.))
REPRESENTATION_ITEM('')
);
#1080=(
BOUNDED_CURVE()
B_SPLINE_CURVE(2,(#4628,#4629,#4630),.UNSPECIFIED.,.F.,.F.)
B_SPLINE_CURVE_WITH_KNOTS((3,3),(0.,1.5707963267949),.UNSPECIFIED.)
CURVE()
GEOMETRIC_REPRESENTATION_ITEM()
RATIONAL_B_SPLINE_CURVE((1.,0.707106781185779,1.))
REPRESENTATION_ITEM('')
);
#1081=VERTEX_POINT('',#3698);
#1082=VERTEX_POINT('',#3699);
#1083=VERTEX_POINT('',#3703);
#1084=VERTEX_POINT('',#3705);
#1085=VERTEX_POINT('',#3711);
#1086=VERTEX_POINT('',#3712);
#1087=VERTEX_POINT('',#3715);
#1088=VERTEX_POINT('',#3723);
#1089=VERTEX_POINT('',#3727);
#1090=VERTEX_POINT('',#3731);
#1091=VERTEX_POINT('',#3741);
#1092=VERTEX_POINT('',#3743);
#1093=VERTEX_POINT('',#3749);
#1094=VERTEX_POINT('',#3751);
#1095=VERTEX_POINT('',#3757);
#1096=VERTEX_POINT('',#3761);
#1097=VERTEX_POINT('',#3763);
#1098=VERTEX_POINT('',#3767);
#1099=VERTEX_POINT('',#3769);
#1100=VERTEX_POINT('',#3773);
#1101=VERTEX_POINT('',#3781);
#1102=VERTEX_POINT('',#3789);
#1103=VERTEX_POINT('',#3793);
#1104=VERTEX_POINT('',#3797);
#1105=VERTEX_POINT('',#3803);
#1106=VERTEX_POINT('',#3818);
#1107=VERTEX_POINT('',#3819);
#1108=VERTEX_POINT('',#3821);
#1109=VERTEX_POINT('',#3823);
#1110=VERTEX_POINT('',#3827);
#1111=VERTEX_POINT('',#3828);
#1112=VERTEX_POINT('',#3830);
#1113=VERTEX_POINT('',#3839);
#1114=VERTEX_POINT('',#3843);
#1115=VERTEX_POINT('',#3845);
#1116=VERTEX_POINT('',#3853);
#1117=VERTEX_POINT('',#3855);
#1118=VERTEX_POINT('',#3861);
#1119=VERTEX_POINT('',#3863);
#1120=VERTEX_POINT('',#3869);
#1121=VERTEX_POINT('',#3873);
#1122=VERTEX_POINT('',#3875);
#1123=VERTEX_POINT('',#3877);
#1124=VERTEX_POINT('',#3879);
#1125=VERTEX_POINT('',#3883);
#1126=VERTEX_POINT('',#3891);
#1127=VERTEX_POINT('',#3897);
#1128=VERTEX_POINT('',#3901);
#1129=VERTEX_POINT('',#3905);
#1130=VERTEX_POINT('',#3911);
#1131=VERTEX_POINT('',#3926);
#1132=VERTEX_POINT('',#3927);
#1133=VERTEX_POINT('',#3931);
#1134=VERTEX_POINT('',#3933);
#1135=VERTEX_POINT('',#3939);
#1136=VERTEX_POINT('',#3941);
#1137=VERTEX_POINT('',#3945);
#1138=VERTEX_POINT('',#3949);
#1139=VERTEX_POINT('',#3955);
#1140=VERTEX_POINT('',#3961);
#1141=VERTEX_POINT('',#3971);
#1142=VERTEX_POINT('',#3973);
#1143=VERTEX_POINT('',#3977);
#1144=VERTEX_POINT('',#3981);
#1145=VERTEX_POINT('',#3982);
#1146=VERTEX_POINT('',#3984);
#1147=VERTEX_POINT('',#3986);
#1148=VERTEX_POINT('',#3997);
#1149=VERTEX_POINT('',#4001);
#1150=VERTEX_POINT('',#4011);
#1151=VERTEX_POINT('',#4028);
#1152=VERTEX_POINT('',#4029);
#1153=VERTEX_POINT('',#4031);
#1154=VERTEX_POINT('',#4033);
#1155=VERTEX_POINT('',#4035);
#1156=VERTEX_POINT('',#4037);
#1157=VERTEX_POINT('',#4039);
#1158=VERTEX_POINT('',#4041);
#1159=VERTEX_POINT('',#4045);
#1160=VERTEX_POINT('',#4047);
#1161=VERTEX_POINT('',#4051);
#1162=VERTEX_POINT('',#4053);
#1163=VERTEX_POINT('',#4057);
#1164=VERTEX_POINT('',#4061);
#1165=VERTEX_POINT('',#4065);
#1166=VERTEX_POINT('',#4069);
#1167=VERTEX_POINT('',#4078);
#1168=VERTEX_POINT('',#4079);
#1169=VERTEX_POINT('',#4081);
#1170=VERTEX_POINT('',#4083);
#1171=VERTEX_POINT('',#4085);
#1172=VERTEX_POINT('',#4087);
#1173=VERTEX_POINT('',#4089);
#1174=VERTEX_POINT('',#4091);
#1175=VERTEX_POINT('',#4093);
#1176=VERTEX_POINT('',#4097);
#1177=VERTEX_POINT('',#4098);
#1178=VERTEX_POINT('',#4100);
#1179=VERTEX_POINT('',#4102);
#1180=VERTEX_POINT('',#4104);
#1181=VERTEX_POINT('',#4108);
#1182=VERTEX_POINT('',#4113);
#1183=VERTEX_POINT('',#4115);
#1184=VERTEX_POINT('',#4119);
#1185=VERTEX_POINT('',#4120);
#1186=VERTEX_POINT('',#4122);
#1187=VERTEX_POINT('',#4124);
#1188=VERTEX_POINT('',#4131);
#1189=VERTEX_POINT('',#4135);
#1190=VERTEX_POINT('',#4137);
#1191=VERTEX_POINT('',#4149);
#1192=VERTEX_POINT('',#4153);
#1193=VERTEX_POINT('',#4157);
#1194=VERTEX_POINT('',#4159);
#1195=VERTEX_POINT('',#4161);
#1196=VERTEX_POINT('',#4163);
#1197=VERTEX_POINT('',#4167);
#1198=VERTEX_POINT('',#4169);
#1199=VERTEX_POINT('',#4171);
#1200=VERTEX_POINT('',#4173);
#1201=VERTEX_POINT('',#4177);
#1202=VERTEX_POINT('',#4183);
#1203=VERTEX_POINT('',#4187);
#1204=VERTEX_POINT('',#4191);
#1205=VERTEX_POINT('',#4195);
#1206=VERTEX_POINT('',#4199);
#1207=VERTEX_POINT('',#4203);
#1208=VERTEX_POINT('',#4205);
#1209=VERTEX_POINT('',#4209);
#1210=VERTEX_POINT('',#4211);
#1211=VERTEX_POINT('',#4215);
#1212=VERTEX_POINT('',#4223);
#1213=VERTEX_POINT('',#4227);
#1214=VERTEX_POINT('',#4229);
#1215=VERTEX_POINT('',#4242);
#1216=VERTEX_POINT('',#4243);
#1217=VERTEX_POINT('',#4245);
#1218=VERTEX_POINT('',#4247);
#1219=VERTEX_POINT('',#4249);
#1220=VERTEX_POINT('',#4251);
#1221=VERTEX_POINT('',#4253);
#1222=VERTEX_POINT('',#4255);
#1223=VERTEX_POINT('',#4257);
#1224=VERTEX_POINT('',#4261);
#1225=VERTEX_POINT('',#4262);
#1226=VERTEX_POINT('',#4264);
#1227=VERTEX_POINT('',#4266);
#1228=VERTEX_POINT('',#4269);
#1229=VERTEX_POINT('',#4273);
#1230=VERTEX_POINT('',#4275);
#1231=VERTEX_POINT('',#4279);
#1232=VERTEX_POINT('',#4283);
#1233=VERTEX_POINT('',#4284);
#1234=VERTEX_POINT('',#4286);
#1235=VERTEX_POINT('',#4288);
#1236=VERTEX_POINT('',#4295);
#1237=VERTEX_POINT('',#4299);
#1238=VERTEX_POINT('',#4301);
#1239=VERTEX_POINT('',#4313);
#1240=VERTEX_POINT('',#4317);
#1241=VERTEX_POINT('',#4321);
#1242=VERTEX_POINT('',#4323);
#1243=VERTEX_POINT('',#4325);
#1244=VERTEX_POINT('',#4327);
#1245=VERTEX_POINT('',#4331);
#1246=VERTEX_POINT('',#4333);
#1247=VERTEX_POINT('',#4335);
#1248=VERTEX_POINT('',#4337);
#1249=VERTEX_POINT('',#4341);
#1250=VERTEX_POINT('',#4347);
#1251=VERTEX_POINT('',#4351);
#1252=VERTEX_POINT('',#4355);
#1253=VERTEX_POINT('',#4359);
#1254=VERTEX_POINT('',#4363);
#1255=VERTEX_POINT('',#4367);
#1256=VERTEX_POINT('',#4369);
#1257=VERTEX_POINT('',#4371);
#1258=VERTEX_POINT('',#4373);
#1259=VERTEX_POINT('',#4377);
#1260=VERTEX_POINT('',#4387);
#1261=VERTEX_POINT('',#4391);
#1262=VERTEX_POINT('',#4393);
#1263=VERTEX_POINT('',#4406);
#1264=VERTEX_POINT('',#4407);
#1265=VERTEX_POINT('',#4411);
#1266=VERTEX_POINT('',#4413);
#1267=VERTEX_POINT('',#4419);
#1268=VERTEX_POINT('',#4420);
#1269=VERTEX_POINT('',#4422);
#1270=VERTEX_POINT('',#4431);
#1271=VERTEX_POINT('',#4435);
#1272=VERTEX_POINT('',#4439);
#1273=VERTEX_POINT('',#4449);
#1274=VERTEX_POINT('',#4451);
#1275=VERTEX_POINT('',#4457);
#1276=VERTEX_POINT('',#4459);
#1277=VERTEX_POINT('',#4465);
#1278=VERTEX_POINT('',#4469);
#1279=VERTEX_POINT('',#4471);
#1280=VERTEX_POINT('',#4475);
#1281=VERTEX_POINT('',#4477);
#1282=VERTEX_POINT('',#4479);
#1283=VERTEX_POINT('',#4487);
#1284=VERTEX_POINT('',#4495);
#1285=VERTEX_POINT('',#4499);
#1286=VERTEX_POINT('',#4501);
#1287=VERTEX_POINT('',#4509);
#1288=VERTEX_POINT('',#4524);
#1289=VERTEX_POINT('',#4525);
#1290=VERTEX_POINT('',#4529);
#1291=VERTEX_POINT('',#4531);
#1292=VERTEX_POINT('',#4535);
#1293=VERTEX_POINT('',#4536);
#1294=VERTEX_POINT('',#4541);
#1295=VERTEX_POINT('',#4549);
#1296=VERTEX_POINT('',#4553);
#1297=VERTEX_POINT('',#4557);
#1298=VERTEX_POINT('',#4567);
#1299=VERTEX_POINT('',#4569);
#1300=VERTEX_POINT('',#4575);
#1301=VERTEX_POINT('',#4577);
#1302=VERTEX_POINT('',#4583);
#1303=VERTEX_POINT('',#4587);
#1304=VERTEX_POINT('',#4589);
#1305=VERTEX_POINT('',#4591);
#1306=VERTEX_POINT('',#4593);
#1307=VERTEX_POINT('',#4595);
#1308=VERTEX_POINT('',#4603);
#1309=VERTEX_POINT('',#4609);
#1310=VERTEX_POINT('',#4613);
#1311=VERTEX_POINT('',#4617);
#1312=VERTEX_POINT('',#4627);
#1313=EDGE_CURVE('',#1081,#1082,#1003,.T.);
#1314=EDGE_CURVE('',#1083,#1081,#535,.T.);
#1315=EDGE_CURVE('',#1084,#1083,#1004,.T.);
#1316=EDGE_CURVE('',#1082,#1084,#536,.T.);
#1317=EDGE_CURVE('',#1085,#1086,#537,.T.);
#1318=EDGE_CURVE('',#1083,#1085,#125,.T.);
#1319=EDGE_CURVE('',#1087,#1083,#538,.T.);
#1320=EDGE_CURVE('',#1086,#1087,#126,.T.);
#1321=EDGE_CURVE('',#1085,#1084,#1005,.T.);
#1322=EDGE_CURVE('',#1081,#1088,#539,.T.);
#1323=EDGE_CURVE('',#1088,#1087,#540,.T.);
#1324=EDGE_CURVE('',#1089,#1088,#1006,.T.);
#1325=EDGE_CURVE('',#1090,#1089,#541,.T.);
#1326=EDGE_CURVE('',#1087,#1090,#1007,.T.);
#1327=EDGE_CURVE('',#1090,#1086,#1008,.T.);
#1328=EDGE_CURVE('',#1084,#1091,#542,.T.);
#1329=EDGE_CURVE('',#1092,#1085,#543,.T.);
#1330=EDGE_CURVE('',#1091,#1092,#1009,.T.);
#1331=EDGE_CURVE('',#1086,#1093,#544,.T.);
#1332=EDGE_CURVE('',#1094,#1090,#545,.T.);
#1333=EDGE_CURVE('',#1093,#1094,#1010,.T.);
#1334=EDGE_CURVE('',#1089,#1095,#546,.T.);
#1335=EDGE_CURVE('',#1095,#1094,#547,.T.);
#1336=EDGE_CURVE('',#1096,#1082,#548,.T.);
#1337=EDGE_CURVE('',#1096,#1097,#1011,.T.);
#1338=EDGE_CURVE('',#1098,#1097,#549,.T.);
#1339=EDGE_CURVE('',#1098,#1099,#1012,.T.);
#1340=EDGE_CURVE('',#1100,#1099,#550,.T.);
#1341=EDGE_CURVE('',#1100,#1095,#1013,.T.);
#1342=EDGE_CURVE('',#1091,#1096,#551,.T.);
#1343=EDGE_CURVE('',#1094,#1101,#1014,.T.);
#1344=EDGE_CURVE('',#1101,#1093,#127,.T.);
#1345=EDGE_CURVE('',#1101,#1100,#552,.T.);
#1346=EDGE_CURVE('',#1099,#1102,#553,.T.);
#1347=EDGE_CURVE('',#1102,#1101,#554,.T.);
#1348=EDGE_CURVE('',#1102,#1103,#1015,.T.);
#1349=EDGE_CURVE('',#1103,#1104,#128,.T.);
#1350=EDGE_CURVE('',#1104,#1102,#129,.T.);
#1351=EDGE_CURVE('',#1093,#1104,#555,.T.);
#1352=EDGE_CURVE('',#1092,#1105,#130,.T.);
#1353=EDGE_CURVE('',#1105,#1091,#1016,.T.);
#1354=EDGE_CURVE('',#1097,#1105,#556,.T.);
#1355=EDGE_CURVE('',#1104,#1092,#557,.T.);
#1356=EDGE_CURVE('',#1105,#1103,#558,.T.);
#1357=EDGE_CURVE('',#1103,#1098,#559,.T.);
#1358=EDGE_CURVE('',#1106,#1107,#131,.T.);
#1359=EDGE_CURVE('',#1107,#1108,#560,.T.);
#1360=EDGE_CURVE('',#1108,#1109,#132,.T.);
#1361=EDGE_CURVE('',#1109,#1106,#561,.T.);
#1362=EDGE_CURVE('',#1110,#1111,#562,.T.);
#1363=EDGE_CURVE('',#1111,#1112,#133,.T.);
#1364=EDGE_CURVE('',#1112,#1109,#563,.T.);
#1365=EDGE_CURVE('',#1109,#1110,#134,.T.);
#1366=EDGE_CURVE('',#1110,#1108,#1017,.T.);
#1367=EDGE_CURVE('',#1113,#1112,#564,.T.);
#1368=EDGE_CURVE('',#1106,#1113,#565,.T.);
#1369=EDGE_CURVE('',#1114,#1113,#135,.T.);
#1370=EDGE_CURVE('',#1112,#1115,#136,.T.);
#1371=EDGE_CURVE('',#1115,#1114,#566,.T.);
#1372=EDGE_CURVE('',#1115,#1111,#1018,.T.);
#1373=EDGE_CURVE('',#1116,#1110,#567,.T.);
#1374=EDGE_CURVE('',#1108,#1117,#568,.T.);
#1375=EDGE_CURVE('',#1117,#1116,#1019,.T.);
#1376=EDGE_CURVE('',#1118,#1115,#569,.T.);
#1377=EDGE_CURVE('',#1111,#1119,#570,.T.);
#1378=EDGE_CURVE('',#1119,#1118,#1020,.T.);
#1379=EDGE_CURVE('',#1114,#1120,#571,.T.);
#1380=EDGE_CURVE('',#1120,#1118,#572,.T.);
#1381=EDGE_CURVE('',#1121,#1107,#573,.T.);
#1382=EDGE_CURVE('',#1122,#1120,#137,.T.);
#1383=EDGE_CURVE('',#1122,#1123,#574,.T.);
#1384=EDGE_CURVE('',#1124,#1123,#1021,.T.);
#1385=EDGE_CURVE('',#1124,#1125,#575,.T.);
#1386=EDGE_CURVE('',#1121,#1125,#1022,.T.);
#1387=EDGE_CURVE('',#1117,#1121,#576,.T.);
#1388=EDGE_CURVE('',#1118,#1126,#138,.T.);
#1389=EDGE_CURVE('',#1126,#1119,#139,.T.);
#1390=EDGE_CURVE('',#1126,#1122,#577,.T.);
#1391=EDGE_CURVE('',#1127,#1126,#578,.T.);
#1392=EDGE_CURVE('',#1123,#1127,#579,.T.);
#1393=EDGE_CURVE('',#1127,#1128,#1023,.T.);
#1394=EDGE_CURVE('',#1129,#1127,#140,.T.);
#1395=EDGE_CURVE('',#1128,#1129,#141,.T.);
#1396=EDGE_CURVE('',#1119,#1129,#580,.T.);
#1397=EDGE_CURVE('',#1116,#1130,#142,.T.);
#1398=EDGE_CURVE('',#1130,#1117,#1024,.T.);
#1399=EDGE_CURVE('',#1125,#1130,#581,.T.);
#1400=EDGE_CURVE('',#1130,#1128,#582,.T.);
#1401=EDGE_CURVE('',#1129,#1116,#583,.T.);
#1402=EDGE_CURVE('',#1128,#1124,#584,.T.);
#1403=EDGE_CURVE('',#1131,#1132,#1025,.T.);
#1404=EDGE_CURVE('',#1133,#1131,#585,.T.);
#1405=EDGE_CURVE('',#1133,#1134,#1026,.T.);
#1406=EDGE_CURVE('',#1132,#1134,#586,.T.);
#1407=EDGE_CURVE('',#1132,#1135,#587,.T.);
#1408=EDGE_CURVE('',#1134,#1136,#588,.T.);
#1409=EDGE_CURVE('',#1136,#1135,#589,.T.);
#1410=EDGE_CURVE('',#1135,#1137,#1027,.T.);
#1411=EDGE_CURVE('',#1136,#1138,#1028,.T.);
#1412=EDGE_CURVE('',#1137,#1138,#590,.T.);
#1413=EDGE_CURVE('',#1139,#1136,#1029,.T.);
#1414=EDGE_CURVE('',#1138,#1139,#143,.T.);
#1415=EDGE_CURVE('',#1134,#1140,#1030,.T.);
#1416=EDGE_CURVE('',#1139,#1140,#591,.T.);
#1417=EDGE_CURVE('',#1140,#1133,#1031,.T.);
#1418=EDGE_CURVE('',#1141,#1133,#592,.T.);
#1419=EDGE_CURVE('',#1141,#1142,#144,.T.);
#1420=EDGE_CURVE('',#1140,#1142,#593,.T.);
#1421=EDGE_CURVE('',#1143,#1131,#594,.T.);
#1422=EDGE_CURVE('',#1143,#1141,#595,.T.);
#1423=EDGE_CURVE('',#1144,#1145,#596,.T.);
#1424=EDGE_CURVE('',#1144,#1146,#597,.T.);
#1425=EDGE_CURVE('',#1146,#1147,#598,.T.);
#1426=EDGE_CURVE('',#1147,#1145,#599,.T.);
#1427=EDGE_CURVE('',#1145,#1143,#1032,.T.);
#1428=EDGE_CURVE('',#1147,#1141,#1033,.T.);
#1429=EDGE_CURVE('',#1148,#1144,#1034,.T.);
#1430=EDGE_CURVE('',#1149,#1148,#600,.T.);
#1431=EDGE_CURVE('',#1149,#1146,#1035,.T.);
#1432=EDGE_CURVE('',#1142,#1147,#1036,.T.);
#1433=EDGE_CURVE('',#1146,#1150,#1037,.T.);
#1434=EDGE_CURVE('',#1142,#1150,#601,.T.);
#1435=EDGE_CURVE('',#1150,#1149,#1038,.T.);
#1436=EDGE_CURVE('',#1150,#1139,#602,.T.);
#1437=EDGE_CURVE('',#1138,#1149,#603,.T.);
#1438=EDGE_CURVE('',#1137,#1148,#604,.T.);
#1439=EDGE_CURVE('',#1151,#1152,#145,.T.);
#1440=EDGE_CURVE('',#1152,#1153,#605,.T.);
#1441=EDGE_CURVE('',#1153,#1154,#146,.T.);
#1442=EDGE_CURVE('',#1154,#1155,#606,.T.);
#1443=EDGE_CURVE('',#1155,#1156,#147,.T.);
#1444=EDGE_CURVE('',#1156,#1157,#607,.T.);
#1445=EDGE_CURVE('',#1157,#1158,#148,.T.);
#1446=EDGE_CURVE('',#1158,#1151,#608,.T.);
#1447=EDGE_CURVE('',#1159,#1154,#609,.T.);
#1448=EDGE_CURVE('',#1160,#1159,#610,.T.);
#1449=EDGE_CURVE('',#1160,#1155,#611,.T.);
#1450=EDGE_CURVE('',#1151,#1161,#612,.T.);
#1451=EDGE_CURVE('',#1162,#1161,#149,.T.);
#1452=EDGE_CURVE('',#1162,#1152,#613,.T.);
#1453=EDGE_CURVE('',#1158,#1163,#614,.T.);
#1454=EDGE_CURVE('',#1161,#1163,#615,.T.);
#1455=EDGE_CURVE('',#1157,#1164,#616,.T.);
#1456=EDGE_CURVE('',#1163,#1164,#150,.T.);
#1457=EDGE_CURVE('',#1165,#1160,#151,.T.);
#1458=EDGE_CURVE('',#1165,#1156,#617,.T.);
#1459=EDGE_CURVE('',#1153,#1166,#618,.T.);
#1460=EDGE_CURVE('',#1166,#1162,#619,.T.);
#1461=EDGE_CURVE('',#1159,#1166,#152,.T.);
#1462=EDGE_CURVE('',#1164,#1165,#620,.T.);
#1463=EDGE_CURVE('',#1167,#1168,#621,.T.);
#1464=EDGE_CURVE('',#1167,#1169,#622,.T.);
#1465=EDGE_CURVE('',#1170,#1169,#623,.T.);
#1466=EDGE_CURVE('',#1171,#1170,#624,.T.);
#1467=EDGE_CURVE('',#1172,#1171,#625,.T.);
#1468=EDGE_CURVE('',#1172,#1173,#626,.T.);
#1469=EDGE_CURVE('',#1174,#1173,#627,.T.);
#1470=EDGE_CURVE('',#1174,#1175,#628,.T.);
#1471=EDGE_CURVE('',#1175,#1168,#629,.T.);
#1472=EDGE_CURVE('',#1176,#1177,#630,.T.);
#1473=EDGE_CURVE('',#1177,#1178,#153,.T.);
#1474=EDGE_CURVE('',#1178,#1179,#631,.T.);
#1475=EDGE_CURVE('',#1179,#1180,#1039,.T.);
#1476=EDGE_CURVE('',#1180,#1181,#632,.T.);
#1477=EDGE_CURVE('',#1181,#1174,#1040,.T.);
#1478=EDGE_CURVE('',#1173,#1182,#154,.T.);
#1479=EDGE_CURVE('',#1182,#1183,#633,.T.);
#1480=EDGE_CURVE('',#1183,#1176,#155,.T.);
#1481=EDGE_CURVE('',#1184,#1185,#156,.T.);
#1482=EDGE_CURVE('',#1186,#1184,#634,.T.);
#1483=EDGE_CURVE('',#1187,#1186,#157,.T.);
#1484=EDGE_CURVE('',#1185,#1187,#635,.T.);
#1485=EDGE_CURVE('',#1178,#1186,#636,.T.);
#1486=EDGE_CURVE('',#1177,#1187,#637,.T.);
#1487=EDGE_CURVE('',#1186,#1188,#638,.T.);
#1488=EDGE_CURVE('',#1188,#1179,#639,.T.);
#1489=EDGE_CURVE('',#1189,#1181,#640,.T.);
#1490=EDGE_CURVE('',#1180,#1190,#641,.T.);
#1491=EDGE_CURVE('',#1190,#1189,#642,.T.);
#1492=EDGE_CURVE('',#1188,#1190,#1041,.T.);
#1493=EDGE_CURVE('',#1189,#1175,#1042,.T.);
#1494=EDGE_CURVE('',#1182,#1191,#643,.T.);
#1495=EDGE_CURVE('',#1171,#1191,#158,.T.);
#1496=EDGE_CURVE('',#1183,#1192,#644,.T.);
#1497=EDGE_CURVE('',#1192,#1191,#645,.T.);
#1498=EDGE_CURVE('',#1193,#1170,#159,.T.);
#1499=EDGE_CURVE('',#1193,#1194,#646,.T.);
#1500=EDGE_CURVE('',#1194,#1195,#160,.T.);
#1501=EDGE_CURVE('',#1195,#1196,#647,.T.);
#1502=EDGE_CURVE('',#1196,#1192,#161,.T.);
#1503=EDGE_CURVE('',#1184,#1197,#11,.T.);
#1504=EDGE_CURVE('',#1197,#1198,#648,.T.);
#1505=EDGE_CURVE('',#1198,#1199,#12,.T.);
#1506=EDGE_CURVE('',#1199,#1200,#649,.T.);
#1507=EDGE_CURVE('',#1200,#1186,#650,.T.);
#1508=EDGE_CURVE('',#1201,#1199,#162,.T.);
#1509=EDGE_CURVE('',#1201,#1198,#651,.T.);
#1510=EDGE_CURVE('',#1185,#1197,#652,.T.);
#1511=EDGE_CURVE('',#1196,#1202,#653,.T.);
#1512=EDGE_CURVE('',#1176,#1202,#654,.T.);
#1513=EDGE_CURVE('',#1201,#1203,#655,.T.);
#1514=EDGE_CURVE('',#1203,#1200,#163,.T.);
#1515=EDGE_CURVE('',#1204,#1193,#656,.T.);
#1516=EDGE_CURVE('',#1169,#1204,#164,.T.);
#1517=EDGE_CURVE('',#1194,#1205,#657,.T.);
#1518=EDGE_CURVE('',#1204,#1205,#658,.T.);
#1519=EDGE_CURVE('',#1206,#1195,#659,.T.);
#1520=EDGE_CURVE('',#1205,#1206,#165,.T.);
#1521=EDGE_CURVE('',#1206,#1207,#660,.T.);
#1522=EDGE_CURVE('',#1208,#1167,#1043,.T.);
#1523=EDGE_CURVE('',#1209,#1208,#661,.T.);
#1524=EDGE_CURVE('',#1210,#1209,#1044,.T.);
#1525=EDGE_CURVE('',#1211,#1210,#662,.T.);
#1526=EDGE_CURVE('',#1207,#1211,#166,.T.);
#1527=EDGE_CURVE('',#1207,#1203,#663,.T.);
#1528=EDGE_CURVE('',#1211,#1200,#664,.T.);
#1529=EDGE_CURVE('',#1212,#1210,#665,.T.);
#1530=EDGE_CURVE('',#1200,#1212,#666,.T.);
#1531=EDGE_CURVE('',#1213,#1208,#667,.T.);
#1532=EDGE_CURVE('',#1214,#1213,#668,.T.);
#1533=EDGE_CURVE('',#1209,#1214,#669,.T.);
#1534=EDGE_CURVE('',#1214,#1212,#1045,.T.);
#1535=EDGE_CURVE('',#1168,#1213,#1046,.T.);
#1536=EDGE_CURVE('',#1215,#1216,#670,.T.);
#1537=EDGE_CURVE('',#1217,#1215,#671,.T.);
#1538=EDGE_CURVE('',#1217,#1218,#672,.T.);
#1539=EDGE_CURVE('',#1219,#1218,#673,.T.);
#1540=EDGE_CURVE('',#1219,#1220,#674,.T.);
#1541=EDGE_CURVE('',#1220,#1221,#675,.T.);
#1542=EDGE_CURVE('',#1221,#1222,#676,.T.);
#1543=EDGE_CURVE('',#1223,#1222,#677,.T.);
#1544=EDGE_CURVE('',#1223,#1216,#678,.T.);
#1545=EDGE_CURVE('',#1224,#1225,#679,.T.);
#1546=EDGE_CURVE('',#1226,#1224,#167,.T.);
#1547=EDGE_CURVE('',#1227,#1226,#680,.T.);
#1548=EDGE_CURVE('',#1218,#1227,#168,.T.);
#1549=EDGE_CURVE('',#1228,#1217,#1047,.T.);
#1550=EDGE_CURVE('',#1229,#1228,#681,.T.);
#1551=EDGE_CURVE('',#1230,#1229,#1048,.T.);
#1552=EDGE_CURVE('',#1231,#1230,#682,.T.);
#1553=EDGE_CURVE('',#1225,#1231,#169,.T.);
#1554=EDGE_CURVE('',#1232,#1233,#170,.T.);
#1555=EDGE_CURVE('',#1233,#1234,#683,.T.);
#1556=EDGE_CURVE('',#1234,#1235,#171,.T.);
#1557=EDGE_CURVE('',#1235,#1232,#684,.T.);
#1558=EDGE_CURVE('',#1225,#1234,#685,.T.);
#1559=EDGE_CURVE('',#1231,#1235,#686,.T.);
#1560=EDGE_CURVE('',#1236,#1230,#687,.T.);
#1561=EDGE_CURVE('',#1235,#1236,#688,.T.);
#1562=EDGE_CURVE('',#1237,#1228,#689,.T.);
#1563=EDGE_CURVE('',#1238,#1237,#690,.T.);
#1564=EDGE_CURVE('',#1229,#1238,#691,.T.);
#1565=EDGE_CURVE('',#1236,#1238,#1049,.T.);
#1566=EDGE_CURVE('',#1237,#1215,#1050,.T.);
#1567=EDGE_CURVE('',#1227,#1239,#692,.T.);
#1568=EDGE_CURVE('',#1220,#1239,#172,.T.);
#1569=EDGE_CURVE('',#1226,#1240,#693,.T.);
#1570=EDGE_CURVE('',#1240,#1239,#694,.T.);
#1571=EDGE_CURVE('',#1241,#1240,#173,.T.);
#1572=EDGE_CURVE('',#1242,#1241,#695,.T.);
#1573=EDGE_CURVE('',#1243,#1242,#174,.T.);
#1574=EDGE_CURVE('',#1244,#1243,#696,.T.);
#1575=EDGE_CURVE('',#1244,#1221,#175,.T.);
#1576=EDGE_CURVE('',#1232,#1245,#13,.T.);
#1577=EDGE_CURVE('',#1246,#1235,#697,.T.);
#1578=EDGE_CURVE('',#1247,#1246,#698,.T.);
#1579=EDGE_CURVE('',#1248,#1247,#14,.T.);
#1580=EDGE_CURVE('',#1245,#1248,#699,.T.);
#1581=EDGE_CURVE('',#1249,#1247,#176,.T.);
#1582=EDGE_CURVE('',#1249,#1248,#700,.T.);
#1583=EDGE_CURVE('',#1233,#1245,#701,.T.);
#1584=EDGE_CURVE('',#1241,#1250,#702,.T.);
#1585=EDGE_CURVE('',#1224,#1250,#703,.T.);
#1586=EDGE_CURVE('',#1251,#1246,#177,.T.);
#1587=EDGE_CURVE('',#1249,#1251,#704,.T.);
#1588=EDGE_CURVE('',#1252,#1244,#705,.T.);
#1589=EDGE_CURVE('',#1222,#1252,#178,.T.);
#1590=EDGE_CURVE('',#1243,#1253,#706,.T.);
#1591=EDGE_CURVE('',#1252,#1253,#707,.T.);
#1592=EDGE_CURVE('',#1254,#1242,#708,.T.);
#1593=EDGE_CURVE('',#1253,#1254,#179,.T.);
#1594=EDGE_CURVE('',#1254,#1255,#709,.T.);
#1595=EDGE_CURVE('',#1255,#1256,#180,.T.);
#1596=EDGE_CURVE('',#1256,#1257,#710,.T.);
#1597=EDGE_CURVE('',#1257,#1258,#1051,.T.);
#1598=EDGE_CURVE('',#1258,#1259,#711,.T.);
#1599=EDGE_CURVE('',#1259,#1223,#1052,.T.);
#1600=EDGE_CURVE('',#1255,#1251,#712,.T.);
#1601=EDGE_CURVE('',#1256,#1246,#713,.T.);
#1602=EDGE_CURVE('',#1246,#1260,#714,.T.);
#1603=EDGE_CURVE('',#1260,#1257,#715,.T.);
#1604=EDGE_CURVE('',#1261,#1259,#716,.T.);
#1605=EDGE_CURVE('',#1258,#1262,#717,.T.);
#1606=EDGE_CURVE('',#1262,#1261,#718,.T.);
#1607=EDGE_CURVE('',#1262,#1260,#1053,.T.);
#1608=EDGE_CURVE('',#1216,#1261,#1054,.T.);
#1609=EDGE_CURVE('',#1263,#1264,#1055,.T.);
#1610=EDGE_CURVE('',#1264,#1265,#719,.T.);
#1611=EDGE_CURVE('',#1265,#1266,#1056,.T.);
#1612=EDGE_CURVE('',#1266,#1263,#720,.T.);
#1613=EDGE_CURVE('',#1267,#1268,#721,.T.);
#1614=EDGE_CURVE('',#1268,#1269,#181,.T.);
#1615=EDGE_CURVE('',#1269,#1266,#722,.T.);
#1616=EDGE_CURVE('',#1266,#1267,#182,.T.);
#1617=EDGE_CURVE('',#1267,#1265,#1057,.T.);
#1618=EDGE_CURVE('',#1270,#1269,#723,.T.);
#1619=EDGE_CURVE('',#1263,#1270,#724,.T.);
#1620=EDGE_CURVE('',#1271,#1270,#1058,.T.);
#1621=EDGE_CURVE('',#1269,#1272,#1059,.T.);
#1622=EDGE_CURVE('',#1272,#1271,#725,.T.);
#1623=EDGE_CURVE('',#1272,#1268,#1060,.T.);
#1624=EDGE_CURVE('',#1273,#1267,#726,.T.);
#1625=EDGE_CURVE('',#1265,#1274,#727,.T.);
#1626=EDGE_CURVE('',#1274,#1273,#1061,.T.);
#1627=EDGE_CURVE('',#1275,#1272,#728,.T.);
#1628=EDGE_CURVE('',#1268,#1276,#729,.T.);
#1629=EDGE_CURVE('',#1276,#1275,#1062,.T.);
#1630=EDGE_CURVE('',#1271,#1277,#730,.T.);
#1631=EDGE_CURVE('',#1277,#1275,#731,.T.);
#1632=EDGE_CURVE('',#1278,#1264,#732,.T.);
#1633=EDGE_CURVE('',#1279,#1277,#1063,.T.);
#1634=EDGE_CURVE('',#1279,#1280,#733,.T.);
#1635=EDGE_CURVE('',#1281,#1280,#183,.T.);
#1636=EDGE_CURVE('',#1281,#1282,#734,.T.);
#1637=EDGE_CURVE('',#1278,#1282,#1064,.T.);
#1638=EDGE_CURVE('',#1274,#1278,#735,.T.);
#1639=EDGE_CURVE('',#1275,#1283,#1065,.T.);
#1640=EDGE_CURVE('',#1283,#1276,#184,.T.);
#1641=EDGE_CURVE('',#1283,#1279,#736,.T.);
#1642=EDGE_CURVE('',#1284,#1283,#737,.T.);
#1643=EDGE_CURVE('',#1280,#1284,#738,.T.);
#1644=EDGE_CURVE('',#1284,#1285,#185,.T.);
#1645=EDGE_CURVE('',#1286,#1284,#1066,.T.);
#1646=EDGE_CURVE('',#1285,#1286,#186,.T.);
#1647=EDGE_CURVE('',#1276,#1286,#739,.T.);
#1648=EDGE_CURVE('',#1273,#1287,#187,.T.);
#1649=EDGE_CURVE('',#1287,#1274,#1067,.T.);
#1650=EDGE_CURVE('',#1282,#1287,#740,.T.);
#1651=EDGE_CURVE('',#1287,#1285,#741,.T.);
#1652=EDGE_CURVE('',#1286,#1273,#742,.T.);
#1653=EDGE_CURVE('',#1285,#1281,#743,.T.);
#1654=EDGE_CURVE('',#1288,#1289,#1068,.T.);
#1655=EDGE_CURVE('',#1290,#1288,#744,.T.);
#1656=EDGE_CURVE('',#1291,#1290,#188,.T.);
#1657=EDGE_CURVE('',#1289,#1291,#745,.T.);
#1658=EDGE_CURVE('',#1292,#1293,#746,.T.);
#1659=EDGE_CURVE('',#1290,#1292,#1069,.T.);
#1660=EDGE_CURVE('',#1294,#1290,#747,.T.);
#1661=EDGE_CURVE('',#1293,#1294,#189,.T.);
#1662=EDGE_CURVE('',#1292,#1291,#1070,.T.);
#1663=EDGE_CURVE('',#1288,#1295,#748,.T.);
#1664=EDGE_CURVE('',#1295,#1294,#749,.T.);
#1665=EDGE_CURVE('',#1296,#1295,#1071,.T.);
#1666=EDGE_CURVE('',#1297,#1296,#750,.T.);
#1667=EDGE_CURVE('',#1294,#1297,#1072,.T.);
#1668=EDGE_CURVE('',#1297,#1293,#1073,.T.);
#1669=EDGE_CURVE('',#1291,#1298,#751,.T.);
#1670=EDGE_CURVE('',#1299,#1292,#752,.T.);
#1671=EDGE_CURVE('',#1298,#1299,#1074,.T.);
#1672=EDGE_CURVE('',#1293,#1300,#753,.T.);
#1673=EDGE_CURVE('',#1301,#1297,#754,.T.);
#1674=EDGE_CURVE('',#1300,#1301,#1075,.T.);
#1675=EDGE_CURVE('',#1296,#1302,#755,.T.);
#1676=EDGE_CURVE('',#1302,#1301,#756,.T.);
#1677=EDGE_CURVE('',#1303,#1289,#757,.T.);
#1678=EDGE_CURVE('',#1303,#1304,#190,.T.);
#1679=EDGE_CURVE('',#1305,#1304,#758,.T.);
#1680=EDGE_CURVE('',#1305,#1306,#191,.T.);
#1681=EDGE_CURVE('',#1307,#1306,#759,.T.);
#1682=EDGE_CURVE('',#1307,#1302,#1076,.T.);
#1683=EDGE_CURVE('',#1298,#1303,#760,.T.);
#1684=EDGE_CURVE('',#1301,#1308,#192,.T.);
#1685=EDGE_CURVE('',#1308,#1300,#193,.T.);
#1686=EDGE_CURVE('',#1308,#1307,#761,.T.);
#1687=EDGE_CURVE('',#1306,#1309,#762,.T.);
#1688=EDGE_CURVE('',#1309,#1308,#763,.T.);
#1689=EDGE_CURVE('',#1309,#1310,#1077,.T.);
#1690=EDGE_CURVE('',#1310,#1311,#1078,.T.);
#1691=EDGE_CURVE('',#1311,#1309,#1079,.T.);
#1692=EDGE_CURVE('',#1300,#1311,#764,.T.);
#1693=EDGE_CURVE('',#1299,#1312,#1080,.T.);
#1694=EDGE_CURVE('',#1312,#1298,#194,.T.);
#1695=EDGE_CURVE('',#1304,#1312,#765,.T.);
#1696=EDGE_CURVE('',#1311,#1299,#766,.T.);
#1697=EDGE_CURVE('',#1312,#1310,#767,.T.);
#1698=EDGE_CURVE('',#1310,#1305,#768,.T.);
#1699=ORIENTED_EDGE('',*,*,#1313,.F.);
#1700=ORIENTED_EDGE('',*,*,#1314,.F.);
#1701=ORIENTED_EDGE('',*,*,#1315,.F.);
#1702=ORIENTED_EDGE('',*,*,#1316,.F.);
#1703=ORIENTED_EDGE('',*,*,#1317,.F.);
#1704=ORIENTED_EDGE('',*,*,#1318,.F.);
#1705=ORIENTED_EDGE('',*,*,#1319,.F.);
#1706=ORIENTED_EDGE('',*,*,#1320,.F.);
#1707=ORIENTED_EDGE('',*,*,#1315,.T.);
#1708=ORIENTED_EDGE('',*,*,#1318,.T.);
#1709=ORIENTED_EDGE('',*,*,#1321,.T.);
#1710=ORIENTED_EDGE('',*,*,#1319,.T.);
#1711=ORIENTED_EDGE('',*,*,#1314,.T.);
#1712=ORIENTED_EDGE('',*,*,#1322,.T.);
#1713=ORIENTED_EDGE('',*,*,#1323,.T.);
#1714=ORIENTED_EDGE('',*,*,#1324,.F.);
#1715=ORIENTED_EDGE('',*,*,#1325,.F.);
#1716=ORIENTED_EDGE('',*,*,#1326,.F.);
#1717=ORIENTED_EDGE('',*,*,#1323,.F.);
#1718=ORIENTED_EDGE('',*,*,#1326,.T.);
#1719=ORIENTED_EDGE('',*,*,#1327,.T.);
#1720=ORIENTED_EDGE('',*,*,#1320,.T.);
#1721=ORIENTED_EDGE('',*,*,#1328,.F.);
#1722=ORIENTED_EDGE('',*,*,#1321,.F.);
#1723=ORIENTED_EDGE('',*,*,#1329,.F.);
#1724=ORIENTED_EDGE('',*,*,#1330,.F.);
#1725=ORIENTED_EDGE('',*,*,#1331,.F.);
#1726=ORIENTED_EDGE('',*,*,#1327,.F.);
#1727=ORIENTED_EDGE('',*,*,#1332,.F.);
#1728=ORIENTED_EDGE('',*,*,#1333,.F.);
#1729=ORIENTED_EDGE('',*,*,#1334,.T.);
#1730=ORIENTED_EDGE('',*,*,#1335,.T.);
#1731=ORIENTED_EDGE('',*,*,#1332,.T.);
#1732=ORIENTED_EDGE('',*,*,#1325,.T.);
#1733=ORIENTED_EDGE('',*,*,#1336,.F.);
#1734=ORIENTED_EDGE('',*,*,#1337,.T.);
#1735=ORIENTED_EDGE('',*,*,#1338,.F.);
#1736=ORIENTED_EDGE('',*,*,#1339,.T.);
#1737=ORIENTED_EDGE('',*,*,#1340,.F.);
#1738=ORIENTED_EDGE('',*,*,#1341,.T.);
#1739=ORIENTED_EDGE('',*,*,#1334,.F.);
#1740=ORIENTED_EDGE('',*,*,#1324,.T.);
#1741=ORIENTED_EDGE('',*,*,#1322,.F.);
#1742=ORIENTED_EDGE('',*,*,#1313,.T.);
#1743=ORIENTED_EDGE('',*,*,#1328,.T.);
#1744=ORIENTED_EDGE('',*,*,#1342,.T.);
#1745=ORIENTED_EDGE('',*,*,#1336,.T.);
#1746=ORIENTED_EDGE('',*,*,#1316,.T.);
#1747=ORIENTED_EDGE('',*,*,#1343,.T.);
#1748=ORIENTED_EDGE('',*,*,#1344,.T.);
#1749=ORIENTED_EDGE('',*,*,#1333,.T.);
#1750=ORIENTED_EDGE('',*,*,#1341,.F.);
#1751=ORIENTED_EDGE('',*,*,#1345,.F.);
#1752=ORIENTED_EDGE('',*,*,#1343,.F.);
#1753=ORIENTED_EDGE('',*,*,#1335,.F.);
#1754=ORIENTED_EDGE('',*,*,#1340,.T.);
#1755=ORIENTED_EDGE('',*,*,#1346,.T.);
#1756=ORIENTED_EDGE('',*,*,#1347,.T.);
#1757=ORIENTED_EDGE('',*,*,#1345,.T.);
#1758=ORIENTED_EDGE('',*,*,#1348,.T.);
#1759=ORIENTED_EDGE('',*,*,#1349,.T.);
#1760=ORIENTED_EDGE('',*,*,#1350,.T.);
#1761=ORIENTED_EDGE('',*,*,#1347,.F.);
#1762=ORIENTED_EDGE('',*,*,#1350,.F.);
#1763=ORIENTED_EDGE('',*,*,#1351,.F.);
#1764=ORIENTED_EDGE('',*,*,#1344,.F.);
#1765=ORIENTED_EDGE('',*,*,#1352,.T.);
#1766=ORIENTED_EDGE('',*,*,#1353,.T.);
#1767=ORIENTED_EDGE('',*,*,#1330,.T.);
#1768=ORIENTED_EDGE('',*,*,#1337,.F.);
#1769=ORIENTED_EDGE('',*,*,#1342,.F.);
#1770=ORIENTED_EDGE('',*,*,#1353,.F.);
#1771=ORIENTED_EDGE('',*,*,#1354,.F.);
#1772=ORIENTED_EDGE('',*,*,#1352,.F.);
#1773=ORIENTED_EDGE('',*,*,#1355,.F.);
#1774=ORIENTED_EDGE('',*,*,#1349,.F.);
#1775=ORIENTED_EDGE('',*,*,#1356,.F.);
#1776=ORIENTED_EDGE('',*,*,#1339,.F.);
#1777=ORIENTED_EDGE('',*,*,#1357,.F.);
#1778=ORIENTED_EDGE('',*,*,#1348,.F.);
#1779=ORIENTED_EDGE('',*,*,#1346,.F.);
#1780=ORIENTED_EDGE('',*,*,#1331,.T.);
#1781=ORIENTED_EDGE('',*,*,#1351,.T.);
#1782=ORIENTED_EDGE('',*,*,#1355,.T.);
#1783=ORIENTED_EDGE('',*,*,#1329,.T.);
#1784=ORIENTED_EDGE('',*,*,#1317,.T.);
#1785=ORIENTED_EDGE('',*,*,#1354,.T.);
#1786=ORIENTED_EDGE('',*,*,#1356,.T.);
#1787=ORIENTED_EDGE('',*,*,#1357,.T.);
#1788=ORIENTED_EDGE('',*,*,#1338,.T.);
#1789=ORIENTED_EDGE('',*,*,#1358,.T.);
#1790=ORIENTED_EDGE('',*,*,#1359,.T.);
#1791=ORIENTED_EDGE('',*,*,#1360,.T.);
#1792=ORIENTED_EDGE('',*,*,#1361,.T.);
#1793=ORIENTED_EDGE('',*,*,#1362,.T.);
#1794=ORIENTED_EDGE('',*,*,#1363,.T.);
#1795=ORIENTED_EDGE('',*,*,#1364,.T.);
#1796=ORIENTED_EDGE('',*,*,#1365,.T.);
#1797=ORIENTED_EDGE('',*,*,#1360,.F.);
#1798=ORIENTED_EDGE('',*,*,#1366,.F.);
#1799=ORIENTED_EDGE('',*,*,#1365,.F.);
#1800=ORIENTED_EDGE('',*,*,#1364,.F.);
#1801=ORIENTED_EDGE('',*,*,#1367,.F.);
#1802=ORIENTED_EDGE('',*,*,#1368,.F.);
#1803=ORIENTED_EDGE('',*,*,#1361,.F.);
#1804=ORIENTED_EDGE('',*,*,#1369,.T.);
#1805=ORIENTED_EDGE('',*,*,#1367,.T.);
#1806=ORIENTED_EDGE('',*,*,#1370,.T.);
#1807=ORIENTED_EDGE('',*,*,#1371,.T.);
#1808=ORIENTED_EDGE('',*,*,#1370,.F.);
#1809=ORIENTED_EDGE('',*,*,#1363,.F.);
#1810=ORIENTED_EDGE('',*,*,#1372,.F.);
#1811=ORIENTED_EDGE('',*,*,#1373,.T.);
#1812=ORIENTED_EDGE('',*,*,#1366,.T.);
#1813=ORIENTED_EDGE('',*,*,#1374,.T.);
#1814=ORIENTED_EDGE('',*,*,#1375,.T.);
#1815=ORIENTED_EDGE('',*,*,#1376,.T.);
#1816=ORIENTED_EDGE('',*,*,#1372,.T.);
#1817=ORIENTED_EDGE('',*,*,#1377,.T.);
#1818=ORIENTED_EDGE('',*,*,#1378,.T.);
#1819=ORIENTED_EDGE('',*,*,#1379,.F.);
#1820=ORIENTED_EDGE('',*,*,#1371,.F.);
#1821=ORIENTED_EDGE('',*,*,#1376,.F.);
#1822=ORIENTED_EDGE('',*,*,#1380,.F.);
#1823=ORIENTED_EDGE('',*,*,#1381,.T.);
#1824=ORIENTED_EDGE('',*,*,#1358,.F.);
#1825=ORIENTED_EDGE('',*,*,#1368,.T.);
#1826=ORIENTED_EDGE('',*,*,#1369,.F.);
#1827=ORIENTED_EDGE('',*,*,#1379,.T.);
#1828=ORIENTED_EDGE('',*,*,#1382,.F.);
#1829=ORIENTED_EDGE('',*,*,#1383,.T.);
#1830=ORIENTED_EDGE('',*,*,#1384,.F.);
#1831=ORIENTED_EDGE('',*,*,#1385,.T.);
#1832=ORIENTED_EDGE('',*,*,#1386,.F.);
#1833=ORIENTED_EDGE('',*,*,#1374,.F.);
#1834=ORIENTED_EDGE('',*,*,#1359,.F.);
#1835=ORIENTED_EDGE('',*,*,#1381,.F.);
#1836=ORIENTED_EDGE('',*,*,#1387,.F.);
#1837=ORIENTED_EDGE('',*,*,#1388,.F.);
#1838=ORIENTED_EDGE('',*,*,#1378,.F.);
#1839=ORIENTED_EDGE('',*,*,#1389,.F.);
#1840=ORIENTED_EDGE('',*,*,#1382,.T.);
#1841=ORIENTED_EDGE('',*,*,#1380,.T.);
#1842=ORIENTED_EDGE('',*,*,#1388,.T.);
#1843=ORIENTED_EDGE('',*,*,#1390,.T.);
#1844=ORIENTED_EDGE('',*,*,#1383,.F.);
#1845=ORIENTED_EDGE('',*,*,#1390,.F.);
#1846=ORIENTED_EDGE('',*,*,#1391,.F.);
#1847=ORIENTED_EDGE('',*,*,#1392,.F.);
#1848=ORIENTED_EDGE('',*,*,#1393,.F.);
#1849=ORIENTED_EDGE('',*,*,#1394,.F.);
#1850=ORIENTED_EDGE('',*,*,#1395,.F.);
#1851=ORIENTED_EDGE('',*,*,#1391,.T.);
#1852=ORIENTED_EDGE('',*,*,#1389,.T.);
#1853=ORIENTED_EDGE('',*,*,#1396,.T.);
#1854=ORIENTED_EDGE('',*,*,#1394,.T.);
#1855=ORIENTED_EDGE('',*,*,#1397,.F.);
#1856=ORIENTED_EDGE('',*,*,#1375,.F.);
#1857=ORIENTED_EDGE('',*,*,#1398,.F.);
#1858=ORIENTED_EDGE('',*,*,#1386,.T.);
#1859=ORIENTED_EDGE('',*,*,#1399,.T.);
#1860=ORIENTED_EDGE('',*,*,#1398,.T.);
#1861=ORIENTED_EDGE('',*,*,#1387,.T.);
#1862=ORIENTED_EDGE('',*,*,#1397,.T.);
#1863=ORIENTED_EDGE('',*,*,#1400,.T.);
#1864=ORIENTED_EDGE('',*,*,#1395,.T.);
#1865=ORIENTED_EDGE('',*,*,#1401,.T.);
#1866=ORIENTED_EDGE('',*,*,#1384,.T.);
#1867=ORIENTED_EDGE('',*,*,#1392,.T.);
#1868=ORIENTED_EDGE('',*,*,#1393,.T.);
#1869=ORIENTED_EDGE('',*,*,#1402,.T.);
#1870=ORIENTED_EDGE('',*,*,#1377,.F.);
#1871=ORIENTED_EDGE('',*,*,#1362,.F.);
#1872=ORIENTED_EDGE('',*,*,#1373,.F.);
#1873=ORIENTED_EDGE('',*,*,#1401,.F.);
#1874=ORIENTED_EDGE('',*,*,#1396,.F.);
#1875=ORIENTED_EDGE('',*,*,#1399,.F.);
#1876=ORIENTED_EDGE('',*,*,#1385,.F.);
#1877=ORIENTED_EDGE('',*,*,#1402,.F.);
#1878=ORIENTED_EDGE('',*,*,#1400,.F.);
#1879=ORIENTED_EDGE('',*,*,#1403,.F.);
#1880=ORIENTED_EDGE('',*,*,#1404,.F.);
#1881=ORIENTED_EDGE('',*,*,#1405,.T.);
#1882=ORIENTED_EDGE('',*,*,#1406,.F.);
#1883=ORIENTED_EDGE('',*,*,#1407,.F.);
#1884=ORIENTED_EDGE('',*,*,#1406,.T.);
#1885=ORIENTED_EDGE('',*,*,#1408,.T.);
#1886=ORIENTED_EDGE('',*,*,#1409,.T.);
#1887=ORIENTED_EDGE('',*,*,#1410,.F.);
#1888=ORIENTED_EDGE('',*,*,#1409,.F.);
#1889=ORIENTED_EDGE('',*,*,#1411,.T.);
#1890=ORIENTED_EDGE('',*,*,#1412,.F.);
#1891=ORIENTED_EDGE('',*,*,#1411,.F.);
#1892=ORIENTED_EDGE('',*,*,#1413,.F.);
#1893=ORIENTED_EDGE('',*,*,#1414,.F.);
#1894=ORIENTED_EDGE('',*,*,#1415,.T.);
#1895=ORIENTED_EDGE('',*,*,#1416,.F.);
#1896=ORIENTED_EDGE('',*,*,#1413,.T.);
#1897=ORIENTED_EDGE('',*,*,#1408,.F.);
#1898=ORIENTED_EDGE('',*,*,#1417,.F.);
#1899=ORIENTED_EDGE('',*,*,#1415,.F.);
#1900=ORIENTED_EDGE('',*,*,#1405,.F.);
#1901=ORIENTED_EDGE('',*,*,#1418,.F.);
#1902=ORIENTED_EDGE('',*,*,#1419,.T.);
#1903=ORIENTED_EDGE('',*,*,#1420,.F.);
#1904=ORIENTED_EDGE('',*,*,#1417,.T.);
#1905=ORIENTED_EDGE('',*,*,#1421,.F.);
#1906=ORIENTED_EDGE('',*,*,#1422,.T.);
#1907=ORIENTED_EDGE('',*,*,#1418,.T.);
#1908=ORIENTED_EDGE('',*,*,#1404,.T.);
#1909=ORIENTED_EDGE('',*,*,#1423,.F.);
#1910=ORIENTED_EDGE('',*,*,#1424,.T.);
#1911=ORIENTED_EDGE('',*,*,#1425,.T.);
#1912=ORIENTED_EDGE('',*,*,#1426,.T.);
#1913=ORIENTED_EDGE('',*,*,#1427,.F.);
#1914=ORIENTED_EDGE('',*,*,#1426,.F.);
#1915=ORIENTED_EDGE('',*,*,#1428,.T.);
#1916=ORIENTED_EDGE('',*,*,#1422,.F.);
#1917=ORIENTED_EDGE('',*,*,#1429,.F.);
#1918=ORIENTED_EDGE('',*,*,#1430,.F.);
#1919=ORIENTED_EDGE('',*,*,#1431,.T.);
#1920=ORIENTED_EDGE('',*,*,#1424,.F.);
#1921=ORIENTED_EDGE('',*,*,#1432,.F.);
#1922=ORIENTED_EDGE('',*,*,#1419,.F.);
#1923=ORIENTED_EDGE('',*,*,#1428,.F.);
#1924=ORIENTED_EDGE('',*,*,#1433,.T.);
#1925=ORIENTED_EDGE('',*,*,#1434,.F.);
#1926=ORIENTED_EDGE('',*,*,#1432,.T.);
#1927=ORIENTED_EDGE('',*,*,#1425,.F.);
#1928=ORIENTED_EDGE('',*,*,#1435,.F.);
#1929=ORIENTED_EDGE('',*,*,#1433,.F.);
#1930=ORIENTED_EDGE('',*,*,#1431,.F.);
#1931=ORIENTED_EDGE('',*,*,#1436,.F.);
#1932=ORIENTED_EDGE('',*,*,#1435,.T.);
#1933=ORIENTED_EDGE('',*,*,#1437,.F.);
#1934=ORIENTED_EDGE('',*,*,#1414,.T.);
#1935=ORIENTED_EDGE('',*,*,#1420,.T.);
#1936=ORIENTED_EDGE('',*,*,#1434,.T.);
#1937=ORIENTED_EDGE('',*,*,#1436,.T.);
#1938=ORIENTED_EDGE('',*,*,#1416,.T.);
#1939=ORIENTED_EDGE('',*,*,#1438,.F.);
#1940=ORIENTED_EDGE('',*,*,#1412,.T.);
#1941=ORIENTED_EDGE('',*,*,#1437,.T.);
#1942=ORIENTED_EDGE('',*,*,#1430,.T.);
#1943=ORIENTED_EDGE('',*,*,#1438,.T.);
#1944=ORIENTED_EDGE('',*,*,#1429,.T.);
#1945=ORIENTED_EDGE('',*,*,#1423,.T.);
#1946=ORIENTED_EDGE('',*,*,#1427,.T.);
#1947=ORIENTED_EDGE('',*,*,#1421,.T.);
#1948=ORIENTED_EDGE('',*,*,#1403,.T.);
#1949=ORIENTED_EDGE('',*,*,#1407,.T.);
#1950=ORIENTED_EDGE('',*,*,#1410,.T.);
#1951=ORIENTED_EDGE('',*,*,#1439,.T.);
#1952=ORIENTED_EDGE('',*,*,#1440,.T.);
#1953=ORIENTED_EDGE('',*,*,#1441,.T.);
#1954=ORIENTED_EDGE('',*,*,#1442,.T.);
#1955=ORIENTED_EDGE('',*,*,#1443,.T.);
#1956=ORIENTED_EDGE('',*,*,#1444,.T.);
#1957=ORIENTED_EDGE('',*,*,#1445,.T.);
#1958=ORIENTED_EDGE('',*,*,#1446,.T.);
#1959=ORIENTED_EDGE('',*,*,#1447,.F.);
#1960=ORIENTED_EDGE('',*,*,#1448,.F.);
#1961=ORIENTED_EDGE('',*,*,#1449,.T.);
#1962=ORIENTED_EDGE('',*,*,#1442,.F.);
#1963=ORIENTED_EDGE('',*,*,#1450,.T.);
#1964=ORIENTED_EDGE('',*,*,#1451,.F.);
#1965=ORIENTED_EDGE('',*,*,#1452,.T.);
#1966=ORIENTED_EDGE('',*,*,#1439,.F.);
#1967=ORIENTED_EDGE('',*,*,#1453,.T.);
#1968=ORIENTED_EDGE('',*,*,#1454,.F.);
#1969=ORIENTED_EDGE('',*,*,#1450,.F.);
#1970=ORIENTED_EDGE('',*,*,#1446,.F.);
#1971=ORIENTED_EDGE('',*,*,#1453,.F.);
#1972=ORIENTED_EDGE('',*,*,#1445,.F.);
#1973=ORIENTED_EDGE('',*,*,#1455,.T.);
#1974=ORIENTED_EDGE('',*,*,#1456,.F.);
#1975=ORIENTED_EDGE('',*,*,#1449,.F.);
#1976=ORIENTED_EDGE('',*,*,#1457,.F.);
#1977=ORIENTED_EDGE('',*,*,#1458,.T.);
#1978=ORIENTED_EDGE('',*,*,#1443,.F.);
#1979=ORIENTED_EDGE('',*,*,#1459,.F.);
#1980=ORIENTED_EDGE('',*,*,#1440,.F.);
#1981=ORIENTED_EDGE('',*,*,#1452,.F.);
#1982=ORIENTED_EDGE('',*,*,#1460,.F.);
#1983=ORIENTED_EDGE('',*,*,#1447,.T.);
#1984=ORIENTED_EDGE('',*,*,#1441,.F.);
#1985=ORIENTED_EDGE('',*,*,#1459,.T.);
#1986=ORIENTED_EDGE('',*,*,#1461,.F.);
#1987=ORIENTED_EDGE('',*,*,#1444,.F.);
#1988=ORIENTED_EDGE('',*,*,#1458,.F.);
#1989=ORIENTED_EDGE('',*,*,#1462,.F.);
#1990=ORIENTED_EDGE('',*,*,#1455,.F.);
#1991=ORIENTED_EDGE('',*,*,#1456,.T.);
#1992=ORIENTED_EDGE('',*,*,#1462,.T.);
#1993=ORIENTED_EDGE('',*,*,#1457,.T.);
#1994=ORIENTED_EDGE('',*,*,#1448,.T.);
#1995=ORIENTED_EDGE('',*,*,#1461,.T.);
#1996=ORIENTED_EDGE('',*,*,#1460,.T.);
#1997=ORIENTED_EDGE('',*,*,#1451,.T.);
#1998=ORIENTED_EDGE('',*,*,#1454,.T.);
#1999=ORIENTED_EDGE('',*,*,#1463,.F.);
#2000=ORIENTED_EDGE('',*,*,#1464,.T.);
#2001=ORIENTED_EDGE('',*,*,#1465,.F.);
#2002=ORIENTED_EDGE('',*,*,#1466,.F.);
#2003=ORIENTED_EDGE('',*,*,#1467,.F.);
#2004=ORIENTED_EDGE('',*,*,#1468,.T.);
#2005=ORIENTED_EDGE('',*,*,#1469,.F.);
#2006=ORIENTED_EDGE('',*,*,#1470,.T.);
#2007=ORIENTED_EDGE('',*,*,#1471,.T.);
#2008=ORIENTED_EDGE('',*,*,#1472,.T.);
#2009=ORIENTED_EDGE('',*,*,#1473,.T.);
#2010=ORIENTED_EDGE('',*,*,#1474,.T.);
#2011=ORIENTED_EDGE('',*,*,#1475,.T.);
#2012=ORIENTED_EDGE('',*,*,#1476,.T.);
#2013=ORIENTED_EDGE('',*,*,#1477,.T.);
#2014=ORIENTED_EDGE('',*,*,#1469,.T.);
#2015=ORIENTED_EDGE('',*,*,#1478,.T.);
#2016=ORIENTED_EDGE('',*,*,#1479,.T.);
#2017=ORIENTED_EDGE('',*,*,#1480,.T.);
#2018=ORIENTED_EDGE('',*,*,#1481,.F.);
#2019=ORIENTED_EDGE('',*,*,#1482,.F.);
#2020=ORIENTED_EDGE('',*,*,#1483,.F.);
#2021=ORIENTED_EDGE('',*,*,#1484,.F.);
#2022=ORIENTED_EDGE('',*,*,#1483,.T.);
#2023=ORIENTED_EDGE('',*,*,#1485,.F.);
#2024=ORIENTED_EDGE('',*,*,#1473,.F.);
#2025=ORIENTED_EDGE('',*,*,#1486,.T.);
#2026=ORIENTED_EDGE('',*,*,#1474,.F.);
#2027=ORIENTED_EDGE('',*,*,#1485,.T.);
#2028=ORIENTED_EDGE('',*,*,#1487,.T.);
#2029=ORIENTED_EDGE('',*,*,#1488,.T.);
#2030=ORIENTED_EDGE('',*,*,#1489,.T.);
#2031=ORIENTED_EDGE('',*,*,#1476,.F.);
#2032=ORIENTED_EDGE('',*,*,#1490,.T.);
#2033=ORIENTED_EDGE('',*,*,#1491,.T.);
#2034=ORIENTED_EDGE('',*,*,#1475,.F.);
#2035=ORIENTED_EDGE('',*,*,#1488,.F.);
#2036=ORIENTED_EDGE('',*,*,#1492,.T.);
#2037=ORIENTED_EDGE('',*,*,#1490,.F.);
#2038=ORIENTED_EDGE('',*,*,#1477,.F.);
#2039=ORIENTED_EDGE('',*,*,#1489,.F.);
#2040=ORIENTED_EDGE('',*,*,#1493,.T.);
#2041=ORIENTED_EDGE('',*,*,#1470,.F.);
#2042=ORIENTED_EDGE('',*,*,#1494,.F.);
#2043=ORIENTED_EDGE('',*,*,#1478,.F.);
#2044=ORIENTED_EDGE('',*,*,#1468,.F.);
#2045=ORIENTED_EDGE('',*,*,#1467,.T.);
#2046=ORIENTED_EDGE('',*,*,#1495,.T.);
#2047=ORIENTED_EDGE('',*,*,#1496,.F.);
#2048=ORIENTED_EDGE('',*,*,#1479,.F.);
#2049=ORIENTED_EDGE('',*,*,#1494,.T.);
#2050=ORIENTED_EDGE('',*,*,#1497,.F.);
#2051=ORIENTED_EDGE('',*,*,#1497,.T.);
#2052=ORIENTED_EDGE('',*,*,#1495,.F.);
#2053=ORIENTED_EDGE('',*,*,#1466,.T.);
#2054=ORIENTED_EDGE('',*,*,#1498,.F.);
#2055=ORIENTED_EDGE('',*,*,#1499,.T.);
#2056=ORIENTED_EDGE('',*,*,#1500,.T.);
#2057=ORIENTED_EDGE('',*,*,#1501,.T.);
#2058=ORIENTED_EDGE('',*,*,#1502,.T.);
#2059=ORIENTED_EDGE('',*,*,#1503,.T.);
#2060=ORIENTED_EDGE('',*,*,#1504,.T.);
#2061=ORIENTED_EDGE('',*,*,#1505,.T.);
#2062=ORIENTED_EDGE('',*,*,#1506,.T.);
#2063=ORIENTED_EDGE('',*,*,#1507,.T.);
#2064=ORIENTED_EDGE('',*,*,#1482,.T.);
#2065=ORIENTED_EDGE('',*,*,#1508,.T.);
#2066=ORIENTED_EDGE('',*,*,#1505,.F.);
#2067=ORIENTED_EDGE('',*,*,#1509,.F.);
#2068=ORIENTED_EDGE('',*,*,#1481,.T.);
#2069=ORIENTED_EDGE('',*,*,#1510,.T.);
#2070=ORIENTED_EDGE('',*,*,#1503,.F.);
#2071=ORIENTED_EDGE('',*,*,#1511,.T.);
#2072=ORIENTED_EDGE('',*,*,#1512,.F.);
#2073=ORIENTED_EDGE('',*,*,#1480,.F.);
#2074=ORIENTED_EDGE('',*,*,#1496,.T.);
#2075=ORIENTED_EDGE('',*,*,#1502,.F.);
#2076=ORIENTED_EDGE('',*,*,#1508,.F.);
#2077=ORIENTED_EDGE('',*,*,#1513,.T.);
#2078=ORIENTED_EDGE('',*,*,#1514,.T.);
#2079=ORIENTED_EDGE('',*,*,#1506,.F.);
#2080=ORIENTED_EDGE('',*,*,#1515,.T.);
#2081=ORIENTED_EDGE('',*,*,#1498,.T.);
#2082=ORIENTED_EDGE('',*,*,#1465,.T.);
#2083=ORIENTED_EDGE('',*,*,#1516,.T.);
#2084=ORIENTED_EDGE('',*,*,#1517,.F.);
#2085=ORIENTED_EDGE('',*,*,#1499,.F.);
#2086=ORIENTED_EDGE('',*,*,#1515,.F.);
#2087=ORIENTED_EDGE('',*,*,#1518,.T.);
#2088=ORIENTED_EDGE('',*,*,#1519,.T.);
#2089=ORIENTED_EDGE('',*,*,#1500,.F.);
#2090=ORIENTED_EDGE('',*,*,#1517,.T.);
#2091=ORIENTED_EDGE('',*,*,#1520,.T.);
#2092=ORIENTED_EDGE('',*,*,#1521,.F.);
#2093=ORIENTED_EDGE('',*,*,#1520,.F.);
#2094=ORIENTED_EDGE('',*,*,#1518,.F.);
#2095=ORIENTED_EDGE('',*,*,#1516,.F.);
#2096=ORIENTED_EDGE('',*,*,#1464,.F.);
#2097=ORIENTED_EDGE('',*,*,#1522,.F.);
#2098=ORIENTED_EDGE('',*,*,#1523,.F.);
#2099=ORIENTED_EDGE('',*,*,#1524,.F.);
#2100=ORIENTED_EDGE('',*,*,#1525,.F.);
#2101=ORIENTED_EDGE('',*,*,#1526,.F.);
#2102=ORIENTED_EDGE('',*,*,#1513,.F.);
#2103=ORIENTED_EDGE('',*,*,#1509,.T.);
#2104=ORIENTED_EDGE('',*,*,#1504,.F.);
#2105=ORIENTED_EDGE('',*,*,#1510,.F.);
#2106=ORIENTED_EDGE('',*,*,#1484,.T.);
#2107=ORIENTED_EDGE('',*,*,#1486,.F.);
#2108=ORIENTED_EDGE('',*,*,#1472,.F.);
#2109=ORIENTED_EDGE('',*,*,#1512,.T.);
#2110=ORIENTED_EDGE('',*,*,#1511,.F.);
#2111=ORIENTED_EDGE('',*,*,#1501,.F.);
#2112=ORIENTED_EDGE('',*,*,#1519,.F.);
#2113=ORIENTED_EDGE('',*,*,#1521,.T.);
#2114=ORIENTED_EDGE('',*,*,#1527,.T.);
#2115=ORIENTED_EDGE('',*,*,#1514,.F.);
#2116=ORIENTED_EDGE('',*,*,#1527,.F.);
#2117=ORIENTED_EDGE('',*,*,#1526,.T.);
#2118=ORIENTED_EDGE('',*,*,#1528,.T.);
#2119=ORIENTED_EDGE('',*,*,#1525,.T.);
#2120=ORIENTED_EDGE('',*,*,#1529,.F.);
#2121=ORIENTED_EDGE('',*,*,#1530,.F.);
#2122=ORIENTED_EDGE('',*,*,#1528,.F.);
#2123=ORIENTED_EDGE('',*,*,#1531,.F.);
#2124=ORIENTED_EDGE('',*,*,#1532,.F.);
#2125=ORIENTED_EDGE('',*,*,#1533,.F.);
#2126=ORIENTED_EDGE('',*,*,#1523,.T.);
#2127=ORIENTED_EDGE('',*,*,#1524,.T.);
#2128=ORIENTED_EDGE('',*,*,#1533,.T.);
#2129=ORIENTED_EDGE('',*,*,#1534,.T.);
#2130=ORIENTED_EDGE('',*,*,#1529,.T.);
#2131=ORIENTED_EDGE('',*,*,#1522,.T.);
#2132=ORIENTED_EDGE('',*,*,#1463,.T.);
#2133=ORIENTED_EDGE('',*,*,#1535,.T.);
#2134=ORIENTED_EDGE('',*,*,#1531,.T.);
#2135=ORIENTED_EDGE('',*,*,#1471,.F.);
#2136=ORIENTED_EDGE('',*,*,#1493,.F.);
#2137=ORIENTED_EDGE('',*,*,#1491,.F.);
#2138=ORIENTED_EDGE('',*,*,#1492,.F.);
#2139=ORIENTED_EDGE('',*,*,#1487,.F.);
#2140=ORIENTED_EDGE('',*,*,#1507,.F.);
#2141=ORIENTED_EDGE('',*,*,#1530,.T.);
#2142=ORIENTED_EDGE('',*,*,#1534,.F.);
#2143=ORIENTED_EDGE('',*,*,#1532,.T.);
#2144=ORIENTED_EDGE('',*,*,#1535,.F.);
#2145=ORIENTED_EDGE('',*,*,#1536,.F.);
#2146=ORIENTED_EDGE('',*,*,#1537,.F.);
#2147=ORIENTED_EDGE('',*,*,#1538,.T.);
#2148=ORIENTED_EDGE('',*,*,#1539,.F.);
#2149=ORIENTED_EDGE('',*,*,#1540,.T.);
#2150=ORIENTED_EDGE('',*,*,#1541,.T.);
#2151=ORIENTED_EDGE('',*,*,#1542,.T.);
#2152=ORIENTED_EDGE('',*,*,#1543,.F.);
#2153=ORIENTED_EDGE('',*,*,#1544,.T.);
#2154=ORIENTED_EDGE('',*,*,#1545,.F.);
#2155=ORIENTED_EDGE('',*,*,#1546,.F.);
#2156=ORIENTED_EDGE('',*,*,#1547,.F.);
#2157=ORIENTED_EDGE('',*,*,#1548,.F.);
#2158=ORIENTED_EDGE('',*,*,#1538,.F.);
#2159=ORIENTED_EDGE('',*,*,#1549,.F.);
#2160=ORIENTED_EDGE('',*,*,#1550,.F.);
#2161=ORIENTED_EDGE('',*,*,#1551,.F.);
#2162=ORIENTED_EDGE('',*,*,#1552,.F.);
#2163=ORIENTED_EDGE('',*,*,#1553,.F.);
#2164=ORIENTED_EDGE('',*,*,#1554,.T.);
#2165=ORIENTED_EDGE('',*,*,#1555,.T.);
#2166=ORIENTED_EDGE('',*,*,#1556,.T.);
#2167=ORIENTED_EDGE('',*,*,#1557,.T.);
#2168=ORIENTED_EDGE('',*,*,#1556,.F.);
#2169=ORIENTED_EDGE('',*,*,#1558,.F.);
#2170=ORIENTED_EDGE('',*,*,#1553,.T.);
#2171=ORIENTED_EDGE('',*,*,#1559,.T.);
#2172=ORIENTED_EDGE('',*,*,#1552,.T.);
#2173=ORIENTED_EDGE('',*,*,#1560,.F.);
#2174=ORIENTED_EDGE('',*,*,#1561,.F.);
#2175=ORIENTED_EDGE('',*,*,#1559,.F.);
#2176=ORIENTED_EDGE('',*,*,#1562,.F.);
#2177=ORIENTED_EDGE('',*,*,#1563,.F.);
#2178=ORIENTED_EDGE('',*,*,#1564,.F.);
#2179=ORIENTED_EDGE('',*,*,#1550,.T.);
#2180=ORIENTED_EDGE('',*,*,#1551,.T.);
#2181=ORIENTED_EDGE('',*,*,#1564,.T.);
#2182=ORIENTED_EDGE('',*,*,#1565,.F.);
#2183=ORIENTED_EDGE('',*,*,#1560,.T.);
#2184=ORIENTED_EDGE('',*,*,#1549,.T.);
#2185=ORIENTED_EDGE('',*,*,#1537,.T.);
#2186=ORIENTED_EDGE('',*,*,#1566,.F.);
#2187=ORIENTED_EDGE('',*,*,#1562,.T.);
#2188=ORIENTED_EDGE('',*,*,#1567,.T.);
#2189=ORIENTED_EDGE('',*,*,#1568,.F.);
#2190=ORIENTED_EDGE('',*,*,#1540,.F.);
#2191=ORIENTED_EDGE('',*,*,#1539,.T.);
#2192=ORIENTED_EDGE('',*,*,#1548,.T.);
#2193=ORIENTED_EDGE('',*,*,#1569,.T.);
#2194=ORIENTED_EDGE('',*,*,#1570,.T.);
#2195=ORIENTED_EDGE('',*,*,#1567,.F.);
#2196=ORIENTED_EDGE('',*,*,#1547,.T.);
#2197=ORIENTED_EDGE('',*,*,#1570,.F.);
#2198=ORIENTED_EDGE('',*,*,#1571,.F.);
#2199=ORIENTED_EDGE('',*,*,#1572,.F.);
#2200=ORIENTED_EDGE('',*,*,#1573,.F.);
#2201=ORIENTED_EDGE('',*,*,#1574,.F.);
#2202=ORIENTED_EDGE('',*,*,#1575,.T.);
#2203=ORIENTED_EDGE('',*,*,#1541,.F.);
#2204=ORIENTED_EDGE('',*,*,#1568,.T.);
#2205=ORIENTED_EDGE('',*,*,#1576,.F.);
#2206=ORIENTED_EDGE('',*,*,#1557,.F.);
#2207=ORIENTED_EDGE('',*,*,#1577,.F.);
#2208=ORIENTED_EDGE('',*,*,#1578,.F.);
#2209=ORIENTED_EDGE('',*,*,#1579,.F.);
#2210=ORIENTED_EDGE('',*,*,#1580,.F.);
#2211=ORIENTED_EDGE('',*,*,#1581,.F.);
#2212=ORIENTED_EDGE('',*,*,#1582,.T.);
#2213=ORIENTED_EDGE('',*,*,#1579,.T.);
#2214=ORIENTED_EDGE('',*,*,#1554,.F.);
#2215=ORIENTED_EDGE('',*,*,#1576,.T.);
#2216=ORIENTED_EDGE('',*,*,#1583,.F.);
#2217=ORIENTED_EDGE('',*,*,#1584,.F.);
#2218=ORIENTED_EDGE('',*,*,#1571,.T.);
#2219=ORIENTED_EDGE('',*,*,#1569,.F.);
#2220=ORIENTED_EDGE('',*,*,#1546,.T.);
#2221=ORIENTED_EDGE('',*,*,#1585,.T.);
#2222=ORIENTED_EDGE('',*,*,#1581,.T.);
#2223=ORIENTED_EDGE('',*,*,#1578,.T.);
#2224=ORIENTED_EDGE('',*,*,#1586,.F.);
#2225=ORIENTED_EDGE('',*,*,#1587,.F.);
#2226=ORIENTED_EDGE('',*,*,#1588,.F.);
#2227=ORIENTED_EDGE('',*,*,#1589,.F.);
#2228=ORIENTED_EDGE('',*,*,#1542,.F.);
#2229=ORIENTED_EDGE('',*,*,#1575,.F.);
#2230=ORIENTED_EDGE('',*,*,#1590,.T.);
#2231=ORIENTED_EDGE('',*,*,#1591,.F.);
#2232=ORIENTED_EDGE('',*,*,#1588,.T.);
#2233=ORIENTED_EDGE('',*,*,#1574,.T.);
#2234=ORIENTED_EDGE('',*,*,#1592,.F.);
#2235=ORIENTED_EDGE('',*,*,#1593,.F.);
#2236=ORIENTED_EDGE('',*,*,#1590,.F.);
#2237=ORIENTED_EDGE('',*,*,#1573,.T.);
#2238=ORIENTED_EDGE('',*,*,#1594,.T.);
#2239=ORIENTED_EDGE('',*,*,#1595,.T.);
#2240=ORIENTED_EDGE('',*,*,#1596,.T.);
#2241=ORIENTED_EDGE('',*,*,#1597,.T.);
#2242=ORIENTED_EDGE('',*,*,#1598,.T.);
#2243=ORIENTED_EDGE('',*,*,#1599,.T.);
#2244=ORIENTED_EDGE('',*,*,#1543,.T.);
#2245=ORIENTED_EDGE('',*,*,#1589,.T.);
#2246=ORIENTED_EDGE('',*,*,#1591,.T.);
#2247=ORIENTED_EDGE('',*,*,#1593,.T.);
#2248=ORIENTED_EDGE('',*,*,#1587,.T.);
#2249=ORIENTED_EDGE('',*,*,#1600,.F.);
#2250=ORIENTED_EDGE('',*,*,#1594,.F.);
#2251=ORIENTED_EDGE('',*,*,#1592,.T.);
#2252=ORIENTED_EDGE('',*,*,#1572,.T.);
#2253=ORIENTED_EDGE('',*,*,#1584,.T.);
#2254=ORIENTED_EDGE('',*,*,#1585,.F.);
#2255=ORIENTED_EDGE('',*,*,#1545,.T.);
#2256=ORIENTED_EDGE('',*,*,#1558,.T.);
#2257=ORIENTED_EDGE('',*,*,#1555,.F.);
#2258=ORIENTED_EDGE('',*,*,#1583,.T.);
#2259=ORIENTED_EDGE('',*,*,#1580,.T.);
#2260=ORIENTED_EDGE('',*,*,#1582,.F.);
#2261=ORIENTED_EDGE('',*,*,#1586,.T.);
#2262=ORIENTED_EDGE('',*,*,#1601,.F.);
#2263=ORIENTED_EDGE('',*,*,#1595,.F.);
#2264=ORIENTED_EDGE('',*,*,#1600,.T.);
#2265=ORIENTED_EDGE('',*,*,#1596,.F.);
#2266=ORIENTED_EDGE('',*,*,#1601,.T.);
#2267=ORIENTED_EDGE('',*,*,#1602,.T.);
#2268=ORIENTED_EDGE('',*,*,#1603,.T.);
#2269=ORIENTED_EDGE('',*,*,#1604,.T.);
#2270=ORIENTED_EDGE('',*,*,#1598,.F.);
#2271=ORIENTED_EDGE('',*,*,#1605,.T.);
#2272=ORIENTED_EDGE('',*,*,#1606,.T.);
#2273=ORIENTED_EDGE('',*,*,#1597,.F.);
#2274=ORIENTED_EDGE('',*,*,#1603,.F.);
#2275=ORIENTED_EDGE('',*,*,#1607,.F.);
#2276=ORIENTED_EDGE('',*,*,#1605,.F.);
#2277=ORIENTED_EDGE('',*,*,#1599,.F.);
#2278=ORIENTED_EDGE('',*,*,#1604,.F.);
#2279=ORIENTED_EDGE('',*,*,#1608,.F.);
#2280=ORIENTED_EDGE('',*,*,#1544,.F.);
#2281=ORIENTED_EDGE('',*,*,#1536,.T.);
#2282=ORIENTED_EDGE('',*,*,#1608,.T.);
#2283=ORIENTED_EDGE('',*,*,#1606,.F.);
#2284=ORIENTED_EDGE('',*,*,#1607,.T.);
#2285=ORIENTED_EDGE('',*,*,#1602,.F.);
#2286=ORIENTED_EDGE('',*,*,#1577,.T.);
#2287=ORIENTED_EDGE('',*,*,#1561,.T.);
#2288=ORIENTED_EDGE('',*,*,#1565,.T.);
#2289=ORIENTED_EDGE('',*,*,#1563,.T.);
#2290=ORIENTED_EDGE('',*,*,#1566,.T.);
#2291=ORIENTED_EDGE('',*,*,#1609,.T.);
#2292=ORIENTED_EDGE('',*,*,#1610,.T.);
#2293=ORIENTED_EDGE('',*,*,#1611,.T.);
#2294=ORIENTED_EDGE('',*,*,#1612,.T.);
#2295=ORIENTED_EDGE('',*,*,#1613,.T.);
#2296=ORIENTED_EDGE('',*,*,#1614,.T.);
#2297=ORIENTED_EDGE('',*,*,#1615,.T.);
#2298=ORIENTED_EDGE('',*,*,#1616,.T.);
#2299=ORIENTED_EDGE('',*,*,#1611,.F.);
#2300=ORIENTED_EDGE('',*,*,#1617,.F.);
#2301=ORIENTED_EDGE('',*,*,#1616,.F.);
#2302=ORIENTED_EDGE('',*,*,#1615,.F.);
#2303=ORIENTED_EDGE('',*,*,#1618,.F.);
#2304=ORIENTED_EDGE('',*,*,#1619,.F.);
#2305=ORIENTED_EDGE('',*,*,#1612,.F.);
#2306=ORIENTED_EDGE('',*,*,#1620,.T.);
#2307=ORIENTED_EDGE('',*,*,#1618,.T.);
#2308=ORIENTED_EDGE('',*,*,#1621,.T.);
#2309=ORIENTED_EDGE('',*,*,#1622,.T.);
#2310=ORIENTED_EDGE('',*,*,#1621,.F.);
#2311=ORIENTED_EDGE('',*,*,#1614,.F.);
#2312=ORIENTED_EDGE('',*,*,#1623,.F.);
#2313=ORIENTED_EDGE('',*,*,#1624,.T.);
#2314=ORIENTED_EDGE('',*,*,#1617,.T.);
#2315=ORIENTED_EDGE('',*,*,#1625,.T.);
#2316=ORIENTED_EDGE('',*,*,#1626,.T.);
#2317=ORIENTED_EDGE('',*,*,#1627,.T.);
#2318=ORIENTED_EDGE('',*,*,#1623,.T.);
#2319=ORIENTED_EDGE('',*,*,#1628,.T.);
#2320=ORIENTED_EDGE('',*,*,#1629,.T.);
#2321=ORIENTED_EDGE('',*,*,#1630,.F.);
#2322=ORIENTED_EDGE('',*,*,#1622,.F.);
#2323=ORIENTED_EDGE('',*,*,#1627,.F.);
#2324=ORIENTED_EDGE('',*,*,#1631,.F.);
#2325=ORIENTED_EDGE('',*,*,#1632,.T.);
#2326=ORIENTED_EDGE('',*,*,#1609,.F.);
#2327=ORIENTED_EDGE('',*,*,#1619,.T.);
#2328=ORIENTED_EDGE('',*,*,#1620,.F.);
#2329=ORIENTED_EDGE('',*,*,#1630,.T.);
#2330=ORIENTED_EDGE('',*,*,#1633,.F.);
#2331=ORIENTED_EDGE('',*,*,#1634,.T.);
#2332=ORIENTED_EDGE('',*,*,#1635,.F.);
#2333=ORIENTED_EDGE('',*,*,#1636,.T.);
#2334=ORIENTED_EDGE('',*,*,#1637,.F.);
#2335=ORIENTED_EDGE('',*,*,#1625,.F.);
#2336=ORIENTED_EDGE('',*,*,#1610,.F.);
#2337=ORIENTED_EDGE('',*,*,#1632,.F.);
#2338=ORIENTED_EDGE('',*,*,#1638,.F.);
#2339=ORIENTED_EDGE('',*,*,#1639,.F.);
#2340=ORIENTED_EDGE('',*,*,#1629,.F.);
#2341=ORIENTED_EDGE('',*,*,#1640,.F.);
#2342=ORIENTED_EDGE('',*,*,#1633,.T.);
#2343=ORIENTED_EDGE('',*,*,#1631,.T.);
#2344=ORIENTED_EDGE('',*,*,#1639,.T.);
#2345=ORIENTED_EDGE('',*,*,#1641,.T.);
#2346=ORIENTED_EDGE('',*,*,#1634,.F.);
#2347=ORIENTED_EDGE('',*,*,#1641,.F.);
#2348=ORIENTED_EDGE('',*,*,#1642,.F.);
#2349=ORIENTED_EDGE('',*,*,#1643,.F.);
#2350=ORIENTED_EDGE('',*,*,#1644,.F.);
#2351=ORIENTED_EDGE('',*,*,#1645,.F.);
#2352=ORIENTED_EDGE('',*,*,#1646,.F.);
#2353=ORIENTED_EDGE('',*,*,#1642,.T.);
#2354=ORIENTED_EDGE('',*,*,#1640,.T.);
#2355=ORIENTED_EDGE('',*,*,#1647,.T.);
#2356=ORIENTED_EDGE('',*,*,#1645,.T.);
#2357=ORIENTED_EDGE('',*,*,#1648,.F.);
#2358=ORIENTED_EDGE('',*,*,#1626,.F.);
#2359=ORIENTED_EDGE('',*,*,#1649,.F.);
#2360=ORIENTED_EDGE('',*,*,#1637,.T.);
#2361=ORIENTED_EDGE('',*,*,#1650,.T.);
#2362=ORIENTED_EDGE('',*,*,#1649,.T.);
#2363=ORIENTED_EDGE('',*,*,#1638,.T.);
#2364=ORIENTED_EDGE('',*,*,#1648,.T.);
#2365=ORIENTED_EDGE('',*,*,#1651,.T.);
#2366=ORIENTED_EDGE('',*,*,#1646,.T.);
#2367=ORIENTED_EDGE('',*,*,#1652,.T.);
#2368=ORIENTED_EDGE('',*,*,#1635,.T.);
#2369=ORIENTED_EDGE('',*,*,#1643,.T.);
#2370=ORIENTED_EDGE('',*,*,#1644,.T.);
#2371=ORIENTED_EDGE('',*,*,#1653,.T.);
#2372=ORIENTED_EDGE('',*,*,#1628,.F.);
#2373=ORIENTED_EDGE('',*,*,#1613,.F.);
#2374=ORIENTED_EDGE('',*,*,#1624,.F.);
#2375=ORIENTED_EDGE('',*,*,#1652,.F.);
#2376=ORIENTED_EDGE('',*,*,#1647,.F.);
#2377=ORIENTED_EDGE('',*,*,#1650,.F.);
#2378=ORIENTED_EDGE('',*,*,#1636,.F.);
#2379=ORIENTED_EDGE('',*,*,#1653,.F.);
#2380=ORIENTED_EDGE('',*,*,#1651,.F.);
#2381=ORIENTED_EDGE('',*,*,#1654,.F.);
#2382=ORIENTED_EDGE('',*,*,#1655,.F.);
#2383=ORIENTED_EDGE('',*,*,#1656,.F.);
#2384=ORIENTED_EDGE('',*,*,#1657,.F.);
#2385=ORIENTED_EDGE('',*,*,#1658,.F.);
#2386=ORIENTED_EDGE('',*,*,#1659,.F.);
#2387=ORIENTED_EDGE('',*,*,#1660,.F.);
#2388=ORIENTED_EDGE('',*,*,#1661,.F.);
#2389=ORIENTED_EDGE('',*,*,#1656,.T.);
#2390=ORIENTED_EDGE('',*,*,#1659,.T.);
#2391=ORIENTED_EDGE('',*,*,#1662,.T.);
#2392=ORIENTED_EDGE('',*,*,#1660,.T.);
#2393=ORIENTED_EDGE('',*,*,#1655,.T.);
#2394=ORIENTED_EDGE('',*,*,#1663,.T.);
#2395=ORIENTED_EDGE('',*,*,#1664,.T.);
#2396=ORIENTED_EDGE('',*,*,#1665,.F.);
#2397=ORIENTED_EDGE('',*,*,#1666,.F.);
#2398=ORIENTED_EDGE('',*,*,#1667,.F.);
#2399=ORIENTED_EDGE('',*,*,#1664,.F.);
#2400=ORIENTED_EDGE('',*,*,#1667,.T.);
#2401=ORIENTED_EDGE('',*,*,#1668,.T.);
#2402=ORIENTED_EDGE('',*,*,#1661,.T.);
#2403=ORIENTED_EDGE('',*,*,#1669,.F.);
#2404=ORIENTED_EDGE('',*,*,#1662,.F.);
#2405=ORIENTED_EDGE('',*,*,#1670,.F.);
#2406=ORIENTED_EDGE('',*,*,#1671,.F.);
#2407=ORIENTED_EDGE('',*,*,#1672,.F.);
#2408=ORIENTED_EDGE('',*,*,#1668,.F.);
#2409=ORIENTED_EDGE('',*,*,#1673,.F.);
#2410=ORIENTED_EDGE('',*,*,#1674,.F.);
#2411=ORIENTED_EDGE('',*,*,#1675,.T.);
#2412=ORIENTED_EDGE('',*,*,#1676,.T.);
#2413=ORIENTED_EDGE('',*,*,#1673,.T.);
#2414=ORIENTED_EDGE('',*,*,#1666,.T.);
#2415=ORIENTED_EDGE('',*,*,#1677,.F.);
#2416=ORIENTED_EDGE('',*,*,#1678,.T.);
#2417=ORIENTED_EDGE('',*,*,#1679,.F.);
#2418=ORIENTED_EDGE('',*,*,#1680,.T.);
#2419=ORIENTED_EDGE('',*,*,#1681,.F.);
#2420=ORIENTED_EDGE('',*,*,#1682,.T.);
#2421=ORIENTED_EDGE('',*,*,#1675,.F.);
#2422=ORIENTED_EDGE('',*,*,#1665,.T.);
#2423=ORIENTED_EDGE('',*,*,#1663,.F.);
#2424=ORIENTED_EDGE('',*,*,#1654,.T.);
#2425=ORIENTED_EDGE('',*,*,#1669,.T.);
#2426=ORIENTED_EDGE('',*,*,#1683,.T.);
#2427=ORIENTED_EDGE('',*,*,#1677,.T.);
#2428=ORIENTED_EDGE('',*,*,#1657,.T.);
#2429=ORIENTED_EDGE('',*,*,#1684,.T.);
#2430=ORIENTED_EDGE('',*,*,#1685,.T.);
#2431=ORIENTED_EDGE('',*,*,#1674,.T.);
#2432=ORIENTED_EDGE('',*,*,#1682,.F.);
#2433=ORIENTED_EDGE('',*,*,#1686,.F.);
#2434=ORIENTED_EDGE('',*,*,#1684,.F.);
#2435=ORIENTED_EDGE('',*,*,#1676,.F.);
#2436=ORIENTED_EDGE('',*,*,#1681,.T.);
#2437=ORIENTED_EDGE('',*,*,#1687,.T.);
#2438=ORIENTED_EDGE('',*,*,#1688,.T.);
#2439=ORIENTED_EDGE('',*,*,#1686,.T.);
#2440=ORIENTED_EDGE('',*,*,#1689,.T.);
#2441=ORIENTED_EDGE('',*,*,#1690,.T.);
#2442=ORIENTED_EDGE('',*,*,#1691,.T.);
#2443=ORIENTED_EDGE('',*,*,#1688,.F.);
#2444=ORIENTED_EDGE('',*,*,#1691,.F.);
#2445=ORIENTED_EDGE('',*,*,#1692,.F.);
#2446=ORIENTED_EDGE('',*,*,#1685,.F.);
#2447=ORIENTED_EDGE('',*,*,#1693,.T.);
#2448=ORIENTED_EDGE('',*,*,#1694,.T.);
#2449=ORIENTED_EDGE('',*,*,#1671,.T.);
#2450=ORIENTED_EDGE('',*,*,#1678,.F.);
#2451=ORIENTED_EDGE('',*,*,#1683,.F.);
#2452=ORIENTED_EDGE('',*,*,#1694,.F.);
#2453=ORIENTED_EDGE('',*,*,#1695,.F.);
#2454=ORIENTED_EDGE('',*,*,#1693,.F.);
#2455=ORIENTED_EDGE('',*,*,#1696,.F.);
#2456=ORIENTED_EDGE('',*,*,#1690,.F.);
#2457=ORIENTED_EDGE('',*,*,#1697,.F.);
#2458=ORIENTED_EDGE('',*,*,#1680,.F.);
#2459=ORIENTED_EDGE('',*,*,#1698,.F.);
#2460=ORIENTED_EDGE('',*,*,#1689,.F.);
#2461=ORIENTED_EDGE('',*,*,#1687,.F.);
#2462=ORIENTED_EDGE('',*,*,#1672,.T.);
#2463=ORIENTED_EDGE('',*,*,#1692,.T.);
#2464=ORIENTED_EDGE('',*,*,#1696,.T.);
#2465=ORIENTED_EDGE('',*,*,#1670,.T.);
#2466=ORIENTED_EDGE('',*,*,#1658,.T.);
#2467=ORIENTED_EDGE('',*,*,#1695,.T.);
#2468=ORIENTED_EDGE('',*,*,#1697,.T.);
#2469=ORIENTED_EDGE('',*,*,#1698,.T.);
#2470=ORIENTED_EDGE('',*,*,#1679,.T.);
#2471=CYLINDRICAL_SURFACE('',#2728,0.010000000000025);
#2472=CYLINDRICAL_SURFACE('',#2729,0.00999999999977123);
#2473=CYLINDRICAL_SURFACE('',#2734,0.00999999999999696);
#2474=CYLINDRICAL_SURFACE('',#2736,0.0100000000001021);
#2475=CYLINDRICAL_SURFACE('',#2737,0.00999999999990175);
#2476=CYLINDRICAL_SURFACE('',#2743,0.0100000000002354);
#2477=CYLINDRICAL_SURFACE('',#2748,0.00999999999989239);
#2478=CYLINDRICAL_SURFACE('',#2751,0.00999999999957418);
#2479=CYLINDRICAL_SURFACE('',#2752,0.0099999999999562);
#2480=CYLINDRICAL_SURFACE('',#2753,0.00999999999923886);
#2481=CYLINDRICAL_SURFACE('',#2756,0.0100000000001324);
#2482=CYLINDRICAL_SURFACE('',#2759,0.0100000000002579);
#2483=CYLINDRICAL_SURFACE('',#2764,0.0100000000002608);
#2484=CYLINDRICAL_SURFACE('',#2768,0.00999999999998585);
#2485=CYLINDRICAL_SURFACE('',#2769,0.00999999999993617);
#2486=CYLINDRICAL_SURFACE('',#2777,0.0100000000001321);
#2487=CYLINDRICAL_SURFACE('',#2782,0.0100000000002821);
#2488=CYLINDRICAL_SURFACE('',#2785,0.00999999999961441);
#2489=CYLINDRICAL_SURFACE('',#2786,0.0100000000001326);
#2490=CYLINDRICAL_SURFACE('',#2787,0.00999999999941152);
#2491=CYLINDRICAL_SURFACE('',#2790,0.00999999999999696);
#2492=CYLINDRICAL_SURFACE('',#2792,0.00999999999998877);
#2493=CYLINDRICAL_SURFACE('',#2795,0.00999999999999696);
#2494=CYLINDRICAL_SURFACE('',#2797,0.0100000000000039);
#2495=CYLINDRICAL_SURFACE('',#2801,0.00999999999998225);
#2496=CYLINDRICAL_SURFACE('',#2802,0.0100000000000089);
#2497=CYLINDRICAL_SURFACE('',#2804,0.0100000000000017);
#2498=CYLINDRICAL_SURFACE('',#2806,0.00999999999999668);
#2499=CYLINDRICAL_SURFACE('',#2816,0.0200000000003393);
#2500=CYLINDRICAL_SURFACE('',#2819,0.0200000000001972);
#2501=CYLINDRICAL_SURFACE('',#2821,0.0200000000001546);
#2502=CYLINDRICAL_SURFACE('',#2824,0.020000000000038);
#2503=CYLINDRICAL_SURFACE('',#2836,0.010000000000665);
#2504=CYLINDRICAL_SURFACE('',#2839,0.00999999999935588);
#2505=CYLINDRICAL_SURFACE('',#2840,0.00999999999946486);
#2506=CYLINDRICAL_SURFACE('',#2841,0.0100000000002624);
#2507=CYLINDRICAL_SURFACE('',#2848,0.0100000000000164);
#2508=CYLINDRICAL_SURFACE('',#2851,0.0100000000001321);
#2509=CYLINDRICAL_SURFACE('',#2853,0.0100000000002746);
#2510=CYLINDRICAL_SURFACE('',#2854,0.01000000000006);
#2511=CYLINDRICAL_SURFACE('',#2857,0.0100000000001399);
#2512=CYLINDRICAL_SURFACE('',#2860,0.0100000000002608);
#2513=CYLINDRICAL_SURFACE('',#2865,0.0100000000001466);
#2514=CYLINDRICAL_SURFACE('',#2868,0.00999999999942269);
#2515=CYLINDRICAL_SURFACE('',#2869,0.00999999999960636);
#2516=CYLINDRICAL_SURFACE('',#2879,0.0100000000006853);
#2517=CYLINDRICAL_SURFACE('',#2882,0.00999999999937623);
#2518=CYLINDRICAL_SURFACE('',#2883,0.00999999999946599);
#2519=CYLINDRICAL_SURFACE('',#2884,0.0100000000002833);
#2520=CYLINDRICAL_SURFACE('',#2891,0.0100000000000215);
#2521=CYLINDRICAL_SURFACE('',#2894,0.010000000000126);
#2522=CYLINDRICAL_SURFACE('',#2896,0.0100000000002701);
#2523=CYLINDRICAL_SURFACE('',#2897,0.00999999999991688);
#2524=CYLINDRICAL_SURFACE('',#2900,0.0100000000001269);
#2525=CYLINDRICAL_SURFACE('',#2903,0.0100000000002776);
#2526=CYLINDRICAL_SURFACE('',#2908,0.0100000000001158);
#2527=CYLINDRICAL_SURFACE('',#2911,0.0099999999993771);
#2528=CYLINDRICAL_SURFACE('',#2912,0.00999999999958109);
#2529=CYLINDRICAL_SURFACE('',#2914,0.00999999999995671);
#2530=CYLINDRICAL_SURFACE('',#2915,0.0099999999999998);
#2531=CYLINDRICAL_SURFACE('',#2920,0.0100000000000127);
#2532=CYLINDRICAL_SURFACE('',#2922,0.0100000000000761);
#2533=CYLINDRICAL_SURFACE('',#2923,0.00999999999990175);
#2534=CYLINDRICAL_SURFACE('',#2930,0.0100000000000955);
#2535=CYLINDRICAL_SURFACE('',#2935,0.00999999999985767);
#2536=CYLINDRICAL_SURFACE('',#2938,0.0100000000014765);
#2537=CYLINDRICAL_SURFACE('',#2939,0.00999999999989424);
#2538=CYLINDRICAL_SURFACE('',#2940,0.00999999999881605);
#2539=CYLINDRICAL_SURFACE('',#2943,0.00999999999997558);
#2540=CYLINDRICAL_SURFACE('',#2945,0.00999999999999904);
#2541=CYLINDRICAL_SURFACE('',#2949,0.0100000000000069);
#2542=CYLINDRICAL_SURFACE('',#2951,0.0100000000000039);
#2543=CYLINDRICAL_SURFACE('',#2952,0.0099999999999105);
#2544=CYLINDRICAL_SURFACE('',#2961,0.00999999999999029);
#2545=CYLINDRICAL_SURFACE('',#2964,0.00999999999985766);
#2546=CYLINDRICAL_SURFACE('',#2967,0.0100000000000022);
#2547=CYLINDRICAL_SURFACE('',#2968,0.00999999999998777);
#2548=CYLINDRICAL_SURFACE('',#2969,0.00999999999993662);
#2549=ADVANCED_FACE('',(#195),#2471,.T.);
#2550=ADVANCED_FACE('',(#196),#2472,.T.);
#2551=ADVANCED_FACE('',(#197),#101,.T.);
#2552=ADVANCED_FACE('',(#198),#33,.T.);
#2553=ADVANCED_FACE('',(#199),#2473,.T.);
#2554=ADVANCED_FACE('',(#200),#102,.T.);
#2555=ADVANCED_FACE('',(#201),#2474,.T.);
#2556=ADVANCED_FACE('',(#202),#2475,.T.);
#2557=ADVANCED_FACE('',(#203),#34,.T.);
#2558=ADVANCED_FACE('',(#204),#35,.T.);
#2559=ADVANCED_FACE('',(#205),#36,.T.);
#2560=ADVANCED_FACE('',(#206),#103,.T.);
#2561=ADVANCED_FACE('',(#207),#2476,.T.);
#2562=ADVANCED_FACE('',(#208),#37,.T.);
#2563=ADVANCED_FACE('',(#209),#104,.T.);
#2564=ADVANCED_FACE('',(#210),#2477,.T.);
#2565=ADVANCED_FACE('',(#211),#105,.T.);
#2566=ADVANCED_FACE('',(#212),#2478,.T.);
#2567=ADVANCED_FACE('',(#213),#2479,.T.);
#2568=ADVANCED_FACE('',(#214),#2480,.T.);
#2569=ADVANCED_FACE('',(#215),#38,.T.);
#2570=ADVANCED_FACE('',(#216),#39,.T.);
#2571=ADVANCED_FACE('',(#217),#2481,.T.);
#2572=ADVANCED_FACE('',(#218),#2482,.T.);
#2573=ADVANCED_FACE('',(#219),#106,.T.);
#2574=ADVANCED_FACE('',(#220),#40,.T.);
#2575=ADVANCED_FACE('',(#221),#2483,.T.);
#2576=ADVANCED_FACE('',(#222),#107,.T.);
#2577=ADVANCED_FACE('',(#223),#2484,.T.);
#2578=ADVANCED_FACE('',(#224),#2485,.T.);
#2579=ADVANCED_FACE('',(#225),#41,.T.);
#2580=ADVANCED_FACE('',(#226),#42,.T.);
#2581=ADVANCED_FACE('',(#227),#43,.T.);
#2582=ADVANCED_FACE('',(#228),#108,.T.);
#2583=ADVANCED_FACE('',(#229),#2486,.T.);
#2584=ADVANCED_FACE('',(#230),#44,.T.);
#2585=ADVANCED_FACE('',(#231),#109,.T.);
#2586=ADVANCED_FACE('',(#232),#2487,.T.);
#2587=ADVANCED_FACE('',(#233),#110,.T.);
#2588=ADVANCED_FACE('',(#234),#2488,.T.);
#2589=ADVANCED_FACE('',(#235),#2489,.T.);
#2590=ADVANCED_FACE('',(#236),#2490,.T.);
#2591=ADVANCED_FACE('',(#237),#45,.T.);
#2592=ADVANCED_FACE('',(#238),#46,.T.);
#2593=ADVANCED_FACE('',(#239),#2491,.T.);
#2594=ADVANCED_FACE('',(#240),#47,.T.);
#2595=ADVANCED_FACE('',(#241),#2492,.T.);
#2596=ADVANCED_FACE('',(#242),#111,.T.);
#2597=ADVANCED_FACE('',(#243),#2493,.T.);
#2598=ADVANCED_FACE('',(#244),#112,.T.);
#2599=ADVANCED_FACE('',(#245),#2494,.T.);
#2600=ADVANCED_FACE('',(#246),#48,.T.);
#2601=ADVANCED_FACE('',(#247),#49,.T.);
#2602=ADVANCED_FACE('',(#248),#2495,.T.);
#2603=ADVANCED_FACE('',(#249),#2496,.T.);
#2604=ADVANCED_FACE('',(#250),#113,.T.);
#2605=ADVANCED_FACE('',(#251),#2497,.T.);
#2606=ADVANCED_FACE('',(#252),#114,.T.);
#2607=ADVANCED_FACE('',(#253),#2498,.T.);
#2608=ADVANCED_FACE('',(#254),#50,.T.);
#2609=ADVANCED_FACE('',(#255),#51,.T.);
#2610=ADVANCED_FACE('',(#256),#52,.T.);
#2611=ADVANCED_FACE('',(#257),#53,.T.);
#2612=ADVANCED_FACE('',(#258),#54,.T.);
#2613=ADVANCED_FACE('',(#259),#2499,.T.);
#2614=ADVANCED_FACE('',(#260),#55,.T.);
#2615=ADVANCED_FACE('',(#261),#2500,.T.);
#2616=ADVANCED_FACE('',(#262),#2501,.T.);
#2617=ADVANCED_FACE('',(#263),#56,.T.);
#2618=ADVANCED_FACE('',(#264),#2502,.T.);
#2619=ADVANCED_FACE('',(#265),#57,.T.);
#2620=ADVANCED_FACE('',(#266),#58,.T.);
#2621=ADVANCED_FACE('',(#267),#59,.T.);
#2622=ADVANCED_FACE('',(#268),#60,.T.);
#2623=ADVANCED_FACE('',(#269),#61,.T.);
#2624=ADVANCED_FACE('',(#270),#2503,.T.);
#2625=ADVANCED_FACE('',(#271),#62,.T.);
#2626=ADVANCED_FACE('',(#272),#63,.T.);
#2627=ADVANCED_FACE('',(#273),#2504,.T.);
#2628=ADVANCED_FACE('',(#274),#2505,.T.);
#2629=ADVANCED_FACE('',(#275),#2506,.T.);
#2630=ADVANCED_FACE('',(#276),#64,.T.);
#2631=ADVANCED_FACE('',(#277),#65,.T.);
#2632=ADVANCED_FACE('',(#278),#2507,.T.);
#2633=ADVANCED_FACE('',(#279),#2508,.T.);
#2634=ADVANCED_FACE('',(#280),#2509,.T.);
#2635=ADVANCED_FACE('',(#281),#2510,.T.);
#2636=ADVANCED_FACE('',(#282),#66,.T.);
#2637=ADVANCED_FACE('',(#283),#2511,.T.);
#2638=ADVANCED_FACE('',(#284),#67,.T.);
#2639=ADVANCED_FACE('',(#285),#2512,.T.);
#2640=ADVANCED_FACE('',(#286),#68,.T.);
#2641=ADVANCED_FACE('',(#287),#69,.T.);
#2642=ADVANCED_FACE('',(#288),#2513,.T.);
#2643=ADVANCED_FACE('',(#289),#70,.T.);
#2644=ADVANCED_FACE('',(#290),#71,.T.);
#2645=ADVANCED_FACE('',(#291),#2514,.T.);
#2646=ADVANCED_FACE('',(#292),#2515,.T.);
#2647=ADVANCED_FACE('',(#293),#72,.T.);
#2648=ADVANCED_FACE('',(#294),#73,.T.);
#2649=ADVANCED_FACE('',(#295),#74,.T.);
#2650=ADVANCED_FACE('',(#296),#75,.T.);
#2651=ADVANCED_FACE('',(#297),#2516,.T.);
#2652=ADVANCED_FACE('',(#298),#76,.T.);
#2653=ADVANCED_FACE('',(#299),#77,.T.);
#2654=ADVANCED_FACE('',(#300),#2517,.T.);
#2655=ADVANCED_FACE('',(#301),#2518,.T.);
#2656=ADVANCED_FACE('',(#302),#2519,.T.);
#2657=ADVANCED_FACE('',(#303),#78,.T.);
#2658=ADVANCED_FACE('',(#304),#79,.T.);
#2659=ADVANCED_FACE('',(#305),#2520,.T.);
#2660=ADVANCED_FACE('',(#306),#2521,.T.);
#2661=ADVANCED_FACE('',(#307),#2522,.T.);
#2662=ADVANCED_FACE('',(#308),#2523,.T.);
#2663=ADVANCED_FACE('',(#309),#80,.T.);
#2664=ADVANCED_FACE('',(#310),#2524,.T.);
#2665=ADVANCED_FACE('',(#311),#81,.T.);
#2666=ADVANCED_FACE('',(#312),#2525,.T.);
#2667=ADVANCED_FACE('',(#313),#82,.T.);
#2668=ADVANCED_FACE('',(#314),#83,.T.);
#2669=ADVANCED_FACE('',(#315),#2526,.T.);
#2670=ADVANCED_FACE('',(#316),#84,.T.);
#2671=ADVANCED_FACE('',(#317),#85,.T.);
#2672=ADVANCED_FACE('',(#318),#2527,.T.);
#2673=ADVANCED_FACE('',(#319),#2528,.T.);
#2674=ADVANCED_FACE('',(#320),#86,.T.);
#2675=ADVANCED_FACE('',(#321),#2529,.T.);
#2676=ADVANCED_FACE('',(#322),#2530,.T.);
#2677=ADVANCED_FACE('',(#323),#115,.T.);
#2678=ADVANCED_FACE('',(#324),#87,.T.);
#2679=ADVANCED_FACE('',(#325),#2531,.T.);
#2680=ADVANCED_FACE('',(#326),#116,.T.);
#2681=ADVANCED_FACE('',(#327),#2532,.T.);
#2682=ADVANCED_FACE('',(#328),#2533,.T.);
#2683=ADVANCED_FACE('',(#329),#88,.T.);
#2684=ADVANCED_FACE('',(#330),#89,.T.);
#2685=ADVANCED_FACE('',(#331),#90,.T.);
#2686=ADVANCED_FACE('',(#332),#117,.T.);
#2687=ADVANCED_FACE('',(#333),#2534,.T.);
#2688=ADVANCED_FACE('',(#334),#91,.T.);
#2689=ADVANCED_FACE('',(#335),#118,.T.);
#2690=ADVANCED_FACE('',(#336),#2535,.T.);
#2691=ADVANCED_FACE('',(#337),#119,.T.);
#2692=ADVANCED_FACE('',(#338),#2536,.T.);
#2693=ADVANCED_FACE('',(#339),#2537,.T.);
#2694=ADVANCED_FACE('',(#340),#2538,.T.);
#2695=ADVANCED_FACE('',(#341),#92,.T.);
#2696=ADVANCED_FACE('',(#342),#93,.T.);
#2697=ADVANCED_FACE('',(#343),#2539,.T.);
#2698=ADVANCED_FACE('',(#344),#2540,.T.);
#2699=ADVANCED_FACE('',(#345),#120,.T.);
#2700=ADVANCED_FACE('',(#346),#94,.T.);
#2701=ADVANCED_FACE('',(#347),#2541,.T.);
#2702=ADVANCED_FACE('',(#348),#121,.T.);
#2703=ADVANCED_FACE('',(#349),#2542,.T.);
#2704=ADVANCED_FACE('',(#350),#2543,.T.);
#2705=ADVANCED_FACE('',(#351),#95,.T.);
#2706=ADVANCED_FACE('',(#352),#96,.T.);
#2707=ADVANCED_FACE('',(#353),#97,.T.);
#2708=ADVANCED_FACE('',(#354),#122,.T.);
#2709=ADVANCED_FACE('',(#355),#2544,.T.);
#2710=ADVANCED_FACE('',(#356),#98,.T.);
#2711=ADVANCED_FACE('',(#357),#123,.T.);
#2712=ADVANCED_FACE('',(#358),#2545,.T.);
#2713=ADVANCED_FACE('',(#359),#124,.T.);
#2714=ADVANCED_FACE('',(#360),#2546,.T.);
#2715=ADVANCED_FACE('',(#361),#2547,.T.);
#2716=ADVANCED_FACE('',(#362),#2548,.T.);
#2717=ADVANCED_FACE('',(#363),#99,.T.);
#2718=ADVANCED_FACE('',(#364),#100,.T.);
#2719=CLOSED_SHELL('',(#2549,#2550,#2551,#2552,#2553,#2554,#2555,#2556,
#2557,#2558,#2559,#2560,#2561,#2562,#2563,#2564,#2565,#2566,#2567,#2568,
#2569,#2570));
#2720=CLOSED_SHELL('',(#2571,#2572,#2573,#2574,#2575,#2576,#2577,#2578,
#2579,#2580,#2581,#2582,#2583,#2584,#2585,#2586,#2587,#2588,#2589,#2590,
#2591,#2592));
#2721=CLOSED_SHELL('',(#2593,#2594,#2595,#2596,#2597,#2598,#2599,#2600,
#2601,#2602,#2603,#2604,#2605,#2606,#2607,#2608,#2609,#2610));
#2722=CLOSED_SHELL('',(#2611,#2612,#2613,#2614,#2615,#2616,#2617,#2618,
#2619,#2620));
#2723=CLOSED_SHELL('',(#2621,#2622,#2623,#2624,#2625,#2626,#2627,#2628,
#2629,#2630,#2631,#2632,#2633,#2634,#2635,#2636,#2637,#2638,#2639,#2640,
#2641,#2642,#2643,#2644,#2645,#2646,#2647));
#2724=CLOSED_SHELL('',(#2648,#2649,#2650,#2651,#2652,#2653,#2654,#2655,
#2656,#2657,#2658,#2659,#2660,#2661,#2662,#2663,#2664,#2665,#2666,#2667,
#2668,#2669,#2670,#2671,#2672,#2673,#2674));
#2725=CLOSED_SHELL('',(#2675,#2676,#2677,#2678,#2679,#2680,#2681,#2682,
#2683,#2684,#2685,#2686,#2687,#2688,#2689,#2690,#2691,#2692,#2693,#2694,
#2695,#2696));
#2726=CLOSED_SHELL('',(#2697,#2698,#2699,#2700,#2701,#2702,#2703,#2704,
#2705,#2706,#2707,#2708,#2709,#2710,#2711,#2712,#2713,#2714,#2715,#2716,
#2717,#2718));
#2727=AXIS2_PLACEMENT_3D('placement',#3696,#2972,#2973);
#2728=AXIS2_PLACEMENT_3D('',#3697,#2974,#2975);
#2729=AXIS2_PLACEMENT_3D('',#3710,#2978,#2979);
#2730=AXIS2_PLACEMENT_3D('',#3714,#2981,#2982);
#2731=AXIS2_PLACEMENT_3D('',#3717,#2984,#2985);
#2732=AXIS2_PLACEMENT_3D('',#3718,#2986,#2987);
#2733=AXIS2_PLACEMENT_3D('',#3722,#2988,#2989);
#2734=AXIS2_PLACEMENT_3D('',#3726,#2992,#2993);
#2735=AXIS2_PLACEMENT_3D('',#3736,#2995,#2996);
#2736=AXIS2_PLACEMENT_3D('',#3740,#2997,#2998);
#2737=AXIS2_PLACEMENT_3D('',#3748,#3001,#3002);
#2738=AXIS2_PLACEMENT_3D('',#3756,#3005,#3006);
#2739=AXIS2_PLACEMENT_3D('',#3760,#3009,#3010);
#2740=AXIS2_PLACEMENT_3D('',#3778,#3014,#3015);
#2741=AXIS2_PLACEMENT_3D('',#3780,#3017,#3018);
#2742=AXIS2_PLACEMENT_3D('',#3785,#3019,#3020);
#2743=AXIS2_PLACEMENT_3D('',#3786,#3021,#3022);
#2744=AXIS2_PLACEMENT_3D('',#3788,#3024,#3025);
#2745=AXIS2_PLACEMENT_3D('',#3792,#3028,#3029);
#2746=AXIS2_PLACEMENT_3D('',#3798,#3030,#3031);
#2747=AXIS2_PLACEMENT_3D('',#3799,#3032,#3033);
#2748=AXIS2_PLACEMENT_3D('',#3800,#3034,#3035);
#2749=AXIS2_PLACEMENT_3D('',#3802,#3037,#3038);
#2750=AXIS2_PLACEMENT_3D('',#3804,#3039,#3040);
#2751=AXIS2_PLACEMENT_3D('',#3808,#3041,#3042);
#2752=AXIS2_PLACEMENT_3D('',#3810,#3044,#3045);
#2753=AXIS2_PLACEMENT_3D('',#3813,#3048,#3049);
#2754=AXIS2_PLACEMENT_3D('',#3815,#3051,#3052);
#2755=AXIS2_PLACEMENT_3D('',#3816,#3053,#3054);
#2756=AXIS2_PLACEMENT_3D('',#3817,#3055,#3056);
#2757=AXIS2_PLACEMENT_3D('',#3820,#3057,#3058);
#2758=AXIS2_PLACEMENT_3D('',#3824,#3060,#3061);
#2759=AXIS2_PLACEMENT_3D('',#3826,#3063,#3064);
#2760=AXIS2_PLACEMENT_3D('',#3831,#3066,#3067);
#2761=AXIS2_PLACEMENT_3D('',#3833,#3069,#3070);
#2762=AXIS2_PLACEMENT_3D('',#3834,#3071,#3072);
#2763=AXIS2_PLACEMENT_3D('',#3838,#3073,#3074);
#2764=AXIS2_PLACEMENT_3D('',#3842,#3077,#3078);
#2765=AXIS2_PLACEMENT_3D('',#3844,#3079,#3080);
#2766=AXIS2_PLACEMENT_3D('',#3846,#3081,#3082);
#2767=AXIS2_PLACEMENT_3D('',#3848,#3084,#3085);
#2768=AXIS2_PLACEMENT_3D('',#3852,#3086,#3087);
#2769=AXIS2_PLACEMENT_3D('',#3860,#3090,#3091);
#2770=AXIS2_PLACEMENT_3D('',#3868,#3094,#3095);
#2771=AXIS2_PLACEMENT_3D('',#3872,#3098,#3099);
#2772=AXIS2_PLACEMENT_3D('',#3876,#3101,#3102);
#2773=AXIS2_PLACEMENT_3D('',#3888,#3105,#3106);
#2774=AXIS2_PLACEMENT_3D('',#3890,#3108,#3109);
#2775=AXIS2_PLACEMENT_3D('',#3892,#3110,#3111);
#2776=AXIS2_PLACEMENT_3D('',#3893,#3112,#3113);
#2777=AXIS2_PLACEMENT_3D('',#3894,#3114,#3115);
#2778=AXIS2_PLACEMENT_3D('',#3896,#3117,#3118);
#2779=AXIS2_PLACEMENT_3D('',#3900,#3121,#3122);
#2780=AXIS2_PLACEMENT_3D('',#3906,#3123,#3124);
#2781=AXIS2_PLACEMENT_3D('',#3907,#3125,#3126);
#2782=AXIS2_PLACEMENT_3D('',#3908,#3127,#3128);
#2783=AXIS2_PLACEMENT_3D('',#3910,#3130,#3131);
#2784=AXIS2_PLACEMENT_3D('',#3912,#3132,#3133);
#2785=AXIS2_PLACEMENT_3D('',#3916,#3134,#3135);
#2786=AXIS2_PLACEMENT_3D('',#3918,#3137,#3138);
#2787=AXIS2_PLACEMENT_3D('',#3921,#3141,#3142);
#2788=AXIS2_PLACEMENT_3D('',#3923,#3144,#3145);
#2789=AXIS2_PLACEMENT_3D('',#3924,#3146,#3147);
#2790=AXIS2_PLACEMENT_3D('',#3925,#3148,#3149);
#2791=AXIS2_PLACEMENT_3D('',#3938,#3152,#3153);
#2792=AXIS2_PLACEMENT_3D('',#3944,#3157,#3158);
#2793=AXIS2_PLACEMENT_3D('',#3954,#3160,#3161);
#2794=AXIS2_PLACEMENT_3D('',#3959,#3162,#3163);
#2795=AXIS2_PLACEMENT_3D('',#3960,#3164,#3165);
#2796=AXIS2_PLACEMENT_3D('',#3966,#3167,#3168);
#2797=AXIS2_PLACEMENT_3D('',#3970,#3169,#3170);
#2798=AXIS2_PLACEMENT_3D('',#3974,#3172,#3173);
#2799=AXIS2_PLACEMENT_3D('',#3976,#3175,#3176);
#2800=AXIS2_PLACEMENT_3D('',#3980,#3179,#3180);
#2801=AXIS2_PLACEMENT_3D('',#3989,#3185,#3186);
#2802=AXIS2_PLACEMENT_3D('',#3996,#3187,#3188);
#2803=AXIS2_PLACEMENT_3D('',#4006,#3190,#3191);
#2804=AXIS2_PLACEMENT_3D('',#4010,#3192,#3193);
#2805=AXIS2_PLACEMENT_3D('',#4016,#3195,#3196);
#2806=AXIS2_PLACEMENT_3D('',#4020,#3197,#3198);
#2807=AXIS2_PLACEMENT_3D('',#4023,#3201,#3202);
#2808=AXIS2_PLACEMENT_3D('',#4024,#3203,#3204);
#2809=AXIS2_PLACEMENT_3D('',#4026,#3206,#3207);
#2810=AXIS2_PLACEMENT_3D('',#4027,#3208,#3209);
#2811=AXIS2_PLACEMENT_3D('',#4030,#3210,#3211);
#2812=AXIS2_PLACEMENT_3D('',#4034,#3213,#3214);
#2813=AXIS2_PLACEMENT_3D('',#4038,#3216,#3217);
#2814=AXIS2_PLACEMENT_3D('',#4042,#3219,#3220);
#2815=AXIS2_PLACEMENT_3D('',#4044,#3222,#3223);
#2816=AXIS2_PLACEMENT_3D('',#4050,#3227,#3228);
#2817=AXIS2_PLACEMENT_3D('',#4054,#3230,#3231);
#2818=AXIS2_PLACEMENT_3D('',#4056,#3233,#3234);
#2819=AXIS2_PLACEMENT_3D('',#4060,#3237,#3238);
#2820=AXIS2_PLACEMENT_3D('',#4063,#3240,#3241);
#2821=AXIS2_PLACEMENT_3D('',#4064,#3242,#3243);
#2822=AXIS2_PLACEMENT_3D('',#4066,#3244,#3245);
#2823=AXIS2_PLACEMENT_3D('',#4068,#3247,#3248);
#2824=AXIS2_PLACEMENT_3D('',#4072,#3251,#3252);
#2825=AXIS2_PLACEMENT_3D('',#4073,#3253,#3254);
#2826=AXIS2_PLACEMENT_3D('',#4074,#3255,#3256);
#2827=AXIS2_PLACEMENT_3D('',#4076,#3258,#3259);
#2828=AXIS2_PLACEMENT_3D('',#4077,#3260,#3261);
#2829=AXIS2_PLACEMENT_3D('',#4096,#3271,#3272);
#2830=AXIS2_PLACEMENT_3D('',#4101,#3274,#3275);
#2831=AXIS2_PLACEMENT_3D('',#4114,#3278,#3279);
#2832=AXIS2_PLACEMENT_3D('',#4117,#3281,#3282);
#2833=AXIS2_PLACEMENT_3D('',#4118,#3283,#3284);
#2834=AXIS2_PLACEMENT_3D('',#4121,#3285,#3286);
#2835=AXIS2_PLACEMENT_3D('',#4125,#3288,#3289);
#2836=AXIS2_PLACEMENT_3D('',#4127,#3291,#3292);
#2837=AXIS2_PLACEMENT_3D('',#4130,#3295,#3296);
#2838=AXIS2_PLACEMENT_3D('',#4134,#3299,#3300);
#2839=AXIS2_PLACEMENT_3D('',#4140,#3304,#3305);
#2840=AXIS2_PLACEMENT_3D('',#4144,#3306,#3307);
#2841=AXIS2_PLACEMENT_3D('',#4148,#3308,#3309);
#2842=AXIS2_PLACEMENT_3D('',#4151,#3311,#3312);
#2843=AXIS2_PLACEMENT_3D('',#4152,#3313,#3314);
#2844=AXIS2_PLACEMENT_3D('',#4156,#3317,#3318);
#2845=AXIS2_PLACEMENT_3D('',#4158,#3319,#3320);
#2846=AXIS2_PLACEMENT_3D('',#4162,#3322,#3323);
#2847=AXIS2_PLACEMENT_3D('',#4165,#3325,#3326);
#2848=AXIS2_PLACEMENT_3D('',#4166,#3327,#3328);
#2849=AXIS2_PLACEMENT_3D('',#4168,#3329,#3330);
#2850=AXIS2_PLACEMENT_3D('',#4172,#3332,#3333);
#2851=AXIS2_PLACEMENT_3D('',#4176,#3336,#3337);
#2852=AXIS2_PLACEMENT_3D('',#4178,#3338,#3339);
#2853=AXIS2_PLACEMENT_3D('',#4180,#3341,#3342);
#2854=AXIS2_PLACEMENT_3D('',#4182,#3344,#3345);
#2855=AXIS2_PLACEMENT_3D('',#4186,#3348,#3349);
#2856=AXIS2_PLACEMENT_3D('',#4189,#3351,#3352);
#2857=AXIS2_PLACEMENT_3D('',#4190,#3353,#3354);
#2858=AXIS2_PLACEMENT_3D('',#4193,#3356,#3357);
#2859=AXIS2_PLACEMENT_3D('',#4194,#3358,#3359);
#2860=AXIS2_PLACEMENT_3D('',#4198,#3362,#3363);
#2861=AXIS2_PLACEMENT_3D('',#4201,#3365,#3366);
#2862=AXIS2_PLACEMENT_3D('',#4202,#3367,#3368);
#2863=AXIS2_PLACEMENT_3D('',#4217,#3372,#3373);
#2864=AXIS2_PLACEMENT_3D('',#4218,#3374,#3375);
#2865=AXIS2_PLACEMENT_3D('',#4220,#3377,#3378);
#2866=AXIS2_PLACEMENT_3D('',#4222,#3380,#3381);
#2867=AXIS2_PLACEMENT_3D('',#4226,#3384,#3385);
#2868=AXIS2_PLACEMENT_3D('',#4232,#3389,#3390);
#2869=AXIS2_PLACEMENT_3D('',#4236,#3391,#3392);
#2870=AXIS2_PLACEMENT_3D('',#4240,#3393,#3394);
#2871=AXIS2_PLACEMENT_3D('',#4241,#3395,#3396);
#2872=AXIS2_PLACEMENT_3D('',#4260,#3406,#3407);
#2873=AXIS2_PLACEMENT_3D('',#4265,#3409,#3410);
#2874=AXIS2_PLACEMENT_3D('',#4268,#3412,#3413);
#2875=AXIS2_PLACEMENT_3D('',#4281,#3416,#3417);
#2876=AXIS2_PLACEMENT_3D('',#4282,#3418,#3419);
#2877=AXIS2_PLACEMENT_3D('',#4285,#3420,#3421);
#2878=AXIS2_PLACEMENT_3D('',#4289,#3423,#3424);
#2879=AXIS2_PLACEMENT_3D('',#4291,#3426,#3427);
#2880=AXIS2_PLACEMENT_3D('',#4294,#3430,#3431);
#2881=AXIS2_PLACEMENT_3D('',#4298,#3434,#3435);
#2882=AXIS2_PLACEMENT_3D('',#4304,#3439,#3440);
#2883=AXIS2_PLACEMENT_3D('',#4308,#3441,#3442);
#2884=AXIS2_PLACEMENT_3D('',#4312,#3443,#3444);
#2885=AXIS2_PLACEMENT_3D('',#4315,#3446,#3447);
#2886=AXIS2_PLACEMENT_3D('',#4316,#3448,#3449);
#2887=AXIS2_PLACEMENT_3D('',#4320,#3452,#3453);
#2888=AXIS2_PLACEMENT_3D('',#4322,#3454,#3455);
#2889=AXIS2_PLACEMENT_3D('',#4326,#3457,#3458);
#2890=AXIS2_PLACEMENT_3D('',#4329,#3460,#3461);
#2891=AXIS2_PLACEMENT_3D('',#4330,#3462,#3463);
#2892=AXIS2_PLACEMENT_3D('',#4332,#3464,#3465);
#2893=AXIS2_PLACEMENT_3D('',#4338,#3468,#3469);
#2894=AXIS2_PLACEMENT_3D('',#4340,#3471,#3472);
#2895=AXIS2_PLACEMENT_3D('',#4342,#3473,#3474);
#2896=AXIS2_PLACEMENT_3D('',#4344,#3476,#3477);
#2897=AXIS2_PLACEMENT_3D('',#4346,#3479,#3480);
#2898=AXIS2_PLACEMENT_3D('',#4350,#3483,#3484);
#2899=AXIS2_PLACEMENT_3D('',#4352,#3485,#3486);
#2900=AXIS2_PLACEMENT_3D('',#4354,#3488,#3489);
#2901=AXIS2_PLACEMENT_3D('',#4357,#3491,#3492);
#2902=AXIS2_PLACEMENT_3D('',#4358,#3493,#3494);
#2903=AXIS2_PLACEMENT_3D('',#4362,#3497,#3498);
#2904=AXIS2_PLACEMENT_3D('',#4365,#3500,#3501);
#2905=AXIS2_PLACEMENT_3D('',#4366,#3502,#3503);
#2906=AXIS2_PLACEMENT_3D('',#4370,#3505,#3506);
#2907=AXIS2_PLACEMENT_3D('',#4382,#3509,#3510);
#2908=AXIS2_PLACEMENT_3D('',#4384,#3512,#3513);
#2909=AXIS2_PLACEMENT_3D('',#4386,#3515,#3516);
#2910=AXIS2_PLACEMENT_3D('',#4390,#3519,#3520);
#2911=AXIS2_PLACEMENT_3D('',#4396,#3524,#3525);
#2912=AXIS2_PLACEMENT_3D('',#4400,#3526,#3527);
#2913=AXIS2_PLACEMENT_3D('',#4404,#3528,#3529);
#2914=AXIS2_PLACEMENT_3D('',#4405,#3530,#3531);
#2915=AXIS2_PLACEMENT_3D('',#4418,#3534,#3535);
#2916=AXIS2_PLACEMENT_3D('',#4423,#3537,#3538);
#2917=AXIS2_PLACEMENT_3D('',#4425,#3540,#3541);
#2918=AXIS2_PLACEMENT_3D('',#4426,#3542,#3543);
#2919=AXIS2_PLACEMENT_3D('',#4430,#3544,#3545);
#2920=AXIS2_PLACEMENT_3D('',#4434,#3548,#3549);
#2921=AXIS2_PLACEMENT_3D('',#4444,#3551,#3552);
#2922=AXIS2_PLACEMENT_3D('',#4448,#3553,#3554);
#2923=AXIS2_PLACEMENT_3D('',#4456,#3557,#3558);
#2924=AXIS2_PLACEMENT_3D('',#4464,#3561,#3562);
#2925=AXIS2_PLACEMENT_3D('',#4468,#3565,#3566);
#2926=AXIS2_PLACEMENT_3D('',#4478,#3569,#3570);
#2927=AXIS2_PLACEMENT_3D('',#4484,#3572,#3573);
#2928=AXIS2_PLACEMENT_3D('',#4486,#3575,#3576);
#2929=AXIS2_PLACEMENT_3D('',#4491,#3577,#3578);
#2930=AXIS2_PLACEMENT_3D('',#4492,#3579,#3580);
#2931=AXIS2_PLACEMENT_3D('',#4494,#3582,#3583);
#2932=AXIS2_PLACEMENT_3D('',#4498,#3586,#3587);
#2933=AXIS2_PLACEMENT_3D('',#4500,#3588,#3589);
#2934=AXIS2_PLACEMENT_3D('',#4505,#3590,#3591);
#2935=AXIS2_PLACEMENT_3D('',#4506,#3592,#3593);
#2936=AXIS2_PLACEMENT_3D('',#4508,#3595,#3596);
#2937=AXIS2_PLACEMENT_3D('',#4510,#3597,#3598);
#2938=AXIS2_PLACEMENT_3D('',#4514,#3599,#3600);
#2939=AXIS2_PLACEMENT_3D('',#4516,#3602,#3603);
#2940=AXIS2_PLACEMENT_3D('',#4519,#3606,#3607);
#2941=AXIS2_PLACEMENT_3D('',#4521,#3609,#3610);
#2942=AXIS2_PLACEMENT_3D('',#4522,#3611,#3612);
#2943=AXIS2_PLACEMENT_3D('',#4523,#3613,#3614);
#2944=AXIS2_PLACEMENT_3D('',#4532,#3616,#3617);
#2945=AXIS2_PLACEMENT_3D('',#4534,#3619,#3620);
#2946=AXIS2_PLACEMENT_3D('',#4543,#3623,#3624);
#2947=AXIS2_PLACEMENT_3D('',#4544,#3625,#3626);
#2948=AXIS2_PLACEMENT_3D('',#4548,#3627,#3628);
#2949=AXIS2_PLACEMENT_3D('',#4552,#3631,#3632);
#2950=AXIS2_PLACEMENT_3D('',#4562,#3634,#3635);
#2951=AXIS2_PLACEMENT_3D('',#4566,#3636,#3637);
#2952=AXIS2_PLACEMENT_3D('',#4574,#3640,#3641);
#2953=AXIS2_PLACEMENT_3D('',#4582,#3644,#3645);
#2954=AXIS2_PLACEMENT_3D('',#4586,#3648,#3649);
#2955=AXIS2_PLACEMENT_3D('',#4590,#3651,#3652);
#2956=AXIS2_PLACEMENT_3D('',#4594,#3654,#3655);
#2957=AXIS2_PLACEMENT_3D('',#4600,#3657,#3658);
#2958=AXIS2_PLACEMENT_3D('',#4602,#3660,#3661);
#2959=AXIS2_PLACEMENT_3D('',#4604,#3662,#3663);
#2960=AXIS2_PLACEMENT_3D('',#4605,#3664,#3665);
#2961=AXIS2_PLACEMENT_3D('',#4606,#3666,#3667);
#2962=AXIS2_PLACEMENT_3D('',#4608,#3669,#3670);
#2963=AXIS2_PLACEMENT_3D('',#4612,#3673,#3674);
#2964=AXIS2_PLACEMENT_3D('',#4624,#3675,#3676);
#2965=AXIS2_PLACEMENT_3D('',#4626,#3678,#3679);
#2966=AXIS2_PLACEMENT_3D('',#4631,#3680,#3681);
#2967=AXIS2_PLACEMENT_3D('',#4632,#3682,#3683);
#2968=AXIS2_PLACEMENT_3D('',#4634,#3685,#3686);
#2969=AXIS2_PLACEMENT_3D('',#4637,#3689,#3690);
#2970=AXIS2_PLACEMENT_3D('',#4639,#3692,#3693);
#2971=AXIS2_PLACEMENT_3D('',#4640,#3694,#3695);
#2972=DIRECTION('axis',(0.,0.,1.));
#2973=DIRECTION('refdir',(1.,0.,0.));
#2974=DIRECTION('center_axis',(1.90423181837441E-29,-1.62768727423497E-12,
-1.));
#2975=DIRECTION('ref_axis',(-1.,2.08166817116697E-14,0.));
#2976=DIRECTION('',(0.,1.62171863239889E-12,1.));
#2977=DIRECTION('',(0.,-1.6286575263028E-12,-1.));
#2978=DIRECTION('center_axis',(-1.,-1.89590819895291E-12,-4.4249657397817E-16));
#2979=DIRECTION('ref_axis',(-1.88737914190594E-12,1.,0.));
#2980=DIRECTION('',(1.,1.89576363866324E-12,0.));
#2981=DIRECTION('center_axis',(-1.,0.,0.));
#2982=DIRECTION('ref_axis',(0.,0.,-1.));
#2983=DIRECTION('',(-1.,-1.89590819895291E-12,0.));
#2984=DIRECTION('center_axis',(1.,0.,0.));
#2985=DIRECTION('ref_axis',(0.,0.,1.));
#2986=DIRECTION('center_axis',(-0.408248290463768,0.408248290466849,0.816496580926281));
#2987=DIRECTION('ref_axis',(0.912870929175323,0.182574185836337,0.365148371669354));
#2988=DIRECTION('center_axis',(-1.42073852682495E-12,1.,-1.62543589699027E-12));
#2989=DIRECTION('ref_axis',(0.,1.62543312143271E-12,1.));
#2990=DIRECTION('',(1.,1.42290693116992E-12,0.));
#2991=DIRECTION('',(0.,-1.62171863239889E-12,-1.));
#2992=DIRECTION('center_axis',(7.62180952791237E-16,-1.62171863239887E-12,
-1.));
#2993=DIRECTION('ref_axis',(-2.27040608535914E-11,1.,-1.62370117351479E-12));
#2994=DIRECTION('',(0.,1.62171863239889E-12,1.));
#2995=DIRECTION('center_axis',(0.,0.,1.));
#2996=DIRECTION('ref_axis',(1.,0.,0.));
#2997=DIRECTION('center_axis',(-1.79537096830545E-29,-1.,1.49064392243094E-12));
#2998=DIRECTION('ref_axis',(-1.,0.,1.38777878076727E-14));
#2999=DIRECTION('',(0.,-1.,1.49155870727785E-12));
#3000=DIRECTION('',(0.,1.,-1.48255792194721E-12));
#3001=DIRECTION('center_axis',(0.,1.,-1.48699843898444E-12));
#3002=DIRECTION('ref_axis',(1.,0.,0.));
#3003=DIRECTION('',(0.,-1.,1.49155870727157E-12));
#3004=DIRECTION('',(-1.38413844729903E-12,1.,-1.48485625098232E-12));
#3005=DIRECTION('center_axis',(1.,9.38025167744502E-13,-2.28396958572514E-24));
#3006=DIRECTION('ref_axis',(0.,0.,-1.));
#3007=DIRECTION('',(9.38025167744503E-13,-1.,1.48577295591415E-12));
#3008=DIRECTION('',(0.,-1.62413485438329E-12,-1.));
#3009=DIRECTION('center_axis',(-2.0276482084724E-24,1.48628386286732E-12,
1.));
#3010=DIRECTION('ref_axis',(1.,0.,0.));
#3011=DIRECTION('',(-1.6933688892068E-12,1.,-1.48561278011176E-12));
#3012=DIRECTION('',(-0.707106781187267,0.707106781185828,-1.05073447322733E-12));
#3013=DIRECTION('',(-1.,-8.88657206219298E-13,0.));
#3014=DIRECTION('center_axis',(-1.,-1.69336888920681E-12,1.37287411623451E-24));
#3015=DIRECTION('ref_axis',(0.,0.,1.));
#3016=DIRECTION('',(0.,1.62147081475946E-12,1.));
#3017=DIRECTION('center_axis',(0.408248290442991,-0.408248290461153,0.816496580939517));
#3018=DIRECTION('ref_axis',(0.912870929184618,0.182574185822634,-0.365148371652968));
#3019=DIRECTION('center_axis',(1.,0.,0.));
#3020=DIRECTION('ref_axis',(0.,0.,1.));
#3021=DIRECTION('center_axis',(5.84181989850375E-31,-1.62410508890105E-12,
-1.));
#3022=DIRECTION('ref_axis',(1.,-1.96240593215257E-14,0.));
#3023=DIRECTION('',(0.,1.62407096389812E-12,1.));
#3024=DIRECTION('center_axis',(8.88696403255981E-13,-1.,2.43614226324038E-12));
#3025=DIRECTION('ref_axis',(0.,-2.43614226014266E-12,-1.));
#3026=DIRECTION('',(0.,-1.62414259868452E-12,-1.));
#3027=DIRECTION('',(1.,1.77735360947528E-12,0.));
#3028=DIRECTION('center_axis',(-0.941663177643499,0.29040009939489,0.170112439703236));
#3029=DIRECTION('ref_axis',(0.285774439788752,0.956905315207021,-0.0516254519784307));
#3030=DIRECTION('center_axis',(0.707106781186603,-0.707106781186493,-2.04518801326201E-14));
#3031=DIRECTION('ref_axis',(0.528836107935801,0.528836107935864,0.663825837013414));
#3032=DIRECTION('center_axis',(-1.,0.,0.));
#3033=DIRECTION('ref_axis',(0.,0.,-1.));
#3034=DIRECTION('center_axis',(1.,8.88658265598668E-13,7.42944703405751E-18));
#3035=DIRECTION('ref_axis',(8.88178419709683E-13,-1.,0.));
#3036=DIRECTION('',(-1.,-1.77735043133717E-12,0.));
#3037=DIRECTION('center_axis',(0.,0.,1.));
#3038=DIRECTION('ref_axis',(1.,0.,0.));
#3039=DIRECTION('center_axis',(-0.707106781186552,0.707106781186543,3.57213833990564E-14));
#3040=DIRECTION('ref_axis',(0.529381777391405,0.529381777391378,0.662955403878619));
#3041=DIRECTION('center_axis',(-4.04335473691934E-15,-1.61742746002285E-12,
-1.));
#3042=DIRECTION('ref_axis',(-0.707106781159895,-0.7071067812132,1.15185638809765E-12));
#3043=DIRECTION('',(0.,-1.62147081475946E-12,-1.));
#3044=DIRECTION('center_axis',(0.707106781187976,-0.707106781185119,1.06609532435508E-12));
#3045=DIRECTION('ref_axis',(-0.707106781185118,-0.707106781187977,3.21687121386548E-11));
#3046=DIRECTION('',(-0.707106781187266,0.707106781185829,-1.05073447322733E-12));
#3047=DIRECTION('',(0.707106781187266,-0.707106781185829,1.05073447322733E-12));
#3048=DIRECTION('center_axis',(1.74527614624955E-17,-1.62414259868452E-12,
-1.));
#3049=DIRECTION('ref_axis',(0.,-1.,1.62370117363788E-12));
#3050=DIRECTION('',(0.,1.62409322876416E-12,1.));
#3051=DIRECTION('center_axis',(2.11140834802579E-24,-1.48577295591449E-12,
-1.));
#3052=DIRECTION('ref_axis',(-1.,0.,0.));
#3053=DIRECTION('center_axis',(-0.707106781185461,-0.707106781187634,1.15005767928097E-12));
#3054=DIRECTION('ref_axis',(1.62643232215487E-12,0.,1.));
#3055=DIRECTION('center_axis',(-2.87428503045464E-27,-1.62793608906613E-12,
1.));
#3056=DIRECTION('ref_axis',(-1.,-3.98292510079001E-12,0.));
#3057=DIRECTION('center_axis',(-1.23137837222734E-14,1.486487299523E-12,
-1.));
#3058=DIRECTION('ref_axis',(1.,1.83042831122325E-26,-1.23137837222734E-14));
#3059=DIRECTION('',(0.,1.6286575263028E-12,-1.));
#3060=DIRECTION('center_axis',(-2.11901598168005E-14,-1.51999124306215E-12,
1.));
#3061=DIRECTION('ref_axis',(1.,-3.22088573606243E-26,2.11901598168005E-14));
#3062=DIRECTION('',(0.,-1.6286575263028E-12,1.));
#3063=DIRECTION('center_axis',(1.,4.75025111838365E-13,-1.73437415907653E-15));
#3064=DIRECTION('ref_axis',(4.71844785453525E-13,-1.,-2.27595720042288E-11));
#3065=DIRECTION('',(1.,4.7300126778302E-13,0.));
#3066=DIRECTION('center_axis',(-1.,-1.93731114130854E-12,6.10903030185771E-14));
#3067=DIRECTION('ref_axis',(-6.10903030185771E-14,0.,-1.));
#3068=DIRECTION('',(-1.,-4.7300126778302E-13,0.));
#3069=DIRECTION('center_axis',(1.,2.00431902839022E-12,5.9175840631395E-15));
#3070=DIRECTION('ref_axis',(-5.9175840631395E-15,0.,1.));
#3071=DIRECTION('center_axis',(0.408248290467133,0.408248290481066,-0.81649658091749));
#3072=DIRECTION('ref_axis',(0.912870929173817,-0.182574185844504,0.365148371669036));
#3073=DIRECTION('center_axis',(4.7300126778302E-13,-1.,-1.62518807935084E-12));
#3074=DIRECTION('ref_axis',(0.,1.62518887236729E-12,-1.));
#3075=DIRECTION('',(0.,1.62171863239889E-12,-1.));
#3076=DIRECTION('',(1.,4.75025111838326E-13,0.));
#3077=DIRECTION('center_axis',(-6.4074069867407E-15,-1.62865752630294E-12,
1.));
#3078=DIRECTION('ref_axis',(2.27595720042222E-11,-1.,-1.62370117347195E-12));
#3079=DIRECTION('center_axis',(1.23137837222835E-14,1.48648729952303E-12,
-1.));
#3080=DIRECTION('ref_axis',(1.,-1.83042831122478E-26,1.23137837222835E-14));
#3081=DIRECTION('center_axis',(-1.23137837222835E-14,-1.48648729952303E-12,
1.));
#3082=DIRECTION('ref_axis',(1.,-1.83042831122478E-26,1.23137837222835E-14));
#3083=DIRECTION('',(0.,-1.62171863239889E-12,1.));
#3084=DIRECTION('center_axis',(0.816496580917075,0.40824829048062,0.408248290468408));
#3085=DIRECTION('ref_axis',(0.577350269204673,-0.57735026919074,-0.577350269173465));
#3086=DIRECTION('center_axis',(6.48056541778724E-13,-1.,-1.46368072722688E-12));
#3087=DIRECTION('ref_axis',(-1.,-6.52256026968202E-13,9.8532293435622E-13));
#3088=DIRECTION('',(7.43207700693781E-13,-1.,-1.49155870727472E-12));
#3089=DIRECTION('',(-4.62897529836076E-13,1.,1.48255792194721E-12));
#3090=DIRECTION('center_axis',(-4.62897529840124E-13,1.,1.55068294521696E-12));
#3091=DIRECTION('ref_axis',(1.,4.579669976608E-13,2.52575738103835E-12));
#3092=DIRECTION('',(5.5547703581148E-13,-1.,-1.49155870727157E-12));
#3093=DIRECTION('',(-6.61979257403883E-13,1.,1.48485625098232E-12));
#3094=DIRECTION('center_axis',(1.,6.32147395653851E-13,3.56857400777308E-14));
#3095=DIRECTION('ref_axis',(3.5704772471945E-14,0.,-1.));
#3096=DIRECTION('',(-6.32147395653904E-13,1.,1.48577295591415E-12));
#3097=DIRECTION('',(0.,1.62147081475946E-12,-1.));
#3098=DIRECTION('center_axis',(6.77781271855287E-25,-1.48628386286864E-12,
1.));
#3099=DIRECTION('ref_axis',(1.,0.,0.));
#3100=DIRECTION('',(6.39972336056577E-13,-1.,-1.48561278011176E-12));
#3101=DIRECTION('center_axis',(2.11901598186224E-14,1.51999124306399E-12,
-1.));
#3102=DIRECTION('ref_axis',(1.,-3.22088573634325E-26,2.11901598186224E-14));
#3103=DIRECTION('',(-1.,0.,0.));
#3104=DIRECTION('',(-0.707106781185781,-0.707106781187314,-1.05073447322634E-12));
#3105=DIRECTION('center_axis',(-1.,-6.3997233605658E-13,-5.18927530801125E-25));
#3106=DIRECTION('ref_axis',(0.,0.,1.));
#3107=DIRECTION('',(0.,-1.62171863239889E-12,1.));
#3108=DIRECTION('center_axis',(-0.40824829046743,-0.408248290479068,-0.81649658091834));
#3109=DIRECTION('ref_axis',(0.912870929173678,-0.182574185843771,-0.365148371669751));
#3110=DIRECTION('center_axis',(1.23137837240632E-14,-1.48648729952123E-12,
1.));
#3111=DIRECTION('ref_axis',(0.,-1.,-1.48648729952123E-12));
#3112=DIRECTION('center_axis',(-1.,-1.93731114130834E-12,-6.10903030185946E-14));
#3113=DIRECTION('ref_axis',(6.10903030185946E-14,0.,-1.));
#3114=DIRECTION('center_axis',(-5.50424148071362E-28,-1.62133400774128E-12,
1.));
#3115=DIRECTION('ref_axis',(1.,4.02455846421302E-12,0.));
#3116=DIRECTION('',(0.,-1.62122299712004E-12,1.));
#3117=DIRECTION('center_axis',(0.,1.,1.62122299712004E-12));
#3118=DIRECTION('ref_axis',(0.,-1.62122260061182E-12,1.));
#3119=DIRECTION('',(1.,0.,0.));
#3120=DIRECTION('',(0.,1.62122299712004E-12,-1.));
#3121=DIRECTION('center_axis',(0.941663177659055,0.290400099355681,-0.170112439684058));
#3122=DIRECTION('ref_axis',(-0.285774439751348,0.956905315218916,0.051625451964996));
#3123=DIRECTION('center_axis',(1.,9.88281726387304E-13,-1.68365798393761E-14));
#3124=DIRECTION('ref_axis',(1.68365798393761E-14,0.,1.));
#3125=DIRECTION('center_axis',(-0.707106781188147,-0.707106781184948,6.45159648626077E-13));
#3126=DIRECTION('ref_axis',(0.540038776962809,-0.540038776964663,0.645535621597309));
#3127=DIRECTION('center_axis',(-1.,0.,0.));
#3128=DIRECTION('ref_axis',(0.,1.,-2.27040608529439E-11));
#3129=DIRECTION('',(-1.,0.,0.));
#3130=DIRECTION('center_axis',(0.439732612037757,-0.182143211722285,-0.879465224061726));
#3131=DIRECTION('ref_axis',(0.898128737938197,0.089179097463753,0.430594773151153));
#3132=DIRECTION('center_axis',(0.707106781188588,0.707106781184507,-7.06098848026725E-13));
#3133=DIRECTION('ref_axis',(0.707106781184507,-0.707106781188588,7.060988480308E-13));
#3134=DIRECTION('center_axis',(4.26959196326147E-15,-1.61695340515701E-12,
1.));
#3135=DIRECTION('ref_axis',(-0.707106781167209,0.707106781205886,1.15185638809301E-12));
#3136=DIRECTION('',(0.,1.62122299712004E-12,-1.));
#3137=DIRECTION('center_axis',(-0.707106781185986,-0.707106781187109,-1.08596335828493E-12));
#3138=DIRECTION('ref_axis',(-0.707106781187104,0.707106781185991,3.191891195755E-12));
#3139=DIRECTION('',(0.707106781185781,0.707106781187314,1.05073447322634E-12));
#3140=DIRECTION('',(-0.707106781185844,-0.707106781187251,-1.05073447322624E-12));
#3141=DIRECTION('center_axis',(9.53137063327721E-17,-1.62122299712004E-12,
1.));
#3142=DIRECTION('ref_axis',(0.,1.,1.62370117360984E-12));
#3143=DIRECTION('',(0.,-1.62147081475946E-12,1.));
#3144=DIRECTION('center_axis',(-7.02665099900692E-25,1.48577295591449E-12,
-1.));
#3145=DIRECTION('ref_axis',(-1.,0.,0.));
#3146=DIRECTION('center_axis',(-0.707106781187062,0.707106781186033,1.09599813424441E-12));
#3147=DIRECTION('ref_axis',(1.54996016021869E-12,0.,1.));
#3148=DIRECTION('center_axis',(1.4424703919983E-18,1.48492329543615E-12,
-1.));
#3149=DIRECTION('ref_axis',(4.99600361081473E-13,-1.,-1.47104550762878E-12));
#3150=DIRECTION('',(0.,1.48492329543893E-12,-1.));
#3151=DIRECTION('',(0.,-1.48705833971702E-12,1.));
#3152=DIRECTION('center_axis',(-1.,-4.33974889922362E-13,1.92153985024469E-14));
#3153=DIRECTION('ref_axis',(1.92179605562615E-14,0.,1.));
#3154=DIRECTION('',(-4.33974889922333E-13,1.,2.62737101378453E-13));
#3155=DIRECTION('',(-4.33974889922333E-13,1.,1.4830415614961E-12));
#3156=DIRECTION('',(0.,1.48705833971153E-12,-1.));
#3157=DIRECTION('center_axis',(-1.91064050738377E-27,1.4858400265498E-12,
-1.));
#3158=DIRECTION('ref_axis',(-1.,-1.49880108324564E-12,0.));
#3159=DIRECTION('',(0.,-1.48456745472035E-12,1.));
#3160=DIRECTION('center_axis',(0.408248290463876,-0.408248290465042,0.81649658092713));
#3161=DIRECTION('ref_axis',(0.912870929175274,0.182574185835587,-0.365148371669852));
#3162=DIRECTION('center_axis',(1.,0.,0.));
#3163=DIRECTION('ref_axis',(0.,0.,1.));
#3164=DIRECTION('center_axis',(4.33781319521235E-13,-1.,-1.4830415614961E-12));
#3165=DIRECTION('ref_axis',(1.38777878078187E-14,-1.48318857196062E-12,
1.));
#3166=DIRECTION('',(4.33974889922333E-13,-1.,-1.4830415614961E-12));
#3167=DIRECTION('center_axis',(0.40824829046514,-0.816496580926416,-0.408248290465206));
#3168=DIRECTION('ref_axis',(0.912870929174703,0.365148371670903,0.18257418583634));
#3169=DIRECTION('center_axis',(1.,4.24759646927283E-13,3.01939089310534E-29));
#3170=DIRECTION('ref_axis',(0.,-1.98452365651669E-12,1.));
#3171=DIRECTION('',(-1.,-4.24744414724021E-13,0.));
#3172=DIRECTION('center_axis',(-1.,0.,0.));
#3173=DIRECTION('ref_axis',(0.,0.,-1.));
#3174=DIRECTION('',(1.,4.24744414724021E-13,0.));
#3175=DIRECTION('center_axis',(4.24744414724021E-13,-1.,-1.4861687379345E-12));
#3176=DIRECTION('ref_axis',(0.,1.48616674522373E-12,-1.));
#3177=DIRECTION('',(-1.,-4.24744414724021E-13,0.));
#3178=DIRECTION('',(0.,-1.48741418043008E-12,1.));
#3179=DIRECTION('center_axis',(1.,4.32328372724815E-13,-1.28102656680858E-14));
#3180=DIRECTION('ref_axis',(-1.27897692436818E-14,0.,-1.));
#3181=DIRECTION('',(4.32328372724796E-13,-1.,-2.62737101378453E-13));
#3182=DIRECTION('',(0.,-1.48456745472039E-12,1.));
#3183=DIRECTION('',(4.32328372724796E-13,-1.,-1.4830415614961E-12));
#3184=DIRECTION('',(0.,1.48456745472587E-12,-1.));
#3185=DIRECTION('center_axis',(2.25903644548251E-27,1.4862745432113E-12,
-1.));
#3186=DIRECTION('ref_axis',(1.,1.98452365652099E-12,0.));
#3187=DIRECTION('center_axis',(9.16304791906206E-18,1.487236260068E-12,
-1.));
#3188=DIRECTION('ref_axis',(-4.99600361080876E-13,1.,1.49880108324263E-12));
#3189=DIRECTION('',(0.,1.48456745472035E-12,-1.));
#3190=DIRECTION('center_axis',(-0.408248290464611,-0.816496580926268,-0.408248290466032));
#3191=DIRECTION('ref_axis',(0.91287092917494,-0.365148371670265,-0.182574185836431));
#3192=DIRECTION('center_axis',(-4.32317608813737E-13,1.,1.4830415614961E-12));
#3193=DIRECTION('ref_axis',(0.,-1.48318857195992E-12,1.));
#3194=DIRECTION('',(-4.32328372724796E-13,1.,1.4830415614961E-12));
#3195=DIRECTION('center_axis',(0.816496580928858,-0.408248290462187,-0.408248290463275));
#3196=DIRECTION('ref_axis',(0.577350269188021,0.577350269189659,0.577350269191197));
#3197=DIRECTION('center_axis',(-1.,-4.24742053959146E-13,4.70277301211934E-30));
#3198=DIRECTION('ref_axis',(0.,-1.99146255042204E-12,1.));
#3199=DIRECTION('',(-1.,-4.24744414724018E-13,0.));
#3200=DIRECTION('',(1.,4.24744414724018E-13,0.));
#3201=DIRECTION('center_axis',(6.2991362004905E-25,-1.4830415614961E-12,
1.));
#3202=DIRECTION('ref_axis',(1.,0.,0.));
#3203=DIRECTION('center_axis',(-4.24744414724018E-13,1.,1.48456745472034E-12));
#3204=DIRECTION('ref_axis',(0.,-1.48456802406827E-12,1.));
#3205=DIRECTION('',(1.,4.24744414724018E-13,0.));
#3206=DIRECTION('center_axis',(-1.22997902931955E-25,2.75011495058179E-13,
-1.));
#3207=DIRECTION('ref_axis',(-1.,0.,0.));
#3208=DIRECTION('center_axis',(1.,-1.3127637115504E-14,-1.99125540601504E-26));
#3209=DIRECTION('ref_axis',(0.,0.,-1.));
#3210=DIRECTION('center_axis',(1.,0.,0.));
#3211=DIRECTION('ref_axis',(0.,1.01238462055923E-11,1.));
#3212=DIRECTION('',(9.28622258454569E-13,-1.,-1.49999060791359E-12));
#3213=DIRECTION('center_axis',(1.,0.,0.));
#3214=DIRECTION('ref_axis',(0.,-1.,-5.23192600356821E-12));
#3215=DIRECTION('',(0.,8.72966229218416E-13,-1.));
#3216=DIRECTION('center_axis',(1.,3.3503943541772E-14,3.35039435418087E-14));
#3217=DIRECTION('ref_axis',(2.77555756154465E-14,-7.4766581814109E-12,-1.));
#3218=DIRECTION('',(-7.72840871635634E-13,1.,1.15926130745345E-12));
#3219=DIRECTION('center_axis',(1.,-3.35039435418565E-14,3.35039435418095E-14));
#3220=DIRECTION('ref_axis',(2.77555756153623E-14,1.,-9.10382880183883E-12));
#3221=DIRECTION('',(0.,-8.76835996972517E-13,1.));
#3222=DIRECTION('center_axis',(4.55052662218009E-13,-1.,-8.72966229218299E-13));
#3223=DIRECTION('ref_axis',(0.,8.72968364262761E-13,-1.));
#3224=DIRECTION('',(1.,4.55052662218341E-13,-3.99680288865148E-14));
#3225=DIRECTION('',(0.,-8.72966229218483E-13,1.));
#3226=DIRECTION('',(1.,4.55052662218341E-13,-3.99680288865148E-14));
#3227=DIRECTION('center_axis',(1.,4.5505266221808E-13,-7.2322338877653E-16));
#3228=DIRECTION('ref_axis',(-4.57966997650108E-13,1.,2.27179386410069E-11));
#3229=DIRECTION('',(-1.,-4.55052662218336E-13,0.));
#3230=DIRECTION('center_axis',(-1.,-4.98617000363481E-12,-2.98776855936611E-12));
#3231=DIRECTION('ref_axis',(-4.98906471680786E-12,1.,2.18297602212483E-11));
#3232=DIRECTION('',(1.,4.55052662218336E-13,0.));
#3233=DIRECTION('center_axis',(-4.55017967748644E-13,1.,8.76902717106192E-13));
#3234=DIRECTION('ref_axis',(0.,-8.76904104885057E-13,1.));
#3235=DIRECTION('',(-1.,-4.55017967748816E-13,1.99840144432572E-14));
#3236=DIRECTION('',(0.,8.76969437239934E-13,-1.));
#3237=DIRECTION('center_axis',(-1.,-4.55017967748594E-13,9.50521875559453E-18));
#3238=DIRECTION('ref_axis',(-4.57966997653361E-13,1.,-1.14006026840072E-11));
#3239=DIRECTION('',(-1.,-4.55017967748816E-13,0.));
#3240=DIRECTION('center_axis',(-1.,1.67519717709326E-14,-1.6751971770884E-14));
#3241=DIRECTION('ref_axis',(1.38777878076682E-14,1.14405013239464E-11,-1.));
#3242=DIRECTION('center_axis',(1.,4.5505266221809E-13,-7.38650641860604E-16));
#3243=DIRECTION('ref_axis',(4.57966997654337E-13,-1.,-1.13797860023199E-11));
#3244=DIRECTION('center_axis',(-1.,1.67519717708814E-14,1.67519717708998E-14));
#3245=DIRECTION('ref_axis',(-1.38777878077259E-14,-1.,-8.38218383586641E-12));
#3246=DIRECTION('',(1.,4.54983273279302E-13,0.));
#3247=DIRECTION('center_axis',(6.82574719433075E-25,-1.49999060791359E-12,
1.));
#3248=DIRECTION('ref_axis',(1.,0.,0.));
#3249=DIRECTION('',(-1.,-4.54983273279302E-13,0.));
#3250=DIRECTION('',(-4.71646531354274E-13,1.,1.48571631188269E-12));
#3251=DIRECTION('center_axis',(-1.,-4.55052662218081E-13,3.57979372450346E-17));
#3252=DIRECTION('ref_axis',(4.57966997657006E-13,-1.,0.));
#3253=DIRECTION('center_axis',(-1.,-1.67519717704709E-14,1.67519717701477E-14));
#3254=DIRECTION('ref_axis',(1.38777878080949E-14,7.91033905061407E-12,1.));
#3255=DIRECTION('center_axis',(-1.01324246016599E-24,1.48571631188221E-12,
-1.));
#3256=DIRECTION('ref_axis',(-1.,0.,0.));
#3257=DIRECTION('',(3.91787386315288E-13,-1.,-1.15926130745345E-12));
#3258=DIRECTION('center_axis',(-1.,-6.75135623083064E-14,-1.02376189584336E-25));
#3259=DIRECTION('ref_axis',(0.,0.,1.));
#3260=DIRECTION('center_axis',(-1.,-9.15228345088166E-13,-1.53723188038842E-14));
#3261=DIRECTION('ref_axis',(-1.53654866608122E-14,0.,1.));
#3262=DIRECTION('',(0.,-1.81993309311678E-12,1.));
#3263=DIRECTION('',(6.01344315772061E-13,-1.,1.01268053176892E-13));
#3264=DIRECTION('',(0.,1.39845400217207E-12,-1.));
#3265=DIRECTION('',(9.06525325615492E-13,-1.,-2.62737101378439E-13));
#3266=DIRECTION('',(0.,-1.1348560979821E-12,1.));
#3267=DIRECTION('',(0.,-9.08162434139484E-13,-1.));
#3268=DIRECTION('',(-1.43028075105508E-12,1.,1.01268053176892E-13));
#3269=DIRECTION('',(0.,1.81993309311678E-12,1.));
#3270=DIRECTION('',(1.49848637339389E-14,-1.,-1.49634567857475E-12));
#3271=DIRECTION('center_axis',(2.02764820847522E-24,-1.48628386286666E-12,
-1.));
#3272=DIRECTION('ref_axis',(-1.,0.,0.));
#3273=DIRECTION('',(1.44895433519954E-12,-1.,1.48577295591415E-12));
#3274=DIRECTION('center_axis',(2.1190159818638E-14,-1.51999124306396E-12,
-1.));
#3275=DIRECTION('ref_axis',(1.,3.22088573634556E-26,2.1190159818638E-14));
#3276=DIRECTION('',(-1.,-8.88657206219299E-13,0.));
#3277=DIRECTION('',(-0.707106781187471,0.707106781185624,-1.05073447322702E-12));
#3278=DIRECTION('center_axis',(-1.39974417062419E-14,-1.38765912688427E-12,
-1.));
#3279=DIRECTION('ref_axis',(1.,-1.94236777366971E-26,-1.39974417062419E-14));
#3280=DIRECTION('',(1.,1.42088308711464E-12,0.));
#3281=DIRECTION('center_axis',(1.39974417062695E-14,-1.3876591268842E-12,
-1.));
#3282=DIRECTION('ref_axis',(1.,1.94236777367344E-26,1.39974417062695E-14));
#3283=DIRECTION('center_axis',(3.7866190117567E-24,3.33066907381539E-13,
1.));
#3284=DIRECTION('ref_axis',(1.,0.,0.));
#3285=DIRECTION('center_axis',(9.7161436268504E-13,-9.71614362686897E-13,
1.));
#3286=DIRECTION('ref_axis',(1.,9.44034469777661E-25,-9.7161436268504E-13));
#3287=DIRECTION('',(-9.9920072214083E-13,1.,1.39888101099716E-12));
#3288=DIRECTION('center_axis',(1.03862224976766E-12,-1.03862224976757E-12,
-1.));
#3289=DIRECTION('ref_axis',(1.,1.07873617771235E-24,1.03862224976766E-12));
#3290=DIRECTION('',(1.40998324124317E-12,-1.,3.99680288856332E-13));
#3291=DIRECTION('center_axis',(-6.24236157338026E-29,-9.09503403614682E-13,
-1.));
#3292=DIRECTION('ref_axis',(1.,3.00280633671616E-12,0.));
#3293=DIRECTION('',(0.,9.09519855263319E-13,1.));
#3294=DIRECTION('',(0.,9.09480823984473E-13,1.));
#3295=DIRECTION('center_axis',(8.88657206219299E-13,-1.,9.094797397817E-13));
#3296=DIRECTION('ref_axis',(0.,-9.09479739782948E-13,-1.));
#3297=DIRECTION('',(-1.,-1.77735360947528E-12,0.));
#3298=DIRECTION('',(0.,-9.09479739782938E-13,-1.));
#3299=DIRECTION('center_axis',(-0.707106781185166,-0.707106781187929,6.42560338714972E-13));
#3300=DIRECTION('ref_axis',(9.08695341195198E-13,0.,1.));
#3301=DIRECTION('',(0.,-1.81993309311679E-12,-1.));
#3302=DIRECTION('',(0.,9.0949546071446E-13,1.));
#3303=DIRECTION('',(-0.707106781188005,0.707106781185091,1.07262477475287E-12));
#3304=DIRECTION('center_axis',(-7.86067570679139E-18,-9.09479739782646E-13,
-1.));
#3305=DIRECTION('ref_axis',(0.,-1.,9.15933995374751E-13));
#3306=DIRECTION('center_axis',(2.32753353962135E-15,-1.82226062665566E-12,
-1.));
#3307=DIRECTION('ref_axis',(-0.70710678116113,-0.707106781211965,1.29063426619581E-12));
#3308=DIRECTION('center_axis',(1.43837171733197E-15,-1.3984540021682E-12,
1.));
#3309=DIRECTION('ref_axis',(-2.27595720042184E-11,1.,1.40165656855248E-12));
#3310=DIRECTION('',(0.,1.74924177706325E-12,1.));
#3311=DIRECTION('center_axis',(-7.29254711459891E-14,2.07132691547335E-12,
-1.));
#3312=DIRECTION('ref_axis',(1.,1.51052491208263E-25,-7.29254711459891E-14));
#3313=DIRECTION('center_axis',(-4.72856707492724E-13,1.,1.39925464377253E-12));
#3314=DIRECTION('ref_axis',(0.,-1.39925848685607E-12,1.));
#3315=DIRECTION('',(0.,-1.3984540021698E-12,1.));
#3316=DIRECTION('',(-1.,-4.75025111838326E-13,0.));
#3317=DIRECTION('center_axis',(6.24387771923428E-26,-2.75011495058179E-13,
1.));
#3318=DIRECTION('ref_axis',(1.,0.,0.));
#3319=DIRECTION('center_axis',(5.91758406421795E-15,2.00431902839132E-12,
-1.));
#3320=DIRECTION('ref_axis',(1.,-1.18607263420173E-26,5.91758406421795E-15));
#3321=DIRECTION('',(1.,9.48026379621344E-13,0.));
#3322=DIRECTION('center_axis',(1.00511830622581E-12,-1.00511830622571E-12,
1.));
#3323=DIRECTION('ref_axis',(1.,1.01026280951014E-24,-1.00511830622581E-12));
#3324=DIRECTION('',(-6.44493874464569E-13,1.,2.62737101378439E-13));
#3325=DIRECTION('center_axis',(-1.07212619330849E-12,-1.07212619331053E-12,
1.));
#3326=DIRECTION('ref_axis',(1.,-1.14945457438034E-24,1.07212619330849E-12));
#3327=DIRECTION('center_axis',(5.8188039817313E-13,-1.,-1.50018886202496E-12));
#3328=DIRECTION('ref_axis',(-4.99600361080502E-13,1.50053580671748E-12,
-1.));
#3329=DIRECTION('center_axis',(-1.83530006100633E-14,-0.707106781187567,
0.707106781185528));
#3330=DIRECTION('ref_axis',(3.40290747906302E-11,-0.707106781185528,-0.707106781187567));
#3331=DIRECTION('',(5.99520433297676E-13,-1.,-1.50018886202497E-12));
#3332=DIRECTION('center_axis',(2.17991972311964E-14,0.707106781186205,0.70710678118689));
#3333=DIRECTION('ref_axis',(-3.1836699714172E-11,-0.70710678118689,0.707106781186205));
#3334=DIRECTION('',(-7.99360577730832E-13,1.,1.39888101102896E-12));
#3335=DIRECTION('',(-5.55111512315888E-13,1.,1.49957207146445E-12));
#3336=DIRECTION('center_axis',(0.,0.,1.));
#3337=DIRECTION('ref_axis',(1.,3.00107161340022E-12,0.));
#3338=DIRECTION('center_axis',(-2.95879203213511E-15,-1.00215951419578E-12,
1.));
#3339=DIRECTION('ref_axis',(1.,-2.96518158553085E-27,2.95879203213511E-15));
#3340=DIRECTION('',(0.,0.,1.));
#3341=DIRECTION('center_axis',(0.,0.,1.));
#3342=DIRECTION('ref_axis',(2.27595720041907E-11,-1.,0.));
#3343=DIRECTION('',(0.,0.,1.));
#3344=DIRECTION('center_axis',(1.18335528614511E-26,-1.39839511476933E-12,
1.));
#3345=DIRECTION('ref_axis',(1.,-2.00950367455948E-10,0.));
#3346=DIRECTION('',(0.,1.13745818319811E-12,-1.));
#3347=DIRECTION('',(0.,9.117706589695E-13,1.));
#3348=DIRECTION('center_axis',(0.,-3.33066907387852E-13,1.));
#3349=DIRECTION('ref_axis',(1.,0.,0.));
#3350=DIRECTION('',(-5.99520433298136E-13,1.,3.99680288865424E-13));
#3351=DIRECTION('center_axis',(-1.03862224976778E-12,-1.03862224977079E-12,
1.));
#3352=DIRECTION('ref_axis',(1.,-1.07873617771581E-24,1.03862224976778E-12));
#3353=DIRECTION('center_axis',(-1.55339687429063E-28,-1.39842308446907E-12,
1.));
#3354=DIRECTION('ref_axis',(-1.,-5.02375918635855E-12,0.));
#3355=DIRECTION('',(0.,-1.39845400217208E-12,1.));
#3356=DIRECTION('center_axis',(1.39974417062783E-14,-1.3876591268842E-12,
1.));
#3357=DIRECTION('ref_axis',(1.,1.94236777367467E-26,-1.39974417062783E-14));
#3358=DIRECTION('center_axis',(9.48026379621344E-13,-1.,-1.57384788961831E-12));
#3359=DIRECTION('ref_axis',(0.,1.57385215970862E-12,-1.));
#3360=DIRECTION('',(0.,1.3999485331652E-12,-1.));
#3361=DIRECTION('',(1.,4.75025111838325E-13,0.));
#3362=DIRECTION('center_axis',(1.31534907726281E-15,-1.39845400217048E-12,
1.));
#3363=DIRECTION('ref_axis',(2.27595720042222E-11,-1.,-1.40165656855271E-12));
#3364=DIRECTION('',(0.,-1.3999485331652E-12,1.));
#3365=DIRECTION('center_axis',(-1.39974417062625E-14,-1.38765912688426E-12,
1.));
#3366=DIRECTION('ref_axis',(1.,-1.94236777367255E-26,1.39974417062625E-14));
#3367=DIRECTION('center_axis',(-6.74687322044162E-25,1.48628386286765E-12,
-1.));
#3368=DIRECTION('ref_axis',(-1.,0.,0.));
#3369=DIRECTION('',(-6.33280276291277E-13,1.,1.48577295591415E-12));
#3370=DIRECTION('',(-0.707106781185966,-0.707106781187129,-1.05073447322713E-12));
#3371=DIRECTION('',(-1.,0.,0.));
#3372=DIRECTION('center_axis',(-2.11901598186448E-14,-1.51999124306401E-12,
1.));
#3373=DIRECTION('ref_axis',(1.,-3.2208857363467E-26,2.11901598186448E-14));
#3374=DIRECTION('center_axis',(1.,6.35555638249367E-13,1.00026789999098E-24));
#3375=DIRECTION('ref_axis',(0.,0.,-1.));
#3376=DIRECTION('',(0.,-1.82007187099357E-12,1.));
#3377=DIRECTION('center_axis',(1.92823968837231E-29,-1.8200757390434E-12,
1.));
#3378=DIRECTION('ref_axis',(1.,4.98559526988428E-12,0.));
#3379=DIRECTION('',(0.,-1.82007187099485E-12,1.));
#3380=DIRECTION('center_axis',(0.,1.,1.82007187099485E-12));
#3381=DIRECTION('ref_axis',(0.,-1.82007187099487E-12,1.));
#3382=DIRECTION('',(0.,1.82007187099485E-12,-1.));
#3383=DIRECTION('',(-1.,0.,0.));
#3384=DIRECTION('center_axis',(-0.707106781187329,0.707106781185766,1.27314872243378E-12));
#3385=DIRECTION('ref_axis',(1.80051529241609E-12,0.,1.));
#3386=DIRECTION('',(0.,1.81965553736063E-12,-1.));
#3387=DIRECTION('',(-0.707106781185966,-0.707106781187129,-1.04066493452537E-12));
#3388=DIRECTION('',(0.,-1.81993309311681E-12,1.));
#3389=DIRECTION('center_axis',(-4.67431745563183E-16,-1.82007187099485E-12,
1.));
#3390=DIRECTION('ref_axis',(0.,1.,1.81799020292865E-12));
#3391=DIRECTION('center_axis',(2.32214594284208E-16,-1.81942332276636E-12,
1.));
#3392=DIRECTION('ref_axis',(-0.707106781168305,0.70710678120479,1.29063426617755E-12));
#3393=DIRECTION('center_axis',(-6.93223099027567E-25,1.49634567857423E-12,
-1.));
#3394=DIRECTION('ref_axis',(-1.,0.,0.));
#3395=DIRECTION('center_axis',(1.,7.62102245717228E-14,1.19992114770393E-25));
#3396=DIRECTION('ref_axis',(0.,0.,-1.));
#3397=DIRECTION('',(1.0789101888436E-13,-1.,-1.49634567857475E-12));
#3398=DIRECTION('',(0.,1.81604731253059E-12,1.));
#3399=DIRECTION('',(4.8911425683891E-13,1.,1.01268053176893E-13));
#3400=DIRECTION('',(0.,-9.07884878383329E-13,-1.));
#3401=DIRECTION('',(0.,-1.13763165554366E-12,1.));
#3402=DIRECTION('',(1.35720060425568E-13,-1.,-2.62737101378439E-13));
#3403=DIRECTION('',(0.,1.39994853316676E-12,-1.));
#3404=DIRECTION('',(4.51530237103156E-13,-1.,1.01268053176893E-13));
#3405=DIRECTION('',(0.,-1.82021064887294E-12,1.));
#3406=DIRECTION('center_axis',(-6.75902341917359E-25,-1.48628386286798E-12,
-1.));
#3407=DIRECTION('ref_axis',(-1.,0.,0.));
#3408=DIRECTION('',(-4.0415516738267E-13,-1.,1.48577295591415E-12));
#3409=DIRECTION('center_axis',(1.39974417062915E-14,1.38765912688437E-12,
1.));
#3410=DIRECTION('ref_axis',(1.,-1.94236777367673E-26,-1.39974417062915E-14));
#3411=DIRECTION('',(-1.,4.73001267782993E-13,0.));
#3412=DIRECTION('center_axis',(-1.39974417062632E-14,1.38765912688422E-12,
1.));
#3413=DIRECTION('ref_axis',(1.,1.94236777367259E-26,1.39974417062632E-14));
#3414=DIRECTION('',(0.707106781186666,0.707106781186429,-1.05073447322716E-12));
#3415=DIRECTION('',(1.,0.,0.));
#3416=DIRECTION('center_axis',(2.11901598186302E-14,1.51999124306401E-12,
1.));
#3417=DIRECTION('ref_axis',(1.,-3.22088573634448E-26,-2.11901598186302E-14));
#3418=DIRECTION('center_axis',(0.,3.33066907380277E-13,1.));
#3419=DIRECTION('ref_axis',(1.,0.,0.));
#3420=DIRECTION('center_axis',(9.71614362685542E-13,9.71614362686912E-13,
-1.));
#3421=DIRECTION('ref_axis',(1.,-9.44034469778163E-25,9.71614362685542E-13));
#3422=DIRECTION('',(-5.82867087912833E-13,-1.,3.99680288854514E-13));
#3423=DIRECTION('center_axis',(1.03862224976731E-12,1.03862224977022E-12,
1.));
#3424=DIRECTION('ref_axis',(1.,-1.07873617771473E-24,-1.03862224976731E-12));
#3425=DIRECTION('',(-5.80091530351344E-13,1.,1.3988810109908E-12));
#3426=DIRECTION('center_axis',(0.,9.09520092011415E-13,1.));
#3427=DIRECTION('ref_axis',(-1.,0.,0.));
#3428=DIRECTION('',(0.,9.09480823984473E-13,1.));
#3429=DIRECTION('',(0.,9.09479739782938E-13,1.));
#3430=DIRECTION('center_axis',(0.,-1.,9.094797397817E-13));
#3431=DIRECTION('ref_axis',(0.,-9.09479739782948E-13,-1.));
#3432=DIRECTION('',(0.,-9.09479739782938E-13,-1.));
#3433=DIRECTION('',(1.,8.88658265598673E-13,0.));
#3434=DIRECTION('center_axis',(0.707106781185983,-0.707106781187112,6.72203883662182E-13));
#3435=DIRECTION('ref_axis',(9.50639567065537E-13,0.,-1.));
#3436=DIRECTION('',(0.,-1.81993309311679E-12,-1.));
#3437=DIRECTION('',(0.707106781187216,0.707106781185879,1.07262477475297E-12));
#3438=DIRECTION('',(0.,9.0949546071446E-13,1.));
#3439=DIRECTION('center_axis',(-5.95781152306429E-18,9.09479739782646E-13,
1.));
#3440=DIRECTION('ref_axis',(0.,-1.,9.15933995372887E-13));
#3441=DIRECTION('center_axis',(4.92452112589697E-16,1.82042554522876E-12,
1.));
#3442=DIRECTION('ref_axis',(0.707106781161189,-0.707106781211906,1.29063426619567E-12));
#3443=DIRECTION('center_axis',(-1.16221240063917E-15,1.40005528537685E-12,
-1.));
#3444=DIRECTION('ref_axis',(2.27456942163635E-11,1.,1.40165656854955E-12));
#3445=DIRECTION('',(0.,1.74934852927716E-12,1.));
#3446=DIRECTION('center_axis',(-7.29254711459593E-14,-2.07132691547324E-12,
1.));
#3447=DIRECTION('ref_axis',(1.,-1.51052491208193E-25,7.29254711459593E-14));
#3448=DIRECTION('center_axis',(-4.72856707492726E-13,1.,1.39920126766558E-12));
#3449=DIRECTION('ref_axis',(0.,-1.39920297570484E-12,1.));
#3450=DIRECTION('',(0.,-1.40005528537839E-12,1.));
#3451=DIRECTION('',(1.,4.75169672127992E-13,0.));
#3452=DIRECTION('center_axis',(1.87583490159143E-25,-2.75011495058179E-13,
1.));
#3453=DIRECTION('ref_axis',(1.,0.,0.));
#3454=DIRECTION('center_axis',(-1.07212619330817E-12,1.07212619330817E-12,
-1.));
#3455=DIRECTION('ref_axis',(1.,1.14945457437747E-24,-1.07212619330817E-12));
#3456=DIRECTION('',(-4.10100390558021E-13,1.,2.62737101378439E-13));
#3457=DIRECTION('center_axis',(1.00511830622645E-12,1.00511830622925E-12,
-1.));
#3458=DIRECTION('ref_axis',(1.,-1.01026280951434E-24,1.00511830622645E-12));
#3459=DIRECTION('',(-1.,-4.73001267783017E-13,0.));
#3460=DIRECTION('center_axis',(5.91758406419773E-15,-2.00431902839125E-12,
1.));
#3461=DIRECTION('ref_axis',(1.,1.18607263419764E-26,-5.91758406419773E-15));
#3462=DIRECTION('center_axis',(-3.79844114308477E-13,1.,1.50018886202497E-12));
#3463=DIRECTION('ref_axis',(-1.38777878077846E-14,1.50053580671671E-12,
-1.));
#3464=DIRECTION('center_axis',(-7.34280312618139E-13,0.707106781187209,
-0.707106781185886));
#3465=DIRECTION('ref_axis',(2.98595652060425E-11,0.707106781185886,0.707106781187209));
#3466=DIRECTION('',(-3.1147923746653E-13,1.,1.49957207146634E-12));
#3467=DIRECTION('',(-5.77315972805613E-13,1.,1.39888101102898E-12));
#3468=DIRECTION('center_axis',(-1.50670922039102E-14,-0.707106781186152,
-0.707106781186943));
#3469=DIRECTION('ref_axis',(-3.24994354173237E-11,0.707106781186943,-0.707106781186152));
#3470=DIRECTION('',(3.79788793007246E-13,-1.,-1.50018886202497E-12));
#3471=DIRECTION('center_axis',(0.,0.,-1.));
#3472=DIRECTION('ref_axis',(-1.,2.88657986398903E-12,0.));
#3473=DIRECTION('center_axis',(-2.95879203212376E-15,1.00215951419567E-12,
-1.));
#3474=DIRECTION('ref_axis',(1.,2.96518158551917E-27,-2.95879203212376E-15));
#3475=DIRECTION('',(0.,0.,1.));
#3476=DIRECTION('center_axis',(0.,0.,-1.));
#3477=DIRECTION('ref_axis',(-2.27456942163936E-11,-1.,0.));
#3478=DIRECTION('',(0.,0.,1.));
#3479=DIRECTION('center_axis',(-3.29771926231773E-27,1.40007107143046E-12,
-1.));
#3480=DIRECTION('ref_axis',(-1.,-2.08902339872767E-10,0.));
#3481=DIRECTION('',(0.,1.13728471085051E-12,-1.));
#3482=DIRECTION('',(0.,9.08162434139484E-13,1.));
#3483=DIRECTION('center_axis',(0.,-3.33066907387852E-13,1.));
#3484=DIRECTION('ref_axis',(1.,0.,0.));
#3485=DIRECTION('center_axis',(-1.03862224976729E-12,1.03862224976739E-12,
-1.));
#3486=DIRECTION('ref_axis',(1.,1.07873617771177E-24,-1.03862224976729E-12));
#3487=DIRECTION('',(-3.02535774210628E-13,1.,3.99680288865416E-13));
#3488=DIRECTION('center_axis',(-2.00279451520304E-28,1.39984848687847E-12,
-1.));
#3489=DIRECTION('ref_axis',(1.,-1.99840144429993E-12,0.));
#3490=DIRECTION('',(0.,-1.40016203759458E-12,1.));
#3491=DIRECTION('center_axis',(1.39974417062767E-14,1.38765912688425E-12,
-1.));
#3492=DIRECTION('ref_axis',(1.,-1.94236777367451E-26,1.39974417062767E-14));
#3493=DIRECTION('center_axis',(4.75025111838324E-13,-1.,-1.39941477209567E-12));
#3494=DIRECTION('ref_axis',(0.,1.39941391807952E-12,-1.));
#3495=DIRECTION('',(0.,1.39866750659832E-12,-1.));
#3496=DIRECTION('',(-1.,-4.75025111838324E-13,0.));
#3497=DIRECTION('center_axis',(-1.12641956872539E-15,1.39994853316522E-12,
-1.));
#3498=DIRECTION('ref_axis',(-2.27456942163766E-11,-1.,-1.40165656855036E-12));
#3499=DIRECTION('',(0.,-1.39845400217052E-12,1.));
#3500=DIRECTION('center_axis',(-1.39974417062709E-14,1.38765912688421E-12,
-1.));
#3501=DIRECTION('ref_axis',(1.,1.94236777367366E-26,-1.39974417062709E-14));
#3502=DIRECTION('center_axis',(-6.77678140194897E-25,1.48628386286864E-12,
-1.));
#3503=DIRECTION('ref_axis',(-1.,0.,0.));
#3504=DIRECTION('',(-4.0585448833873E-13,1.,1.48577295591415E-12));
#3505=DIRECTION('center_axis',(-2.11901598186479E-14,1.51999124306395E-12,
-1.));
#3506=DIRECTION('ref_axis',(1.,3.22088573634705E-26,-2.11901598186479E-14));
#3507=DIRECTION('',(1.,8.91031275386629E-13,0.));
#3508=DIRECTION('',(0.707106781186788,-0.707106781186307,-1.05073447322697E-12));
#3509=DIRECTION('center_axis',(-1.,-4.22096444425791E-13,-6.64315598273061E-25));
#3510=DIRECTION('ref_axis',(0.,0.,1.));
#3511=DIRECTION('',(0.,-1.81604731252931E-12,1.));
#3512=DIRECTION('center_axis',(2.63900958458077E-27,1.81792792661697E-12,
-1.));
#3513=DIRECTION('ref_axis',(-1.,1.40165656857304E-12,0.));
#3514=DIRECTION('',(0.,-1.82007187099485E-12,1.));
#3515=DIRECTION('center_axis',(-8.91031275386629E-13,1.,1.82000248205581E-12));
#3516=DIRECTION('ref_axis',(0.,-1.82000248205583E-12,1.));
#3517=DIRECTION('',(1.,8.91166875945963E-13,0.));
#3518=DIRECTION('',(0.,1.81993309311677E-12,-1.));
#3519=DIRECTION('center_axis',(0.707106781186305,0.70710678118679,1.57975834038312E-12));
#3520=DIRECTION('ref_axis',(2.2341239969137E-12,0.,-1.));
#3521=DIRECTION('',(0.,1.81632486828676E-12,-1.));
#3522=DIRECTION('',(0.,-1.82007187099489E-12,1.));
#3523=DIRECTION('',(0.707106781186778,-0.707106781186317,-1.04066493452523E-12));
#3524=DIRECTION('center_axis',(3.61173815242259E-16,1.81993309311677E-12,
-1.));
#3525=DIRECTION('ref_axis',(0.,1.,1.81799020293694E-12));
#3526=DIRECTION('center_axis',(2.7976015070631E-15,1.81352726677985E-12,
-1.));
#3527=DIRECTION('ref_axis',(0.707106781167178,0.707106781205917,1.29063426618081E-12));
#3528=DIRECTION('center_axis',(-6.93223099028191E-25,1.49634567857449E-12,
-1.));
#3529=DIRECTION('ref_axis',(-1.,0.,0.));
#3530=DIRECTION('center_axis',(1.62878417181437E-30,1.48574858502499E-12,
1.));
#3531=DIRECTION('ref_axis',(1.,6.93889390393727E-15,0.));
#3532=DIRECTION('',(0.,-1.48591456599385E-12,-1.));
#3533=DIRECTION('',(0.,1.48591456599385E-12,1.));
#3534=DIRECTION('center_axis',(-1.,3.87566136591137E-13,-1.24324807042736E-15));
#3535=DIRECTION('ref_axis',(3.88578058618813E-13,1.,-1.44328993201273E-12));
#3536=DIRECTION('',(-1.,3.89589980646445E-13,0.));
#3537=DIRECTION('center_axis',(1.,0.,0.));
#3538=DIRECTION('ref_axis',(0.,1.,0.));
#3539=DIRECTION('',(1.,-3.87566136591139E-13,0.));
#3540=DIRECTION('center_axis',(-1.,-3.35039435413135E-14,3.35039435414107E-14));
#3541=DIRECTION('ref_axis',(-3.35039435413135E-14,1.,1.12251423282278E-27));
#3542=DIRECTION('center_axis',(-0.408248290452948,-0.408248290443988,-0.816496580943121));
#3543=DIRECTION('ref_axis',(0.912870929180154,-0.182574185820315,-0.365148371665287));
#3544=DIRECTION('center_axis',(3.87566136591139E-13,1.,-1.48566674835442E-12));
#3545=DIRECTION('ref_axis',(0.,1.48566714486265E-12,1.));
#3546=DIRECTION('',(0.,-1.48591456599385E-12,-1.));
#3547=DIRECTION('',(-1.,3.87421576301474E-13,0.));
#3548=DIRECTION('center_axis',(-4.79429991471609E-16,1.48541893071501E-12,
1.));
#3549=DIRECTION('ref_axis',(1.69031455498965E-11,1.,-1.48492329543426E-12));
#3550=DIRECTION('',(0.,1.48591456599385E-12,1.));
#3551=DIRECTION('center_axis',(-0.816496580897556,-0.408248290493098,0.408248290494969));
#3552=DIRECTION('ref_axis',(0.577350269232293,-0.577350269166962,0.577350269169621));
#3553=DIRECTION('center_axis',(0.,1.,-1.49032117230444E-12));
#3554=DIRECTION('ref_axis',(1.,0.,0.));
#3555=DIRECTION('',(0.,1.,-1.49155870727297E-12));
#3556=DIRECTION('',(0.,-1.,1.48255792194762E-12));
#3557=DIRECTION('center_axis',(2.17875696507067E-29,-1.,1.48699843899061E-12));
#3558=DIRECTION('ref_axis',(-1.,0.,0.));
#3559=DIRECTION('',(0.,1.,-1.49155870727152E-12));
#3560=DIRECTION('',(0.,-1.,1.48485625098266E-12));
#3561=DIRECTION('center_axis',(-1.,0.,0.));
#3562=DIRECTION('ref_axis',(0.,0.,1.));
#3563=DIRECTION('',(0.,-1.,1.48577295591431E-12));
#3564=DIRECTION('',(0.,-1.48607719631972E-12,-1.));
#3565=DIRECTION('center_axis',(5.76232843628178E-25,1.48628386286746E-12,
1.));
#3566=DIRECTION('ref_axis',(1.,0.,0.));
#3567=DIRECTION('',(0.,1.,-1.48561278011125E-12));
#3568=DIRECTION('',(1.,-3.87910825081224E-13,0.));
#3569=DIRECTION('center_axis',(3.7455448946458E-14,-1.46449566194426E-12,
-1.));
#3570=DIRECTION('ref_axis',(-0.324541358259484,0.945871506484411,-1.3973805602784E-12));
#3571=DIRECTION('',(0.707106781186234,0.707106781186861,-1.05073447322792E-12));
#3572=DIRECTION('center_axis',(1.,2.44164409863454E-24,1.64352658466744E-12));
#3573=DIRECTION('ref_axis',(1.6435297567341E-12,0.,-1.));
#3574=DIRECTION('',(0.,1.48566674835442E-12,1.));
#3575=DIRECTION('center_axis',(0.408248290458125,0.408248290439439,-0.816496580942807));
#3576=DIRECTION('ref_axis',(0.912870929177845,-0.182574185821052,0.365148371670694));
#3577=DIRECTION('center_axis',(1.,-3.35039435414105E-14,-3.35039435413104E-14));
#3578=DIRECTION('ref_axis',(3.35039435413104E-14,0.,1.));
#3579=DIRECTION('center_axis',(-1.92328913538995E-31,1.48610090620649E-12,
1.));
#3580=DIRECTION('ref_axis',(-1.,-4.87890977613818E-15,0.));
#3581=DIRECTION('',(0.,1.48614302288019E-12,1.));
#3582=DIRECTION('center_axis',(-3.87910825081224E-13,-1.,1.48692713337994E-12));
#3583=DIRECTION('ref_axis',(0.,-1.48692713957538E-12,-1.));
#3584=DIRECTION('',(-1.,3.87910825081224E-13,0.));
#3585=DIRECTION('',(0.,-1.4860713880938E-12,-1.));
#3586=DIRECTION('center_axis',(-0.94166317764701,-0.290400099368121,-0.170112439729497));
#3587=DIRECTION('ref_axis',(-0.285774439761064,0.95690531521514,-0.0516254519812051));
#3588=DIRECTION('center_axis',(3.23129017615159E-14,1.2960599634545E-12,
1.));
#3589=DIRECTION('ref_axis',(0.32815419403998,-0.944624171262821,1.21368595465049E-12));
#3590=DIRECTION('center_axis',(0.707106781183797,0.707106781189298,-1.89485281294642E-12));
#3591=DIRECTION('ref_axis',(0.537164279576406,-0.537164279573971,-0.650314595789559));
#3592=DIRECTION('center_axis',(1.,-3.87910825081224E-13,-2.47982394264456E-17));
#3593=DIRECTION('ref_axis',(-3.88578058624335E-13,-1.,7.13318293331816E-12));
#3594=DIRECTION('',(1.,-3.87906587563745E-13,0.));
#3595=DIRECTION('center_axis',(-0.439732612003733,0.182143211721563,-0.879465224078888));
#3596=DIRECTION('ref_axis',(0.898128737954853,0.0891790974548451,-0.430594773118255));
#3597=DIRECTION('center_axis',(-0.707106781183841,-0.707106781189254,1.90841028099842E-12));
#3598=DIRECTION('ref_axis',(0.537242971470531,-0.537242971468174,-0.650184573189461));
#3599=DIRECTION('center_axis',(1.0614962550466E-16,1.48577289797992E-12,
1.));
#3600=DIRECTION('ref_axis',(0.707106781164364,-0.707106781208731,1.05471187323817E-12));
#3601=DIRECTION('',(0.,-1.48591456599385E-12,-1.));
#3602=DIRECTION('center_axis',(0.707106781186661,0.707106781186434,-1.11670037537352E-12));
#3603=DIRECTION('ref_axis',(0.707106781186432,-0.707106781186663,3.86773946207879E-11));
#3604=DIRECTION('',(-0.707106781186234,-0.707106781186861,1.05073447322792E-12));
#3605=DIRECTION('',(0.707106781186235,0.70710678118686,-1.05073447322792E-12));
#3606=DIRECTION('center_axis',(1.36520925902195E-16,1.4861449589555E-12,
1.));
#3607=DIRECTION('ref_axis',(-1.06720188254728E-11,-1.,1.48492329561195E-12));
#3608=DIRECTION('',(0.,1.486107205487E-12,1.));
#3609=DIRECTION('center_axis',(-5.75952744247784E-25,-1.48577295591423E-12,
-1.));
#3610=DIRECTION('ref_axis',(-1.,0.,0.));
#3611=DIRECTION('center_axis',(0.707106781186737,-0.707106781186358,1.05320213526979E-12));
#3612=DIRECTION('ref_axis',(1.48945300537662E-12,0.,-1.));
#3613=DIRECTION('center_axis',(-1.1230698338067E-27,1.4852985289996E-12,
-1.));
#3614=DIRECTION('ref_axis',(1.,2.99760216649524E-12,0.));
#3615=DIRECTION('',(0.,-1.48492329543615E-12,1.));
#3616=DIRECTION('center_axis',(1.23137837124197E-14,1.48648729953128E-12,
-1.));
#3617=DIRECTION('ref_axis',(0.,1.,1.48648729953128E-12));
#3618=DIRECTION('',(0.,1.48492329543615E-12,-1.));
#3619=DIRECTION('center_axis',(1.,4.24718131035E-13,2.04405601536437E-16));
#3620=DIRECTION('ref_axis',(4.3021142204229E-13,-1.,-1.51267887105192E-12));
#3621=DIRECTION('',(-1.,-4.24718131034996E-13,0.));
#3622=DIRECTION('',(1.,4.24718131035001E-13,0.));
#3623=DIRECTION('center_axis',(-1.,-1.51999124307326E-12,-2.11901598316075E-14));
#3624=DIRECTION('ref_axis',(2.11901598316075E-14,0.,-1.));
#3625=DIRECTION('center_axis',(0.408248290463306,-0.408248290463473,0.8164965809282));
#3626=DIRECTION('ref_axis',(0.912870929175519,0.182574185834591,-0.365148371669737));
#3627=DIRECTION('center_axis',(4.24718131035001E-13,-1.,-1.48591456599385E-12));
#3628=DIRECTION('ref_axis',(0.,1.48591139392806E-12,-1.));
#3629=DIRECTION('',(-1.,-4.2529637219366E-13,0.));
#3630=DIRECTION('',(0.,1.48492329543615E-12,-1.));
#3631=DIRECTION('center_axis',(-1.77117013383856E-16,1.48591456599385E-12,
-1.));
#3632=DIRECTION('ref_axis',(4.99600361080973E-13,-1.,-1.48492329543512E-12));
#3633=DIRECTION('',(0.,-1.48492329543615E-12,1.));
#3634=DIRECTION('center_axis',(0.816496580928211,-0.408248290462107,-0.408248290464649));
#3635=DIRECTION('ref_axis',(0.577350269188945,0.577350269188168,0.577350269191765));
#3636=DIRECTION('center_axis',(-3.71603850346453E-13,1.,1.48670735387951E-12));
#3637=DIRECTION('ref_axis',(1.,3.74700270810844E-13,0.));
#3638=DIRECTION('',(-3.71603850347627E-13,1.,1.49155870727767E-12));
#3639=DIRECTION('',(4.64183356307933E-13,-1.,-1.4825579219475E-12));
#3640=DIRECTION('center_axis',(3.97320379781822E-13,-1.,-1.48820618789156E-12));
#3641=DIRECTION('ref_axis',(-1.,-4.02455846430221E-13,4.28823643265305E-12));
#3642=DIRECTION('',(-3.8831959447931E-13,1.,1.49155870727152E-12));
#3643=DIRECTION('',(4.27528270406797E-13,-1.,-1.48485625098275E-12));
#3644=DIRECTION('center_axis',(-1.,-4.06137708498192E-13,5.00591631632708E-14));
#3645=DIRECTION('ref_axis',(5.00599561803483E-14,0.,1.));
#3646=DIRECTION('',(-4.06137708498118E-13,1.,1.48577295591431E-12));
#3647=DIRECTION('',(0.,1.48566674835442E-12,-1.));
#3648=DIRECTION('center_axis',(6.30237576431229E-25,-1.48628386286809E-12,
1.));
#3649=DIRECTION('ref_axis',(1.,0.,0.));
#3650=DIRECTION('',(4.51530237103383E-13,-1.,-1.48561278011125E-12));
#3651=DIRECTION('center_axis',(1.27083372136925E-13,-1.497826646659E-12,
1.));
#3652=DIRECTION('ref_axis',(0.93993329200889,0.341358179297539,3.91845484674605E-13));
#3653=DIRECTION('',(0.707106781186849,-0.707106781186246,-1.05073447322696E-12));
#3654=DIRECTION('center_axis',(-3.74554489704012E-14,-1.46449566201417E-12,
1.));
#3655=DIRECTION('ref_axis',(-0.374789148073417,-0.927110076790455,-1.37178658147957E-12));
#3656=DIRECTION('',(1.,4.22124541208123E-13,0.));
#3657=DIRECTION('center_axis',(1.,4.51530237103383E-13,6.70711561983242E-25));
#3658=DIRECTION('ref_axis',(0.,0.,-1.));
#3659=DIRECTION('',(0.,-1.48591456599385E-12,1.));
#3660=DIRECTION('center_axis',(-0.408248290463894,0.408248290462245,0.81649658092852));
#3661=DIRECTION('ref_axis',(0.912870929175264,0.182574185834346,0.365148371670497));
#3662=DIRECTION('center_axis',(1.23137837124139E-14,1.48648729953126E-12,
-1.));
#3663=DIRECTION('ref_axis',(0.,1.,1.48648729953126E-12));
#3664=DIRECTION('center_axis',(-1.,0.,0.));
#3665=DIRECTION('ref_axis',(0.,1.,0.));
#3666=DIRECTION('center_axis',(-6.89312517975551E-29,1.48571587022346E-12,
-1.));
#3667=DIRECTION('ref_axis',(-1.,-1.40165656859062E-12,0.));
#3668=DIRECTION('',(0.,-1.48566674835442E-12,1.));
#3669=DIRECTION('center_axis',(-4.21988940648789E-13,1.,1.48579065717414E-12));
#3670=DIRECTION('ref_axis',(0.,-1.48578926939535E-12,1.));
#3671=DIRECTION('',(0.,1.49285345989776E-12,-1.));
#3672=DIRECTION('',(-1.,-4.22124541208123E-13,0.));
#3673=DIRECTION('center_axis',(0.941663177663802,-0.290400099342481,0.170112439680314));
#3674=DIRECTION('ref_axis',(0.285774439738611,0.956905315222919,0.0516254519613039));
#3675=DIRECTION('center_axis',(-1.,-4.25921356869482E-13,-7.20852028112081E-16));
#3676=DIRECTION('ref_axis',(-4.30211422048372E-13,1.,7.10542735770214E-12));
#3677=DIRECTION('',(1.,4.22124541208123E-13,0.));
#3678=DIRECTION('center_axis',(0.439732612030833,0.182143211719294,0.879465224065808));
#3679=DIRECTION('ref_axis',(0.898128737941587,-0.0891790974605457,-0.430594773144745));
#3680=DIRECTION('center_axis',(-4.63954769149776E-13,1.35828994524046E-12,
-1.));
#3681=DIRECTION('ref_axis',(0.935867988209871,0.352350831762901,4.43941755560856E-14));
#3682=DIRECTION('center_axis',(1.20087600895316E-16,1.4852988431141E-12,
-1.));
#3683=DIRECTION('ref_axis',(0.70710678118729,0.707106781185805,1.05471187339366E-12));
#3684=DIRECTION('',(0.,1.485418930715E-12,-1.));
#3685=DIRECTION('center_axis',(-0.707106781186851,0.707106781186244,1.0455260657736E-12));
#3686=DIRECTION('ref_axis',(0.707106781186244,0.707106781186851,1.30451205393615E-12));
#3687=DIRECTION('',(0.70710678118685,-0.707106781186245,-1.05073447322693E-12));
#3688=DIRECTION('',(-0.707106781186849,0.707106781186246,1.05073447322696E-12));
#3689=DIRECTION('center_axis',(-7.91904924221238E-16,1.48591456599385E-12,
-1.));
#3690=DIRECTION('ref_axis',(-1.69309011256409E-12,1.,1.48492329544556E-12));
#3691=DIRECTION('',(0.,-1.48566674835442E-12,1.));
#3692=DIRECTION('center_axis',(-6.28349915866972E-25,1.48577295591396E-12,
-1.));
#3693=DIRECTION('ref_axis',(-1.,0.,0.));
#3694=DIRECTION('center_axis',(0.707106781186253,0.707106781186843,1.02546663707829E-12));
#3695=DIRECTION('ref_axis',(1.45023992814686E-12,0.,-1.));
#3696=CARTESIAN_POINT('',(0.,0.,0.));
#3697=CARTESIAN_POINT('Origin',(2.19842869001585,0.498067958105935,0.771183427970978));
#3698=CARTESIAN_POINT('',(2.19842869001604,0.508067958106039,0.841183427970964));
#3699=CARTESIAN_POINT('',(2.18842869001628,0.498067958106049,0.841183427970978));
#3700=CARTESIAN_POINT('Ctrl Pts',(2.19842869001604,0.508067958106039,0.841183427970964));
#3701=CARTESIAN_POINT('Ctrl Pts',(2.18842869001583,0.508067958106039,0.841183427970964));
#3702=CARTESIAN_POINT('Ctrl Pts',(2.18842869001583,0.498067958106049,0.841183427970978));
#3703=CARTESIAN_POINT('',(2.19842869001604,0.508067958105812,0.701183427970964));
#3704=CARTESIAN_POINT('',(2.19842869001604,0.508067958105812,0.701183427970964));
#3705=CARTESIAN_POINT('',(2.18842869001628,0.498067958105821,0.701183427970978));
#3706=CARTESIAN_POINT('Ctrl Pts',(2.18842869001583,0.498067958105821,0.701183427970978));
#3707=CARTESIAN_POINT('Ctrl Pts',(2.18842869001583,0.508067958105812,0.701183427970964));
#3708=CARTESIAN_POINT('Ctrl Pts',(2.19842869001604,0.508067958105812,0.701183427970964));
#3709=CARTESIAN_POINT('',(2.18842869001628,0.498067958106049,0.841183427970978));
#3710=CARTESIAN_POINT('Origin',(2.43842869001607,0.498067958106723,0.701183427971003));
#3711=CARTESIAN_POINT('',(2.19842869001604,0.498067958105821,0.691183427970978));
#3712=CARTESIAN_POINT('',(2.67842869001606,0.498067958106731,0.691183427970978));
#3713=CARTESIAN_POINT('',(2.19842869001604,0.498067958105821,0.691183427970978));
#3714=CARTESIAN_POINT('Origin',(2.19842869001604,0.49806795810531,0.701183427970964));
#3715=CARTESIAN_POINT('',(2.67842869001606,0.508067958106722,0.701183427970964));
#3716=CARTESIAN_POINT('',(2.67842869001606,0.508067958106722,0.701183427970964));
#3717=CARTESIAN_POINT('Origin',(2.67842869001606,0.498067958106745,0.701183427971491));
#3718=CARTESIAN_POINT('Origin',(2.19842869001583,0.498067958105736,0.701183427970915));
#3719=CARTESIAN_POINT('Ctrl Pts',(2.19842869001604,0.498067958105821,0.691183427970978));
#3720=CARTESIAN_POINT('Ctrl Pts',(2.18842869001583,0.498067958105821,0.691183427971008));
#3721=CARTESIAN_POINT('Ctrl Pts',(2.18842869001583,0.498067958105821,0.701183427970978));
#3722=CARTESIAN_POINT('Origin',(2.43842869001605,0.508067958106153,0.701183427970964));
#3723=CARTESIAN_POINT('',(2.67842869001606,0.508067958106949,0.841183427970964));
#3724=CARTESIAN_POINT('',(2.19842869001604,0.508067958106039,0.841183427970964));
#3725=CARTESIAN_POINT('',(2.67842869001606,0.508067958106949,0.841183427970964));
#3726=CARTESIAN_POINT('Origin',(2.67842869001629,0.498067958106839,0.77118342797098));
#3727=CARTESIAN_POINT('',(2.68842869001628,0.498067958106958,0.841183427970978));
#3728=CARTESIAN_POINT('Ctrl Pts',(2.68842869001628,0.498067958106958,0.841183427970978));
#3729=CARTESIAN_POINT('Ctrl Pts',(2.68842869001628,0.508067958106949,0.841183427970964));
#3730=CARTESIAN_POINT('Ctrl Pts',(2.67842869001606,0.508067958106949,0.841183427970964));
#3731=CARTESIAN_POINT('',(2.68842869001628,0.498067958106731,0.701183427970978));
#3732=CARTESIAN_POINT('',(2.68842869001628,0.498067958106731,0.701183427970978));
#3733=CARTESIAN_POINT('Ctrl Pts',(2.67842869001606,0.508067958106722,0.701183427970964));
#3734=CARTESIAN_POINT('Ctrl Pts',(2.68842869001628,0.508067958106722,0.701183427970964));
#3735=CARTESIAN_POINT('Ctrl Pts',(2.68842869001628,0.498067958106731,0.701183427970978));
#3736=CARTESIAN_POINT('Origin',(2.67842869001639,0.498067958106548,0.701183427971236));
#3737=CARTESIAN_POINT('Ctrl Pts',(2.68842869001628,0.498067958106731,0.701183427970978));
#3738=CARTESIAN_POINT('Ctrl Pts',(2.68842869001628,0.498067958106731,0.691183427970979));
#3739=CARTESIAN_POINT('Ctrl Pts',(2.67842869001606,0.498067958106731,0.691183427970979));
#3740=CARTESIAN_POINT('Origin',(2.19842869001638,0.444103492012005,0.701183427971112));
#3741=CARTESIAN_POINT('',(2.18842869001628,0.232210093729691,0.701183427971299));
#3742=CARTESIAN_POINT('',(2.18842869001628,0.498067958105821,0.701183427970978));
#3743=CARTESIAN_POINT('',(2.1984286900165,0.232210093729691,0.691183427971299));
#3744=CARTESIAN_POINT('',(2.1984286900165,0.232210093729691,0.691183427971299));
#3745=CARTESIAN_POINT('Ctrl Pts',(2.18842869001628,0.232210093729691,0.701183427971299));
#3746=CARTESIAN_POINT('Ctrl Pts',(2.18842869001628,0.232210093729691,0.691183427971329));
#3747=CARTESIAN_POINT('Ctrl Pts',(2.1984286900165,0.232210093729691,0.6911834279713));
#3748=CARTESIAN_POINT('Origin',(2.67842869001638,0.444103492012801,0.701183427971083));
#3749=CARTESIAN_POINT('',(2.67842869001697,0.00806795810672156,0.691183427971632));
#3750=CARTESIAN_POINT('',(2.67842869001652,0.498067958106731,0.691183427970978));
#3751=CARTESIAN_POINT('',(2.68842869001719,0.00806795810672156,0.701183427971632));
#3752=CARTESIAN_POINT('',(2.68842869001674,0.00806795810672156,0.701183427971632));
#3753=CARTESIAN_POINT('Ctrl Pts',(2.67842869001697,0.00806795810672156,
0.691183427971632));
#3754=CARTESIAN_POINT('Ctrl Pts',(2.68842869001719,0.00806795810672156,
0.691183427971632));
#3755=CARTESIAN_POINT('Ctrl Pts',(2.68842869001719,0.00806795810672156,
0.701183427971632));
#3756=CARTESIAN_POINT('Origin',(2.68842869001651,0.253067958106726,0.701183427971268));
#3757=CARTESIAN_POINT('',(2.68842869001719,0.00806795810694894,0.841183427971632));
#3758=CARTESIAN_POINT('',(2.68842869001628,0.498067958106958,0.841183427970904));
#3759=CARTESIAN_POINT('',(2.68842869001719,0.00806795810694894,0.841183427971632));
#3760=CARTESIAN_POINT('Origin',(2.43842869001696,-0.0019320418936104,0.841183427971647));
#3761=CARTESIAN_POINT('',(2.18842869001628,0.232210093729918,0.841183427971299));
#3762=CARTESIAN_POINT('',(2.18842869001628,0.232210093729918,0.841183427971299));
#3763=CARTESIAN_POINT('',(2.19135762220458,0.225139025917997,0.84118342797131));
#3764=CARTESIAN_POINT('Ctrl Pts',(2.18842869001628,0.232210093729918,0.841183427971299));
#3765=CARTESIAN_POINT('Ctrl Pts',(2.18842869001628,0.228067958106294,0.841183427971306));
#3766=CARTESIAN_POINT('Ctrl Pts',(2.19135762220458,0.225139025917997,0.84118342797131));
#3767=CARTESIAN_POINT('',(2.41549975782891,0.000996890294800323,0.841183427971643));
#3768=CARTESIAN_POINT('',(2.41549975782891,0.000996890294800323,0.841183427971643));
#3769=CARTESIAN_POINT('',(2.42257082564083,-0.00193204189326934,0.841183427971647));
#3770=CARTESIAN_POINT('Ctrl Pts',(2.41549975782891,0.000996890294800323,
0.841183427971643));
#3771=CARTESIAN_POINT('Ctrl Pts',(2.41842869001721,-0.00193204189326934,
0.841183427971647));
#3772=CARTESIAN_POINT('Ctrl Pts',(2.42257082564083,-0.00193204189326934,
0.841183427971647));
#3773=CARTESIAN_POINT('',(2.67842869001697,-0.00193204189304197,0.841183427971647));
#3774=CARTESIAN_POINT('',(2.67842869001697,-0.00193204189304197,0.841183427971647));
#3775=CARTESIAN_POINT('Ctrl Pts',(2.67842869001697,-0.00193204189304197,
0.841183427971647));
#3776=CARTESIAN_POINT('Ctrl Pts',(2.68842869001719,-0.00193204189304197,
0.841183427971647));
#3777=CARTESIAN_POINT('Ctrl Pts',(2.68842869001719,0.00806795810694894,
0.841183427971632));
#3778=CARTESIAN_POINT('Origin',(2.18842869001606,0.365139025917756,0.701183427971102));
#3779=CARTESIAN_POINT('',(2.18842869001628,0.232210093729691,0.701183427971299));
#3780=CARTESIAN_POINT('Origin',(2.67842869001682,0.0080679581068137,0.701183427971527));
#3781=CARTESIAN_POINT('',(2.67842869001697,-0.00193204189326934,0.701183427971647));
#3782=CARTESIAN_POINT('Ctrl Pts',(2.68842869001719,0.00806795810672156,
0.701183427971632));
#3783=CARTESIAN_POINT('Ctrl Pts',(2.68842869001719,-0.00193204189326934,
0.701183427971647));
#3784=CARTESIAN_POINT('Ctrl Pts',(2.67842869001697,-0.00193204189326934,
0.701183427971647));
#3785=CARTESIAN_POINT('Origin',(2.67842869001697,0.00806795810723036,0.701183427971647));
#3786=CARTESIAN_POINT('Origin',(2.67842869001695,0.00806795810683545,0.771183427971632));
#3787=CARTESIAN_POINT('',(2.67842869001697,-0.00193204189326934,0.701183427971647));
#3788=CARTESIAN_POINT('Origin',(2.5504997578289,-0.00193204189338303,0.701183427971647));
#3789=CARTESIAN_POINT('',(2.42257082564083,-0.00193204189349672,0.701183427971647));
#3790=CARTESIAN_POINT('',(2.42257082564083,-0.00193204189326934,0.841183427971647));
#3791=CARTESIAN_POINT('',(2.42257082564083,-0.00193204189349672,0.701183427971647));
#3792=CARTESIAN_POINT('Origin',(2.42257082564047,0.0080679581062423,0.701183427971316));
#3793=CARTESIAN_POINT('',(2.41549975782891,0.00099689029457295,0.701183427971643));
#3794=CARTESIAN_POINT('Ctrl Pts',(2.42257082564083,-0.00193204189349672,
0.701183427971647));
#3795=CARTESIAN_POINT('Ctrl Pts',(2.41842869001721,-0.00193204189349678,
0.701183427971647));
#3796=CARTESIAN_POINT('Ctrl Pts',(2.41549975782891,0.00099689029457295,
0.701183427971643));
#3797=CARTESIAN_POINT('',(2.42257082564083,0.00806795810649419,0.691183427971632));
#3798=CARTESIAN_POINT('Origin',(2.42257082564143,0.00806795810709484,0.701183427972461));
#3799=CARTESIAN_POINT('Origin',(2.42257082564083,0.00806795810650815,0.70118342797214));
#3800=CARTESIAN_POINT('Origin',(2.55049975782889,0.00806795810628198,0.701183427971687));
#3801=CARTESIAN_POINT('',(2.67842869001697,0.00806795810694894,0.691183427971632));
#3802=CARTESIAN_POINT('Origin',(2.19842869001569,0.232210093729173,0.701183427970773));
#3803=CARTESIAN_POINT('',(2.19135762220458,0.22513902591777,0.70118342797131));
#3804=CARTESIAN_POINT('Origin',(2.19842869001708,0.232210093730274,0.701183427972105));
#3805=CARTESIAN_POINT('Ctrl Pts',(2.19135762220458,0.22513902591777,0.70118342797131));
#3806=CARTESIAN_POINT('Ctrl Pts',(2.18842869001628,0.228067958106067,0.701183427971306));
#3807=CARTESIAN_POINT('Ctrl Pts',(2.18842869001628,0.232210093729691,0.701183427971299));
#3808=CARTESIAN_POINT('Origin',(2.19842869001633,0.232210093729714,0.771183427971299));
#3809=CARTESIAN_POINT('',(2.19135762220458,0.225139025917997,0.84118342797131));
#3810=CARTESIAN_POINT('Origin',(2.31049975782857,0.120139025917907,0.701183427971278));
#3811=CARTESIAN_POINT('',(2.42257082564083,0.00806795810649419,0.691183427971632));
#3812=CARTESIAN_POINT('',(2.19135762220503,0.225139025917997,0.70118342797131));
#3813=CARTESIAN_POINT('Origin',(2.42257082564083,0.00806795810585583,0.771183427971631));
#3814=CARTESIAN_POINT('',(2.41549975782891,0.00099689029457295,0.701183427971643));
#3815=CARTESIAN_POINT('Origin',(2.43842869001697,0.0080679581063805,0.691183427971632));
#3816=CARTESIAN_POINT('Origin',(2.3034286900172,0.113067958106398,0.701183427971477));
#3817=CARTESIAN_POINT('Origin',(2.19842869001745,-0.681932041891133,0.771183427970978));
#3818=CARTESIAN_POINT('',(2.19842869001737,-0.691932041891278,0.841183427970963));
#3819=CARTESIAN_POINT('',(2.18842869001736,-0.681932041891287,0.841183427970978));
#3820=CARTESIAN_POINT('Origin',(2.19842869001737,-0.681932041890815,0.841183427970978));
#3821=CARTESIAN_POINT('',(2.18842869001736,-0.681932041891059,0.701183427970978));
#3822=CARTESIAN_POINT('',(2.18842869001736,-0.681932041891287,0.841183427970978));
#3823=CARTESIAN_POINT('',(2.19842869001737,-0.69193204189105,0.701183427970963));
#3824=CARTESIAN_POINT('Origin',(2.19842869001792,-0.681932041891051,0.701183427970978));
#3825=CARTESIAN_POINT('',(2.19842869001737,-0.69193204189105,0.701183427970963));
#3826=CARTESIAN_POINT('Origin',(2.43842869001736,-0.681932041890906,0.701183427971231));
#3827=CARTESIAN_POINT('',(2.19842869001735,-0.681932041891059,0.691183427970978));
#3828=CARTESIAN_POINT('',(2.67842869001734,-0.681932041890832,0.691183427970978));
#3829=CARTESIAN_POINT('',(2.19842869001735,-0.681932041891059,0.691183427970978));
#3830=CARTESIAN_POINT('',(2.67842869001736,-0.691932041890823,0.701183427970963));
#3831=CARTESIAN_POINT('Origin',(2.67842869001734,-0.681932041890848,0.701183427971489));
#3832=CARTESIAN_POINT('',(2.67842869001736,-0.691932041890823,0.701183427970963));
#3833=CARTESIAN_POINT('Origin',(2.19842869001735,-0.681932041890545,0.701183427970963));
#3834=CARTESIAN_POINT('Origin',(2.19842869001738,-0.681932041891088,0.70118342797076));
#3835=CARTESIAN_POINT('Ctrl Pts',(2.19842869001735,-0.681932041891059,0.691183427970978));
#3836=CARTESIAN_POINT('Ctrl Pts',(2.18842869001735,-0.681932041891059,0.691183427970978));
#3837=CARTESIAN_POINT('Ctrl Pts',(2.18842869001735,-0.681932041891059,0.701183427970978));
#3838=CARTESIAN_POINT('Origin',(2.43842869001737,-0.691932041890936,0.701183427970963));
#3839=CARTESIAN_POINT('',(2.67842869001736,-0.69193204189105,0.841183427970963));
#3840=CARTESIAN_POINT('',(2.67842869001736,-0.69193204189105,0.841183427970963));
#3841=CARTESIAN_POINT('',(2.19842869001737,-0.691932041891278,0.841183427970963));
#3842=CARTESIAN_POINT('Origin',(2.67842869001708,-0.681932041890903,0.771183427970979));
#3843=CARTESIAN_POINT('',(2.68842869001735,-0.681932041891059,0.841183427970978));
#3844=CARTESIAN_POINT('Origin',(2.67842869001687,-0.68193204189107,0.841183427970978));
#3845=CARTESIAN_POINT('',(2.68842869001735,-0.681932041890832,0.701183427970978));
#3846=CARTESIAN_POINT('Origin',(2.67842869001736,-0.681932041890353,0.701183427970978));
#3847=CARTESIAN_POINT('',(2.68842869001735,-0.681932041890832,0.701183427970978));
#3848=CARTESIAN_POINT('Origin',(2.67842869001756,-0.68193204189089,0.701183427970999));
#3849=CARTESIAN_POINT('Ctrl Pts',(2.68842869001735,-0.681932041890832,0.701183427970978));
#3850=CARTESIAN_POINT('Ctrl Pts',(2.68842869001735,-0.681932041890832,0.691183427970979));
#3851=CARTESIAN_POINT('Ctrl Pts',(2.67842869001734,-0.681932041890832,0.691183427970979));
#3852=CARTESIAN_POINT('Origin',(2.19842869001732,-0.627967575797236,0.701183427971048));
#3853=CARTESIAN_POINT('',(2.19842869001714,-0.416074177514929,0.691183427971299));
#3854=CARTESIAN_POINT('',(2.19842869001729,-0.574003109703881,0.691183427971139));
#3855=CARTESIAN_POINT('',(2.18842869001715,-0.416074177514929,0.701183427971299));
#3856=CARTESIAN_POINT('',(2.1884286900172,-0.524003109703926,0.701183427971139));
#3857=CARTESIAN_POINT('Ctrl Pts',(2.18842869001713,-0.416074177514929,0.701183427971299));
#3858=CARTESIAN_POINT('Ctrl Pts',(2.18842869001713,-0.416074177514929,0.691183427971299));
#3859=CARTESIAN_POINT('Ctrl Pts',(2.19842869001714,-0.416074177514929,0.691183427971299));
#3860=CARTESIAN_POINT('Origin',(2.67842869001737,-0.627967575796793,0.701183427971032));
#3861=CARTESIAN_POINT('',(2.68842869001698,-0.191932041890823,0.701183427971632));
#3862=CARTESIAN_POINT('',(2.68842869001729,-0.574003109703426,0.701183427971139));
#3863=CARTESIAN_POINT('',(2.67842869001699,-0.191932041890823,0.691183427971632));
#3864=CARTESIAN_POINT('',(2.67842869001719,-0.524003109703244,0.691183427971139));
#3865=CARTESIAN_POINT('Ctrl Pts',(2.67842869001699,-0.191932041890823,0.691183427971632));
#3866=CARTESIAN_POINT('Ctrl Pts',(2.68842869001699,-0.191932041890823,0.691183427971632));
#3867=CARTESIAN_POINT('Ctrl Pts',(2.68842869001699,-0.191932041890823,0.701183427971632));
#3868=CARTESIAN_POINT('Origin',(2.68842869001714,-0.436932041890827,0.701183427971268));
#3869=CARTESIAN_POINT('',(2.68842869001698,-0.19193204189105,0.841183427971632));
#3870=CARTESIAN_POINT('',(2.6884286900173,-0.681932041891059,0.841183427970904));
#3871=CARTESIAN_POINT('',(2.68842869001698,-0.19193204189105,0.841183427971632));
#3872=CARTESIAN_POINT('Origin',(2.43842869001701,-0.181932041891173,0.841183427971647));
#3873=CARTESIAN_POINT('',(2.18842869001715,-0.416074177515156,0.841183427971299));
#3874=CARTESIAN_POINT('',(2.18842869001715,-0.416074177515156,0.841183427971299));
#3875=CARTESIAN_POINT('',(2.67842869001697,-0.181932041891059,0.841183427971647));
#3876=CARTESIAN_POINT('Origin',(2.67842869001697,-0.191932041891534,0.841183427971632));
#3877=CARTESIAN_POINT('',(2.42257082564072,-0.181932041891059,0.841183427971647));
#3878=CARTESIAN_POINT('',(2.67842869001697,-0.181932041891059,0.841183427971647));
#3879=CARTESIAN_POINT('',(2.41549975782884,-0.184860974079129,0.841183427971643));
#3880=CARTESIAN_POINT('Ctrl Pts',(2.41549975782887,-0.184860974079129,0.841183427971643));
#3881=CARTESIAN_POINT('Ctrl Pts',(2.41842869001695,-0.181932041891059,0.841183427971647));
#3882=CARTESIAN_POINT('Ctrl Pts',(2.42257082564072,-0.181932041891059,0.841183427971647));
#3883=CARTESIAN_POINT('',(2.19135762220527,-0.409003109703235,0.84118342797131));
#3884=CARTESIAN_POINT('',(2.41549975782888,-0.184860974079129,0.841183427971643));
#3885=CARTESIAN_POINT('Ctrl Pts',(2.18842869001713,-0.416074177515156,0.841183427971299));
#3886=CARTESIAN_POINT('Ctrl Pts',(2.18842869001713,-0.411932041891305,0.841183427971305));
#3887=CARTESIAN_POINT('Ctrl Pts',(2.1913576222053,-0.409003109703235,0.84118342797131));
#3888=CARTESIAN_POINT('Origin',(2.18842869001723,-0.549003109702994,0.701183427971102));
#3889=CARTESIAN_POINT('',(2.18842869001715,-0.416074177514929,0.701183427971299));
#3890=CARTESIAN_POINT('Origin',(2.67842869001695,-0.191932041890809,0.701183427971423));
#3891=CARTESIAN_POINT('',(2.67842869001697,-0.181932041890832,0.701183427971647));
#3892=CARTESIAN_POINT('Origin',(2.67842869001643,-0.191932041890845,0.701183427971632));
#3893=CARTESIAN_POINT('Origin',(2.67842869001699,-0.191932041891332,0.701183427971647));
#3894=CARTESIAN_POINT('Origin',(2.67842869001689,-0.191932041890977,0.771183427971632));
#3895=CARTESIAN_POINT('',(2.67842869001697,-0.181932041890832,0.701183427971647));
#3896=CARTESIAN_POINT('Origin',(2.55049975782885,-0.181932041890832,0.701183427971647));
#3897=CARTESIAN_POINT('',(2.42257082564072,-0.181932041890832,0.701183427971647));
#3898=CARTESIAN_POINT('',(2.42257082564072,-0.181932041890832,0.701183427971647));
#3899=CARTESIAN_POINT('',(2.42257082564072,-0.181932041891059,0.841183427971647));
#3900=CARTESIAN_POINT('Origin',(2.4225708256409,-0.191932041890525,0.701183427971341));
#3901=CARTESIAN_POINT('',(2.41549975782884,-0.184860974078902,0.701183427971643));
#3902=CARTESIAN_POINT('Ctrl Pts',(2.42257082564072,-0.181932041890832,0.701183427971647));
#3903=CARTESIAN_POINT('Ctrl Pts',(2.41842869001695,-0.181932041890832,0.701183427971647));
#3904=CARTESIAN_POINT('Ctrl Pts',(2.41549975782887,-0.184860974078902,0.701183427971643));
#3905=CARTESIAN_POINT('',(2.42257082564073,-0.191932041890823,0.691183427971632));
#3906=CARTESIAN_POINT('Origin',(2.42257082564073,-0.191932041890837,0.701183427972138));
#3907=CARTESIAN_POINT('Origin',(2.42257082564097,-0.191932041891057,0.701183427971962));
#3908=CARTESIAN_POINT('Origin',(2.55049975782885,-0.191932041890887,0.701183427971914));
#3909=CARTESIAN_POINT('',(2.67842869001699,-0.19193204189105,0.691183427971632));
#3910=CARTESIAN_POINT('Origin',(2.19842869001709,-0.416074177514874,0.701183427971308));
#3911=CARTESIAN_POINT('',(2.19135762220527,-0.409003109703008,0.70118342797131));
#3912=CARTESIAN_POINT('Origin',(2.19842869001715,-0.416074177514932,0.701183427971646));
#3913=CARTESIAN_POINT('Ctrl Pts',(2.19135762220527,-0.409003109703008,0.70118342797131));
#3914=CARTESIAN_POINT('Ctrl Pts',(2.18842869001713,-0.411932041891077,0.701183427971305));
#3915=CARTESIAN_POINT('Ctrl Pts',(2.18842869001713,-0.416074177514929,0.701183427971299));
#3916=CARTESIAN_POINT('Origin',(2.19842869001675,-0.416074177514908,0.771183427971299));
#3917=CARTESIAN_POINT('',(2.19135762220527,-0.409003109703235,0.84118342797131));
#3918=CARTESIAN_POINT('Origin',(2.31049975782909,-0.304003109702909,0.701183427971529));
#3919=CARTESIAN_POINT('',(2.19135762220526,-0.409003109703008,0.70118342797131));
#3920=CARTESIAN_POINT('',(2.42257082564078,-0.191932041890823,0.691183427971632));
#3921=CARTESIAN_POINT('Origin',(2.42257082564069,-0.191932041890357,0.771183427971631));
#3922=CARTESIAN_POINT('',(2.41549975782884,-0.184860974078902,0.701183427971643));
#3923=CARTESIAN_POINT('Origin',(2.438428690017,-0.191932041890936,0.691183427971632));
#3924=CARTESIAN_POINT('Origin',(2.30342869001704,-0.296932041890955,0.701183427971477));
#3925=CARTESIAN_POINT('Origin',(0.698428690016977,-0.681932041893289,1.68618342797097));
#3926=CARTESIAN_POINT('',(0.698428690016982,-0.691932041892998,1.49118342797169));
#3927=CARTESIAN_POINT('',(0.688428690016977,-0.681932041893002,1.4911834279717));
#3928=CARTESIAN_POINT('Ctrl Pts',(0.698428690016982,-0.691932041892998,
1.49118342797097));
#3929=CARTESIAN_POINT('Ctrl Pts',(0.688428690016977,-0.691932041893002,
1.49118342797096));
#3930=CARTESIAN_POINT('Ctrl Pts',(0.688428690016977,-0.681932041893002,
1.49118342797097));
#3931=CARTESIAN_POINT('',(0.698428690016982,-0.691932041893577,1.88118342797096));
#3932=CARTESIAN_POINT('',(0.698428690016982,-0.691932041893577,1.88118342797096));
#3933=CARTESIAN_POINT('',(0.688428690016977,-0.681932041893582,1.88118342797098));
#3934=CARTESIAN_POINT('Ctrl Pts',(0.698428690016982,-0.691932041893578,
1.88118342797096));
#3935=CARTESIAN_POINT('Ctrl Pts',(0.688428690016977,-0.691932041893582,
1.88118342797096));
#3936=CARTESIAN_POINT('Ctrl Pts',(0.688428690016977,-0.681932041893582,
1.88118342797098));
#3937=CARTESIAN_POINT('',(0.688428690016977,-0.681932041893002,1.4911834279717));
#3938=CARTESIAN_POINT('Origin',(0.688428690016721,-0.091932041893002,1.49118342797113));
#3939=CARTESIAN_POINT('',(0.688428690016465,0.498067958106998,1.49118342797201));
#3940=CARTESIAN_POINT('',(0.688428690016977,-0.681932041893002,1.4911834279717));
#3941=CARTESIAN_POINT('',(0.688428690016465,0.498067958106418,1.88118342797273));
#3942=CARTESIAN_POINT('',(0.688428690016977,-0.681932041893582,1.88118342797098));
#3943=CARTESIAN_POINT('',(0.688428690016465,0.498067958106418,1.88118342797273));
#3944=CARTESIAN_POINT('Origin',(0.698428690016469,0.498067958106724,1.68618342797237));
#3945=CARTESIAN_POINT('',(0.69842869001647,0.508067958107002,1.49118342797202));
#3946=CARTESIAN_POINT('Ctrl Pts',(0.688428690016465,0.498067958106998,1.49118342797274));
#3947=CARTESIAN_POINT('Ctrl Pts',(0.688428690016465,0.508067958106998,1.49118342797275));
#3948=CARTESIAN_POINT('Ctrl Pts',(0.69842869001647,0.508067958107002,1.49118342797274));
#3949=CARTESIAN_POINT('',(0.69842869001647,0.508067958106423,1.88118342797275));
#3950=CARTESIAN_POINT('Ctrl Pts',(0.688428690016465,0.498067958106418,1.88118342797273));
#3951=CARTESIAN_POINT('Ctrl Pts',(0.688428690016465,0.508067958106418,1.88118342797275));
#3952=CARTESIAN_POINT('Ctrl Pts',(0.69842869001647,0.508067958106422,1.88118342797275));
#3953=CARTESIAN_POINT('',(0.69842869001647,0.508067958107002,1.49118342797202));
#3954=CARTESIAN_POINT('Origin',(0.698428690016464,0.498067958106433,1.88118342797271));
#3955=CARTESIAN_POINT('',(0.69842869001647,0.498067958106408,1.89118342797273));
#3956=CARTESIAN_POINT('Ctrl Pts',(0.69842869001647,0.498067958106408,1.89118342797273));
#3957=CARTESIAN_POINT('Ctrl Pts',(0.688428690016465,0.498067958106403,1.89118342797273));
#3958=CARTESIAN_POINT('Ctrl Pts',(0.688428690016465,0.498067958106418,1.88118342797273));
#3959=CARTESIAN_POINT('Origin',(0.69842869001647,0.498067958106422,1.88118342797273));
#3960=CARTESIAN_POINT('Origin',(0.698428690016726,-0.0919320418935771,1.88118342797186));
#3961=CARTESIAN_POINT('',(0.698428690016982,-0.681932041893592,1.89118342797098));
#3962=CARTESIAN_POINT('Ctrl Pts',(0.688428690016977,-0.681932041893582,
1.88118342797098));
#3963=CARTESIAN_POINT('Ctrl Pts',(0.688428690016977,-0.681932041893597,
1.89118342797098));
#3964=CARTESIAN_POINT('Ctrl Pts',(0.698428690016982,-0.681932041893592,
1.89118342797098));
#3965=CARTESIAN_POINT('',(0.69842869001647,0.498067958106408,1.89118342797273));
#3966=CARTESIAN_POINT('Origin',(0.698428690016968,-0.681932041893556,1.881183427971));
#3967=CARTESIAN_POINT('Ctrl Pts',(0.698428690016982,-0.681932041893592,
1.89118342797098));
#3968=CARTESIAN_POINT('Ctrl Pts',(0.698428690016982,-0.691932041893592,
1.89118342797096));
#3969=CARTESIAN_POINT('Ctrl Pts',(0.698428690016982,-0.691932041893577,
1.88118342797096));
#3970=CARTESIAN_POINT('Origin',(1.68842869001698,-0.681932041893152,1.88118342797098));
#3971=CARTESIAN_POINT('',(2.67842869001697,-0.691932041892737,1.88118342797096));
#3972=CARTESIAN_POINT('',(2.67842869001697,-0.691932041892737,1.88118342797096));
#3973=CARTESIAN_POINT('',(2.67842869001697,-0.681932041892751,1.89118342797098));
#3974=CARTESIAN_POINT('Origin',(2.67842869001697,-0.681932041892732,1.88118342797097));
#3975=CARTESIAN_POINT('',(0.698428690016982,-0.681932041893592,1.89118342797098));
#3976=CARTESIAN_POINT('Origin',(1.68842869001698,-0.691932041892577,1.49118342797169));
#3977=CARTESIAN_POINT('',(2.67842869001697,-0.691932041892157,1.49118342797169));
#3978=CARTESIAN_POINT('',(2.67842869001697,-0.691932041892157,1.49118342797169));
#3979=CARTESIAN_POINT('',(2.67842869001697,-0.691932041892157,1.49118342797169));
#3980=CARTESIAN_POINT('Origin',(2.68842869001673,-0.0919320418921525,1.49118342797113));
#3981=CARTESIAN_POINT('',(2.68842869001647,0.498067958107847,1.49118342797201));
#3982=CARTESIAN_POINT('',(2.68842869001698,-0.681932041892153,1.4911834279717));
#3983=CARTESIAN_POINT('',(2.68842869001647,0.498067958107847,1.49118342797201));
#3984=CARTESIAN_POINT('',(2.68842869001647,0.498067958107268,1.88118342797273));
#3985=CARTESIAN_POINT('',(2.68842869001647,0.498067958107847,1.49118342797201));
#3986=CARTESIAN_POINT('',(2.68842869001698,-0.681932041892732,1.88118342797098));
#3987=CARTESIAN_POINT('',(2.68842869001647,0.498067958107268,1.88118342797273));
#3988=CARTESIAN_POINT('',(2.68842869001698,-0.681932041892732,1.88118342797098));
#3989=CARTESIAN_POINT('Origin',(2.67842869001698,-0.681932041892463,1.68618342797098));
#3990=CARTESIAN_POINT('Ctrl Pts',(2.68842869001698,-0.681932041892153,1.49118342797097));
#3991=CARTESIAN_POINT('Ctrl Pts',(2.68842869001698,-0.691932041892152,1.49118342797096));
#3992=CARTESIAN_POINT('Ctrl Pts',(2.67842869001697,-0.691932041892157,1.49118342797097));
#3993=CARTESIAN_POINT('Ctrl Pts',(2.68842869001698,-0.681932041892732,1.88118342797098));
#3994=CARTESIAN_POINT('Ctrl Pts',(2.68842869001698,-0.691932041892732,1.88118342797096));
#3995=CARTESIAN_POINT('Ctrl Pts',(2.67842869001697,-0.691932041892736,1.88118342797096));
#3996=CARTESIAN_POINT('Origin',(2.67842869001647,0.498067958107543,1.68618342797237));
#3997=CARTESIAN_POINT('',(2.67842869001647,0.508067958107843,1.49118342797202));
#3998=CARTESIAN_POINT('Ctrl Pts',(2.67842869001647,0.508067958107843,1.49118342797274));
#3999=CARTESIAN_POINT('Ctrl Pts',(2.68842869001648,0.508067958107848,1.49118342797275));
#4000=CARTESIAN_POINT('Ctrl Pts',(2.68842869001648,0.498067958107847,1.49118342797274));
#4001=CARTESIAN_POINT('',(2.67842869001647,0.508067958107264,1.88118342797275));
#4002=CARTESIAN_POINT('',(2.67842869001647,0.508067958107264,1.88118342797275));
#4003=CARTESIAN_POINT('Ctrl Pts',(2.67842869001647,0.508067958107264,1.88118342797275));
#4004=CARTESIAN_POINT('Ctrl Pts',(2.68842869001648,0.508067958107268,1.88118342797275));
#4005=CARTESIAN_POINT('Ctrl Pts',(2.68842869001648,0.498067958107268,1.88118342797273));
#4006=CARTESIAN_POINT('Origin',(2.67842869001697,-0.681932041892713,1.88118342797098));
#4007=CARTESIAN_POINT('Ctrl Pts',(2.67842869001697,-0.681932041892751,1.89118342797098));
#4008=CARTESIAN_POINT('Ctrl Pts',(2.68842869001698,-0.681932041892747,1.89118342797098));
#4009=CARTESIAN_POINT('Ctrl Pts',(2.68842869001698,-0.681932041892732,1.88118342797098));
#4010=CARTESIAN_POINT('Origin',(2.67842869001672,-0.0919320418927362,1.88118342797185));
#4011=CARTESIAN_POINT('',(2.67842869001647,0.498067958107249,1.89118342797273));
#4012=CARTESIAN_POINT('Ctrl Pts',(2.68842869001648,0.498067958107268,1.88118342797273));
#4013=CARTESIAN_POINT('Ctrl Pts',(2.68842869001648,0.498067958107253,1.89118342797273));
#4014=CARTESIAN_POINT('Ctrl Pts',(2.67842869001647,0.498067958107249,1.89118342797273));
#4015=CARTESIAN_POINT('',(2.67842869001697,-0.681932041892751,1.89118342797098));
#4016=CARTESIAN_POINT('Origin',(2.67842869001647,0.498067958107267,1.88118342797273));
#4017=CARTESIAN_POINT('Ctrl Pts',(2.67842869001647,0.498067958107249,1.89118342797273));
#4018=CARTESIAN_POINT('Ctrl Pts',(2.67842869001647,0.508067958107249,1.89118342797275));
#4019=CARTESIAN_POINT('Ctrl Pts',(2.67842869001647,0.508067958107264,1.88118342797275));
#4020=CARTESIAN_POINT('Origin',(1.68842869001647,0.498067958106848,1.88118342797273));
#4021=CARTESIAN_POINT('',(2.67842869001647,0.498067958107249,1.89118342797273));
#4022=CARTESIAN_POINT('',(0.69842869001647,0.508067958106423,1.88118342797275));
#4023=CARTESIAN_POINT('Origin',(1.68842869001648,0.498067958106829,1.89118342797273));
#4024=CARTESIAN_POINT('Origin',(1.68842869001647,0.508067958107423,1.49118342797202));
#4025=CARTESIAN_POINT('',(0.69842869001647,0.508067958107002,1.49118342797202));
#4026=CARTESIAN_POINT('Origin',(2.68842869001675,-0.09193204189213,1.49118342797186));
#4027=CARTESIAN_POINT('Origin',(2.18842869001662,-0.091932041891823,1.09118342797186));
#4028=CARTESIAN_POINT('',(2.18842869001634,0.27806795810784,1.37118342797241));
#4029=CARTESIAN_POINT('',(2.18842869001634,0.258067958107631,1.39118342797239));
#4030=CARTESIAN_POINT('Origin',(2.18842869001683,0.258067958107429,1.37118342797197));
#4031=CARTESIAN_POINT('',(2.18842869001666,-0.441932041892187,1.39118342797133));
#4032=CARTESIAN_POINT('',(2.18842869001672,0.258067958107631,1.39118342797238));
#4033=CARTESIAN_POINT('',(2.18842869001666,-0.461932041891941,1.37118342797131));
#4034=CARTESIAN_POINT('Origin',(2.18842869001723,-0.441932041892026,1.37118342797141));
#4035=CARTESIAN_POINT('',(2.18842869001666,-0.461932041891714,1.11118342797129));
#4036=CARTESIAN_POINT('',(2.18842869001739,-0.461932041891941,1.37118342797131));
#4037=CARTESIAN_POINT('',(2.18842869001666,-0.441932041891732,1.09118342797132));
#4038=CARTESIAN_POINT('Origin',(2.18842869001723,-0.441932041891583,1.11118342797146));
#4039=CARTESIAN_POINT('',(2.18842869001634,0.258067958108086,1.09118342797237));
#4040=CARTESIAN_POINT('',(2.18842869001737,-0.441932041891732,1.09118342797134));
#4041=CARTESIAN_POINT('',(2.18842869001634,0.278067958108068,1.11118342797239));
#4042=CARTESIAN_POINT('Origin',(2.18842869001683,0.258067958107876,1.11118342797257));
#4043=CARTESIAN_POINT('',(2.18842869001672,0.278067958108068,1.11118342797239));
#4044=CARTESIAN_POINT('Origin',(1.68842869001714,-0.461932041891942,1.11118342797129));
#4045=CARTESIAN_POINT('',(1.18842869001689,-0.461932041892396,1.3711834279713));
#4046=CARTESIAN_POINT('',(1.18842869001689,-0.461932041892396,1.37118342797135));
#4047=CARTESIAN_POINT('',(1.18842869001689,-0.461932041892169,1.1111834279713));
#4048=CARTESIAN_POINT('',(1.18842869001689,-0.461932041892169,1.1111834279713));
#4049=CARTESIAN_POINT('',(1.18842869001689,-0.461932041892169,1.11118342797133));
#4050=CARTESIAN_POINT('Origin',(1.68842869001665,0.258067958107273,1.37118342797202));
#4051=CARTESIAN_POINT('',(1.18842869001656,0.278067958107385,1.37118342797241));
#4052=CARTESIAN_POINT('',(2.18842869001634,0.27806795810784,1.3711834279724));
#4053=CARTESIAN_POINT('',(1.18842869001656,0.258067958107176,1.39118342797238));
#4054=CARTESIAN_POINT('Origin',(1.18842869001657,0.258067958106978,1.37118342797197));
#4055=CARTESIAN_POINT('',(1.18842869001656,0.258067958107176,1.39118342797238));
#4056=CARTESIAN_POINT('Origin',(1.68842869001664,0.278067958107841,1.11118342797238));
#4057=CARTESIAN_POINT('',(1.18842869001656,0.278067958107613,1.1111834279724));
#4058=CARTESIAN_POINT('',(2.18842869001634,0.278067958108068,1.11118342797238));
#4059=CARTESIAN_POINT('',(1.18842869001656,0.278067958107385,1.37118342797241));
#4060=CARTESIAN_POINT('Origin',(1.6884286900167,0.258067958107643,1.11118342797256));
#4061=CARTESIAN_POINT('',(1.18842869001656,0.258067958107631,1.09118342797236));
#4062=CARTESIAN_POINT('',(2.18842869001634,0.258067958108086,1.09118342797238));
#4063=CARTESIAN_POINT('Origin',(1.18842869001656,0.258067958107402,1.11118342797257));
#4064=CARTESIAN_POINT('Origin',(1.68842869001705,-0.441932041891787,1.11118342797146));
#4065=CARTESIAN_POINT('',(1.18842869001689,-0.441932041892187,1.09118342797134));
#4066=CARTESIAN_POINT('Origin',(1.18842869001689,-0.441932041892041,1.11118342797147));
#4067=CARTESIAN_POINT('',(1.18842869001689,-0.441932041892187,1.09118342797134));
#4068=CARTESIAN_POINT('Origin',(1.68842869001682,0.258067958107404,1.39118342797238));
#4069=CARTESIAN_POINT('',(1.18842869001689,-0.441932041892642,1.39118342797144));
#4070=CARTESIAN_POINT('',(2.18842869001666,-0.441932041892187,1.39118342797133));
#4071=CARTESIAN_POINT('',(1.18842869001689,-0.441932041892642,1.39118342797134));
#4072=CARTESIAN_POINT('Origin',(1.68842869001705,-0.44193204189213,1.37118342797138));
#4073=CARTESIAN_POINT('Origin',(1.18842869001689,-0.4419320418928,1.37118342797184));
#4074=CARTESIAN_POINT('Origin',(1.68842869001665,0.258067958107972,1.09118342797238));
#4075=CARTESIAN_POINT('',(1.18842869001688,-0.416074177515839,1.09118342797137));
#4076=CARTESIAN_POINT('Origin',(1.18842869001679,-0.091932041892278,1.09118342797184));
#4077=CARTESIAN_POINT('Origin',(2.18842869001705,-0.091932041891255,0.841183427970101));
#4078=CARTESIAN_POINT('',(2.1884286900172,-0.416074177514929,0.841183427971299));
#4079=CARTESIAN_POINT('',(2.1884286900172,-0.416074177515384,1.0911834279713));
#4080=CARTESIAN_POINT('',(2.1884286900172,-0.416074177514929,0.841183427971299));
#4081=CARTESIAN_POINT('',(2.18842869001742,-0.681932041891287,0.841183427970978));
#4082=CARTESIAN_POINT('',(2.18842869001723,-0.416074177514929,0.841183427971128));
#4083=CARTESIAN_POINT('',(2.18842869001742,-0.681932041892196,1.49118342797098));
#4084=CARTESIAN_POINT('',(2.18842869001742,-0.681932041892196,1.49118342797098));
#4085=CARTESIAN_POINT('',(2.18842869001666,0.498067958107868,1.49118342797273));
#4086=CARTESIAN_POINT('',(2.18842869001655,0.498067958107868,1.49118342797201));
#4087=CARTESIAN_POINT('',(2.18842869001666,0.498067958108322,1.09118342797205));
#4088=CARTESIAN_POINT('',(2.18842869001666,0.498067958108322,1.09118342797205));
#4089=CARTESIAN_POINT('',(2.18842869001627,0.498067958106276,0.841183427970978));
#4090=CARTESIAN_POINT('',(2.18842869001627,0.498067958106276,1.09118342797205));
#4091=CARTESIAN_POINT('',(2.18842869001642,0.232210093729918,0.841183427971299));
#4092=CARTESIAN_POINT('',(2.18842869001652,0.232210093729918,0.841183427971128));
#4093=CARTESIAN_POINT('',(2.18842869001642,0.232210093730146,1.0911834279713));
#4094=CARTESIAN_POINT('',(2.18842869001642,0.232210093729918,0.841183427971299));
#4095=CARTESIAN_POINT('',(2.18842869001661,0.232210093730146,1.09118342797234));
#4096=CARTESIAN_POINT('Origin',(2.43842869001676,-0.0019320418936104,0.841183427971647));
#4097=CARTESIAN_POINT('',(2.68842869001627,0.498067958106958,0.841183427970978));
#4098=CARTESIAN_POINT('',(2.68842869001656,0.00806795810694894,0.841183427971632));
#4099=CARTESIAN_POINT('',(2.68842869001624,0.498067958106958,0.841183427970904));
#4100=CARTESIAN_POINT('',(2.67842869001682,-0.00193204189304197,0.841183427971647));
#4101=CARTESIAN_POINT('Origin',(2.67842869001631,0.00806795810694347,0.841183427971632));
#4102=CARTESIAN_POINT('',(2.42257082564068,-0.00193204189326934,0.841183427971647));
#4103=CARTESIAN_POINT('',(2.67842869001682,-0.00193204189304197,0.841183427971647));
#4104=CARTESIAN_POINT('',(2.41549975782875,0.000996890294800323,0.841183427971643));
#4105=CARTESIAN_POINT('Ctrl Pts',(2.42257082564068,-0.00193204189326934,
0.841183427971647));
#4106=CARTESIAN_POINT('Ctrl Pts',(2.41842869001688,-0.00193204189326937,
0.841183427971647));
#4107=CARTESIAN_POINT('Ctrl Pts',(2.41549975782881,0.000996890294800323,
0.841183427971643));
#4108=CARTESIAN_POINT('',(2.19135762220472,0.225139025917997,0.84118342797131));
#4109=CARTESIAN_POINT('',(2.41549975782864,0.00099689029457295,0.841183427971643));
#4110=CARTESIAN_POINT('Ctrl Pts',(2.19135762220455,0.22513902591777,0.84118342797131));
#4111=CARTESIAN_POINT('Ctrl Pts',(2.18842869001618,0.228067958105839,0.841183427971305));
#4112=CARTESIAN_POINT('Ctrl Pts',(2.18842869001618,0.232210093729918,0.841183427971299));
#4113=CARTESIAN_POINT('',(2.19842869001602,0.508067958106267,0.841183427970964));
#4114=CARTESIAN_POINT('Origin',(2.1984286900165,0.498067958106286,0.841183427970978));
#4115=CARTESIAN_POINT('',(2.67842869001603,0.508067958106949,0.841183427970964));
#4116=CARTESIAN_POINT('',(2.19842869001602,0.508067958106267,0.841183427970964));
#4117=CARTESIAN_POINT('Origin',(2.67842869001603,0.498067958106484,0.841183427970978));
#4118=CARTESIAN_POINT('Origin',(2.67842869001678,0.0280679581079539,1.0911834279718));
#4119=CARTESIAN_POINT('',(2.67842869001694,0.0480679581085042,1.09118342797206));
#4120=CARTESIAN_POINT('',(2.68842869001693,0.0580679581084951,1.0911834279719));
#4121=CARTESIAN_POINT('Origin',(2.67842869001694,0.0580679581089747,1.09118342797208));
#4122=CARTESIAN_POINT('',(2.67842869001682,-0.00193204189258722,1.09118342797165));
#4123=CARTESIAN_POINT('',(2.67842869001699,-0.00193204189258722,1.09118342797199));
#4124=CARTESIAN_POINT('',(2.68842869001702,0.00806795810740368,1.09118342797181));
#4125=CARTESIAN_POINT('Origin',(2.67842869001633,0.00806795810739297,1.09118342797163));
#4126=CARTESIAN_POINT('',(2.68842869001662,0.0580679581084951,1.09118342797179));
#4127=CARTESIAN_POINT('Origin',(2.67842869001619,0.00806795810748734,0.966183427971721));
#4128=CARTESIAN_POINT('',(2.67842869001682,-0.0019320418928146,0.841183427971647));
#4129=CARTESIAN_POINT('',(2.68842869001656,0.00806795810717631,0.841183427971632));
#4130=CARTESIAN_POINT('Origin',(2.55049975782875,-0.00193204189315565,0.841183427971647));
#4131=CARTESIAN_POINT('',(2.42257082564068,-0.00193204189304197,1.09118342797165));
#4132=CARTESIAN_POINT('',(2.67842869001682,-0.00193204189258722,1.09118342797199));
#4133=CARTESIAN_POINT('',(2.42257082564068,-0.00193204189304197,1.09118342797165));
#4134=CARTESIAN_POINT('Origin',(2.3034286900167,0.113067958106285,0.841183427971476));
#4135=CARTESIAN_POINT('',(2.19135762220472,0.225139025918452,1.09118342797131));
#4136=CARTESIAN_POINT('',(2.19135762220472,0.225139025918452,1.09118342797131));
#4137=CARTESIAN_POINT('',(2.41549975782875,0.000996890295027697,1.09118342797164));
#4138=CARTESIAN_POINT('',(2.41549975782875,0.000996890294800323,0.841183427971643));
#4139=CARTESIAN_POINT('',(2.41549975782867,0.000996890295027697,1.09118342797199));
#4140=CARTESIAN_POINT('Origin',(2.42257082564063,0.00806795810620023,0.966183427971679));
#4141=CARTESIAN_POINT('Ctrl Pts',(2.42257082564068,-0.00193204189304197,
1.09118342797172));
#4142=CARTESIAN_POINT('Ctrl Pts',(2.41842869001688,-0.00193204189304199,
1.09118342797172));
#4143=CARTESIAN_POINT('Ctrl Pts',(2.41549975782881,0.000996890295027697,
1.09118342797172));
#4144=CARTESIAN_POINT('Origin',(2.19842869001612,0.232210093729966,0.966183427971337));
#4145=CARTESIAN_POINT('Ctrl Pts',(2.19135762220466,0.225139025918452,1.09118342797137));
#4146=CARTESIAN_POINT('Ctrl Pts',(2.18842869001664,0.228067958106521,1.09118342797138));
#4147=CARTESIAN_POINT('Ctrl Pts',(2.18842869001664,0.232210093730146,1.09118342797138));
#4148=CARTESIAN_POINT('Origin',(2.19842869001693,0.498067958108278,1.16618342797184));
#4149=CARTESIAN_POINT('',(2.19842869001666,0.508067958107858,1.49118342797275));
#4150=CARTESIAN_POINT('',(2.19842869001602,0.508067958106267,0.841183427970964));
#4151=CARTESIAN_POINT('Origin',(2.19842869001714,0.498067958107877,1.49118342797273));
#4152=CARTESIAN_POINT('Origin',(2.43842869001634,0.508067958108882,0.841183427970964));
#4153=CARTESIAN_POINT('',(2.67842869001665,0.508067958108086,1.49118342797202));
#4154=CARTESIAN_POINT('',(2.67842869001665,0.508067958108995,0.841183427970964));
#4155=CARTESIAN_POINT('',(2.67842869001665,0.508067958108086,1.49118342797202));
#4156=CARTESIAN_POINT('Origin',(2.18842869001692,-0.0919320418921645,1.49118342797186));
#4157=CARTESIAN_POINT('',(2.19842869001742,-0.691932041892187,1.49118342797096));
#4158=CARTESIAN_POINT('Origin',(2.19842869001742,-0.681932041891718,1.49118342797098));
#4159=CARTESIAN_POINT('',(2.67842869001741,-0.69193204189196,1.49118342797169));
#4160=CARTESIAN_POINT('',(2.19842869001742,-0.691932041892187,1.49118342797169));
#4161=CARTESIAN_POINT('',(2.6884286900174,-0.681932041891969,1.4911834279717));
#4162=CARTESIAN_POINT('Origin',(2.67842869001741,-0.681932041891491,1.49118342797098));
#4163=CARTESIAN_POINT('',(2.68842869001666,0.498067958108095,1.49118342797201));
#4164=CARTESIAN_POINT('',(2.68842869001742,-0.681932041891969,1.4911834279717));
#4165=CARTESIAN_POINT('Origin',(2.67842869001617,0.498067958108082,1.49118342797273));
#4166=CARTESIAN_POINT('Origin',(2.67842869001703,-0.091932041891497,1.10118342797187));
#4167=CARTESIAN_POINT('',(2.68842869001693,0.0580679581084951,1.10118342797208));
#4168=CARTESIAN_POINT('Origin',(2.6784286900167,0.0580679581087404,1.10118342797233));
#4169=CARTESIAN_POINT('',(2.68842869001712,-0.241932041891459,1.10118342797163));
#4170=CARTESIAN_POINT('',(2.68842869001695,0.0580679581084951,1.10118342797208));
#4171=CARTESIAN_POINT('',(2.67842869001713,-0.231932041891469,1.09118342797165));
#4172=CARTESIAN_POINT('Origin',(2.6784286900169,-0.241932041891683,1.10118342797185));
#4173=CARTESIAN_POINT('',(2.67842869001703,-0.181932041891514,1.09118342797165));
#4174=CARTESIAN_POINT('',(2.67842869001713,-0.231932041891469,1.09118342797198));
#4175=CARTESIAN_POINT('',(2.67842869001709,-0.181932041891514,1.09118342797172));
#4176=CARTESIAN_POINT('Origin',(2.67842869001703,-0.241932041891489,1.09618342797159));
#4177=CARTESIAN_POINT('',(2.68842869001712,-0.241932041891459,1.09118342797181));
#4178=CARTESIAN_POINT('Origin',(2.67842869001666,-0.241932041891459,1.09118342797156));
#4179=CARTESIAN_POINT('',(2.68842869001712,-0.241932041891459,1.09118342797181));
#4180=CARTESIAN_POINT('Origin',(2.67842869001667,0.0580679581085514,1.09618342797198));
#4181=CARTESIAN_POINT('',(2.68842869001693,0.0580679581084951,1.0911834279719));
#4182=CARTESIAN_POINT('Origin',(2.67842869001663,0.498067958108513,1.16618342797184));
#4183=CARTESIAN_POINT('',(2.68842869001666,0.49806795810855,1.09118342797205));
#4184=CARTESIAN_POINT('',(2.68842869001666,0.498067958108095,1.49118342797201));
#4185=CARTESIAN_POINT('',(2.68842869001581,0.498067958107185,0.841183427970978));
#4186=CARTESIAN_POINT('Origin',(2.67842869001705,-0.211932041891487,1.0911834279718));
#4187=CARTESIAN_POINT('',(2.68842869001703,-0.191932041891505,1.09118342797181));
#4188=CARTESIAN_POINT('',(2.68842869001708,-0.241932041891459,1.09118342797179));
#4189=CARTESIAN_POINT('Origin',(2.67842869001658,-0.191932041891527,1.09118342797163));
#4190=CARTESIAN_POINT('Origin',(2.19842869001751,-0.681932041891691,1.16618342797098));
#4191=CARTESIAN_POINT('',(2.19842869001742,-0.691932041891278,0.841183427970964));
#4192=CARTESIAN_POINT('',(2.19842869001742,-0.691932041891278,0.841183427970964));
#4193=CARTESIAN_POINT('Origin',(2.19842869001788,-0.681932041891265,0.841183427970978));
#4194=CARTESIAN_POINT('Origin',(2.43842869001742,-0.69193204189105,0.841183427970964));
#4195=CARTESIAN_POINT('',(2.67842869001741,-0.69193204189105,0.841183427970964));
#4196=CARTESIAN_POINT('',(2.67842869001741,-0.69193204189196,1.49118342797169));
#4197=CARTESIAN_POINT('',(2.19842869001742,-0.691932041891278,0.841183427970964));
#4198=CARTESIAN_POINT('Origin',(2.67842869001714,-0.681932041891472,1.16618342797134));
#4199=CARTESIAN_POINT('',(2.6884286900174,-0.681932041891059,0.841183427970978));
#4200=CARTESIAN_POINT('',(2.6884286900174,-0.681932041891059,0.841183427970978));
#4201=CARTESIAN_POINT('Origin',(2.67842869001741,-0.681932041890577,0.841183427970978));
#4202=CARTESIAN_POINT('Origin',(2.43842869001706,-0.181932041890946,0.841183427971647));
#4203=CARTESIAN_POINT('',(2.68842869001703,-0.19193204189105,0.841183427971632));
#4204=CARTESIAN_POINT('',(2.68842869001736,-0.681932041891059,0.841183427970904));
#4205=CARTESIAN_POINT('',(2.19135762220533,-0.409003109703008,0.84118342797131));
#4206=CARTESIAN_POINT('Ctrl Pts',(2.19135762220536,-0.409003109703008,0.84118342797131));
#4207=CARTESIAN_POINT('Ctrl Pts',(2.18842869001719,-0.411932041891077,0.841183427971305));
#4208=CARTESIAN_POINT('Ctrl Pts',(2.18842869001719,-0.416074177514929,0.841183427971299));
#4209=CARTESIAN_POINT('',(2.4154997578289,-0.184860974079129,0.841183427971643));
#4210=CARTESIAN_POINT('',(2.41549975782894,-0.184860974079129,0.841183427971643));
#4211=CARTESIAN_POINT('',(2.42257082564078,-0.181932041891059,0.841183427971647));
#4212=CARTESIAN_POINT('Ctrl Pts',(2.42257082564078,-0.181932041891059,0.841183427971647));
#4213=CARTESIAN_POINT('Ctrl Pts',(2.41842869001701,-0.181932041891059,0.841183427971647));
#4214=CARTESIAN_POINT('Ctrl Pts',(2.41549975782893,-0.184860974079129,0.841183427971643));
#4215=CARTESIAN_POINT('',(2.67842869001703,-0.181932041891059,0.841183427971647));
#4216=CARTESIAN_POINT('',(2.67842869001703,-0.181932041890832,0.841183427971647));
#4217=CARTESIAN_POINT('Origin',(2.67842869001658,-0.191932041891072,0.841183427971632));
#4218=CARTESIAN_POINT('Origin',(2.68842869001698,-0.0919320418910275,0.841183427970027));
#4219=CARTESIAN_POINT('',(2.68842869001703,-0.19193204189105,0.841183427971632));
#4220=CARTESIAN_POINT('Origin',(2.67842869001693,-0.191932041891327,0.966183427971721));
#4221=CARTESIAN_POINT('',(2.67842869001703,-0.181932041891059,0.841183427971647));
#4222=CARTESIAN_POINT('Origin',(2.55049975782891,-0.181932041891059,0.841183427971647));
#4223=CARTESIAN_POINT('',(2.42257082564078,-0.181932041891514,1.09118342797165));
#4224=CARTESIAN_POINT('',(2.42257082564078,-0.181932041891514,1.09118342797165));
#4225=CARTESIAN_POINT('',(2.67842869001703,-0.181932041891287,1.09118342797165));
#4226=CARTESIAN_POINT('Origin',(2.30342869001718,-0.296932041891182,0.841183427971476));
#4227=CARTESIAN_POINT('',(2.19135762220533,-0.409003109703463,1.09118342797131));
#4228=CARTESIAN_POINT('',(2.19135762220533,-0.409003109703463,1.09118342797131));
#4229=CARTESIAN_POINT('',(2.4154997578289,-0.184860974079584,1.09118342797164));
#4230=CARTESIAN_POINT('',(2.4154997578289,-0.184860974079584,1.09118342797164));
#4231=CARTESIAN_POINT('',(2.4154997578289,-0.184860974079129,0.841183427971643));
#4232=CARTESIAN_POINT('Origin',(2.42257082564075,-0.191932041890709,0.96618342797163));
#4233=CARTESIAN_POINT('Ctrl Pts',(2.41549975782893,-0.184860974079584,1.09118342797164));
#4234=CARTESIAN_POINT('Ctrl Pts',(2.41842869001701,-0.181932041891514,1.09118342797165));
#4235=CARTESIAN_POINT('Ctrl Pts',(2.42257082564078,-0.181932041891514,1.09118342797165));
#4236=CARTESIAN_POINT('Origin',(2.1984286900168,-0.416074177515005,0.966183427971297));
#4237=CARTESIAN_POINT('Ctrl Pts',(2.18842869001719,-0.416074177515384,1.0911834279713));
#4238=CARTESIAN_POINT('Ctrl Pts',(2.18842869001719,-0.411932041891532,1.09118342797131));
#4239=CARTESIAN_POINT('Ctrl Pts',(2.19135762220536,-0.409003109703463,1.09118342797131));
#4240=CARTESIAN_POINT('Origin',(2.43342869001652,0.232210093730486,1.09118342797234));
#4241=CARTESIAN_POINT('Origin',(1.18842869001679,-0.0919320418917095,0.841183427970101));
#4242=CARTESIAN_POINT('',(1.18842869001696,0.232210093729691,1.0911834279713));
#4243=CARTESIAN_POINT('',(1.18842869001689,-0.416074177515839,1.0911834279713));
#4244=CARTESIAN_POINT('',(1.18842869001675,0.232210093729691,1.09118342797234));
#4245=CARTESIAN_POINT('',(1.18842869001696,0.232210093729464,0.841183427971299));
#4246=CARTESIAN_POINT('',(1.18842869001696,0.232210093729464,0.841183427971299));
#4247=CARTESIAN_POINT('',(1.18842869001685,0.498067958105821,0.841183427970978));
#4248=CARTESIAN_POINT('',(1.18842869001686,0.232210093729464,0.841183427971128));
#4249=CARTESIAN_POINT('',(1.18842869001645,0.498067958107868,1.09118342797205));
#4250=CARTESIAN_POINT('',(1.18842869001685,0.498067958105821,1.09118342797205));
#4251=CARTESIAN_POINT('',(1.18842869001645,0.498067958107413,1.49118342797273));
#4252=CARTESIAN_POINT('',(1.18842869001645,0.498067958107868,1.09118342797205));
#4253=CARTESIAN_POINT('',(1.18842869001693,-0.681932041892651,1.49118342797098));
#4254=CARTESIAN_POINT('',(1.18842869001658,0.498067958107413,1.49118342797201));
#4255=CARTESIAN_POINT('',(1.18842869001693,-0.681932041891741,0.841183427970978));
#4256=CARTESIAN_POINT('',(1.18842869001693,-0.681932041892651,1.49118342797098));
#4257=CARTESIAN_POINT('',(1.18842869001689,-0.416074177515384,0.841183427971299));
#4258=CARTESIAN_POINT('',(1.18842869001686,-0.416074177515384,0.841183427971128));
#4259=CARTESIAN_POINT('',(1.18842869001689,-0.416074177515384,0.841183427971299));
#4260=CARTESIAN_POINT('Origin',(0.938428690016899,-0.00193204189406515,
0.841183427971647));
#4261=CARTESIAN_POINT('',(0.688428690016849,0.498067958106049,0.841183427970978));
#4262=CARTESIAN_POINT('',(0.688428690017062,0.00806795810603944,0.841183427971632));
#4263=CARTESIAN_POINT('',(0.688428690016877,0.498067958106049,0.841183427970904));
#4264=CARTESIAN_POINT('',(0.698428690017053,0.508067958106039,0.841183427970964));
#4265=CARTESIAN_POINT('Origin',(0.698428690017053,0.498067958105573,0.841183427970978));
#4266=CARTESIAN_POINT('',(1.17842869001707,0.508067958105812,0.841183427970964));
#4267=CARTESIAN_POINT('',(1.17842869001707,0.508067958105812,0.841183427970964));
#4268=CARTESIAN_POINT('Origin',(1.17842869001661,0.498067958105811,0.841183427970978));
#4269=CARTESIAN_POINT('',(1.18549975782867,0.225139025917542,0.84118342797131));
#4270=CARTESIAN_POINT('Ctrl Pts',(1.18549975782884,0.225139025917315,0.84118342797131));
#4271=CARTESIAN_POINT('Ctrl Pts',(1.1884286900172,0.228067958105385,0.841183427971305));
#4272=CARTESIAN_POINT('Ctrl Pts',(1.1884286900172,0.232210093729464,0.841183427971299));
#4273=CARTESIAN_POINT('',(0.961357622204901,0.000996890294118202,0.841183427971643));
#4274=CARTESIAN_POINT('',(0.961357622205014,0.000996890293890829,0.841183427971643));
#4275=CARTESIAN_POINT('',(0.954286554392979,-0.00193204189395146,0.841183427971647));
#4276=CARTESIAN_POINT('Ctrl Pts',(0.954286554392979,-0.00193204189395146,
0.841183427971647));
#4277=CARTESIAN_POINT('Ctrl Pts',(0.958428690016774,-0.00193204189395143,
0.841183427971647));
#4278=CARTESIAN_POINT('Ctrl Pts',(0.961357622204844,0.000996890294118202,
0.841183427971643));
#4279=CARTESIAN_POINT('',(0.69842869001684,-0.00193204189395146,0.841183427971647));
#4280=CARTESIAN_POINT('',(0.69842869001684,-0.00193204189395146,0.841183427971647));
#4281=CARTESIAN_POINT('Origin',(0.698428690017298,0.00806795810605353,0.841183427971632));
#4282=CARTESIAN_POINT('Origin',(0.698428690016847,0.0280679581069308,1.0911834279718));
#4283=CARTESIAN_POINT('',(0.698428690016641,0.0480679581075947,1.09118342797206));
#4284=CARTESIAN_POINT('',(0.68842869001665,0.0580679581075856,1.0911834279719));
#4285=CARTESIAN_POINT('Origin',(0.698428690016641,0.0580679581080586,1.09118342797208));
#4286=CARTESIAN_POINT('',(0.688428690016607,0.00806795810626681,1.09118342797181));
#4287=CARTESIAN_POINT('',(0.688428690016963,0.0580679581075856,1.09118342797179));
#4288=CARTESIAN_POINT('',(0.69842869001684,-0.00193204189372409,1.09118342797165));
#4289=CARTESIAN_POINT('Origin',(0.698428690017298,0.0080679581062809,1.09118342797163));
#4290=CARTESIAN_POINT('',(0.698428690016684,-0.00193204189372409,1.09118342797199));
#4291=CARTESIAN_POINT('Origin',(0.698428690017477,0.0080679581063805,0.966183427971721));
#4292=CARTESIAN_POINT('',(0.688428690017062,0.00806795810603944,0.841183427971632));
#4293=CARTESIAN_POINT('',(0.69842869001684,-0.00193204189395146,0.841183427971647));
#4294=CARTESIAN_POINT('Origin',(0.82635762220491,-0.00193204189395146,0.841183427971647));
#4295=CARTESIAN_POINT('',(0.954286554392979,-0.00193204189372409,1.09118342797165));
#4296=CARTESIAN_POINT('',(0.954286554392979,-0.00193204189372409,1.09118342797165));
#4297=CARTESIAN_POINT('',(0.69842869001684,-0.00193204189372409,1.09118342797199));
#4298=CARTESIAN_POINT('Origin',(1.07342869001681,0.113067958105716,0.841183427971476));
#4299=CARTESIAN_POINT('',(1.18549975782867,0.225139025917997,1.09118342797131));
#4300=CARTESIAN_POINT('',(1.18549975782867,0.225139025917997,1.09118342797131));
#4301=CARTESIAN_POINT('',(0.961357622204901,0.000996890294345576,1.09118342797164));
#4302=CARTESIAN_POINT('',(0.961357622204972,0.000996890294345576,1.09118342797199));
#4303=CARTESIAN_POINT('',(0.961357622204901,0.000996890294118202,0.841183427971643));
#4304=CARTESIAN_POINT('Origin',(0.954286554393022,0.00806795810553845,0.966183427971679));
#4305=CARTESIAN_POINT('Ctrl Pts',(0.954286554392979,-0.00193204189372409,
1.09118342797172));
#4306=CARTESIAN_POINT('Ctrl Pts',(0.958428690016774,-0.00193204189372406,
1.09118342797172));
#4307=CARTESIAN_POINT('Ctrl Pts',(0.961357622204844,0.000996890294345576,
1.09118342797172));
#4308=CARTESIAN_POINT('Origin',(1.17842869001727,0.232210093729511,0.966183427971337));
#4309=CARTESIAN_POINT('Ctrl Pts',(1.18549975782872,0.225139025917997,1.09118342797137));
#4310=CARTESIAN_POINT('Ctrl Pts',(1.18842869001675,0.228067958106067,1.09118342797138));
#4311=CARTESIAN_POINT('Ctrl Pts',(1.18842869001675,0.232210093729691,1.09118342797138));
#4312=CARTESIAN_POINT('Origin',(1.17842869001616,0.498067958107803,1.16618342797184));
#4313=CARTESIAN_POINT('',(1.17842869001643,0.508067958107404,1.49118342797275));
#4314=CARTESIAN_POINT('',(1.17842869001707,0.508067958105812,0.841183427970964));
#4315=CARTESIAN_POINT('Origin',(1.17842869001597,0.498067958107405,1.49118342797273));
#4316=CARTESIAN_POINT('Origin',(0.938428690016756,0.508067958108199,0.841183427970964));
#4317=CARTESIAN_POINT('',(0.698428690016442,0.508067958107176,1.49118342797202));
#4318=CARTESIAN_POINT('',(0.698428690016442,0.508067958108086,0.841183427970964));
#4319=CARTESIAN_POINT('',(0.698428690016442,0.508067958107176,1.49118342797202));
#4320=CARTESIAN_POINT('Origin',(1.18842869001684,-0.0919320418926191,1.49118342797186));
#4321=CARTESIAN_POINT('',(0.688428690016451,0.498067958107185,1.49118342797201));
#4322=CARTESIAN_POINT('Origin',(0.69842869001693,0.498067958107199,1.49118342797273));
#4323=CARTESIAN_POINT('',(0.688428690016949,-0.681932041892878,1.4911834279717));
#4324=CARTESIAN_POINT('',(0.688428690016949,-0.681932041892878,1.4911834279717));
#4325=CARTESIAN_POINT('',(0.698428690016968,-0.691932041892869,1.49118342797169));
#4326=CARTESIAN_POINT('Origin',(0.698428690016968,-0.681932041892406,1.49118342797098));
#4327=CARTESIAN_POINT('',(1.17842869001696,-0.691932041892642,1.49118342797096));
#4328=CARTESIAN_POINT('',(1.17842869001696,-0.691932041892642,1.49118342797169));
#4329=CARTESIAN_POINT('Origin',(1.17842869001696,-0.681932041892169,1.49118342797098));
#4330=CARTESIAN_POINT('Origin',(0.698428690016726,-0.0919320418924067,1.10118342797188));
#4331=CARTESIAN_POINT('',(0.68842869001665,0.0580679581075856,1.10118342797208));
#4332=CARTESIAN_POINT('Origin',(0.698428690016857,0.0580679581078009,1.10118342797229));
#4333=CARTESIAN_POINT('',(0.698428690016797,-0.181932041892424,1.09118342797165));
#4334=CARTESIAN_POINT('',(0.69842869001674,-0.181932041892424,1.09118342797172));
#4335=CARTESIAN_POINT('',(0.698428690016769,-0.231932041892378,1.09118342797165));
#4336=CARTESIAN_POINT('',(0.698428690016769,-0.231932041892378,1.09118342797198));
#4337=CARTESIAN_POINT('',(0.688428690016778,-0.241932041892369,1.10118342797163));
#4338=CARTESIAN_POINT('Origin',(0.698428690017,-0.2419320418926,1.10118342797186));
#4339=CARTESIAN_POINT('',(0.68842869001665,0.0580679581075856,1.10118342797208));
#4340=CARTESIAN_POINT('Origin',(0.698428690016861,-0.241932041892398,1.09618342797159));
#4341=CARTESIAN_POINT('',(0.688428690016778,-0.241932041892369,1.09118342797181));
#4342=CARTESIAN_POINT('Origin',(0.698428690017237,-0.241932041892368,1.09118342797156));
#4343=CARTESIAN_POINT('',(0.688428690016778,-0.241932041892369,1.09118342797181));
#4344=CARTESIAN_POINT('Origin',(0.698428690016911,0.0580679581076374,1.09618342797198));
#4345=CARTESIAN_POINT('',(0.68842869001665,0.0580679581075856,1.0911834279719));
#4346=CARTESIAN_POINT('Origin',(0.698428690016326,0.498067958107683,1.16618342797184));
#4347=CARTESIAN_POINT('',(0.688428690016451,0.49806795810764,1.09118342797205));
#4348=CARTESIAN_POINT('',(0.688428690016451,0.498067958107185,1.49118342797201));
#4349=CARTESIAN_POINT('',(0.688428690017304,0.498067958106049,0.841183427970978));
#4350=CARTESIAN_POINT('Origin',(0.698428690016812,-0.211932041892397,1.0911834279718));
#4351=CARTESIAN_POINT('',(0.688428690016821,-0.191932041892414,1.09118342797181));
#4352=CARTESIAN_POINT('Origin',(0.698428690017284,-0.1919320418924,1.09118342797163));
#4353=CARTESIAN_POINT('',(0.688428690016821,-0.241932041892369,1.09118342797179));
#4354=CARTESIAN_POINT('Origin',(1.17842869001685,-0.681932041892176,1.16618342797098));
#4355=CARTESIAN_POINT('',(1.17842869001696,-0.691932041891732,0.841183427970964));
#4356=CARTESIAN_POINT('',(1.17842869001696,-0.691932041891732,0.841183427970964));
#4357=CARTESIAN_POINT('Origin',(1.17842869001648,-0.681932041891751,0.841183427970978));
#4358=CARTESIAN_POINT('Origin',(0.938428690016964,-0.691932041891846,0.841183427970964));
#4359=CARTESIAN_POINT('',(0.698428690016968,-0.69193204189196,0.841183427970964));
#4360=CARTESIAN_POINT('',(0.698428690016968,-0.691932041892869,1.49118342797169));
#4361=CARTESIAN_POINT('',(1.17842869001696,-0.691932041891732,0.841183427970964));
#4362=CARTESIAN_POINT('Origin',(0.698428690017238,-0.681932041892364,1.16618342797134));
#4363=CARTESIAN_POINT('',(0.688428690016949,-0.681932041891969,0.841183427970978));
#4364=CARTESIAN_POINT('',(0.688428690016949,-0.681932041891969,0.841183427970978));
#4365=CARTESIAN_POINT('Origin',(0.698428690016967,-0.6819320418915,0.841183427970978));
#4366=CARTESIAN_POINT('Origin',(0.938428690016773,-0.181932041891855,0.841183427971647));
#4367=CARTESIAN_POINT('',(0.688428690016821,-0.19193204189196,0.841183427971632));
#4368=CARTESIAN_POINT('',(0.68842869001702,-0.681932041891969,0.841183427970904));
#4369=CARTESIAN_POINT('',(0.698428690016797,-0.181932041891969,0.841183427971647));
#4370=CARTESIAN_POINT('Origin',(0.698428690017284,-0.191932041891946,0.841183427971632));
#4371=CARTESIAN_POINT('',(0.95428655439305,-0.181932041891741,0.841183427971647));
#4372=CARTESIAN_POINT('',(0.698428690016797,-0.181932041891969,0.841183427971647));
#4373=CARTESIAN_POINT('',(0.961357622204929,-0.184860974079811,0.841183427971643));
#4374=CARTESIAN_POINT('Ctrl Pts',(0.95428655439305,-0.181932041891741,0.841183427971647));
#4375=CARTESIAN_POINT('Ctrl Pts',(0.958428690016817,-0.181932041891741,
0.841183427971647));
#4376=CARTESIAN_POINT('Ctrl Pts',(0.961357622204901,-0.184860974079811,
0.841183427971643));
#4377=CARTESIAN_POINT('',(1.18549975782877,-0.409003109703463,0.84118342797131));
#4378=CARTESIAN_POINT('',(0.961357622204886,-0.184860974079811,0.841183427971643));
#4379=CARTESIAN_POINT('Ctrl Pts',(1.18549975782874,-0.409003109703463,0.84118342797131));
#4380=CARTESIAN_POINT('Ctrl Pts',(1.18842869001691,-0.411932041891532,0.841183427971305));
#4381=CARTESIAN_POINT('Ctrl Pts',(1.18842869001691,-0.416074177515384,0.841183427971299));
#4382=CARTESIAN_POINT('Origin',(0.688428690016771,-0.091932041891937,0.841183427970027));
#4383=CARTESIAN_POINT('',(0.688428690016821,-0.19193204189196,0.841183427971632));
#4384=CARTESIAN_POINT('Origin',(0.698428690016894,-0.191932041892201,0.966183427971721));
#4385=CARTESIAN_POINT('',(0.698428690016797,-0.181932041891969,0.841183427971647));
#4386=CARTESIAN_POINT('Origin',(0.826357622204923,-0.181932041891855,0.841183427971647));
#4387=CARTESIAN_POINT('',(0.95428655439305,-0.181932041892196,1.09118342797165));
#4388=CARTESIAN_POINT('',(0.698428690016797,-0.181932041892424,1.09118342797165));
#4389=CARTESIAN_POINT('',(0.95428655439305,-0.181932041892196,1.09118342797165));
#4390=CARTESIAN_POINT('Origin',(1.07342869001675,-0.296932041891637,0.841183427971476));
#4391=CARTESIAN_POINT('',(1.18549975782877,-0.409003109703917,1.09118342797131));
#4392=CARTESIAN_POINT('',(1.18549975782877,-0.409003109703917,1.09118342797131));
#4393=CARTESIAN_POINT('',(0.961357622204929,-0.184860974080266,1.09118342797164));
#4394=CARTESIAN_POINT('',(0.961357622204929,-0.184860974079811,0.841183427971643));
#4395=CARTESIAN_POINT('',(0.961357622204943,-0.184860974080266,1.09118342797164));
#4396=CARTESIAN_POINT('Origin',(0.954286554393093,-0.191932041891346,0.96618342797163));
#4397=CARTESIAN_POINT('Ctrl Pts',(0.961357622204901,-0.184860974080266,
1.09118342797164));
#4398=CARTESIAN_POINT('Ctrl Pts',(0.958428690016817,-0.181932041892196,
1.09118342797165));
#4399=CARTESIAN_POINT('Ctrl Pts',(0.95428655439305,-0.181932041892196,1.09118342797165));
#4400=CARTESIAN_POINT('Origin',(1.17842869001731,-0.416074177515453,0.966183427971297));
#4401=CARTESIAN_POINT('Ctrl Pts',(1.18842869001691,-0.416074177515839,1.0911834279713));
#4402=CARTESIAN_POINT('Ctrl Pts',(1.18842869001691,-0.411932041891987,1.09118342797131));
#4403=CARTESIAN_POINT('Ctrl Pts',(1.18549975782874,-0.409003109703917,1.09118342797131));
#4404=CARTESIAN_POINT('Origin',(0.943428690016618,0.232210093729578,1.09118342797234));
#4405=CARTESIAN_POINT('Origin',(1.17842869001723,0.498067958105573,0.771183427970978));
#4406=CARTESIAN_POINT('',(1.17842869001697,0.508067958105716,0.841183427970964));
#4407=CARTESIAN_POINT('',(1.18842869001674,0.498067958105712,0.841183427970978));
#4408=CARTESIAN_POINT('Ctrl Pts',(1.17842869001697,0.508067958105716,0.841183427970964));
#4409=CARTESIAN_POINT('Ctrl Pts',(1.18842869001719,0.508067958105721,0.841183427970964));
#4410=CARTESIAN_POINT('Ctrl Pts',(1.18842869001719,0.498067958105712,0.841183427970978));
#4411=CARTESIAN_POINT('',(1.18842869001674,0.498067958105504,0.701183427970978));
#4412=CARTESIAN_POINT('',(1.18842869001674,0.498067958105712,0.841183427970978));
#4413=CARTESIAN_POINT('',(1.17842869001697,0.508067958105508,0.701183427970964));
#4414=CARTESIAN_POINT('Ctrl Pts',(1.18842869001719,0.498067958105504,0.701183427970978));
#4415=CARTESIAN_POINT('Ctrl Pts',(1.18842869001719,0.508067958105502,0.701183427970964));
#4416=CARTESIAN_POINT('Ctrl Pts',(1.17842869001697,0.508067958105506,0.701183427970964));
#4417=CARTESIAN_POINT('',(1.17842869001697,0.508067958105508,0.701183427970964));
#4418=CARTESIAN_POINT('Origin',(0.938428690016958,0.498067958105601,0.701183427970978));
#4419=CARTESIAN_POINT('',(1.17842869001697,0.498067958105493,0.691183427970978));
#4420=CARTESIAN_POINT('',(0.698428690016954,0.498067958105792,0.691183427970978));
#4421=CARTESIAN_POINT('',(1.17842869001697,0.498067958105493,0.691183427970978));
#4422=CARTESIAN_POINT('',(0.698428690016954,0.508067958105807,0.701183427970964));
#4423=CARTESIAN_POINT('Origin',(0.698428690016954,0.498067958105806,0.701183427970978));
#4424=CARTESIAN_POINT('',(0.698428690016954,0.508067958105694,0.701183427970964));
#4425=CARTESIAN_POINT('Origin',(1.17842869001697,0.498067958105502,0.701183427970979));
#4426=CARTESIAN_POINT('Origin',(1.17842869001698,0.498067958105619,0.701183427971255));
#4427=CARTESIAN_POINT('Ctrl Pts',(1.17842869001697,0.498067958105493,0.691183427970978));
#4428=CARTESIAN_POINT('Ctrl Pts',(1.18842869001719,0.498067958105489,0.691183427971008));
#4429=CARTESIAN_POINT('Ctrl Pts',(1.18842869001719,0.498067958105504,0.701183427970978));
#4430=CARTESIAN_POINT('Origin',(0.938428690016962,0.508067958105601,0.701183427970964));
#4431=CARTESIAN_POINT('',(0.698428690016954,0.508067958106015,0.841183427970964));
#4432=CARTESIAN_POINT('',(0.698428690016954,0.508067958106015,0.841183427970964));
#4433=CARTESIAN_POINT('',(1.17842869001697,0.508067958105716,0.841183427970964));
#4434=CARTESIAN_POINT('Origin',(0.698428690016785,0.498067958105942,0.771183427970979));
#4435=CARTESIAN_POINT('',(0.688428690016735,0.498067958106019,0.841183427970978));
#4436=CARTESIAN_POINT('Ctrl Pts',(0.688428690016735,0.498067958106019,0.841183427970978));
#4437=CARTESIAN_POINT('Ctrl Pts',(0.688428690016735,0.508067958106011,0.841183427970964));
#4438=CARTESIAN_POINT('Ctrl Pts',(0.698428690016954,0.508067958106015,0.841183427970964));
#4439=CARTESIAN_POINT('',(0.688428690016735,0.498067958105811,0.701183427970978));
#4440=CARTESIAN_POINT('Ctrl Pts',(0.698428690016954,0.508067958105807,0.701183427970964));
#4441=CARTESIAN_POINT('Ctrl Pts',(0.688428690016735,0.508067958105803,0.701183427970964));
#4442=CARTESIAN_POINT('Ctrl Pts',(0.688428690016735,0.498067958105811,0.701183427970978));
#4443=CARTESIAN_POINT('',(0.688428690016735,0.498067958105811,0.701183427970978));
#4444=CARTESIAN_POINT('Origin',(0.698428690016781,0.498067958106151,0.701183427970365));
#4445=CARTESIAN_POINT('Ctrl Pts',(0.688428690016735,0.498067958105811,0.701183427970978));
#4446=CARTESIAN_POINT('Ctrl Pts',(0.688428690016735,0.498067958105796,0.691183427970979));
#4447=CARTESIAN_POINT('Ctrl Pts',(0.698428690016954,0.498067958105792,0.691183427970979));
#4448=CARTESIAN_POINT('Origin',(1.17842869001666,0.444103492011853,0.701183427971113));
#4449=CARTESIAN_POINT('',(1.17842869001652,0.232210093729271,0.691183427971299));
#4450=CARTESIAN_POINT('',(1.17842869001652,0.390139025918189,0.691183427971139));
#4451=CARTESIAN_POINT('',(1.18842869001674,0.232210093729282,0.701183427971299));
#4452=CARTESIAN_POINT('',(1.18842869001674,0.340139025918249,0.701183427971139));
#4453=CARTESIAN_POINT('Ctrl Pts',(1.18842869001674,0.232210093729282,0.701183427971299));
#4454=CARTESIAN_POINT('Ctrl Pts',(1.18842869001674,0.232210093729267,0.691183427971329));
#4455=CARTESIAN_POINT('Ctrl Pts',(1.17842869001652,0.232210093729271,0.6911834279713));
#4456=CARTESIAN_POINT('Origin',(0.698428690016637,0.444103492012107,0.701183427971083));
#4457=CARTESIAN_POINT('',(0.688428690016735,0.00806795810585648,0.701183427971632));
#4458=CARTESIAN_POINT('',(0.688428690016735,0.390139025918402,0.701183427971139));
#4459=CARTESIAN_POINT('',(0.698428690016954,0.00806795810583782,0.691183427971632));
#4460=CARTESIAN_POINT('',(0.698428690016499,0.340139025918183,0.691183427971139));
#4461=CARTESIAN_POINT('Ctrl Pts',(0.698428690016954,0.00806795810583782,
0.691183427971632));
#4462=CARTESIAN_POINT('Ctrl Pts',(0.688428690016735,0.0080679581058416,
0.691183427971632));
#4463=CARTESIAN_POINT('Ctrl Pts',(0.688428690016735,0.00806795810585648,
0.701183427971632));
#4464=CARTESIAN_POINT('Origin',(0.688428690016735,0.253067958105834,0.701183427971268));
#4465=CARTESIAN_POINT('',(0.688428690016735,0.00806795810606453,0.841183427971632));
#4466=CARTESIAN_POINT('',(0.688428690016735,0.498067958106019,0.841183427970904));
#4467=CARTESIAN_POINT('',(0.688428690016735,0.00806795810606453,0.841183427971632));
#4468=CARTESIAN_POINT('Origin',(0.938428690017188,-0.00193204189420115,
0.841183427971647));
#4469=CARTESIAN_POINT('',(1.18842869001674,0.23221009372949,0.841183427971299));
#4470=CARTESIAN_POINT('',(1.18842869001674,0.23221009372949,0.841183427971299));
#4471=CARTESIAN_POINT('',(0.698428690016954,-0.00193204189393925,0.841183427971647));
#4472=CARTESIAN_POINT('Ctrl Pts',(0.698428690016954,-0.00193204189393925,
0.841183427971647));
#4473=CARTESIAN_POINT('Ctrl Pts',(0.688428690016735,-0.00193204189394391,
0.841183427971647));
#4474=CARTESIAN_POINT('Ctrl Pts',(0.688428690016735,0.00806795810606453,
0.841183427971632));
#4475=CARTESIAN_POINT('',(0.954286554393093,-0.00193204189415153,0.841183427971647));
#4476=CARTESIAN_POINT('',(0.698428690016954,-0.00193204189405205,0.841183427971647));
#4477=CARTESIAN_POINT('',(0.961357622205014,0.000996890293979646,0.841183427971643));
#4478=CARTESIAN_POINT('Origin',(0.954286554388993,0.00806795811781083,0.841183427971632));
#4479=CARTESIAN_POINT('',(1.18549975782844,0.225139025917625,0.84118342797131));
#4480=CARTESIAN_POINT('',(0.961357622205014,0.000996890294060027,0.841183427971643));
#4481=CARTESIAN_POINT('Ctrl Pts',(1.18842869001674,0.23221009372949,0.841183427971299));
#4482=CARTESIAN_POINT('Ctrl Pts',(1.18842869001674,0.228067958105971,0.841183427971306));
#4483=CARTESIAN_POINT('Ctrl Pts',(1.18549975782844,0.225139025917656,0.84118342797131));
#4484=CARTESIAN_POINT('Origin',(1.18842869001674,0.365139025917393,0.701183427971102));
#4485=CARTESIAN_POINT('',(1.18842869001674,0.232210093729282,0.701183427971299));
#4486=CARTESIAN_POINT('Origin',(0.698428690016979,0.00806795810580638,0.701183427971976));
#4487=CARTESIAN_POINT('',(0.698428690016954,-0.00193204189414731,0.701183427971647));
#4488=CARTESIAN_POINT('Ctrl Pts',(0.688428690016735,0.00806795810585648,
0.701183427971632));
#4489=CARTESIAN_POINT('Ctrl Pts',(0.688428690016735,-0.00193204189414153,
0.701183427971647));
#4490=CARTESIAN_POINT('Ctrl Pts',(0.698428690016954,-0.00193204189414531,
0.701183427971647));
#4491=CARTESIAN_POINT('Origin',(0.698428690016954,0.00806795810585473,0.701183427971632));
#4492=CARTESIAN_POINT('Origin',(0.698428690016831,0.0080679581059963,0.771183427971632));
#4493=CARTESIAN_POINT('',(0.698428690016954,-0.00193204189414731,0.701183427971647));
#4494=CARTESIAN_POINT('Origin',(0.826357622205023,-0.00193204189430974,
0.701183427971647));
#4495=CARTESIAN_POINT('',(0.954286554393093,-0.00193204189435958,0.701183427971647));
#4496=CARTESIAN_POINT('',(0.954286554393093,-0.00193204189424656,0.701183427971647));
#4497=CARTESIAN_POINT('',(0.954286554393093,-0.00193204189415153,0.841183427971647));
#4498=CARTESIAN_POINT('Origin',(0.95428655439356,0.00806795810606251,0.70118342797181));
#4499=CARTESIAN_POINT('',(0.961357622205014,0.000996890293771591,0.701183427971643));
#4500=CARTESIAN_POINT('Origin',(0.954286554389167,0.00806795811703961,0.701183427971634));
#4501=CARTESIAN_POINT('',(0.954286554393093,0.00806795810562555,0.691183427971632));
#4502=CARTESIAN_POINT('Ctrl Pts',(0.954286554393093,0.00806795810562555,
0.691183427971632));
#4503=CARTESIAN_POINT('Ctrl Pts',(0.954286554393093,-0.00193204189437446,
0.691183427971647));
#4504=CARTESIAN_POINT('Ctrl Pts',(0.954286554393093,-0.00193204189435958,
0.701183427971647));
#4505=CARTESIAN_POINT('Origin',(0.954286554392812,0.00806795810591854,0.701183427972009));
#4506=CARTESIAN_POINT('Origin',(0.826357622205027,0.00806795810554794,0.701183427971576));
#4507=CARTESIAN_POINT('',(0.698428690016954,0.00806795810583782,0.691183427971632));
#4508=CARTESIAN_POINT('Origin',(1.17842869001636,0.232210093729654,0.701183427971584));
#4509=CARTESIAN_POINT('',(1.18549975782844,0.225139025917417,0.70118342797131));
#4510=CARTESIAN_POINT('Origin',(1.17842869001624,0.23221009372956,0.70118342797167));
#4511=CARTESIAN_POINT('Ctrl Pts',(1.18549975782844,0.225139025917448,0.70118342797131));
#4512=CARTESIAN_POINT('Ctrl Pts',(1.18842869001674,0.228067958105763,0.701183427971306));
#4513=CARTESIAN_POINT('Ctrl Pts',(1.18842869001674,0.232210093729282,0.701183427971299));
#4514=CARTESIAN_POINT('Origin',(1.17842869001529,0.232210093730667,0.771183427971299));
#4515=CARTESIAN_POINT('',(1.18549975782844,0.225139025917625,0.84118342797131));
#4516=CARTESIAN_POINT('Origin',(1.06635762220516,0.120139025917268,0.701183427971211));
#4517=CARTESIAN_POINT('',(1.18549975782844,0.225139025917481,0.70118342797131));
#4518=CARTESIAN_POINT('',(0.954286554393093,0.00806795810571015,0.691183427971632));
#4519=CARTESIAN_POINT('Origin',(0.9542865543932,0.00806795810453163,0.771183427971632));
#4520=CARTESIAN_POINT('',(0.961357622205014,0.000996890293771591,0.701183427971643));
#4521=CARTESIAN_POINT('Origin',(0.938428690016965,0.00806795810571636,0.691183427971632));
#4522=CARTESIAN_POINT('Origin',(1.0734286900165,0.113067958105697,0.701183427971477));
#4523=CARTESIAN_POINT('Origin',(1.17842869001694,-0.681932041891615,0.771183427970978));
#4524=CARTESIAN_POINT('',(1.17842869001694,-0.691932041891693,0.841183427970963));
#4525=CARTESIAN_POINT('',(1.18842869001692,-0.681932041891689,0.841183427970978));
#4526=CARTESIAN_POINT('Ctrl Pts',(1.17842869001694,-0.691932041891693,0.841183427970963));
#4527=CARTESIAN_POINT('Ctrl Pts',(1.18842869001695,-0.691932041891689,0.841183427970963));
#4528=CARTESIAN_POINT('Ctrl Pts',(1.18842869001693,-0.681932041891689,0.841183427970978));
#4529=CARTESIAN_POINT('',(1.17842869001694,-0.691932041891485,0.701183427970963));
#4530=CARTESIAN_POINT('',(1.17842869001694,-0.691932041891485,0.701183427970963));
#4531=CARTESIAN_POINT('',(1.18842869001692,-0.681932041891481,0.701183427970978));
#4532=CARTESIAN_POINT('Origin',(1.17842869001688,-0.681932041891491,0.701183427970978));
#4533=CARTESIAN_POINT('',(1.18842869001692,-0.681932041891689,0.841183427970978));
#4534=CARTESIAN_POINT('Origin',(0.938428690016943,-0.681932041891588,0.701183427970978));
#4535=CARTESIAN_POINT('',(1.17842869001693,-0.68193204189147,0.691183427970978));
#4536=CARTESIAN_POINT('',(0.698428690016939,-0.681932041891786,0.691183427970978));
#4537=CARTESIAN_POINT('',(1.17842869001693,-0.68193204189147,0.691183427970978));
#4538=CARTESIAN_POINT('Ctrl Pts',(1.17842869001694,-0.691932041891485,0.701183427970963));
#4539=CARTESIAN_POINT('Ctrl Pts',(1.17842869001694,-0.69193204189147,0.691183427970963));
#4540=CARTESIAN_POINT('Ctrl Pts',(1.17842869001693,-0.68193204189147,0.691183427970978));
#4541=CARTESIAN_POINT('',(0.698428690016954,-0.691932041891801,0.701183427970963));
#4542=CARTESIAN_POINT('',(0.698428690016954,-0.691932041891689,0.701183427970963));
#4543=CARTESIAN_POINT('Origin',(0.698428690016939,-0.6819320418918,0.701183427970988));
#4544=CARTESIAN_POINT('Origin',(1.17842869001692,-0.68193204189147,0.701183427970969));
#4545=CARTESIAN_POINT('Ctrl Pts',(1.17842869001693,-0.68193204189147,0.691183427970978));
#4546=CARTESIAN_POINT('Ctrl Pts',(1.18842869001693,-0.681932041891466,0.691183427970978));
#4547=CARTESIAN_POINT('Ctrl Pts',(1.18842869001693,-0.681932041891481,0.701183427970978));
#4548=CARTESIAN_POINT('Origin',(0.938428690016947,-0.691932041891587,0.701183427970963));
#4549=CARTESIAN_POINT('',(0.698428690016954,-0.691932041892009,0.841183427970963));
#4550=CARTESIAN_POINT('',(1.17842869001694,-0.691932041891693,0.841183427970963));
#4551=CARTESIAN_POINT('',(0.698428690016954,-0.691932041892009,0.841183427970963));
#4552=CARTESIAN_POINT('Origin',(0.698428690016949,-0.681932041891897,0.771183427970978));
#4553=CARTESIAN_POINT('',(0.688428690016934,-0.681932041892014,0.841183427970978));
#4554=CARTESIAN_POINT('Ctrl Pts',(0.688428690016934,-0.681932041892014,
0.841183427970978));
#4555=CARTESIAN_POINT('Ctrl Pts',(0.688428690016949,-0.691932041892014,
0.841183427970963));
#4556=CARTESIAN_POINT('Ctrl Pts',(0.698428690016954,-0.69193204189201,0.841183427970963));
#4557=CARTESIAN_POINT('',(0.688428690016934,-0.681932041891806,0.701183427970978));
#4558=CARTESIAN_POINT('',(0.688428690016934,-0.681932041891806,0.701183427970978));
#4559=CARTESIAN_POINT('Ctrl Pts',(0.698428690016954,-0.691932041891801,
0.701183427970963));
#4560=CARTESIAN_POINT('Ctrl Pts',(0.688428690016949,-0.691932041891806,
0.701183427970963));
#4561=CARTESIAN_POINT('Ctrl Pts',(0.688428690016934,-0.681932041891806,
0.701183427970978));
#4562=CARTESIAN_POINT('Origin',(0.698428690016935,-0.68193204189178,0.701183427971012));
#4563=CARTESIAN_POINT('Ctrl Pts',(0.688428690016934,-0.681932041891806,
0.701183427970978));
#4564=CARTESIAN_POINT('Ctrl Pts',(0.688428690016934,-0.681932041891791,
0.691183427970979));
#4565=CARTESIAN_POINT('Ctrl Pts',(0.698428690016939,-0.681932041891786,
0.691183427970979));
#4566=CARTESIAN_POINT('Origin',(1.1784286900169,-0.627967575797832,0.701183427971058));
#4567=CARTESIAN_POINT('',(1.18842869001686,-0.416074177515258,0.701183427971299));
#4568=CARTESIAN_POINT('',(1.18842869001692,-0.681932041891481,0.701183427970978));
#4569=CARTESIAN_POINT('',(1.17842869001687,-0.416074177515248,0.691183427971299));
#4570=CARTESIAN_POINT('',(1.17842869001687,-0.416074177515248,0.691183427971299));
#4571=CARTESIAN_POINT('Ctrl Pts',(1.18842869001688,-0.416074177515258,0.701183427971299));
#4572=CARTESIAN_POINT('Ctrl Pts',(1.18842869001688,-0.416074177515244,0.691183427971299));
#4573=CARTESIAN_POINT('Ctrl Pts',(1.17842869001687,-0.416074177515248,0.691183427971299));
#4574=CARTESIAN_POINT('Origin',(0.698428690016838,-0.627967575798097,0.701183427971015));
#4575=CARTESIAN_POINT('',(0.698428690016783,-0.191932041891832,0.691183427971632));
#4576=CARTESIAN_POINT('',(0.698428690016939,-0.681932041891786,0.691183427970978));
#4577=CARTESIAN_POINT('',(0.688428690016792,-0.191932041891851,0.701183427971632));
#4578=CARTESIAN_POINT('',(0.688428690016778,-0.191932041891851,0.701183427971632));
#4579=CARTESIAN_POINT('Ctrl Pts',(0.698428690016783,-0.191932041891832,
0.691183427971632));
#4580=CARTESIAN_POINT('Ctrl Pts',(0.688428690016778,-0.191932041891836,
0.691183427971632));
#4581=CARTESIAN_POINT('Ctrl Pts',(0.688428690016778,-0.191932041891851,
0.701183427971632));
#4582=CARTESIAN_POINT('Origin',(0.688428690016891,-0.436932041891829,0.701183427971268));
#4583=CARTESIAN_POINT('',(0.688428690016792,-0.191932041892059,0.841183427971632));
#4584=CARTESIAN_POINT('',(0.688428690016991,-0.681932041892014,0.841183427970904));
#4585=CARTESIAN_POINT('',(0.688428690016792,-0.191932041892059,0.841183427971632));
#4586=CARTESIAN_POINT('Origin',(0.938428690016751,-0.18193204189184,0.841183427971647));
#4587=CARTESIAN_POINT('',(1.18842869001686,-0.416074177515466,0.841183427971299));
#4588=CARTESIAN_POINT('',(1.18842869001686,-0.416074177515466,0.841183427971299));
#4589=CARTESIAN_POINT('',(1.18549975782874,-0.409003109703601,0.84118342797131));
#4590=CARTESIAN_POINT('Origin',(1.17842869001608,-0.416074177515762,0.8411834279713));
#4591=CARTESIAN_POINT('',(0.961357622204915,-0.184860974079964,0.841183427971643));
#4592=CARTESIAN_POINT('',(0.961357622204915,-0.184860974079968,0.841183427971643));
#4593=CARTESIAN_POINT('',(0.954286554393036,-0.181932041891834,0.841183427971647));
#4594=CARTESIAN_POINT('Origin',(0.954286554392874,-0.191932041892261,0.841183427971632));
#4595=CARTESIAN_POINT('',(0.698428690016783,-0.181932041892055,0.841183427971647));
#4596=CARTESIAN_POINT('',(0.698428690016783,-0.181932041891942,0.841183427971647));
#4597=CARTESIAN_POINT('Ctrl Pts',(0.698428690016783,-0.181932041892055,
0.841183427971647));
#4598=CARTESIAN_POINT('Ctrl Pts',(0.688428690016778,-0.181932041892059,
0.841183427971647));
#4599=CARTESIAN_POINT('Ctrl Pts',(0.688428690016778,-0.191932041892059,
0.841183427971632));
#4600=CARTESIAN_POINT('Origin',(1.18842869001692,-0.54900310970337,0.701183427971102));
#4601=CARTESIAN_POINT('',(1.18842869001686,-0.416074177515258,0.701183427971299));
#4602=CARTESIAN_POINT('Origin',(0.698428690016804,-0.191932041891862,0.701183427971629));
#4603=CARTESIAN_POINT('',(0.698428690016783,-0.181932041891847,0.701183427971647));
#4604=CARTESIAN_POINT('Origin',(0.698428690016836,-0.191932041891852,0.701183427971632));
#4605=CARTESIAN_POINT('Origin',(0.698428690016783,-0.191932041891849,0.701183427971632));
#4606=CARTESIAN_POINT('Origin',(0.698428690016782,-0.191932041891941,0.771183427971632));
#4607=CARTESIAN_POINT('',(0.698428690016783,-0.181932041891847,0.701183427971647));
#4608=CARTESIAN_POINT('Origin',(0.82635762220491,-0.18193204189168,0.701183427971647));
#4609=CARTESIAN_POINT('',(0.954286554393036,-0.181932041891625,0.701183427971647));
#4610=CARTESIAN_POINT('',(0.954286554393036,-0.181932041891834,0.841183427971647));
#4611=CARTESIAN_POINT('',(0.954286554393036,-0.181932041891739,0.701183427971647));
#4612=CARTESIAN_POINT('Origin',(0.954286554393035,-0.191932041891615,0.701183427971629));
#4613=CARTESIAN_POINT('',(0.961357622204915,-0.184860974079756,0.701183427971643));
#4614=CARTESIAN_POINT('Ctrl Pts',(0.954286554393036,-0.181932041891625,
0.701183427971647));
#4615=CARTESIAN_POINT('Ctrl Pts',(0.95842869001676,-0.181932041891624,0.701183427971647));
#4616=CARTESIAN_POINT('Ctrl Pts',(0.961357622204901,-0.184860974079757,
0.701183427971643));
#4617=CARTESIAN_POINT('',(0.954286554393036,-0.191932041891611,0.691183427971632));
#4618=CARTESIAN_POINT('Ctrl Pts',(0.961357622204901,-0.184860974079756,
0.701183427971643));
#4619=CARTESIAN_POINT('Ctrl Pts',(0.961357622204901,-0.184860974079742,
0.691183427971642));
#4620=CARTESIAN_POINT('Ctrl Pts',(0.954286554393036,-0.191932041891611,
0.691183427971631));
#4621=CARTESIAN_POINT('Ctrl Pts',(0.954286554393036,-0.191932041891611,
0.691183427971632));
#4622=CARTESIAN_POINT('Ctrl Pts',(0.954286554393036,-0.181932041891611,
0.691183427971647));
#4623=CARTESIAN_POINT('Ctrl Pts',(0.954286554393036,-0.181932041891625,
0.701183427971647));
#4624=CARTESIAN_POINT('Origin',(0.826357622204914,-0.191932041891537,0.701183427971576));
#4625=CARTESIAN_POINT('',(0.698428690016783,-0.191932041891832,0.691183427971632));
#4626=CARTESIAN_POINT('Origin',(1.17842869001687,-0.416074177515255,0.701183427971296));
#4627=CARTESIAN_POINT('',(1.18549975782874,-0.409003109703393,0.70118342797131));
#4628=CARTESIAN_POINT('Ctrl Pts',(1.17842869001687,-0.416074177515248,0.691183427971299));
#4629=CARTESIAN_POINT('Ctrl Pts',(1.18549975782874,-0.40900310970338,0.69118342797131));
#4630=CARTESIAN_POINT('Ctrl Pts',(1.18549975782874,-0.409003109703394,0.70118342797131));
#4631=CARTESIAN_POINT('Origin',(1.17842869001599,-0.416074177515599,0.701183427971304));
#4632=CARTESIAN_POINT('Origin',(1.17842869001688,-0.416074177515355,0.771183427971299));
#4633=CARTESIAN_POINT('',(1.18549975782874,-0.409003109703601,0.84118342797131));
#4634=CARTESIAN_POINT('Origin',(1.06635762220497,-0.304003109703431,0.701183427971462));
#4635=CARTESIAN_POINT('',(0.954286554393036,-0.191932041891606,0.691183427971632));
#4636=CARTESIAN_POINT('',(1.18549975782874,-0.409003109703393,0.70118342797131));
#4637=CARTESIAN_POINT('Origin',(0.954286554393053,-0.191932041891668,0.771183427971632));
#4638=CARTESIAN_POINT('',(0.961357622204915,-0.184860974079756,0.701183427971643));
#4639=CARTESIAN_POINT('Origin',(0.938428690016763,-0.191932041891613,0.691183427971632));
#4640=CARTESIAN_POINT('Origin',(1.07342869001683,-0.296932041891576,0.701183427971477));
#4641=UNCERTAINTY_MEASURE_WITH_UNIT(LENGTH_MEASURE(0.01),#4645,
'DISTANCE_ACCURACY_VALUE',
'Maximum model space distance between geometric entities at asserted c
onnectivities');
#4642=UNCERTAINTY_MEASURE_WITH_UNIT(LENGTH_MEASURE(1.E-6),#4645,
'DISTANCE_ACCURACY_VALUE',
'Maximum model space distance between geometric entities at asserted c
onnectivities');
#4643=(
GEOMETRIC_REPRESENTATION_CONTEXT(3)
GLOBAL_UNCERTAINTY_ASSIGNED_CONTEXT((#4641))
GLOBAL_UNIT_ASSIGNED_CONTEXT((#4645,#4648,#4646))
REPRESENTATION_CONTEXT('','3D')
);
#4644=(
GEOMETRIC_REPRESENTATION_CONTEXT(3)
GLOBAL_UNCERTAINTY_ASSIGNED_CONTEXT((#4642))
GLOBAL_UNIT_ASSIGNED_CONTEXT((#4645,#4648,#4646))
REPRESENTATION_CONTEXT('','3D')
);
#4645=(
LENGTH_UNIT()
NAMED_UNIT(*)
SI_UNIT(.MILLI.,.METRE.)
);
#4646=(
NAMED_UNIT(*)
SI_UNIT($,.STERADIAN.)
SOLID_ANGLE_UNIT()
);
#4647=DIMENSIONAL_EXPONENTS(0.,0.,0.,0.,0.,0.,0.);
#4648=(
CONVERSION_BASED_UNIT('degree',#4650)
NAMED_UNIT(#4647)
PLANE_ANGLE_UNIT()
);
#4649=(
NAMED_UNIT(*)
PLANE_ANGLE_UNIT()
SI_UNIT($,.RADIAN.)
);
#4650=PLANE_ANGLE_MEASURE_WITH_UNIT(PLANE_ANGLE_MEASURE(0.01745329252),
#4649);
#4651=SHAPE_DEFINITION_REPRESENTATION(#4652,#4653);
#4652=PRODUCT_DEFINITION_SHAPE('',$,#4655);
#4653=SHAPE_REPRESENTATION('',(#2727),#4643);
#4654=PRODUCT_DEFINITION_CONTEXT('part definition',#4659,'design');
#4655=PRODUCT_DEFINITION('WCM2012F2SF-20181108 NO LINE',
'WCM2012F2SF-20181108 NO LINE',#4656,#4654);
#4656=PRODUCT_DEFINITION_FORMATION('',$,#4661);
#4657=PRODUCT_RELATED_PRODUCT_CATEGORY('WCM2012F2SF-20181108 NO LINE',
'WCM2012F2SF-20181108 NO LINE',(#4661));
#4658=APPLICATION_PROTOCOL_DEFINITION('international standard',
'automotive_design',2009,#4659);
#4659=APPLICATION_CONTEXT(
'Core Data for Automotive Mechanical Design Process');
#4660=PRODUCT_CONTEXT('part definition',#4659,'mechanical');
#4661=PRODUCT('WCM2012F2SF-20181108 NO LINE',
'WCM2012F2SF-20181108 NO LINE',$,(#4660));
#4662=PRESENTATION_STYLE_ASSIGNMENT((#4666));
#4663=PRESENTATION_STYLE_ASSIGNMENT((#4667));
#4664=PRESENTATION_STYLE_ASSIGNMENT((#4668));
#4665=PRESENTATION_STYLE_ASSIGNMENT((#4669));
#4666=SURFACE_STYLE_USAGE(.BOTH.,#4670);
#4667=SURFACE_STYLE_USAGE(.BOTH.,#4671);
#4668=SURFACE_STYLE_USAGE(.BOTH.,#4672);
#4669=SURFACE_STYLE_USAGE(.BOTH.,#4673);
#4670=SURFACE_SIDE_STYLE('',(#4674));
#4671=SURFACE_SIDE_STYLE('',(#4675));
#4672=SURFACE_SIDE_STYLE('',(#4676));
#4673=SURFACE_SIDE_STYLE('',(#4677));
#4674=SURFACE_STYLE_FILL_AREA(#4678);
#4675=SURFACE_STYLE_FILL_AREA(#4679);
#4676=SURFACE_STYLE_FILL_AREA(#4680);
#4677=SURFACE_STYLE_FILL_AREA(#4681);
#4678=FILL_AREA_STYLE('',(#4682));
#4679=FILL_AREA_STYLE('',(#4683));
#4680=FILL_AREA_STYLE('',(#4684));
#4681=FILL_AREA_STYLE('',(#4685));
#4682=FILL_AREA_STYLE_COLOUR('',#4686);
#4683=FILL_AREA_STYLE_COLOUR('',#4687);
#4684=FILL_AREA_STYLE_COLOUR('',#4688);
#4685=FILL_AREA_STYLE_COLOUR('',#4689);
#4686=COLOUR_RGB('',0.749019607843137,0.749019607843137,0.749019607843137);
#4687=COLOUR_RGB('',0.698039215686274,0.698039215686274,0.698039215686274);
#4688=COLOUR_RGB('',0.0980392156862745,0.0980392156862745,0.0980392156862745);
#4689=COLOUR_RGB('',0.749019607843137,1.,0.);
ENDSEC;
END-ISO-10303-21;
